ISO-10303-21;
HEADER;
FILE_DESCRIPTION (( 'STEP AP214' ),
    '1' );
FILE_NAME ('3HR0014-02 (Combine).STEP',
    '2023-09-19T03:52:12',
    ( '' ),
    ( '' ),
    'SwSTEP 2.0',
    'SolidWorks 2023',
    '' );
FILE_SCHEMA (( 'AUTOMOTIVE_DESIGN' ));
ENDSEC;

DATA;
#1 = CARTESIAN_POINT ( 'NONE',  ( 50.49999999999892708, -6.799999999999998046, 102.5000000000005258 ) ) ;
#2 = DIRECTION ( 'NONE',  ( -7.401486830834369573E-15, 0.000000000000000000, 1.000000000000000000 ) ) ;
#3 = CARTESIAN_POINT ( 'NONE',  ( 41.77446034002274189, -85.93003839333572103, 2.500000000000000000 ) ) ;
#4 = ORIENTED_EDGE ( 'NONE', *, *, #4895, .T. ) ;
#5 = CARTESIAN_POINT ( 'NONE',  ( -2.347166595943230849, -83.22805343326066918, 23.44977219271754620 ) ) ;
#6 = CARTESIAN_POINT ( 'NONE',  ( 38.71110337916007893, -96.16525459198288672, 8.996294564037008001 ) ) ;
#7 = EDGE_CURVE ( 'NONE', #1471, #1254, #4803, .T. ) ;
#8 = DIRECTION ( 'NONE',  ( -0.000000000000000000, 1.000000000000000000, -0.000000000000000000 ) ) ;
#9 = ORIENTED_EDGE ( 'NONE', *, *, #676, .F. ) ;
#10 = CARTESIAN_POINT ( 'NONE',  ( -13.08227048220648214, 0.001000000000084266816, -35.94324274506112715 ) ) ;
#11 = SURFACE_STYLE_FILL_AREA ( #3944 ) ;
#12 = CARTESIAN_POINT ( 'NONE',  ( 57.38236415329287610, -39.09284321293553432, 53.16009114627127019 ) ) ;
#13 = VERTEX_POINT ( 'NONE', #3522 ) ;
#14 = CARTESIAN_POINT ( 'NONE',  ( -50.49999999999964473, -4.299999999999999822, -102.5000000000001705 ) ) ;
#15 = CARTESIAN_POINT ( 'NONE',  ( 86.51278580608645541, -6.799999999999949196, -90.50000000000000000 ) ) ;
#16 = ORIENTED_EDGE ( 'NONE', *, *, #3679, .T. ) ;
#17 = DIRECTION ( 'NONE',  ( 0.2867141939519911031, 0.9579627186160625252, 0.01011932449242295036 ) ) ;
#18 = ORIENTED_EDGE ( 'NONE', *, *, #2991, .F. ) ;
#19 = EDGE_LOOP ( 'NONE', ( #2692, #3059 ) ) ;
#20 = CARTESIAN_POINT ( 'NONE',  ( -46.00000000000107292, 0.000000000000000000, 102.4999999999995026 ) ) ;
#21 = EDGE_LOOP ( 'NONE', ( #288, #4474, #4713, #4414 ) ) ;
#22 = CARTESIAN_POINT ( 'NONE',  ( -75.55747261235993051, -17.26351306668715324, -76.10497105718239652 ) ) ;
#23 = ORIENTED_EDGE ( 'NONE', *, *, #1954, .T. ) ;
#24 = EDGE_CURVE ( 'NONE', #1497, #782, #836, .T. ) ;
#25 = ORIENTED_EDGE ( 'NONE', *, *, #2359, .T. ) ;
#26 = FACE_OUTER_BOUND ( 'NONE', #937, .T. ) ;
#27 = EDGE_CURVE ( 'NONE', #395, #962, #261, .T. ) ;
#28 = CARTESIAN_POINT ( 'NONE',  ( 37.50000000000000000, -100.2117647058823025, -2.500000000000000000 ) ) ;
#29 = CARTESIAN_POINT ( 'NONE',  ( 53.00000000000036948, -6.799999999999998046, -102.4999999999998010 ) ) ;
#30 = VERTEX_POINT ( 'NONE', #4768 ) ;
#31 = CARTESIAN_POINT ( 'NONE',  ( -39.64957412582953111, -93.02965821487541120, 9.598177407316763166 ) ) ;
#32 = ADVANCED_FACE ( 'NONE', ( #2568 ), #388, .F. ) ;
#33 = CARTESIAN_POINT ( 'NONE',  ( -102.5000000000000000, -4.299999999999999822, 53.00000000000000711 ) ) ;
#34 = CARTESIAN_POINT ( 'NONE',  ( -30.06945642159671550, -90.16236946536911034, 9.598177407316763166 ) ) ;
#35 = EDGE_LOOP ( 'NONE', ( #2120, #131 ) ) ;
#36 = EDGE_CURVE ( 'NONE', #5023, #674, #4144, .T. ) ;
#37 = DIRECTION ( 'NONE',  ( 0.000000000000000000, 1.000000000000000000, 0.000000000000000000 ) ) ;
#38 = DIRECTION ( 'NONE',  ( 1.000000000000000000, 0.000000000000000000, 1.047445008332814620E-14 ) ) ;
#39 = LINE ( 'NONE', #1209, #443 ) ;
#40 = ORIENTED_EDGE ( 'NONE', *, *, #2530, .F. ) ;
#41 = DIRECTION ( 'NONE',  ( -0.2731156288108163022, -0.8821713602783343156, -0.3836424694998531448 ) ) ;
#42 = DIRECTION ( 'NONE',  ( -5.782411586589355667E-15, 0.000000000000000000, 1.000000000000000000 ) ) ;
#43 = ORIENTED_EDGE ( 'NONE', *, *, #3381, .T. ) ;
#44 = FACE_OUTER_BOUND ( 'NONE', #3528, .T. ) ;
#45 = EDGE_LOOP ( 'NONE', ( #251, #2747 ) ) ;
#46 = DIRECTION ( 'NONE',  ( 0.000000000000000000, 0.000000000000000000, 1.000000000000000000 ) ) ;
#47 = EDGE_LOOP ( 'NONE', ( #4685, #2253 ) ) ;
#48 = CARTESIAN_POINT ( 'NONE',  ( -57.38236415329290452, -39.09284321293554143, -53.16009114627131282 ) ) ;
#49 = VERTEX_POINT ( 'NONE', #3763 ) ;
#50 = ADVANCED_FACE ( 'NONE', ( #2406 ), #630, .F. ) ;
#51 = EDGE_CURVE ( 'NONE', #2074, #450, #184, .T. ) ;
#52 = EDGE_CURVE ( 'NONE', #2009, #4288, #1822, .T. ) ;
#53 = AXIS2_PLACEMENT_3D ( 'NONE', #2673, #958, #877 ) ;
#54 = DIRECTION ( 'NONE',  ( 0.000000000000000000, -1.000000000000000000, 0.000000000000000000 ) ) ;
#55 = FACE_OUTER_BOUND ( 'NONE', #2804, .T. ) ;
#56 = DIRECTION ( 'NONE',  ( 2.409338161078896346E-17, -0.000000000000000000, 1.000000000000000000 ) ) ;
#57 = CARTESIAN_POINT ( 'NONE',  ( 0.000000000000000000, -161.0000000000000000, -61.10000000000000853 ) ) ;
#58 = VERTEX_POINT ( 'NONE', #4004 ) ;
#59 = CARTESIAN_POINT ( 'NONE',  ( -0.4877730620030901743, -80.50025822096574757, 24.81112512660525482 ) ) ;
#60 = AXIS2_PLACEMENT_3D ( 'NONE', #4469, #608, #3114 ) ;
#61 = AXIS2_PLACEMENT_3D ( 'NONE', #4649, #4179, #1658 ) ;
#62 = DIRECTION ( 'NONE',  ( -1.000000000000000000, 0.000000000000000000, -5.551115123125777969E-15 ) ) ;
#63 = DIRECTION ( 'NONE',  ( -0.000000000000000000, 1.000000000000000000, 0.000000000000000000 ) ) ;
#64 = ORIENTED_EDGE ( 'NONE', *, *, #4952, .F. ) ;
#65 = DIRECTION ( 'NONE',  ( 0.000000000000000000, -1.000000000000000000, 0.000000000000000000 ) ) ;
#66 = ADVANCED_FACE ( 'NONE', ( #3707 ), #1384, .T. ) ;
#67 = LINE ( 'NONE', #3194, #1908 ) ;
#68 = ORIENTED_EDGE ( 'NONE', *, *, #1567, .T. ) ;
#69 = VECTOR ( 'NONE', #575, 1000.000000000000000 ) ;
#70 = DIRECTION ( 'NONE',  ( 1.000000000000000000, 0.000000000000000000, 5.551115123125777969E-15 ) ) ;
#71 = CARTESIAN_POINT ( 'NONE',  ( 39.64957412582636920, -93.02965821488604092, 9.598177407314057774 ) ) ;
#72 = LINE ( 'NONE', #5350, #4029 ) ;
#73 = CARTESIAN_POINT ( 'NONE',  ( -2.500000000000000000, -84.76722369266681767, 22.70531809279854940 ) ) ;
#74 = CIRCLE ( 'NONE', #4762, 60.10000000000000853 ) ;
#75 = AXIS2_PLACEMENT_3D ( 'NONE', #1027, #4145, #3278 ) ;
#76 = CARTESIAN_POINT ( 'NONE',  ( -29.60723247346741971, -93.40483614321992434, -19.09140824575990436 ) ) ;
#77 = ORIENTED_EDGE ( 'NONE', *, *, #5406, .F. ) ;
#78 = DIRECTION ( 'NONE',  ( 0.000000000000000000, -1.000000000000000000, 0.000000000000000000 ) ) ;
#79 = CIRCLE ( 'NONE', #3374, 3.750000000000003553 ) ;
#80 = ORIENTED_EDGE ( 'NONE', *, *, #4238, .F. ) ;
#81 = ORIENTED_EDGE ( 'NONE', *, *, #2609, .T. ) ;
#82 = CARTESIAN_POINT ( 'NONE',  ( -45.99999999999963762, -6.799999999999998046, -102.5000000000001563 ) ) ;
#83 = CARTESIAN_POINT ( 'NONE',  ( -102.5000000000000000, -4.299999999999999822, -53.00000000000000711 ) ) ;
#84 = CARTESIAN_POINT ( 'NONE',  ( -57.03886087332134025, -51.69296379554341314, 42.70454732425631761 ) ) ;
#85 = UNCERTAINTY_MEASURE_WITH_UNIT (LENGTH_MEASURE( 1.000000000000000082E-05 ), #3076, 'distance_accuracy_value', 'NONE');
#86 = EDGE_CURVE ( 'NONE', #49, #3354, #2384, .T. ) ;
#87 = CARTESIAN_POINT ( 'NONE',  ( -1.925411586192808056, -81.95797225226880300, -24.07690795452905519 ) ) ;
#88 = ORIENTED_EDGE ( 'NONE', *, *, #2448, .T. ) ;
#89 = CIRCLE ( 'NONE', #5339, 3.750000000000003553 ) ;
#90 = CARTESIAN_POINT ( 'NONE',  ( -2.500000000000000000, -84.76722369266681767, 22.70531809279854940 ) ) ;
#91 = VECTOR ( 'NONE', #908, 1000.000000000000000 ) ;
#92 = AXIS2_PLACEMENT_3D ( 'NONE', #2266, #3131, #3104 ) ;
#93 = CIRCLE ( 'NONE', #363, 3.750000000000003553 ) ;
#94 = CYLINDRICAL_SURFACE ( 'NONE', #5435, 2.500000000000002220 ) ;
#95 = CARTESIAN_POINT ( 'NONE',  ( -53.00000000000108002, -6.799999999999998046, 102.4999999999994458 ) ) ;
#96 = ORIENTED_EDGE ( 'NONE', *, *, #2790, .T. ) ;
#97 = CARTESIAN_POINT ( 'NONE',  ( 43.49509476788572471, -81.12130750453785311, -14.95524214871602275 ) ) ;
#98 = FACE_OUTER_BOUND ( 'NONE', #693, .T. ) ;
#99 = EDGE_CURVE ( 'NONE', #471, #216, #72, .T. ) ;
#100 = CARTESIAN_POINT ( 'NONE',  ( -22.29983609985869109, -150.9981946781191198, 8.417073365950198394 ) ) ;
#101 = DIRECTION ( 'NONE',  ( -0.000000000000000000, 1.000000000000000000, -0.000000000000000000 ) ) ;
#102 = VERTEX_POINT ( 'NONE', #1024 ) ;
#103 = DIRECTION ( 'NONE',  ( 0.000000000000000000, -1.000000000000000000, 0.000000000000000000 ) ) ;
#104 = DIRECTION ( 'NONE',  ( 0.000000000000000000, 0.000000000000000000, -1.000000000000000000 ) ) ;
#105 = CARTESIAN_POINT ( 'NONE',  ( 30.98345492017521963, -91.11488569816499705, 19.80798429566818442 ) ) ;
#106 = EDGE_CURVE ( 'NONE', #1014, #1741, #1183, .T. ) ;
#107 = CARTESIAN_POINT ( 'NONE',  ( 25.63262081801229542, -161.0000000000000000, -25.63262081801239134 ) ) ;
#108 = ORIENTED_EDGE ( 'NONE', *, *, #3349, .T. ) ;
#109 = DIRECTION ( 'NONE',  ( -1.332573921340427876E-16, 0.9986295347545739443, -0.05233595624294395260 ) ) ;
#110 = ORIENTED_EDGE ( 'NONE', *, *, #2075, .F. ) ;
#111 = ADVANCED_FACE ( 'NONE', ( #1517 ), #599, .T. ) ;
#112 = CARTESIAN_POINT ( 'NONE',  ( -37.50000000000000000, -152.0000000000000000, -8.673617379884035472E-16 ) ) ;
#113 = FACE_BOUND ( 'NONE', #2239, .T. ) ;
#114 = DIRECTION ( 'NONE',  ( 1.000000000000000000, 0.000000000000000000, 1.110223024625155594E-14 ) ) ;
#115 = PLANE ( 'NONE',  #5611 ) ;
#116 = ORIENTED_EDGE ( 'NONE', *, *, #5648, .T. ) ;
#117 = CARTESIAN_POINT ( 'NONE',  ( -0.2506119884329549019, -80.44032326165095981, 24.84163666839674534 ) ) ;
#118 = CARTESIAN_POINT ( 'NONE',  ( 109.0212156840881192, 0.000000000000000000, 99.75000000000000000 ) ) ;
#119 = ADVANCED_FACE ( 'NONE', ( #1111 ), #5509, .T. ) ;
#120 = CARTESIAN_POINT ( 'NONE',  ( 52.89120517479554451, -45.54306818725214612, -47.56650900444800101 ) ) ;
#121 = VERTEX_POINT ( 'NONE', #260 ) ;
#122 = DIRECTION ( 'NONE',  ( 0.000000000000000000, -0.9999442121672829087, -0.01056279097359810390 ) ) ;
#123 = FACE_BOUND ( 'NONE', #3160, .T. ) ;
#124 = ORIENTED_EDGE ( 'NONE', *, *, #125, .F. ) ;
#125 = EDGE_CURVE ( 'NONE', #330, #2564, #5076, .T. ) ;
#126 = CARTESIAN_POINT ( 'NONE',  ( -99.75000000000000000, -6.799999999999998046, 111.7500000000000000 ) ) ;
#127 = DIRECTION ( 'NONE',  ( -0.000000000000000000, -1.000000000000000000, 0.000000000000000000 ) ) ;
#128 = CARTESIAN_POINT ( 'NONE',  ( 109.0212156840881192, -2.500000000000000444, 99.75000000000000000 ) ) ;
#129 = CARTESIAN_POINT ( 'NONE',  ( -102.5000000000000000, -4.000000000000000000, 50.50000000000000000 ) ) ;
#130 = DIRECTION ( 'NONE',  ( -6.982966722218764133E-15, 0.000000000000000000, 1.000000000000000000 ) ) ;
#131 = ORIENTED_EDGE ( 'NONE', *, *, #4666, .T. ) ;
#132 = EDGE_CURVE ( 'NONE', #5701, #391, #1083, .T. ) ;
#133 = FACE_OUTER_BOUND ( 'NONE', #1942, .T. ) ;
#134 = CARTESIAN_POINT ( 'NONE',  ( -39.65845070422531649, -94.99730313167307827, 18.97890172748231663 ) ) ;
#135 = EDGE_LOOP ( 'NONE', ( #809, #326 ) ) ;
#136 = EDGE_CURVE ( 'NONE', #3390, #1304, #4581, .T. ) ;
#137 = CYLINDRICAL_SURFACE ( 'NONE', #522, 4.500000000000003553 ) ;
#138 = CARTESIAN_POINT ( 'NONE',  ( -49.50000000000002842, -152.0000000000000000, 3.499999999999654499 ) ) ;
#139 = CARTESIAN_POINT ( 'NONE',  ( -84.64093898694275708, -8.439403136902120295, 87.97596672745522994 ) ) ;
#140 = CARTESIAN_POINT ( 'NONE',  ( -50.49999999999966604, -4.000000000000000000, -98.00000000000017053 ) ) ;
#141 = ORIENTED_EDGE ( 'NONE', *, *, #2310, .T. ) ;
#142 = CARTESIAN_POINT ( 'NONE',  ( 102.4999999999996447, -6.799999999999998046, 50.50000000000071765 ) ) ;
#143 = CIRCLE ( 'NONE', #3446, 2.500000000000002220 ) ;
#144 = CARTESIAN_POINT ( 'NONE',  ( 43.81542330108734262, -60.81776621893006762, -36.25861306443144372 ) ) ;
#145 = ORIENTED_EDGE ( 'NONE', *, *, #273, .F. ) ;
#146 = LINE ( 'NONE', #468, #906 ) ;
#147 = CYLINDRICAL_SURFACE ( 'NONE', #2439, 2.500000000000002220 ) ;
#148 = ORIENTED_EDGE ( 'NONE', *, *, #3211, .F. ) ;
#149 = AXIS2_PLACEMENT_3D ( 'NONE', #922, #5319, #5351 ) ;
#150 = PLANE ( 'NONE',  #4857 ) ;
#151 = DIRECTION ( 'NONE',  ( 0.000000000000000000, 1.000000000000000000, 0.000000000000000000 ) ) ;
#152 = CARTESIAN_POINT ( 'NONE',  ( -46.74999999999963762, -6.799999999999998046, -102.5000000000001563 ) ) ;
#153 = ORIENTED_EDGE ( 'NONE', *, *, #1306, .T. ) ;
#154 = CARTESIAN_POINT ( 'NONE',  ( 102.5000000000003411, -6.799999999999998046, -50.49999999999928946 ) ) ;
#155 = ADVANCED_FACE ( 'NONE', ( #921 ), #4316, .T. ) ;
#156 = AXIS2_PLACEMENT_3D ( 'NONE', #381, #2150, #5691 ) ;
#157 = CARTESIAN_POINT ( 'NONE',  ( -29.60615890904670522, -93.40662962729625463, -19.09095103510894376 ) ) ;
#158 = ADVANCED_FACE ( 'NONE', ( #3901 ), #3325, .T. ) ;
#159 = EDGE_CURVE ( 'NONE', #1565, #5404, #2611, .T. ) ;
#160 = VERTEX_POINT ( 'NONE', #1715 ) ;
#161 = ORIENTED_EDGE ( 'NONE', *, *, #5071, .T. ) ;
#162 = AXIS2_PLACEMENT_3D ( 'NONE', #3105, #5345, #2795 ) ;
#163 = CARTESIAN_POINT ( 'NONE',  ( 54.99999999999893419, -4.000000000000000000, 102.5000000000005684 ) ) ;
#164 = ORIENTED_EDGE ( 'NONE', *, *, #52, .F. ) ;
#165 = DIRECTION ( 'NONE',  ( -1.000000000000000000, -1.445602896647339656E-16, 0.000000000000000000 ) ) ;
#166 = VERTEX_POINT ( 'NONE', #819 ) ;
#167 = EDGE_CURVE ( 'NONE', #1224, #58, #3654, .T. ) ;
#168 = CIRCLE ( 'NONE', #2352, 3.750000000000003553 ) ;
#169 = ORIENTED_EDGE ( 'NONE', *, *, #1418, .T. ) ;
#170 = CYLINDRICAL_SURFACE ( 'NONE', #2998, 3.750000000000003553 ) ;
#171 = AXIS2_PLACEMENT_3D ( 'NONE', #355, #1538, #1945 ) ;
#172 = AXIS2_PLACEMENT_3D ( 'NONE', #4232, #738, #1227 ) ;
#173 = FACE_BOUND ( 'NONE', #3163, .T. ) ;
#174 = CARTESIAN_POINT ( 'NONE',  ( -88.91947794691117224, -9.988587880955760667, 78.45911640133526532 ) ) ;
#175 = CARTESIAN_POINT ( 'NONE',  ( -99.75000000000000000, -2.499999999999999556, 99.75000000000000000 ) ) ;
#176 = ORIENTED_EDGE ( 'NONE', *, *, #2400, .T. ) ;
#177 = B_SPLINE_CURVE_WITH_KNOTS ( 'NONE', 3,
 ( #499, #2776, #1034, #105 ),
 .UNSPECIFIED., .F., .F.,
 ( 4, 4 ),
 ( 1.589900327696125378E-17, 0.001846378940253275277 ),
 .UNSPECIFIED. ) ;
#178 = AXIS2_PLACEMENT_3D ( 'NONE', #4397, #5206, #1333 ) ;
#179 = DIRECTION ( 'NONE',  ( 0.000000000000000000, -1.000000000000000000, 0.000000000000000000 ) ) ;
#180 = VECTOR ( 'NONE', #1882, 1000.000000000000000 ) ;
#181 = CARTESIAN_POINT ( 'NONE',  ( 55.97388421878513753, -41.08054633388548638, -51.40503243328414840 ) ) ;
#182 = VERTEX_POINT ( 'NONE', #1313 ) ;
#183 = DIRECTION ( 'NONE',  ( -1.000000000000000000, 0.000000000000000000, 0.000000000000000000 ) ) ;
#184 = LINE ( 'NONE', #2433, #5329 ) ;
#185 = FACE_OUTER_BOUND ( 'NONE', #5439, .T. ) ;
#186 = ADVANCED_FACE ( 'NONE', ( #1287, #2667 ), #4337, .T. ) ;
#187 = CARTESIAN_POINT ( 'NONE',  ( 102.5000000000003411, -4.299999999999999822, -50.49999999999928946 ) ) ;
#188 = FACE_OUTER_BOUND ( 'NONE', #2200, .T. ) ;
#189 = DIRECTION ( 'NONE',  ( 0.000000000000000000, 1.000000000000000000, 0.000000000000000000 ) ) ;
#190 = ORIENTED_EDGE ( 'NONE', *, *, #1042, .F. ) ;
#191 = AXIS2_PLACEMENT_3D ( 'NONE', #3882, #2183, #5659 ) ;
#192 = CARTESIAN_POINT ( 'NONE',  ( 39.36171888602459745, -93.93626417769525005, 18.72398897374162630 ) ) ;
#193 = CARTESIAN_POINT ( 'NONE',  ( -35.94324274506107741, -161.0000000000000000, 13.08227048220660649 ) ) ;
#194 = VECTOR ( 'NONE', #3404, 1000.000000000000114 ) ;
#195 = CARTESIAN_POINT ( 'NONE',  ( -30.06945642159674748, -92.63265025338910164, -19.28826062823596033 ) ) ;
#196 = EDGE_CURVE ( 'NONE', #2408, #2719, #3835, .T. ) ;
#197 = VERTEX_POINT ( 'NONE', #3472 ) ;
#198 = AXIS2_PLACEMENT_3D ( 'NONE', #1836, #3640, #2287 ) ;
#199 = DIRECTION ( 'NONE',  ( 0.000000000000000000, 0.000000000000000000, -1.000000000000000000 ) ) ;
#200 = DIRECTION ( 'NONE',  ( -6.167905692361976222E-15, 0.000000000000000000, 1.000000000000000000 ) ) ;
#201 = CARTESIAN_POINT ( 'NONE',  ( 50.50000000000036238, -6.799999999999998046, -102.4999999999998153 ) ) ;
#202 = EDGE_CURVE ( 'NONE', #2597, #2923, #2497, .T. ) ;
#203 = CARTESIAN_POINT ( 'NONE',  ( 17.69323320990205062, -151.9999999999999716, -18.37676056338029085 ) ) ;
#204 = ORIENTED_EDGE ( 'NONE', *, *, #5448, .T. ) ;
#205 = CARTESIAN_POINT ( 'NONE',  ( -102.5000000000000000, 0.000000000000000000, 46.00000000000000000 ) ) ;
#206 =( BOUNDED_CURVE ( )  B_SPLINE_CURVE ( 3, ( #1163, #289, #3443, #789 ),
 .UNSPECIFIED., .F., .T. ) 
 B_SPLINE_CURVE_WITH_KNOTS ( ( 4, 4 ),
 ( 1.321184248178177922, 1.560233339391843499 ),
 .UNSPECIFIED. ) 
 CURVE ( )  GEOMETRIC_REPRESENTATION_ITEM ( )  RATIONAL_B_SPLINE_CURVE ( ( 1.000000000000000000, 0.9952436275539892074, 0.9952436275539892074, 1.000000000000000000 ) ) 
 REPRESENTATION_ITEM ( '' )  );
#207 = CARTESIAN_POINT ( 'NONE',  ( 66.08794212971812954, -37.41032888036168913, -46.32515684147151802 ) ) ;
#208 = EDGE_LOOP ( 'NONE', ( #4456, #3317, #2316, #2323 ) ) ;
#209 = CARTESIAN_POINT ( 'NONE',  ( -225.8578708735395253, -147.4589380048050771, 111.7500000000000000 ) ) ;
#210 = DIRECTION ( 'NONE',  ( 0.000000000000000000, -1.000000000000000000, 0.000000000000000000 ) ) ;
#211 = EDGE_CURVE ( 'NONE', #182, #2519, #1270, .T. ) ;
#212 = LINE ( 'NONE', #4610, #3283 ) ;
#213 = ADVANCED_FACE ( 'NONE', ( #873 ), #5276, .F. ) ;
#214 = CARTESIAN_POINT ( 'NONE',  ( -49.50000000000000000, -152.0000000000000000, -3.456568527498288751E-13 ) ) ;
#215 = CARTESIAN_POINT ( 'NONE',  ( -30.67883575866462564, -91.60685003797510717, 19.59403673091038200 ) ) ;
#216 = VERTEX_POINT ( 'NONE', #3066 ) ;
#217 = CARTESIAN_POINT ( 'NONE',  ( 0.000000000000000000, -153.0000000000000000, 0.000000000000000000 ) ) ;
#218 = CYLINDRICAL_SURFACE ( 'NONE', #1616, 3.750000000000003553 ) ;
#219 = CARTESIAN_POINT ( 'NONE',  ( 28.65399519163802111, -94.89167522193714888, -8.979459605809505973 ) ) ;
#220 = LINE ( 'NONE', #5405, #4404 ) ;
#221 = ORIENTED_EDGE ( 'NONE', *, *, #2289, .F. ) ;
#222 = CARTESIAN_POINT ( 'NONE',  ( -21.99999999999998224, -152.0000000000000000, 111.7500000000000000 ) ) ;
#223 = DIRECTION ( 'NONE',  ( 1.000000000000000000, 0.000000000000000000, 1.110223024625155436E-14 ) ) ;
#224 = DIRECTION ( 'NONE',  ( -0.000000000000000000, -1.000000000000000000, -0.000000000000000000 ) ) ;
#225 = CARTESIAN_POINT ( 'NONE',  ( -90.73352398603930169, -6.799999999999997158, 88.66268115348306367 ) ) ;
#226 = FACE_OUTER_BOUND ( 'NONE', #691, .T. ) ;
#227 = ORIENTED_EDGE ( 'NONE', *, *, #4014, .T. ) ;
#228 = EDGE_CURVE ( 'NONE', #1132, #2054, #1775, .T. ) ;
#229 = CARTESIAN_POINT ( 'NONE',  ( 75.97034072890549794, -24.23070041839923405, 60.02780861501823750 ) ) ;
#230 = LINE ( 'NONE', #2430, #456 ) ;
#231 = ORIENTED_EDGE ( 'NONE', *, *, #4699, .T. ) ;
#232 = CARTESIAN_POINT ( 'NONE',  ( 52.99999999999892708, -6.799999999999998046, 102.5000000000005542 ) ) ;
#233 = DIRECTION ( 'NONE',  ( 0.000000000000000000, 1.000000000000000000, 0.000000000000000000 ) ) ;
#234 = AXIS2_PLACEMENT_3D ( 'NONE', #4577, #629, #759 ) ;
#235 = CARTESIAN_POINT ( 'NONE',  ( 0.000000000000000000, -152.0000000000000000, 30.85000000000002629 ) ) ;
#236 = CARTESIAN_POINT ( 'NONE',  ( 41.94879671060918724, -85.52131724345940711, 12.72427959444808465 ) ) ;
#237 = CARTESIAN_POINT ( 'NONE',  ( -30.98345492017518055, -91.11488569816498284, 19.80798429566818442 ) ) ;
#238 = VERTEX_POINT ( 'NONE', #4812 ) ;
#239 = CARTESIAN_POINT ( 'NONE',  ( 39.04424207662181345, -95.09880726202257506, 18.65956630851097842 ) ) ;
#240 = CARTESIAN_POINT ( 'NONE',  ( 30.06945642159358201, -90.16236946537974006, -9.598177407314077314 ) ) ;
#241 = CARTESIAN_POINT ( 'NONE',  ( -102.5000000000000000, 0.000000000000000000, 50.50000000000000000 ) ) ;
#242 = EDGE_LOOP ( 'NONE', ( #1359, #1601, #573, #3917 ) ) ;
#243 = FACE_OUTER_BOUND ( 'NONE', #1522, .T. ) ;
#244 = ADVANCED_FACE ( 'NONE', ( #2604 ), #4897, .F. ) ;
#245 = VECTOR ( 'NONE', #1301, 1000.000000000000000 ) ;
#246 = DIRECTION ( 'NONE',  ( -1.000000000000000000, 0.000000000000000000, -1.110223024625155594E-14 ) ) ;
#247 = CARTESIAN_POINT ( 'NONE',  ( 86.51278580608645541, -6.799999999999949196, -90.50000000000000000 ) ) ;
#248 = VECTOR ( 'NONE', #1794, 1000.000000000000000 ) ;
#249 = AXIS2_PLACEMENT_3D ( 'NONE', #1243, #3827, #3914 ) ;
#250 = CARTESIAN_POINT ( 'NONE',  ( 50.50000000000036238, -6.799999999999998046, -102.4999999999998153 ) ) ;
#251 = ORIENTED_EDGE ( 'NONE', *, *, #3319, .F. ) ;
#252 = ORIENTED_EDGE ( 'NONE', *, *, #879, .T. ) ;
#253 = AXIS2_PLACEMENT_3D ( 'NONE', #107, #947, #2363 ) ;
#254 = EDGE_CURVE ( 'NONE', #1962, #1788, #844, .T. ) ;
#255 = CARTESIAN_POINT ( 'NONE',  ( 94.22140219264338157, -4.953358769381902782, 86.27846215596059665 ) ) ;
#256 = CARTESIAN_POINT ( 'NONE',  ( -50.50000000000108002, -4.299999999999999822, 102.4999999999994600 ) ) ;
#257 = VERTEX_POINT ( 'NONE', #3896 ) ;
#258 = CIRCLE ( 'NONE', #3563, 2.500000000000002220 ) ;
#259 = FACE_OUTER_BOUND ( 'NONE', #4988, .T. ) ;
#260 = CARTESIAN_POINT ( 'NONE',  ( -2.500000000000002220, -91.11488569816499705, 19.80798429566818442 ) ) ;
#261 = CIRCLE ( 'NONE', #4775, 3.750000000000003553 ) ;
#262 = AXIS2_PLACEMENT_3D ( 'NONE', #1906, #613, #5379 ) ;
#263 = VECTOR ( 'NONE', #4716, 1000.000000000000000 ) ;
#264 = CARTESIAN_POINT ( 'NONE',  ( -58.48558945827964095, -49.27215537797374623, 35.86139880389406187 ) ) ;
#265 = CARTESIAN_POINT ( 'NONE',  ( 48.00000000000036238, -6.799999999999998046, -102.4999999999998295 ) ) ;
#266 = CARTESIAN_POINT ( 'NONE',  ( 53.00000000000036948, -4.299999999999999822, -102.4999999999998010 ) ) ;
#267 = ORIENTED_EDGE ( 'NONE', *, *, #4196, .F. ) ;
#268 = EDGE_CURVE ( 'NONE', #1706, #5532, #5675, .T. ) ;
#269 = LINE ( 'NONE', #2907, #1275 ) ;
#270 = FACE_OUTER_BOUND ( 'NONE', #5008, .T. ) ;
#271 = CIRCLE ( 'NONE', #4592, 4.500000000000003553 ) ;
#272 = AXIS2_PLACEMENT_3D ( 'NONE', #294, #5079, #1114 ) ;
#273 = EDGE_CURVE ( 'NONE', #516, #2875, #1910, .T. ) ;
#274 = AXIS2_PLACEMENT_3D ( 'NONE', #2793, #1134, #2851 ) ;
#275 = DIRECTION ( 'NONE',  ( -0.000000000000000000, 1.000000000000000000, -0.000000000000000000 ) ) ;
#276 = CIRCLE ( 'NONE', #3209, 2.500000000000002220 ) ;
#277 = ORIENTED_EDGE ( 'NONE', *, *, #879, .F. ) ;
#278 = CARTESIAN_POINT ( 'NONE',  ( -87.12662495001264062, -11.80041662660356039, -75.86273749809942046 ) ) ;
#279 = EDGE_CURVE ( 'NONE', #5498, #1706, #458, .T. ) ;
#280 = CARTESIAN_POINT ( 'NONE',  ( -102.5000000000000000, -4.000000000000000000, -50.50000000000000000 ) ) ;
#281 = CARTESIAN_POINT ( 'NONE',  ( -34.14124661099901203, -82.02649215943958438, 23.97436819758302917 ) ) ;
#282 = DIRECTION ( 'NONE',  ( 1.000000000000000000, 0.000000000000000000, 3.700743415417184787E-15 ) ) ;
#283 = VERTEX_POINT ( 'NONE', #2205 ) ;
#284 = ORIENTED_EDGE ( 'NONE', *, *, #3381, .F. ) ;
#285 = VERTEX_POINT ( 'NONE', #3961 ) ;
#286 = CARTESIAN_POINT ( 'NONE',  ( 73.48385417385550511, -27.25368036916099257, 64.59554246020179846 ) ) ;
#287 = CARTESIAN_POINT ( 'NONE',  ( 2.347052046924421376, -83.22748919801800582, 23.45004801842695841 ) ) ;
#288 = ORIENTED_EDGE ( 'NONE', *, *, #3349, .F. ) ;
#289 = CARTESIAN_POINT ( 'NONE',  ( -29.60615890904670522, -93.40662962729622620, 19.09095103510893665 ) ) ;
#290 = CARTESIAN_POINT ( 'NONE',  ( -71.00032443201897081, -30.46576004431108942, -61.26725518113880042 ) ) ;
#291 = ADVANCED_FACE ( 'NONE', ( #26, #3530 ), #5298, .T. ) ;
#292 = LINE ( 'NONE', #2466, #5496 ) ;
#293 = DIRECTION ( 'NONE',  ( -1.000000000000000000, 0.000000000000000000, -9.637352644315591989E-15 ) ) ;
#294 = CARTESIAN_POINT ( 'NONE',  ( -13.08227048220648214, 0.001000000000084266816, -35.94324274506112715 ) ) ;
#295 = ORIENTED_EDGE ( 'NONE', *, *, #4746, .T. ) ;
#296 = CARTESIAN_POINT ( 'NONE',  ( 30.98345492017521963, -91.11488569816499705, 19.80798429566818442 ) ) ;
#297 = LINE ( 'NONE', #1143, #1803 ) ;
#298 = DIRECTION ( 'NONE',  ( 0.000000000000000000, 1.000000000000000000, 0.000000000000000000 ) ) ;
#299 = ORIENTED_EDGE ( 'NONE', *, *, #519, .T. ) ;
#300 = DIRECTION ( 'NONE',  ( 0.000000000000000000, 0.000000000000000000, -1.000000000000000000 ) ) ;
#301 = EDGE_CURVE ( 'NONE', #3657, #4180, #4118, .T. ) ;
#302 = ORIENTED_EDGE ( 'NONE', *, *, #5554, .T. ) ;
#303 = ORIENTED_EDGE ( 'NONE', *, *, #4765, .F. ) ;
#304 = CARTESIAN_POINT ( 'NONE',  ( 50.49999999999892708, -6.799999999999998046, 102.5000000000005258 ) ) ;
#305 = CARTESIAN_POINT ( 'NONE',  ( -47.99999999999963762, -6.799999999999998046, -102.5000000000001563 ) ) ;
#306 = ORIENTED_EDGE ( 'NONE', *, *, #544, .T. ) ;
#307 = ORIENTED_EDGE ( 'NONE', *, *, #2590, .F. ) ;
#308 = CARTESIAN_POINT ( 'NONE',  ( 55.97560671979673685, -41.07808198151496981, 51.40717786036526604 ) ) ;
#309 = CARTESIAN_POINT ( 'NONE',  ( -2.500000000000000000, -168.4829653570998858, -197.7129596333149664 ) ) ;
#310 = ORIENTED_EDGE ( 'NONE', *, *, #4734, .T. ) ;
#311 = DIRECTION ( 'NONE',  ( 0.000000000000000000, 0.000000000000000000, -1.000000000000000000 ) ) ;
#312 = DIRECTION ( 'NONE',  ( 1.000000000000000000, 0.000000000000000000, 3.965082230804130614E-15 ) ) ;
#313 = CARTESIAN_POINT ( 'NONE',  ( -70.99809467531754592, -30.46871690154853596, 61.26427159959610691 ) ) ;
#314 = DIRECTION ( 'NONE',  ( -7.401486830834369573E-15, 0.000000000000000000, 1.000000000000000000 ) ) ;
#315 = ORIENTED_EDGE ( 'NONE', *, *, #5095, .F. ) ;
#316 = FACE_OUTER_BOUND ( 'NONE', #4185, .T. ) ;
#317 = DIRECTION ( 'NONE',  ( 0.2785422539662102959, 0.9306588250165127585, -0.2372516895078036203 ) ) ;
#318 = LINE ( 'NONE', #3743, #4477 ) ;
#319 = EDGE_LOOP ( 'NONE', ( #3915, #3737, #2948, #1316 ) ) ;
#320 = EDGE_CURVE ( 'NONE', #4648, #3352, #3007, .T. ) ;
#321 = DIRECTION ( 'NONE',  ( -0.000000000000000000, 1.000000000000000000, -0.000000000000000000 ) ) ;
#322 = ADVANCED_FACE ( 'NONE', ( #2371 ), #2311, .F. ) ;
#323 = CARTESIAN_POINT ( 'NONE',  ( -30.06945642159672971, -90.16236946536915298, -9.598177407316777376 ) ) ;
#324 = ORIENTED_EDGE ( 'NONE', *, *, #1387, .T. ) ;
#325 = CARTESIAN_POINT ( 'NONE',  ( 46.00000000000036238, 0.000000000000000000, -102.4999999999998295 ) ) ;
#326 = ORIENTED_EDGE ( 'NONE', *, *, #4538, .T. ) ;
#327 = CARTESIAN_POINT ( 'NONE',  ( 99.75000000000000000, -6.799999999999971401, -111.7500000000000000 ) ) ;
#328 = CARTESIAN_POINT ( 'NONE',  ( 92.25000000000000000, -6.799999999999974065, -83.35607285682024781 ) ) ;
#329 = CARTESIAN_POINT ( 'NONE',  ( 54.25000000000036948, -6.799999999999998046, -102.4999999999998010 ) ) ;
#330 = VERTEX_POINT ( 'NONE', #3697 ) ;
#331 = AXIS2_PLACEMENT_3D ( 'NONE', #3366, #2498, #4260 ) ;
#332 = EDGE_LOOP ( 'NONE', ( #3761, #4426, #2382, #3340 ) ) ;
#333 = ORIENTED_EDGE ( 'NONE', *, *, #3799, .F. ) ;
#334 = CARTESIAN_POINT ( 'NONE',  ( 59.11474591080798291, -48.20184596222110684, 36.72712179632632967 ) ) ;
#335 = DIRECTION ( 'NONE',  ( 0.000000000000000000, 0.000000000000000000, 1.000000000000000000 ) ) ;
#336 = ORIENTED_EDGE ( 'NONE', *, *, #1949, .T. ) ;
#337 = EDGE_CURVE ( 'NONE', #4044, #5178, #2261, .T. ) ;
#338 = DIRECTION ( 'NONE',  ( 0.000000000000000000, 1.000000000000000000, 0.000000000000000000 ) ) ;
#339 = CARTESIAN_POINT ( 'NONE',  ( -94.22140219264335315, -4.953358769381968507, -86.27846215596044033 ) ) ;
#340 = VECTOR ( 'NONE', #2154, 1000.000000000000000 ) ;
#341 = CIRCLE ( 'NONE', #2262, 3.500000000000000000 ) ;
#342 = EDGE_CURVE ( 'NONE', #49, #4745, #3480, .T. ) ;
#343 = CARTESIAN_POINT ( 'NONE',  ( 102.5000000000003126, -4.299999999999999822, -46.74999999999928235 ) ) ;
#344 = CARTESIAN_POINT ( 'NONE',  ( -54.79807717756647634, -55.84133582475891444, 30.78001175458027916 ) ) ;
#345 = ORIENTED_EDGE ( 'NONE', *, *, #4343, .F. ) ;
#346 = CIRCLE ( 'NONE', #2268, 3.750000000000003553 ) ;
#347 = CIRCLE ( 'NONE', #1903, 4.500000000000003553 ) ;
#348 = AXIS2_PLACEMENT_3D ( 'NONE', #1724, #8, #3483 ) ;
#349 = DIRECTION ( 'NONE',  ( 1.000000000000000000, 0.000000000000000000, 3.854941057726235533E-15 ) ) ;
#350 = ORIENTED_EDGE ( 'NONE', *, *, #2132, .F. ) ;
#351 = DIRECTION ( 'NONE',  ( 1.000000000000000000, 0.000000000000000000, 0.000000000000000000 ) ) ;
#352 = CARTESIAN_POINT ( 'NONE',  ( 92.25000000000000000, -6.799999999999974065, 83.35607285682031886 ) ) ;
#353 = AXIS2_PLACEMENT_3D ( 'NONE', #128, #3658, #4994 ) ;
#354 = DIRECTION ( 'NONE',  ( 0.2867141939519904370, 0.9579627186160625252, -0.01011932449242317934 ) ) ;
#355 = CARTESIAN_POINT ( 'NONE',  ( -28.65399519163800335, -94.89167522193714888, -8.979459605809509526 ) ) ;
#356 = VECTOR ( 'NONE', #2537, 1000.000000000000000 ) ;
#357 = CARTESIAN_POINT ( 'NONE',  ( 39.04424207662184898, -95.09880726202261769, -18.65956630851099263 ) ) ;
#358 = AXIS2_PLACEMENT_3D ( 'NONE', #5504, #678, #2980 ) ;
#359 = DIRECTION ( 'NONE',  ( -1.000000000000000000, 0.000000000000000000, -1.110223024625155436E-14 ) ) ;
#360 = CARTESIAN_POINT ( 'NONE',  ( -28.65399519163800335, -94.99730313167309248, 18.97890172748229887 ) ) ;
#361 = ORIENTED_EDGE ( 'NONE', *, *, #2896, .F. ) ;
#362 = AXIS2_PLACEMENT_3D ( 'NONE', #920, #5349, #2682 ) ;
#363 = AXIS2_PLACEMENT_3D ( 'NONE', #3328, #5093, #2842 ) ;
#364 = EDGE_CURVE ( 'NONE', #2182, #2074, #4856, .T. ) ;
#365 = CARTESIAN_POINT ( 'NONE',  ( -25.63262081801247660, 0.001000000000084266816, 25.63262081801221015 ) ) ;
#366 = CARTESIAN_POINT ( 'NONE',  ( 102.5000000000003695, -4.000000000000000000, -54.24999999999928946 ) ) ;
#367 = ORIENTED_EDGE ( 'NONE', *, *, #3632, .T. ) ;
#368 = EDGE_CURVE ( 'NONE', #5437, #656, #5578, .T. ) ;
#369 = DIRECTION ( 'NONE',  ( -0.9986295347545739443, 0.05233595624294382076, 0.000000000000000000 ) ) ;
#370 = DIRECTION ( 'NONE',  ( -1.000000000000000000, 0.000000000000000000, -5.551115123125777969E-15 ) ) ;
#371 = ORIENTED_EDGE ( 'NONE', *, *, #5021, .T. ) ;
#372 = DIRECTION ( 'NONE',  ( -1.000000000000000000, -1.445602896647339656E-16, 0.000000000000000000 ) ) ;
#373 = CARTESIAN_POINT ( 'NONE',  ( -54.79902172155985340, -55.83956139762586446, -30.78131544810670306 ) ) ;
#374 = ADVANCED_FACE ( 'NONE', ( #4478 ), #137, .F. ) ;
#375 = DIRECTION ( 'NONE',  ( -1.000000000000000000, 0.000000000000000000, -1.110223024625155594E-14 ) ) ;
#376 = CARTESIAN_POINT ( 'NONE',  ( -50.51841840089692681, -49.23455610638920632, 44.61694072120187826 ) ) ;
#377 = EDGE_LOOP ( 'NONE', ( #1238, #4706, #4759 ) ) ;
#378 = LINE ( 'NONE', #2880, #3834 ) ;
#379 = ORIENTED_EDGE ( 'NONE', *, *, #4654, .F. ) ;
#380 = CARTESIAN_POINT ( 'NONE',  ( 50.49999999999892708, 0.000000000000000000, 102.5000000000005258 ) ) ;
#381 = CARTESIAN_POINT ( 'NONE',  ( -102.5000000000000000, -4.299999999999999822, 50.50000000000000000 ) ) ;
#382 = ADVANCED_FACE ( 'NONE', ( #4103 ), #170, .F. ) ;
#383 = CARTESIAN_POINT ( 'NONE',  ( 56.15361380259413693, -40.82413569608429782, 51.62887868712111583 ) ) ;
#384 = EDGE_LOOP ( 'NONE', ( #1958, #3907 ) ) ;
#385 = DIRECTION ( 'NONE',  ( -0.000000000000000000, -0.000000000000000000, -1.000000000000000000 ) ) ;
#386 =( BOUNDED_CURVE ( )  B_SPLINE_CURVE ( 3, ( #3166, #1441, #157, #3630 ),
 .UNSPECIFIED., .F., .T. ) 
 B_SPLINE_CURVE_WITH_KNOTS ( ( 4, 4 ),
 ( 4.722951967787742511, 4.962001059001408976 ),
 .UNSPECIFIED. ) 
 CURVE ( )  GEOMETRIC_REPRESENTATION_ITEM ( )  RATIONAL_B_SPLINE_CURVE ( ( 1.000000000000000000, 0.9952436275539892074, 0.9952436275539892074, 1.000000000000000000 ) ) 
 REPRESENTATION_ITEM ( '' )  );
#387 = CARTESIAN_POINT ( 'NONE',  ( 50.50000000000036238, -4.000000000000000000, -102.4999999999998153 ) ) ;
#388 = CYLINDRICAL_SURFACE ( 'NONE', #2451, 2.999999999999999112 ) ;
#389 = LINE ( 'NONE', #2130, #872 ) ;
#390 = VERTEX_POINT ( 'NONE', #3673 ) ;
#391 = VERTEX_POINT ( 'NONE', #534 ) ;
#392 = LINE ( 'NONE', #4359, #5688 ) ;
#393 = CARTESIAN_POINT ( 'NONE',  ( -34.14124661099899072, -82.02649215943957017, -23.97436819758307180 ) ) ;
#394 =( NAMED_UNIT ( * ) PLANE_ANGLE_UNIT ( ) SI_UNIT ( $, .RADIAN. ) );
#395 = VERTEX_POINT ( 'NONE', #2839 ) ;
#396 = CARTESIAN_POINT ( 'NONE',  ( 30.06945642159357845, -92.63265025339443071, -19.28826062823460319 ) ) ;
#397 = DIRECTION ( 'NONE',  ( 1.000000000000000000, 0.000000000000000000, 3.965082230804130614E-15 ) ) ;
#398 = EDGE_CURVE ( 'NONE', #1962, #5701, #1896, .T. ) ;
#399 = FACE_BOUND ( 'NONE', #5531, .T. ) ;
#400 = ORIENTED_EDGE ( 'NONE', *, *, #4239, .T. ) ;
#401 = ADVANCED_FACE ( 'NONE', ( #986 ), #2757, .F. ) ;
#402 = DIRECTION ( 'NONE',  ( -0.000000000000000000, -1.000000000000000000, 0.000000000000000000 ) ) ;
#403 = CARTESIAN_POINT ( 'NONE',  ( -68.51046524558100259, -33.95908326966151236, -49.66872204470592322 ) ) ;
#404 = EDGE_CURVE ( 'NONE', #1479, #4235, #1481, .T. ) ;
#405 = FACE_OUTER_BOUND ( 'NONE', #2020, .T. ) ;
#406 = ORIENTED_EDGE ( 'NONE', *, *, #5270, .T. ) ;
#407 = DIRECTION ( 'NONE',  ( -1.000000000000000000, -1.445602896647339656E-16, 0.000000000000000000 ) ) ;
#408 = VERTEX_POINT ( 'NONE', #4565 ) ;
#409 = ADVANCED_FACE ( 'NONE', ( #2419 ), #3719, .T. ) ;
#410 = CYLINDRICAL_SURFACE ( 'NONE', #1459, 3.600000000000000977 ) ;
#411 = CARTESIAN_POINT ( 'NONE',  ( -45.99999999999963762, 0.000000000000000000, -102.5000000000001563 ) ) ;
#412 = CARTESIAN_POINT ( 'NONE',  ( -37.50000000000000000, -100.2117647058823025, 2.500000000000000000 ) ) ;
#413 = CARTESIAN_POINT ( 'NONE',  ( -99.75000000000000000, -2.369160109392641100, 111.5177895209745600 ) ) ;
#414 = CARTESIAN_POINT ( 'NONE',  ( -38.40331314844755184, -97.19363606871637273, -2.499999999999999556 ) ) ;
#415 = ORIENTED_EDGE ( 'NONE', *, *, #1751, .T. ) ;
#416 = DIRECTION ( 'NONE',  ( 0.000000000000000000, 0.000000000000000000, -1.000000000000000000 ) ) ;
#417 = VERTEX_POINT ( 'NONE', #5065 ) ;
#418 = CARTESIAN_POINT ( 'NONE',  ( 0.000000000000000000, -182.4667798020291798, -30.89516666768510333 ) ) ;
#419 = CARTESIAN_POINT ( 'NONE',  ( -61.13807158965403232, -34.02396826388996232, -57.84882130749330287 ) ) ;
#420 = DIRECTION ( 'NONE',  ( 1.000000000000000000, 0.000000000000000000, 0.000000000000000000 ) ) ;
#421 = EDGE_LOOP ( 'NONE', ( #40, #5430 ) ) ;
#422 = DIRECTION ( 'NONE',  ( -0.2867288749506295420, 0.9580117704232794518, 0.000000000000000000 ) ) ;
#423 = LINE ( 'NONE', #845, #4509 ) ;
#424 = MECHANICAL_DESIGN_GEOMETRIC_PRESENTATION_REPRESENTATION (  '', ( #2990 ), #3816 ) ;
#425 = LINE ( 'NONE', #2114, #4306 ) ;
#426 = EDGE_LOOP ( 'NONE', ( #1592, #5673 ) ) ;
#427 = CARTESIAN_POINT ( 'NONE',  ( -39.18627661327950307, -94.57761696268964613, 9.203558221062742462 ) ) ;
#428 = DIRECTION ( 'NONE',  ( 0.000000000000000000, 1.000000000000000000, 0.000000000000000000 ) ) ;
#429 = CYLINDRICAL_SURFACE ( 'NONE', #3290, 3.500000000000000000 ) ;
#430 = CARTESIAN_POINT ( 'NONE',  ( -37.50000000000000000, -152.0000000000000000, -2.500000000000000000 ) ) ;
#431 = EDGE_LOOP ( 'NONE', ( #3552, #3692, #5517, #110, #4905, #852 ) ) ;
#432 = AXIS2_PLACEMENT_3D ( 'NONE', #3062, #5324, #5670 ) ;
#433 = LINE ( 'NONE', #3854, #5153 ) ;
#434 = CIRCLE ( 'NONE', #697, 9.999999999999998224 ) ;
#435 = CARTESIAN_POINT ( 'NONE',  ( 54.99999999999893419, 0.000000000000000000, 102.5000000000005684 ) ) ;
#436 = CIRCLE ( 'NONE', #3649, 2.500000000000002220 ) ;
#437 = EDGE_CURVE ( 'NONE', #2632, #637, #3376, .T. ) ;
#438 = DIRECTION ( 'NONE',  ( 0.000000000000000000, 0.000000000000000000, 1.000000000000000000 ) ) ;
#439 = DIRECTION ( 'NONE',  ( 0.000000000000000000, 1.000000000000000000, 0.000000000000000000 ) ) ;
#440 = CARTESIAN_POINT ( 'NONE',  ( -102.5000000000000000, -4.299999999999999822, 50.50000000000000000 ) ) ;
#441 = VERTEX_POINT ( 'NONE', #3326 ) ;
#442 = DIRECTION ( 'NONE',  ( -0.9580117704232795628, 0.2867288749506293755, 0.000000000000000000 ) ) ;
#443 = VECTOR ( 'NONE', #3055, 1000.000000000000000 ) ;
#444 = VECTOR ( 'NONE', #798, 1000.000000000000000 ) ;
#445 = ORIENTED_EDGE ( 'NONE', *, *, #3679, .F. ) ;
#446 = EDGE_LOOP ( 'NONE', ( #1595, #1376, #2227, #400 ) ) ;
#447 = EDGE_LOOP ( 'NONE', ( #4537, #4925, #1029, #141 ) ) ;
#448 = VECTOR ( 'NONE', #3302, 1000.000000000000000 ) ;
#449 = FACE_OUTER_BOUND ( 'NONE', #1884, .T. ) ;
#450 = VERTEX_POINT ( 'NONE', #4650 ) ;
#451 = VECTOR ( 'NONE', #1873, 1000.000000000000000 ) ;
#452 = CARTESIAN_POINT ( 'NONE',  ( 37.50000000000000000, -152.0000000000000000, -4.939143230211742531E-16 ) ) ;
#453 = VERTEX_POINT ( 'NONE', #779 ) ;
#454 = ADVANCED_FACE ( 'NONE', ( #5117 ), #4216, .F. ) ;
#455 = AXIS2_PLACEMENT_3D ( 'NONE', #1959, #663, #2801 ) ;
#456 = VECTOR ( 'NONE', #4191, 1000.000000000000114 ) ;
#457 = EDGE_CURVE ( 'NONE', #1838, #4101, #1149, .T. ) ;
#458 = LINE ( 'NONE', #3555, #3377 ) ;
#459 = CARTESIAN_POINT ( 'NONE',  ( -2.500000000000002220, -152.0000000000000284, -29.81083414330409553 ) ) ;
#460 = CIRCLE ( 'NONE', #3207, 4.500000000000003553 ) ;
#461 = FACE_BOUND ( 'NONE', #4572, .T. ) ;
#462 = ORIENTED_EDGE ( 'NONE', *, *, #2235, .T. ) ;
#463 = B_SPLINE_CURVE_WITH_KNOTS ( 'NONE', 3,
 ( #3568, #494, #97, #1345, #5344, #2296, #1431, #1845, #3595, #5369, #1866, #1403, #3158, #3621, #5393, #574, #2321, #5043, #3706, #5015 ),
 .UNSPECIFIED., .F., .F.,
 ( 4, 2, 2, 2, 2, 2, 2, 2, 2, 4 ),
 ( 0.000000000000000000, 0.01535073836281478088, 0.03070147672562956176, 0.04605221508844434264, 0.06140295345125912352, 0.06907832263266651396, 0.07675369181407389052, 0.09210443017688867140, 0.1074551685397034245, 0.1228059069025181915 ),
 .UNSPECIFIED. ) ;
#464 = DIRECTION ( 'NONE',  ( -0.000000000000000000, -1.000000000000000000, 0.000000000000000000 ) ) ;
#465 = CARTESIAN_POINT ( 'NONE',  ( 111.7500000000000000, -95.10293104140910714, -28.97834384915513439 ) ) ;
#466 = CARTESIAN_POINT ( 'NONE',  ( 47.24060531423974396, -71.51661393670877942, -29.59032442600625856 ) ) ;
#467 = VERTEX_POINT ( 'NONE', #4157 ) ;
#468 = CARTESIAN_POINT ( 'NONE',  ( 45.99999999999892708, -6.799999999999998046, 102.5000000000004832 ) ) ;
#469 = FACE_OUTER_BOUND ( 'NONE', #1508, .T. ) ;
#470 = CARTESIAN_POINT ( 'NONE',  ( 32.48982065903731353, -86.48779094284140001, 21.82023513317222552 ) ) ;
#471 = VERTEX_POINT ( 'NONE', #4742 ) ;
#472 = CYLINDRICAL_SURFACE ( 'NONE', #3926, 2.500000000000002220 ) ;
#473 = FACE_OUTER_BOUND ( 'NONE', #773, .T. ) ;
#474 = ORIENTED_EDGE ( 'NONE', *, *, #5571, .T. ) ;
#475 = ADVANCED_FACE ( 'NONE', ( #5612 ), #1535, .F. ) ;
#476 = ORIENTED_EDGE ( 'NONE', *, *, #1984, .F. ) ;
#477 = EDGE_CURVE ( 'NONE', #2719, #2408, #784, .T. ) ;
#478 = ORIENTED_EDGE ( 'NONE', *, *, #736, .F. ) ;
#479 = CARTESIAN_POINT ( 'NONE',  ( 5.184852791247432369E-13, -152.0000000000000000, -49.50000000000000000 ) ) ;
#480 = EDGE_LOOP ( 'NONE', ( #1109, #3583, #1096, #169, #277, #3960 ) ) ;
#481 = CARTESIAN_POINT ( 'NONE',  ( 99.75000000000000000, -6.799999999999972289, 99.75000000000000000 ) ) ;
#482 = ORIENTED_EDGE ( 'NONE', *, *, #2651, .F. ) ;
#483 = CARTESIAN_POINT ( 'NONE',  ( 28.65399519163802111, -94.99730313167312090, -18.97890172748233795 ) ) ;
#484 = EDGE_CURVE ( 'NONE', #979, #2412, #4491, .T. ) ;
#485 = DIRECTION ( 'NONE',  ( 0.000000000000000000, 1.000000000000000000, 0.000000000000000000 ) ) ;
#486 = CARTESIAN_POINT ( 'NONE',  ( -73.44544735183617945, -27.36172600916991016, 56.50776719503529932 ) ) ;
#487 = ADVANCED_FACE ( 'NONE', ( #5492 ), #2076, .F. ) ;
#488 = CARTESIAN_POINT ( 'NONE',  ( 50.50000000000036238, -4.000000000000000000, -102.4999999999998153 ) ) ;
#489 = EDGE_LOOP ( 'NONE', ( #2217, #25, #2080, #3409 ) ) ;
#490 = CARTESIAN_POINT ( 'NONE',  ( 40.24711369981535114, -91.01780246084098280, -10.21073135011580746 ) ) ;
#491 = CARTESIAN_POINT ( 'NONE',  ( 99.75000000000000000, -2.500000000000000000, 109.0212156840881192 ) ) ;
#492 = CARTESIAN_POINT ( 'NONE',  ( 39.64957412582636920, -93.02965821488604092, 1.276452536359218293 ) ) ;
#493 = VERTEX_POINT ( 'NONE', #4622 ) ;
#494 = CARTESIAN_POINT ( 'NONE',  ( 41.94879671060919435, -85.52131724345949237, -12.72427959444808288 ) ) ;
#495 = PLANE ( 'NONE',  #785 ) ;
#496 = DIRECTION ( 'NONE',  ( -1.000000000000000000, 0.000000000000000000, -9.912705577010326930E-15 ) ) ;
#497 = CARTESIAN_POINT ( 'NONE',  ( -50.50000000000108002, -6.799999999999998046, 102.4999999999994600 ) ) ;
#498 = CARTESIAN_POINT ( 'NONE',  ( -43.57426241141808987, -80.89560995013752631, -15.06949245743311749 ) ) ;
#499 = CARTESIAN_POINT ( 'NONE',  ( 30.06945642159358201, -92.63265025339440228, 19.28826062823459608 ) ) ;
#500 = ORIENTED_EDGE ( 'NONE', *, *, #1562, .T. ) ;
#501 = EDGE_CURVE ( 'NONE', #749, #656, #4244, .T. ) ;
#502 = CARTESIAN_POINT ( 'NONE',  ( -30.06945642159671550, -90.16236946536911034, 111.7500000000000000 ) ) ;
#503 = ORIENTED_EDGE ( 'NONE', *, *, #4208, .T. ) ;
#504 = CARTESIAN_POINT ( 'NONE',  ( -86.51278580608652646, -6.799999999999949196, -90.50000000000000000 ) ) ;
#505 = EDGE_LOOP ( 'NONE', ( #4009, #5713, #5395, #3750 ) ) ;
#506 = ORIENTED_EDGE ( 'NONE', *, *, #3344, .T. ) ;
#507 = AXIS2_PLACEMENT_3D ( 'NONE', #1110, #3648, #1054 ) ;
#508 = DIRECTION ( 'NONE',  ( 0.000000000000000000, 1.000000000000000000, 0.000000000000000000 ) ) ;
#509 = DIRECTION ( 'NONE',  ( 1.000000000000000000, 0.000000000000000000, 6.993308080469439450E-18 ) ) ;
#510 = CARTESIAN_POINT ( 'NONE',  ( -45.98056203857691315, -56.87192540084726744, 38.96299939569206572 ) ) ;
#511 = CARTESIAN_POINT ( 'NONE',  ( -0.2481922233069508432, -80.43982288814191861, -24.84189147071599280 ) ) ;
#512 = VERTEX_POINT ( 'NONE', #1569 ) ;
#513 = CARTESIAN_POINT ( 'NONE',  ( -1.580082864110584184, -81.36902183923189114, 24.37165659997371137 ) ) ;
#514 = DIRECTION ( 'NONE',  ( 0.000000000000000000, 1.000000000000000000, 0.000000000000000000 ) ) ;
#515 = CARTESIAN_POINT ( 'NONE',  ( 40.53612236886953468, -90.08429612207211790, -10.63762474218124332 ) ) ;
#516 = VERTEX_POINT ( 'NONE', #3802 ) ;
#517 = CARTESIAN_POINT ( 'NONE',  ( 102.4999999999996163, -4.000000000000000000, 54.25000000000072475 ) ) ;
#518 = DIRECTION ( 'NONE',  ( 0.000000000000000000, 1.000000000000000000, 0.000000000000000000 ) ) ;
#519 = EDGE_CURVE ( 'NONE', #3307, #5112, #5708, .T. ) ;
#520 = CYLINDRICAL_SURFACE ( 'NONE', #3741, 4.500000000000003553 ) ;
#521 = ORIENTED_EDGE ( 'NONE', *, *, #2509, .T. ) ;
#522 = AXIS2_PLACEMENT_3D ( 'NONE', #1880, #3213, #3586 ) ;
#523 = CARTESIAN_POINT ( 'NONE',  ( 25.63262081801229542, -161.0000000000000000, -28.63262081801239134 ) ) ;
#524 = CARTESIAN_POINT ( 'NONE',  ( -50.50000000000108002, 0.000000000000000000, 102.4999999999994600 ) ) ;
#525 = CARTESIAN_POINT ( 'NONE',  ( -50.50000000000108002, -4.299999999999999822, 102.4999999999994600 ) ) ;
#526 = AXIS2_PLACEMENT_3D ( 'NONE', #2107, #3865, #5642 ) ;
#527 = AXIS2_PLACEMENT_3D ( 'NONE', #1259, #1808, #880 ) ;
#528 = DIRECTION ( 'NONE',  ( -0.000000000000000000, -1.000000000000000000, -0.000000000000000000 ) ) ;
#529 = DIRECTION ( 'NONE',  ( 0.000000000000000000, 0.3988045343244068230, -0.9170359553486946425 ) ) ;
#530 = VERTEX_POINT ( 'NONE', #2891 ) ;
#531 = ORIENTED_EDGE ( 'NONE', *, *, #2360, .F. ) ;
#532 = CIRCLE ( 'NONE', #353, 2.500000000000002220 ) ;
#533 = AXIS2_PLACEMENT_3D ( 'NONE', #2228, #2578, #904 ) ;
#534 = CARTESIAN_POINT ( 'NONE',  ( 22.63262081801230252, -161.0000000000000000, 25.63262081801237358 ) ) ;
#535 = FACE_BOUND ( 'NONE', #2165, .T. ) ;
#536 = CARTESIAN_POINT ( 'NONE',  ( -86.51278580608644120, -6.799999999999972289, 90.50000000000001421 ) ) ;
#537 = CARTESIAN_POINT ( 'NONE',  ( -1.116594086066602376, -80.85656560527758074, -24.63018065769952969 ) ) ;
#538 = ORIENTED_EDGE ( 'NONE', *, *, #4529, .T. ) ;
#539 = AXIS2_PLACEMENT_3D ( 'NONE', #4919, #1389, #165 ) ;
#540 = LINE ( 'NONE', #5302, #4368 ) ;
#541 = EDGE_CURVE ( 'NONE', #3623, #839, #4944, .T. ) ;
#542 = VECTOR ( 'NONE', #5126, 1000.000000000000000 ) ;
#543 = EDGE_CURVE ( 'NONE', #493, #3620, #2949, .T. ) ;
#544 = EDGE_CURVE ( 'NONE', #1004, #679, #726, .T. ) ;
#545 = AXIS2_PLACEMENT_3D ( 'NONE', #2383, #5536, #5102 ) ;
#546 = DIRECTION ( 'NONE',  ( -0.000000000000000000, -0.000000000000000000, -1.000000000000000000 ) ) ;
#547 = CARTESIAN_POINT ( 'NONE',  ( 50.51841840091594094, -49.23455610639513225, -44.61694072119752263 ) ) ;
#548 = ORIENTED_EDGE ( 'NONE', *, *, #228, .T. ) ;
#549 = EDGE_CURVE ( 'NONE', #160, #5265, #168, .T. ) ;
#550 = CYLINDRICAL_SURFACE ( 'NONE', #3553, 2.500000000000002220 ) ;
#551 = AXIS2_PLACEMENT_3D ( 'NONE', #5179, #369, #2579 ) ;
#552 = CARTESIAN_POINT ( 'NONE',  ( 37.50000000000000000, -152.0000000000000000, 0.000000000000000000 ) ) ;
#553 = CARTESIAN_POINT ( 'NONE',  ( 57.38236415329286189, -39.09284321293554143, -53.16009114627128440 ) ) ;
#554 = ORIENTED_EDGE ( 'NONE', *, *, #1629, .F. ) ;
#555 = CARTESIAN_POINT ( 'NONE',  ( -39.04424207662341217, -95.09880726201664913, 18.65956630851103881 ) ) ;
#556 = DIRECTION ( 'NONE',  ( -6.167905692361976222E-15, 0.000000000000000000, 1.000000000000000000 ) ) ;
#557 = CARTESIAN_POINT ( 'NONE',  ( 9.482270482206731188, -152.0000000000000000, 35.94324274506102057 ) ) ;
#558 = ORIENTED_EDGE ( 'NONE', *, *, #5270, .F. ) ;
#559 = CARTESIAN_POINT ( 'NONE',  ( 30.06945642159358201, -90.16236946537974006, 9.598177407314057774 ) ) ;
#560 = DIRECTION ( 'NONE',  ( 0.000000000000000000, 1.000000000000000000, 0.000000000000000000 ) ) ;
#561 = EDGE_LOOP ( 'NONE', ( #4878, #645 ) ) ;
#562 = CARTESIAN_POINT ( 'NONE',  ( -88.01526610795465899, -6.799999999999994493, -90.33628387867263143 ) ) ;
#563 = CARTESIAN_POINT ( 'NONE',  ( 86.51278580608639857, -6.799999999999972289, 90.50000000000001421 ) ) ;
#564 = DIRECTION ( 'NONE',  ( 0.000000000000000000, 1.000000000000000000, 0.000000000000000000 ) ) ;
#565 = CARTESIAN_POINT ( 'NONE',  ( -97.99999999999998579, -4.000000000000000000, -50.50000000000000000 ) ) ;
#566 = VERTEX_POINT ( 'NONE', #5574 ) ;
#567 =( BOUNDED_CURVE ( )  B_SPLINE_CURVE ( 3, ( #3870, #2232, #3963, #1336 ),
 .UNSPECIFIED., .F., .T. ) 
 B_SPLINE_CURVE_WITH_KNOTS ( ( 4, 4 ),
 ( 1.570796326794905662, 2.605732266624567917 ),
 .UNSPECIFIED. ) 
 CURVE ( )  GEOMETRIC_REPRESENTATION_ITEM ( )  RATIONAL_B_SPLINE_CURVE ( ( 1.000000000000000000, 0.9127163412810965770, 0.9127163412810965770, 1.000000000000000000 ) ) 
 REPRESENTATION_ITEM ( '' )  );
#568 = ADVANCED_FACE ( 'NONE', ( #1620 ), #2975, .F. ) ;
#569 = DIRECTION ( 'NONE',  ( -1.000000000000000000, 0.000000000000000000, -1.110223024625155594E-14 ) ) ;
#570 = EDGE_CURVE ( 'NONE', #1184, #4072, #2166, .T. ) ;
#571 = EDGE_CURVE ( 'NONE', #3201, #628, #1282, .T. ) ;
#572 = CARTESIAN_POINT ( 'NONE',  ( 48.84149469128227850, -67.95007945771790503, -22.51575552561775595 ) ) ;
#573 = ORIENTED_EDGE ( 'NONE', *, *, #2063, .F. ) ;
#574 = CARTESIAN_POINT ( 'NONE',  ( 79.57238169529748006, -19.97848981986665606, -65.08929051432110668 ) ) ;
#575 = DIRECTION ( 'NONE',  ( 0.000000000000000000, 1.000000000000000000, 0.000000000000000000 ) ) ;
#576 = EDGE_LOOP ( 'NONE', ( #4373, #1032, #3126, #4978 ) ) ;
#577 = DIRECTION ( 'NONE',  ( 1.334402673828313093E-16, -1.000000000000000000, -0.000000000000000000 ) ) ;
#578 = ADVANCED_FACE ( 'NONE', ( #449 ), #840, .T. ) ;
#579 = CARTESIAN_POINT ( 'NONE',  ( 43.62775610347494393, -61.17418574775927453, -36.02347015967855981 ) ) ;
#580 = ORIENTED_EDGE ( 'NONE', *, *, #953, .T. ) ;
#581 = CYLINDRICAL_SURFACE ( 'NONE', #4490, 4.500000000000003553 ) ;
#582 = ORIENTED_EDGE ( 'NONE', *, *, #984, .F. ) ;
#583 = DIRECTION ( 'NONE',  ( -0.000000000000000000, -1.000000000000000000, -0.000000000000000000 ) ) ;
#584 = CARTESIAN_POINT ( 'NONE',  ( 39.95700401027061588, -91.97980351857468406, 9.863893503275297903 ) ) ;
#585 = ORIENTED_EDGE ( 'NONE', *, *, #1751, .F. ) ;
#586 = LINE ( 'NONE', #2749, #3186 ) ;
#587 = CARTESIAN_POINT ( 'NONE',  ( 21.65138348864015327, -153.1647892850141375, -8.394186803201378666 ) ) ;
#588 = ORIENTED_EDGE ( 'NONE', *, *, #1042, .T. ) ;
#589 = CARTESIAN_POINT ( 'NONE',  ( -90.44801008579626966, -6.799999999999998046, -88.98764188781845519 ) ) ;
#590 = FACE_BOUND ( 'NONE', #2557, .T. ) ;
#591 = CARTESIAN_POINT ( 'NONE',  ( -91.22666664021248550, -6.799999999999997158, 87.94360672253394284 ) ) ;
#592 = DIRECTION ( 'NONE',  ( 0.000000000000000000, -1.000000000000000000, 0.000000000000000000 ) ) ;
#593 = ORIENTED_EDGE ( 'NONE', *, *, #2571, .F. ) ;
#594 = CARTESIAN_POINT ( 'NONE',  ( -102.5000000000000000, -6.799999999999998046, 53.00000000000000711 ) ) ;
#595 = AXIS2_PLACEMENT_3D ( 'NONE', #4816, #2930, #4700 ) ;
#596 = CARTESIAN_POINT ( 'NONE',  ( 45.98056203855785640, -56.87192540084137704, -38.96299939569645687 ) ) ;
#597 = ORIENTED_EDGE ( 'NONE', *, *, #125, .T. ) ;
#598 = DIRECTION ( 'NONE',  ( -1.000000000000000000, -0.000000000000000000, -0.000000000000000000 ) ) ;
#599 = CYLINDRICAL_SURFACE ( 'NONE', #622, 9.999999999999996447 ) ;
#600 = DIRECTION ( 'NONE',  ( 0.000000000000000000, -0.000000000000000000, -1.000000000000000000 ) ) ;
#601 = CIRCLE ( 'NONE', #149, 4.500000000000003553 ) ;
#602 = ADVANCED_FACE ( 'NONE', ( #4858 ), #4831, .F. ) ;
#603 = DIRECTION ( 'NONE',  ( -1.000000000000000000, 0.000000000000000000, -1.047445008332814620E-14 ) ) ;
#604 = CYLINDRICAL_SURFACE ( 'NONE', #5417, 3.500000000000000000 ) ;
#605 = CYLINDRICAL_SURFACE ( 'NONE', #1732, 3.750000000000003553 ) ;
#606 = ORIENTED_EDGE ( 'NONE', *, *, #3044, .F. ) ;
#607 = VECTOR ( 'NONE', #2097, 1000.000000000000000 ) ;
#608 = DIRECTION ( 'NONE',  ( 0.000000000000000000, -1.000000000000000000, 0.000000000000000000 ) ) ;
#609 = ORIENTED_EDGE ( 'NONE', *, *, #3959, .F. ) ;
#610 = EDGE_CURVE ( 'NONE', #2519, #3143, #3117, .T. ) ;
#611 = LINE ( 'NONE', #2250, #1157 ) ;
#612 = ORIENTED_EDGE ( 'NONE', *, *, #1799, .T. ) ;
#613 = DIRECTION ( 'NONE',  ( 1.000000000000000000, 0.000000000000000000, -0.000000000000000000 ) ) ;
#614 = ORIENTED_EDGE ( 'NONE', *, *, #3071, .T. ) ;
#615 = EDGE_LOOP ( 'NONE', ( #4995, #88, #5402, #2136 ) ) ;
#616 = AXIS2_PLACEMENT_3D ( 'NONE', #241, #746, #4263 ) ;
#617 = DIRECTION ( 'NONE',  ( 0.000000000000000000, 0.000000000000000000, 1.000000000000000000 ) ) ;
#618 = FACE_BOUND ( 'NONE', #3864, .T. ) ;
#619 = DIRECTION ( 'NONE',  ( 0.05233595624294382076, 0.9986295347545739443, 0.000000000000000000 ) ) ;
#620 = ORIENTED_EDGE ( 'NONE', *, *, #2575, .T. ) ;
#621 = EDGE_CURVE ( 'NONE', #3957, #5203, #5200, .T. ) ;
#622 = AXIS2_PLACEMENT_3D ( 'NONE', #5045, #4194, #1491 ) ;
#623 = EDGE_CURVE ( 'NONE', #2981, #4739, #392, .T. ) ;
#624 = LINE ( 'NONE', #594, #725 ) ;
#625 = AXIS2_PLACEMENT_3D ( 'NONE', #751, #1150, #727 ) ;
#626 = AXIS2_PLACEMENT_3D ( 'NONE', #4434, #3941, #5686 ) ;
#627 = CARTESIAN_POINT ( 'NONE',  ( 61.36996329728413713, -44.51247861117526128, -39.82700124007196507 ) ) ;
#628 = VERTEX_POINT ( 'NONE', #3436 ) ;
#629 = DIRECTION ( 'NONE',  ( -0.000000000000000000, 1.000000000000000000, -0.000000000000000000 ) ) ;
#630 = PLANE ( 'NONE',  #1356 ) ;
#631 = AXIS2_PLACEMENT_3D ( 'NONE', #3711, #3739, #2857 ) ;
#632 = VECTOR ( 'NONE', #4718, 1000.000000000000000 ) ;
#633 = CARTESIAN_POINT ( 'NONE',  ( 2.500000000000000000, -84.76722369266681767, -22.70531809279854940 ) ) ;
#634 = CARTESIAN_POINT ( 'NONE',  ( 64.01775552416982862, -40.46333632785038503, 43.47234192835454536 ) ) ;
#635 = ORIENTED_EDGE ( 'NONE', *, *, #3959, .T. ) ;
#636 = CARTESIAN_POINT ( 'NONE',  ( -39.64957412582953111, -93.02965821487541120, -9.598177407316791587 ) ) ;
#637 = VERTEX_POINT ( 'NONE', #3000 ) ;
#638 = CIRCLE ( 'NONE', #1742, 3.600000000000000977 ) ;
#639 = DIRECTION ( 'NONE',  ( -0.000000000000000000, -1.000000000000000000, -0.000000000000000000 ) ) ;
#640 = CIRCLE ( 'NONE', #3849, 2.500000000000002220 ) ;
#641 = CARTESIAN_POINT ( 'NONE',  ( -102.5000000000000000, -6.799999999999998046, -48.00000000000000000 ) ) ;
#642 = FACE_OUTER_BOUND ( 'NONE', #480, .T. ) ;
#643 = DIRECTION ( 'NONE',  ( 0.000000000000000000, 1.000000000000000000, 0.000000000000000000 ) ) ;
#644 = ADVANCED_FACE ( 'NONE', ( #3087 ), #2163, .F. ) ;
#645 = ORIENTED_EDGE ( 'NONE', *, *, #1841, .T. ) ;
#646 = LINE ( 'NONE', #4242, #1513 ) ;
#647 = ORIENTED_EDGE ( 'NONE', *, *, #992, .T. ) ;
#648 = CARTESIAN_POINT ( 'NONE',  ( -91.21466931119741162, -6.799999999999997158, -87.93835758728903329 ) ) ;
#649 = FACE_OUTER_BOUND ( 'NONE', #5307, .T. ) ;
#650 = CARTESIAN_POINT ( 'NONE',  ( -46.00000000000107292, -6.799999999999998046, 102.4999999999995026 ) ) ;
#651 = DIRECTION ( 'NONE',  ( 0.000000000000000000, -1.000000000000000000, 0.000000000000000000 ) ) ;
#652 = ORIENTED_EDGE ( 'NONE', *, *, #5063, .F. ) ;
#653 = CARTESIAN_POINT ( 'NONE',  ( 83.68351950358841407, -15.41093320387401278, 70.91706141034599398 ) ) ;
#654 = B_SPLINE_CURVE_WITH_KNOTS ( 'NONE', 3,
 ( #1634, #3872, #3392, #2957 ),
 .UNSPECIFIED., .F., .F.,
 ( 4, 4 ),
 ( 0.000000000000000000, 0.003188910861303723750 ),
 .UNSPECIFIED. ) ;
#655 = CARTESIAN_POINT ( 'NONE',  ( 76.35184316590320464, -16.44470283982301595, -77.12854604195659647 ) ) ;
#656 = VERTEX_POINT ( 'NONE', #3981 ) ;
#657 = CARTESIAN_POINT ( 'NONE',  ( 111.7500000000000000, -6.799999999999972289, 99.75000000000000000 ) ) ;
#658 = CARTESIAN_POINT ( 'NONE',  ( -41.98392923090315776, -85.40783818935813088, -12.77617368068393411 ) ) ;
#659 = CARTESIAN_POINT ( 'NONE',  ( 111.7500000000000000, -152.0000000000000000, 18.37676056338025887 ) ) ;
#660 = CARTESIAN_POINT ( 'NONE',  ( 43.49509476788576023, -81.12130750453776784, 14.95524214871601387 ) ) ;
#661 = DIRECTION ( 'NONE',  ( 0.000000000000000000, -0.9999442121672829087, 0.01056279097359804145 ) ) ;
#662 = VERTEX_POINT ( 'NONE', #20 ) ;
#663 = DIRECTION ( 'NONE',  ( -0.000000000000000000, -1.000000000000000000, -0.000000000000000000 ) ) ;
#664 = CARTESIAN_POINT ( 'NONE',  ( 88.01526610795453109, -6.799999999999973177, 90.33628387867273091 ) ) ;
#665 = DIRECTION ( 'NONE',  ( 0.000000000000000000, 0.000000000000000000, -1.000000000000000000 ) ) ;
#666 = CARTESIAN_POINT ( 'NONE',  ( -92.25000000000000000, -2.369160109392639324, 111.5177895209745600 ) ) ;
#667 = VERTEX_POINT ( 'NONE', #3919 ) ;
#668 = DIRECTION ( 'NONE',  ( -0.000000000000000000, -1.000000000000000000, -0.000000000000000000 ) ) ;
#669 = EDGE_CURVE ( 'NONE', #2484, #3143, #5326, .T. ) ;
#670 = DIRECTION ( 'NONE',  ( 1.000000000000000000, 0.000000000000000000, 1.110223024625155594E-14 ) ) ;
#671 = CARTESIAN_POINT ( 'NONE',  ( 0.9254921635871311558, -80.70625649903863064, -24.70641581177941859 ) ) ;
#672 = DIRECTION ( 'NONE',  ( 0.000000000000000000, 1.000000000000000000, 0.000000000000000000 ) ) ;
#673 = CARTESIAN_POINT ( 'NONE',  ( 102.4999999999996447, -4.299999999999999822, 50.50000000000071765 ) ) ;
#674 = VERTEX_POINT ( 'NONE', #3499 ) ;
#675 = ORIENTED_EDGE ( 'NONE', *, *, #5309, .F. ) ;
#676 = EDGE_CURVE ( 'NONE', #2614, #2458, #4891, .T. ) ;
#677 = CARTESIAN_POINT ( 'NONE',  ( 84.64456704185590752, -8.436091369480696045, 87.98078627657547202 ) ) ;
#678 = DIRECTION ( 'NONE',  ( 0.000000000000000000, -0.000000000000000000, 1.000000000000000000 ) ) ;
#679 = VERTEX_POINT ( 'NONE', #2629 ) ;
#680 = CARTESIAN_POINT ( 'NONE',  ( -35.94324274506110584, 0.001000000000084266816, 16.68227048220660791 ) ) ;
#681 = DIRECTION ( 'NONE',  ( 1.000000000000000000, 0.000000000000000000, 0.000000000000000000 ) ) ;
#682 = EDGE_CURVE ( 'NONE', #2887, #4596, #2536, .T. ) ;
#683 = DIRECTION ( 'NONE',  ( 0.000000000000000000, 1.000000000000000000, 0.000000000000000000 ) ) ;
#684 = CARTESIAN_POINT ( 'NONE',  ( 102.5000000000003411, -6.799999999999998046, -50.49999999999928946 ) ) ;
#685 = CARTESIAN_POINT ( 'NONE',  ( 102.4999999999996447, -4.299999999999999822, 50.50000000000071765 ) ) ;
#686 = ORIENTED_EDGE ( 'NONE', *, *, #27, .F. ) ;
#687 = DIRECTION ( 'NONE',  ( 1.000000000000000000, 1.334402673828312846E-16, -0.000000000000000000 ) ) ;
#688 = CYLINDRICAL_SURFACE ( 'NONE', #3910, 4.500000000000003553 ) ;
#689 = ADVANCED_FACE ( 'NONE', ( #897 ), #3467, .F. ) ;
#690 = CARTESIAN_POINT ( 'NONE',  ( 102.5000000000003553, -6.799999999999998046, -52.99999999999928946 ) ) ;
#691 = EDGE_LOOP ( 'NONE', ( #161, #3696, #4698, #4691 ) ) ;
#692 = CARTESIAN_POINT ( 'NONE',  ( -99.75000000000000000, -2.500000000000000444, -109.0212156840881335 ) ) ;
#693 = EDGE_LOOP ( 'NONE', ( #1152, #609, #4947, #5061 ) ) ;
#694 = ORIENTED_EDGE ( 'NONE', *, *, #4790, .T. ) ;
#695 = DIRECTION ( 'NONE',  ( -0.000000000000000000, -1.000000000000000000, 0.000000000000000000 ) ) ;
#696 = CARTESIAN_POINT ( 'NONE',  ( -59.87504795234064403, -35.68524150750744184, 56.27011603915119764 ) ) ;
#697 = AXIS2_PLACEMENT_3D ( 'NONE', #323, #3861, #5638 ) ;
#698 = ORIENTED_EDGE ( 'NONE', *, *, #4915, .T. ) ;
#699 = EDGE_CURVE ( 'NONE', #1159, #1838, #4390, .T. ) ;
#700 = VECTOR ( 'NONE', #1094, 1000.000000000000000 ) ;
#701 = CARTESIAN_POINT ( 'NONE',  ( 69.73577825583106460, -32.28031863628019948, 51.36327944667907985 ) ) ;
#702 = CARTESIAN_POINT ( 'NONE',  ( 2.297886794856716985, -83.01141820486424194, 23.55592784911545934 ) ) ;
#703 = ORIENTED_EDGE ( 'NONE', *, *, #2424, .F. ) ;
#704 = DIRECTION ( 'NONE',  ( -0.000000000000000000, 1.000000000000000000, -0.000000000000000000 ) ) ;
#705 = AXIS2_PLACEMENT_3D ( 'NONE', #14, #1762, #1382 ) ;
#706 = CARTESIAN_POINT ( 'NONE',  ( -55.97560671980626523, -41.07808198151146684, -51.40717786036831427 ) ) ;
#707 = EDGE_CURVE ( 'NONE', #257, #1479, #1068, .T. ) ;
#708 = VECTOR ( 'NONE', #1800, 1000.000000000000000 ) ;
#709 = EDGE_CURVE ( 'NONE', #5335, #4447, #1902, .T. ) ;
#710 = CIRCLE ( 'NONE', #4590, 3.750000000000003553 ) ;
#711 = AXIS2_PLACEMENT_3D ( 'NONE', #4287, #3339, #314 ) ;
#712 = DIRECTION ( 'NONE',  ( -0.000000000000000000, -0.9965049363970236440, 0.08353389573319149053 ) ) ;
#713 = CARTESIAN_POINT ( 'NONE',  ( 92.25000000000000000, -6.799999999999974065, 83.35607285682031886 ) ) ;
#714 = EDGE_CURVE ( 'NONE', #4798, #3458, #4333, .T. ) ;
#715 = LINE ( 'NONE', #5562, #3571 ) ;
#716 = VERTEX_POINT ( 'NONE', #4472 ) ;
#717 = DIRECTION ( 'NONE',  ( 1.000000000000000000, 0.000000000000000000, 0.000000000000000000 ) ) ;
#718 = CARTESIAN_POINT ( 'NONE',  ( 86.51278580608639857, -6.799999999999972289, 90.50000000000001421 ) ) ;
#719 = AXIS2_PLACEMENT_3D ( 'NONE', #2743, #2303, #4996 ) ;
#720 = VECTOR ( 'NONE', #4633, 1000.000000000000000 ) ;
#721 = VECTOR ( 'NONE', #2346, 999.9999999999998863 ) ;
#722 = CARTESIAN_POINT ( 'NONE',  ( 102.5000000000003126, -6.799999999999998046, -45.99999999999928235 ) ) ;
#723 = EDGE_LOOP ( 'NONE', ( #5101, #1156 ) ) ;
#724 = CARTESIAN_POINT ( 'NONE',  ( -79.57238169529743743, -19.97848981986669870, -65.08929051432103563 ) ) ;
#725 = VECTOR ( 'NONE', #1400, 1000.000000000000000 ) ;
#726 = LINE ( 'NONE', #2050, #1437 ) ;
#727 = DIRECTION ( 'NONE',  ( -0.9597471296664019658, 0.2808655320560043966, 0.000000000000000000 ) ) ;
#728 = ORIENTED_EDGE ( 'NONE', *, *, #775, .T. ) ;
#729 = ORIENTED_EDGE ( 'NONE', *, *, #1782, .F. ) ;
#730 = CARTESIAN_POINT ( 'NONE',  ( 52.89270004156777816, -45.54078775872316953, 47.56836806367152093 ) ) ;
#731 = CARTESIAN_POINT ( 'NONE',  ( 1.925411586192842028, -81.95797225226874616, 24.07690795452899835 ) ) ;
#732 = EDGE_LOOP ( 'NONE', ( #1657, #1684 ) ) ;
#733 = DIRECTION ( 'NONE',  ( 1.000000000000000000, 0.000000000000000000, 0.000000000000000000 ) ) ;
#734 = CARTESIAN_POINT ( 'NONE',  ( -81.11506820679879581, -18.17477842016854694, -74.94418026147975809 ) ) ;
#735 = ADVANCED_FACE ( 'NONE', ( #133 ), #4510, .F. ) ;
#736 = EDGE_CURVE ( 'NONE', #4596, #3232, #5592, .T. ) ;
#737 = ADVANCED_FACE ( 'NONE', ( #1444 ), #2332, .T. ) ;
#738 = DIRECTION ( 'NONE',  ( 1.000000000000000000, 0.000000000000000000, -0.000000000000000000 ) ) ;
#739 = DIRECTION ( 'NONE',  ( 0.000000000000000000, 0.000000000000000000, -1.000000000000000000 ) ) ;
#740 = LINE ( 'NONE', #1172, #4774 ) ;
#741 = ORIENTED_EDGE ( 'NONE', *, *, #1167, .F. ) ;
#742 = DIRECTION ( 'NONE',  ( -0.000000000000000000, -1.000000000000000000, -0.000000000000000000 ) ) ;
#743 = ORIENTED_EDGE ( 'NONE', *, *, #5448, .F. ) ;
#744 = FACE_OUTER_BOUND ( 'NONE', #4889, .T. ) ;
#745 = EDGE_CURVE ( 'NONE', #2444, #3601, #4113, .T. ) ;
#746 = DIRECTION ( 'NONE',  ( -0.000000000000000000, 1.000000000000000000, -0.000000000000000000 ) ) ;
#747 = EDGE_LOOP ( 'NONE', ( #4752, #4871, #4682, #5515 ) ) ;
#748 = PLANE ( 'NONE',  #5478 ) ;
#749 = VERTEX_POINT ( 'NONE', #1829 ) ;
#750 = CARTESIAN_POINT ( 'NONE',  ( -25.63262081801247660, -152.0000000000000000, 25.63262081801221015 ) ) ;
#751 = CARTESIAN_POINT ( 'NONE',  ( 30.06945642159358556, -90.16236946537976849, 9.598177407314054221 ) ) ;
#752 = CYLINDRICAL_SURFACE ( 'NONE', #3028, 3.600000000000002309 ) ;
#753 = VERTEX_POINT ( 'NONE', #3635 ) ;
#754 = ORIENTED_EDGE ( 'NONE', *, *, #5587, .F. ) ;
#755 = ORIENTED_EDGE ( 'NONE', *, *, #3509, .F. ) ;
#756 = CARTESIAN_POINT ( 'NONE',  ( 59.21742032299864889, -47.95118643674418735, 45.59389673066694115 ) ) ;
#757 = LINE ( 'NONE', #2512, #720 ) ;
#758 = VERTEX_POINT ( 'NONE', #2778 ) ;
#759 = DIRECTION ( 'NONE',  ( 0.000000000000000000, 0.000000000000000000, 1.000000000000000000 ) ) ;
#760 = CARTESIAN_POINT ( 'NONE',  ( -75.97034072893102064, -24.23070041836948718, -60.02780861501818777 ) ) ;
#761 = CARTESIAN_POINT ( 'NONE',  ( -82.07241969672145387, -17.16950233217304600, 68.62473168998096185 ) ) ;
#762 = CARTESIAN_POINT ( 'NONE',  ( -68.50852887818481918, -33.96176948267592621, 49.66604580387650003 ) ) ;
#763 = DIRECTION ( 'NONE',  ( -1.000000000000000000, 0.000000000000000000, -3.700743415417184787E-15 ) ) ;
#764 = ORIENTED_EDGE ( 'NONE', *, *, #5406, .T. ) ;
#765 = DIRECTION ( 'NONE',  ( -0.000000000000000000, -1.000000000000000000, 0.000000000000000000 ) ) ;
#766 = EDGE_CURVE ( 'NONE', #4419, #811, #792, .T. ) ;
#767 = CIRCLE ( 'NONE', #3445, 193.9999999999999432 ) ;
#768 = DIRECTION ( 'NONE',  ( -0.9580117704232797848, 0.2867288749506286538, 0.000000000000000000 ) ) ;
#769 = ORIENTED_EDGE ( 'NONE', *, *, #1346, .T. ) ;
#770 = CARTESIAN_POINT ( 'NONE',  ( 1.442154550176671490, -81.18685030161819327, -24.46336245458168790 ) ) ;
#771 = LINE ( 'NONE', #3886, #245 ) ;
#772 = CIRCLE ( 'NONE', #2341, 3.750000000000003553 ) ;
#773 = EDGE_LOOP ( 'NONE', ( #652, #5052, #620, #2158 ) ) ;
#774 = CARTESIAN_POINT ( 'NONE',  ( -46.81921288907010847, -72.61227958593522658, -19.67990119932180804 ) ) ;
#775 = EDGE_CURVE ( 'NONE', #716, #2513, #611, .T. ) ;
#776 = ADVANCED_FACE ( 'NONE', ( #4976 ), #5403, .T. ) ;
#777 = EDGE_LOOP ( 'NONE', ( #4047, #1390, #1061, #1192 ) ) ;
#778 = CIRCLE ( 'NONE', #2718, 3.500000000000000000 ) ;
#779 = CARTESIAN_POINT ( 'NONE',  ( -49.49999999999997868, -152.0000000000000000, -3.500000000000345501 ) ) ;
#780 = LINE ( 'NONE', #305, #356 ) ;
#781 = EDGE_CURVE ( 'NONE', #1741, #2171, #3921, .T. ) ;
#782 = VERTEX_POINT ( 'NONE', #3169 ) ;
#783 = AXIS2_PLACEMENT_3D ( 'NONE', #3287, #3712, #5138 ) ;
#784 = CIRCLE ( 'NONE', #885, 2.999999999999999112 ) ;
#785 = AXIS2_PLACEMENT_3D ( 'NONE', #1891, #2322, #38 ) ;
#786 = ORIENTED_EDGE ( 'NONE', *, *, #4865, .T. ) ;
#787 = DIRECTION ( 'NONE',  ( 0.000000000000000000, 0.000000000000000000, -1.000000000000000000 ) ) ;
#788 = EDGE_LOOP ( 'NONE', ( #4711, #4332 ) ) ;
#789 = CARTESIAN_POINT ( 'NONE',  ( -28.65399519163800690, -94.99730313167307827, 18.97890172748231663 ) ) ;
#790 = CARTESIAN_POINT ( 'NONE',  ( -64.89507949886210270, -39.16255575437838843, -44.68096514766219940 ) ) ;
#791 = ADVANCED_FACE ( 'NONE', ( #1938 ), #888, .T. ) ;
#792 = CIRCLE ( 'NONE', #1722, 3.500000000000000000 ) ;
#793 = AXIS2_PLACEMENT_3D ( 'NONE', #2995, #861, #3521 ) ;
#794 = CARTESIAN_POINT ( 'NONE',  ( -50.50000000000108002, -6.799999999999998046, 102.4999999999994600 ) ) ;
#795 = CARTESIAN_POINT ( 'NONE',  ( -59.21604788461505819, -47.95349464458065825, 45.59207631534613370 ) ) ;
#796 = ORIENTED_EDGE ( 'NONE', *, *, #2790, .F. ) ;
#797 = AXIS2_PLACEMENT_3D ( 'NONE', #497, #3974, #4415 ) ;
#798 = DIRECTION ( 'NONE',  ( 0.000000000000000000, -1.000000000000000000, 0.000000000000000000 ) ) ;
#799 = ORIENTED_EDGE ( 'NONE', *, *, #4964, .F. ) ;
#800 = DIRECTION ( 'NONE',  ( -0.000000000000000000, 1.000000000000000000, -0.000000000000000000 ) ) ;
#801 = VERTEX_POINT ( 'NONE', #3582 ) ;
#802 = CIRCLE ( 'NONE', #5143, 2.999999999999999112 ) ;
#803 = CARTESIAN_POINT ( 'NONE',  ( 50.50000000000036238, -6.799999999999998046, -102.4999999999998153 ) ) ;
#804 = ORIENTED_EDGE ( 'NONE', *, *, #2546, .T. ) ;
#805 = CARTESIAN_POINT ( 'NONE',  ( 0.6007324329300435251, -80.54344614712486816, -24.78914789278318764 ) ) ;
#806 = CIRCLE ( 'NONE', #4035, 9.999999999999998224 ) ;
#807 = DIRECTION ( 'NONE',  ( -0.000000000000000000, -1.000000000000000000, -0.000000000000000000 ) ) ;
#808 = CIRCLE ( 'NONE', #3663, 61.10000000000000853 ) ;
#809 = ORIENTED_EDGE ( 'NONE', *, *, #2063, .T. ) ;
#810 = CARTESIAN_POINT ( 'NONE',  ( -38.20518561449357975, -97.85561512333902101, 18.94870829095062348 ) ) ;
#811 = VERTEX_POINT ( 'NONE', #4940 ) ;
#812 = VECTOR ( 'NONE', #3821, 1000.000000000000000 ) ;
#813 = EDGE_CURVE ( 'NONE', #3820, #3232, #586, .T. ) ;
#814 = DIRECTION ( 'NONE',  ( -1.000000000000000000, 0.000000000000000000, -9.912705577010326930E-15 ) ) ;
#815 = EDGE_CURVE ( 'NONE', #3013, #5462, #3235, .T. ) ;
#816 = LINE ( 'NONE', #4809, #2002 ) ;
#817 = CARTESIAN_POINT ( 'NONE',  ( 38.40331314844518573, -97.19363606872435923, -2.499999999999992450 ) ) ;
#818 = ORIENTED_EDGE ( 'NONE', *, *, #1011, .F. ) ;
#819 = CARTESIAN_POINT ( 'NONE',  ( 37.50000000000000000, -100.2117647058823025, 2.500000000000000000 ) ) ;
#820 = DIRECTION ( 'NONE',  ( -0.000000000000000000, -0.000000000000000000, 1.000000000000000000 ) ) ;
#821 = CARTESIAN_POINT ( 'NONE',  ( 50.50000000000036238, -4.299999999999999822, -102.4999999999998153 ) ) ;
#822 = ORIENTED_EDGE ( 'NONE', *, *, #86, .F. ) ;
#823 = CARTESIAN_POINT ( 'NONE',  ( -47.99999999999963762, -6.799999999999998046, -102.5000000000001563 ) ) ;
#824 = ORIENTED_EDGE ( 'NONE', *, *, #766, .F. ) ;
#825 = CARTESIAN_POINT ( 'NONE',  ( -88.92276271543047983, -9.985311759257349706, -78.46388965023301409 ) ) ;
#826 = DIRECTION ( 'NONE',  ( 0.000000000000000000, -1.000000000000000000, 0.000000000000000000 ) ) ;
#827 = CARTESIAN_POINT ( 'NONE',  ( -2.500000000000000000, -151.9999999999999716, 28.34123169520962549 ) ) ;
#828 = CARTESIAN_POINT ( 'NONE',  ( -102.5000000000000000, -4.000000000000000000, -46.00000000000000000 ) ) ;
#829 = EDGE_LOOP ( 'NONE', ( #2680, #1830 ) ) ;
#830 = CARTESIAN_POINT ( 'NONE',  ( 37.50000000000000000, -80.01162596762468127, -4.939143230211742531E-16 ) ) ;
#831 = ORIENTED_EDGE ( 'NONE', *, *, #714, .F. ) ;
#832 = CARTESIAN_POINT ( 'NONE',  ( 91.75432801719516362, -6.799999999999974065, 86.76546798731875754 ) ) ;
#833 = CARTESIAN_POINT ( 'NONE',  ( 55.54466297214090531, -41.69721263326481164, 50.87048412830790056 ) ) ;
#834 = CARTESIAN_POINT ( 'NONE',  ( -21.99999999999998224, -152.0000000000000000, 111.7500000000000000 ) ) ;
#835 = CARTESIAN_POINT ( 'NONE',  ( 39.20030347943408344, -94.52391874226201196, -18.66625222855239130 ) ) ;
#836 = LINE ( 'NONE', #3462, #2644 ) ;
#837 = CARTESIAN_POINT ( 'NONE',  ( -38.23411289587079409, -97.75896397144342131, 8.979459605809470446 ) ) ;
#838 = EDGE_LOOP ( 'NONE', ( #5356, #2627, #1855, #2454 ) ) ;
#839 = VERTEX_POINT ( 'NONE', #163 ) ;
#840 = CYLINDRICAL_SURFACE ( 'NONE', #2728, 2.500000000000001776 ) ;
#841 = DIRECTION ( 'NONE',  ( 0.000000000000000000, 1.000000000000000000, 0.000000000000000000 ) ) ;
#842 = ORIENTED_EDGE ( 'NONE', *, *, #52, .T. ) ;
#843 = ADVANCED_FACE ( 'NONE', ( #1904 ), #5682, .T. ) ;
#844 = LINE ( 'NONE', #2693, #5048 ) ;
#845 = CARTESIAN_POINT ( 'NONE',  ( 39.64957412582636920, -93.02965821488604092, 111.7500000000000000 ) ) ;
#846 = DIRECTION ( 'NONE',  ( 0.000000000000000000, -0.000000000000000000, -1.000000000000000000 ) ) ;
#847 = ORIENTED_EDGE ( 'NONE', *, *, #917, .T. ) ;
#848 = FACE_OUTER_BOUND ( 'NONE', #5197, .T. ) ;
#849 = CARTESIAN_POINT ( 'NONE',  ( 38.23411289587083672, -97.75896397144342131, 8.979459605809470446 ) ) ;
#850 = ADVANCED_FACE ( 'NONE', ( #1651 ), #2501, .F. ) ;
#851 = CARTESIAN_POINT ( 'NONE',  ( 13.08227048220673261, -152.0000000000000000, 35.94324274506103478 ) ) ;
#852 = ORIENTED_EDGE ( 'NONE', *, *, #3103, .T. ) ;
#853 = CARTESIAN_POINT ( 'NONE',  ( 45.51418113694892753, -75.71269715259670363, -27.24026065960526211 ) ) ;
#854 = ORIENTED_EDGE ( 'NONE', *, *, #268, .T. ) ;
#855 = DIRECTION ( 'NONE',  ( 0.000000000000000000, 0.000000000000000000, 1.000000000000000000 ) ) ;
#856 = DIRECTION ( 'NONE',  ( 0.000000000000000000, 1.000000000000000000, -0.000000000000000000 ) ) ;
#857 = CYLINDRICAL_SURFACE ( 'NONE', #2915, 194.0000000000000000 ) ;
#858 = ORIENTED_EDGE ( 'NONE', *, *, #4214, .F. ) ;
#859 = CYLINDRICAL_SURFACE ( 'NONE', #797, 3.750000000000003553 ) ;
#860 = EDGE_CURVE ( 'NONE', #5602, #2614, #1811, .T. ) ;
#861 = DIRECTION ( 'NONE',  ( 0.000000000000000000, 1.000000000000000000, 0.000000000000000000 ) ) ;
#862 = VERTEX_POINT ( 'NONE', #690 ) ;
#863 = CARTESIAN_POINT ( 'NONE',  ( -40.53612236886953468, -90.08429612207214632, -10.63762474218124687 ) ) ;
#864 = ORIENTED_EDGE ( 'NONE', *, *, #437, .F. ) ;
#865 = EDGE_LOOP ( 'NONE', ( #3040, #96, #5552, #2867 ) ) ;
#866 = CARTESIAN_POINT ( 'NONE',  ( 46.74999999999892708, -6.799999999999998046, 102.5000000000004832 ) ) ;
#867 = EDGE_LOOP ( 'NONE', ( #956, #2508 ) ) ;
#868 = AXIS2_PLACEMENT_3D ( 'NONE', #4926, #3127, #2209 ) ;
#869 = DIRECTION ( 'NONE',  ( 0.000000000000000000, 0.000000000000000000, -1.000000000000000000 ) ) ;
#870 = SHAPE_DEFINITION_REPRESENTATION ( #5328, #4644 ) ;
#871 = VERTEX_POINT ( 'NONE', #1064 ) ;
#872 = VECTOR ( 'NONE', #3888, 1000.000000000000000 ) ;
#873 = FACE_OUTER_BOUND ( 'NONE', #4720, .T. ) ;
#874 = CYLINDRICAL_SURFACE ( 'NONE', #1368, 3.750000000000003553 ) ;
#875 = LINE ( 'NONE', #5646, #91 ) ;
#876 = EDGE_LOOP ( 'NONE', ( #1515, #5656 ) ) ;
#877 = DIRECTION ( 'NONE',  ( 0.000000000000000000, 0.000000000000000000, -1.000000000000000000 ) ) ;
#878 = AXIS2_PLACEMENT_3D ( 'NONE', #3224, #3569, #1378 ) ;
#879 = EDGE_CURVE ( 'NONE', #1236, #2171, #2025, .T. ) ;
#880 = DIRECTION ( 'NONE',  ( -1.000000000000000000, 0.000000000000000000, -1.040834085586085834E-14 ) ) ;
#881 = EDGE_CURVE ( 'NONE', #2630, #1184, #74, .T. ) ;
#882 = DIRECTION ( 'NONE',  ( 0.000000000000000000, 0.000000000000000000, -1.000000000000000000 ) ) ;
#883 = ORIENTED_EDGE ( 'NONE', *, *, #398, .F. ) ;
#884 = ADVANCED_FACE ( 'NONE', ( #642 ), #1587, .T. ) ;
#885 = AXIS2_PLACEMENT_3D ( 'NONE', #750, #2480, #2868 ) ;
#886 = DIRECTION ( 'NONE',  ( 0.000000000000000000, 0.9965049363970236440, -0.08353389573319149053 ) ) ;
#887 = AXIS2_PLACEMENT_3D ( 'NONE', #187, #4066, #3655 ) ;
#888 = TOROIDAL_SURFACE ( 'NONE', #1257, 9.271215684088122799, 2.500000000000000000 ) ;
#889 = CARTESIAN_POINT ( 'NONE',  ( 43.62775610347495103, -61.17418574775923190, 36.02347015967855981 ) ) ;
#890 = CYLINDRICAL_SURFACE ( 'NONE', #1536, 3.750000000000003553 ) ;
#891 = CARTESIAN_POINT ( 'NONE',  ( -16.68227048220648356, -161.0000000000000000, -35.94324274506115557 ) ) ;
#892 = ORIENTED_EDGE ( 'NONE', *, *, #1637, .T. ) ;
#893 = CARTESIAN_POINT ( 'NONE',  ( 39.64957412582636920, -93.02965821488604092, 111.7500000000000000 ) ) ;
#894 = AXIS2_PLACEMENT_3D ( 'NONE', #4781, #508, #2255 ) ;
#895 = ORIENTED_EDGE ( 'NONE', *, *, #5654, .T. ) ;
#896 = VECTOR ( 'NONE', #2373, 1000.000000000000000 ) ;
#897 = FACE_OUTER_BOUND ( 'NONE', #1201, .T. ) ;
#898 = ORIENTED_EDGE ( 'NONE', *, *, #5239, .T. ) ;
#899 = CIRCLE ( 'NONE', #4498, 1.000000000000000888 ) ;
#900 = CARTESIAN_POINT ( 'NONE',  ( 99.75000000000000000, -2.369160109392641100, 111.5177895209745600 ) ) ;
#901 = EDGE_LOOP ( 'NONE', ( #2978, #4764, #3152, #4007, #3995 ) ) ;
#902 = AXIS2_PLACEMENT_3D ( 'NONE', #4416, #3111, #4886 ) ;
#903 = EDGE_LOOP ( 'NONE', ( #5096, #3270 ) ) ;
#904 = DIRECTION ( 'NONE',  ( -1.000000000000000000, 0.000000000000000000, -1.047445008332814620E-14 ) ) ;
#905 = CARTESIAN_POINT ( 'NONE',  ( -99.75000000000000000, -2.500000000000000000, 109.0212156840881192 ) ) ;
#906 = VECTOR ( 'NONE', #3996, 1000.000000000000000 ) ;
#907 = VECTOR ( 'NONE', #546, 1000.000000000000000 ) ;
#908 = DIRECTION ( 'NONE',  ( 0.000000000000000000, 1.000000000000000000, 0.000000000000000000 ) ) ;
#909 = EDGE_LOOP ( 'NONE', ( #302, #5279, #2502 ) ) ;
#910 = CARTESIAN_POINT ( 'NONE',  ( -1.925081969945340532, -81.95718351887953190, 24.07729964760757113 ) ) ;
#911 = DIRECTION ( 'NONE',  ( 0.000000000000000000, 1.000000000000000000, 0.000000000000000000 ) ) ;
#912 = FACE_OUTER_BOUND ( 'NONE', #1010, .T. ) ;
#913 = ORIENTED_EDGE ( 'NONE', *, *, #3017, .T. ) ;
#914 = CARTESIAN_POINT ( 'NONE',  ( 29.13097945814900669, -94.20045882763622558, -18.98731909689114516 ) ) ;
#915 = CARTESIAN_POINT ( 'NONE',  ( 111.7500000000000000, -6.799999999999972289, 99.75000000000000000 ) ) ;
#916 = EDGE_CURVE ( 'NONE', #512, #283, #3292, .T. ) ;
#917 = EDGE_CURVE ( 'NONE', #5203, #674, #2828, .T. ) ;
#918 = CARTESIAN_POINT ( 'NONE',  ( 30.98345492017519476, -91.11488569816502547, -19.80798429566818442 ) ) ;
#919 = CARTESIAN_POINT ( 'NONE',  ( -39.64957412582953111, -93.02965821487541120, 1.276452536353861467 ) ) ;
#920 = CARTESIAN_POINT ( 'NONE',  ( -99.75000000000000000, -6.799999999999998046, -99.75000000000001421 ) ) ;
#921 = FACE_OUTER_BOUND ( 'NONE', #3296, .T. ) ;
#922 = CARTESIAN_POINT ( 'NONE',  ( 102.4999999999996447, -4.000000000000000000, 50.50000000000071765 ) ) ;
#923 = ORIENTED_EDGE ( 'NONE', *, *, #950, .T. ) ;
#924 = CARTESIAN_POINT ( 'NONE',  ( -39.64957412582953822, -93.02965821487541120, -9.598177407316788035 ) ) ;
#925 = CARTESIAN_POINT ( 'NONE',  ( -92.25000000000000000, -6.799999999999997158, 111.7500000000000000 ) ) ;
#926 = ORIENTED_EDGE ( 'NONE', *, *, #682, .F. ) ;
#927 = EDGE_LOOP ( 'NONE', ( #4815, #4006, #2431, #1764 ) ) ;
#928 = CARTESIAN_POINT ( 'NONE',  ( -21.99999999999998224, -152.0000000000000000, 111.7500000000000000 ) ) ;
#929 = DIRECTION ( 'NONE',  ( 0.000000000000000000, 0.000000000000000000, 1.000000000000000000 ) ) ;
#930 = CARTESIAN_POINT ( 'NONE',  ( -40.84605599283408139, -88.79462107842097396, 20.74801378428821508 ) ) ;
#931 = CARTESIAN_POINT ( 'NONE',  ( -39.64957412582953111, -93.02965821487541120, -1.276452536353861467 ) ) ;
#932 = ORIENTED_EDGE ( 'NONE', *, *, #3581, .T. ) ;
#933 = EDGE_CURVE ( 'NONE', #4575, #2513, #5322, .T. ) ;
#934 = DIRECTION ( 'NONE',  ( -0.000000000000000000, -1.000000000000000000, 0.000000000000000000 ) ) ;
#935 = DIRECTION ( 'NONE',  ( -5.551115123125777969E-15, 0.000000000000000000, 1.000000000000000000 ) ) ;
#936 = CARTESIAN_POINT ( 'NONE',  ( 30.98345492017520542, -91.11488569816502547, -19.80798429566819152 ) ) ;
#937 = EDGE_LOOP ( 'NONE', ( #606, #4164 ) ) ;
#938 = DIRECTION ( 'NONE',  ( 0.000000000000000000, -1.000000000000000000, 0.000000000000000000 ) ) ;
#939 = ORIENTED_EDGE ( 'NONE', *, *, #993, .F. ) ;
#940 = DIRECTION ( 'NONE',  ( 1.000000000000000000, 0.000000000000000000, 1.110223024625155436E-14 ) ) ;
#941 = EDGE_LOOP ( 'NONE', ( #3375, #324, #145, #5135 ) ) ;
#942 = DIRECTION ( 'NONE',  ( 0.000000000000000000, -1.000000000000000000, 0.000000000000000000 ) ) ;
#943 = CYLINDRICAL_SURFACE ( 'NONE', #5610, 4.500000000000003553 ) ;
#944 = DIRECTION ( 'NONE',  ( -1.000000000000000000, 0.000000000000000000, 0.000000000000000000 ) ) ;
#945 = EDGE_CURVE ( 'NONE', #5178, #2333, #4679, .T. ) ;
#946 = ORIENTED_EDGE ( 'NONE', *, *, #621, .F. ) ;
#947 = DIRECTION ( 'NONE',  ( 0.000000000000000000, -1.000000000000000000, 0.000000000000000000 ) ) ;
#948 = ORIENTED_EDGE ( 'NONE', *, *, #1346, .F. ) ;
#949 = EDGE_CURVE ( 'NONE', #1943, #811, #318, .T. ) ;
#950 = EDGE_CURVE ( 'NONE', #238, #5428, #1626, .T. ) ;
#951 = AXIS2_PLACEMENT_3D ( 'NONE', #2727, #3965, #1067 ) ;
#952 = DIRECTION ( 'NONE',  ( 0.000000000000000000, 1.000000000000000000, -0.000000000000000000 ) ) ;
#953 = EDGE_CURVE ( 'NONE', #1972, #283, #4671, .T. ) ;
#954 = DIRECTION ( 'NONE',  ( -1.334402673828313093E-16, 1.000000000000000000, 0.000000000000000000 ) ) ;
#955 = CARTESIAN_POINT ( 'NONE',  ( -69.73375869112473424, -32.28305776734531207, 51.36048407328147647 ) ) ;
#956 = ORIENTED_EDGE ( 'NONE', *, *, #933, .F. ) ;
#957 =( BOUNDED_CURVE ( )  B_SPLINE_CURVE ( 3, ( #492, #1756, #3994, #1698 ),
 .UNSPECIFIED., .F., .T. ) 
 B_SPLINE_CURVE_WITH_KNOTS ( ( 4, 4 ),
 ( 2.605732266624563920, 3.141592653589793116 ),
 .UNSPECIFIED. ) 
 CURVE ( )  GEOMETRIC_REPRESENTATION_ITEM ( )  RATIONAL_B_SPLINE_CURVE ( ( 1.000000000000000000, 0.9762139426623370753, 0.9762139426623370753, 1.000000000000000000 ) ) 
 REPRESENTATION_ITEM ( '' )  );
#958 = DIRECTION ( 'NONE',  ( -0.000000000000000000, -1.000000000000000000, -0.000000000000000000 ) ) ;
#959 = AXIS2_PLACEMENT_3D ( 'NONE', #2331, #3231, #1475 ) ;
#960 = CARTESIAN_POINT ( 'NONE',  ( -25.63262081801249792, 0.001000000000084266816, 28.63262081801221015 ) ) ;
#961 = DIRECTION ( 'NONE',  ( -0.000000000000000000, 1.000000000000000000, -0.000000000000000000 ) ) ;
#962 = VERTEX_POINT ( 'NONE', #3773 ) ;
#963 = CARTESIAN_POINT ( 'NONE',  ( -2.500000000000000000, -80.63274498674593360, 22.35873765900741716 ) ) ;
#964 = DIRECTION ( 'NONE',  ( 1.000000000000000000, 0.000000000000000000, 0.000000000000000000 ) ) ;
#965 = EDGE_LOOP ( 'NONE', ( #361, #728, #1543, #2309 ) ) ;
#966 = DIRECTION ( 'NONE',  ( 0.000000000000000000, 0.000000000000000000, -1.000000000000000000 ) ) ;
#967 = CARTESIAN_POINT ( 'NONE',  ( 52.52778671192468352, -46.10013226824806054, -47.11456168647429621 ) ) ;
#968 = AXIS2_PLACEMENT_3D ( 'NONE', #2199, #1248, #2599 ) ;
#969 = CIRCLE ( 'NONE', #3731, 4.500000000000003553 ) ;
#970 = CARTESIAN_POINT ( 'NONE',  ( 0.000000000000000000, -80.42391024741301919, 24.85000000000001208 ) ) ;
#971 = CARTESIAN_POINT ( 'NONE',  ( 49.50000000000000000, 0.001000000000084266816, 0.000000000000000000 ) ) ;
#972 = CARTESIAN_POINT ( 'NONE',  ( 40.53612236886956310, -90.08429612207210369, 10.63762474218121667 ) ) ;
#973 = AXIS2_PLACEMENT_3D ( 'NONE', #1293, #1781, #3020 ) ;
#974 = CARTESIAN_POINT ( 'NONE',  ( 49.50000000000000000, -161.0000000000000000, 0.000000000000000000 ) ) ;
#975 = EDGE_LOOP ( 'NONE', ( #3022, #5147, #2574, #3984 ) ) ;
#976 = CARTESIAN_POINT ( 'NONE',  ( -21.99999999999998224, -152.0000000000000000, -8.406490915367006878 ) ) ;
#977 = AXIS2_PLACEMENT_3D ( 'NONE', #214, #1956, #4670 ) ;
#978 = VECTOR ( 'NONE', #385, 1000.000000000000000 ) ;
#979 = VERTEX_POINT ( 'NONE', #1563 ) ;
#980 = EDGE_CURVE ( 'NONE', #3503, #3146, #2732, .T. ) ;
#981 = EDGE_CURVE ( 'NONE', #4307, #30, #1615, .T. ) ;
#982 = VECTOR ( 'NONE', #109, 1000.000000000000000 ) ;
#983 = VECTOR ( 'NONE', #3228, 1000.000000000000000 ) ;
#984 = EDGE_CURVE ( 'NONE', #2656, #4225, #3096, .T. ) ;
#985 = AXIS2_PLACEMENT_3D ( 'NONE', #1451, #4980, #2397 ) ;
#986 = FACE_OUTER_BOUND ( 'NONE', #1370, .T. ) ;
#987 = FACE_BOUND ( 'NONE', #3185, .T. ) ;
#988 = CARTESIAN_POINT ( 'NONE',  ( -90.44893317087905871, -6.799999999999997158, 88.98656957492288200 ) ) ;
#989 = CARTESIAN_POINT ( 'NONE',  ( -38.23411289587078699, -97.75896397144344974, -8.979459605809505973 ) ) ;
#990 = VERTEX_POINT ( 'NONE', #3713 ) ;
#991 = VECTOR ( 'NONE', #2487, 1000.000000000000000 ) ;
#992 = EDGE_CURVE ( 'NONE', #2632, #1471, #3830, .T. ) ;
#993 = EDGE_CURVE ( 'NONE', #4741, #2923, #2082, .T. ) ;
#994 = VECTOR ( 'NONE', #598, 1000.000000000000000 ) ;
#995 = AXIS2_PLACEMENT_3D ( 'NONE', #821, #2140, #5678 ) ;
#996 = PLANE ( 'NONE',  #4391 ) ;
#997 =( BOUNDED_SURFACE ( )  B_SPLINE_SURFACE ( 3, 2, ( 
 ( #4728, #2518, #1367 ),
 ( #4285, #930, #4899 ),
 ( #2670, #2985, #3124 ),
 ( #1200, #2231, #1260 ),
 ( #4319, #2695, #4454 ),
 ( #5652, #4756, #2257 ),
 ( #510, #3878, #344 ),
 ( #376, #84, #1837 ),
 ( #1696, #795, #3588 ),
 ( #5362, #3448, #5216 ),
 ( #3021, #1642, #4792 ),
 ( #4429, #2555, #5590 ),
 ( #1802, #1395, #3396 ),
 ( #2092, #3149, #762 ),
 ( #4923, #5332, #955 ),
 ( #4256, #313, #486 ),
 ( #3557, #2065, #3818 ),
 ( #5162, #2962, #3851 ),
 ( #5628, #1673, #3422 ),
 ( #5187, #1228, #174 ),
 ( #139, #3675, #5006 ),
 ( #4159, #3215, #2810 ) ),
 .UNSPECIFIED., .F., .F., .F. ) 
 B_SPLINE_SURFACE_WITH_KNOTS ( ( 4, 2, 2, 2, 2, 2, 2, 2, 2, 2, 4 ),
 ( 3, 3 ),
 ( 0.05074615827403437113, 0.06725972227946648563, 0.08377328628489860707, 0.1002868502903307285, 0.1168004142957628499, 0.1209288052971208699, 0.1250571962984788899, 0.1333139783011949575, 0.1498275423066270928, 0.1663411063120592281, 0.1828546703174913357 ),
 ( 0.000000000000000000, 1.000000000000000000 ),
 .UNSPECIFIED. ) 
 GEOMETRIC_REPRESENTATION_ITEM ( )  RATIONAL_B_SPLINE_SURFACE ( (
 ( 1.000000000000000000, 0.7476445268308917758, 1.000000000000000000),
 ( 1.000000000000000000, 0.7532434283852210699, 1.000000000000000000),
 ( 1.000000000000000000, 0.7591613623658305388, 1.000000000000000000),
 ( 1.000000000000000000, 0.7714239904617260501, 1.000000000000000000),
 ( 1.000000000000000000, 0.7777683300271459599, 1.000000000000000000),
 ( 1.000000000000000000, 0.7907096448151292867, 1.000000000000000000),
 ( 1.000000000000000000, 0.7973069283817948438, 1.000000000000000000),
 ( 1.000000000000000000, 0.8106130803474571600, 1.000000000000000000),
 ( 1.000000000000000000, 0.8173221885167658574, 1.000000000000000000),
 ( 1.000000000000000000, 0.8257048107488830224, 1.000000000000000000),
 ( 1.000000000000000000, 0.8273811950812897109, 1.000000000000000000),
 ( 1.000000000000000000, 0.8307320181175990026, 1.000000000000000000),
 ( 1.000000000000000000, 0.8324073692226567900, 1.000000000000000000),
 ( 1.000000000000000000, 0.8374082822542262550, 1.000000000000000000),
 ( 1.000000000000000000, 0.8407148644890332090, 1.000000000000000000),
 ( 1.000000000000000000, 0.8505385872884030363, 1.000000000000000000),
 ( 1.000000000000000000, 0.8569592803575609707, 1.000000000000000000),
 ( 1.000000000000000000, 0.8694821335737354939, 1.000000000000000000),
 ( 1.000000000000000000, 0.8755844882477467062, 1.000000000000000000),
 ( 1.000000000000000000, 0.8874207951781305503, 1.000000000000000000),
 ( 1.000000000000000000, 0.8931549642227816221, 1.000000000000000000),
 ( 1.000000000000000000, 0.8986829163271787824, 1.000000000000000000) ) ) 
 REPRESENTATION_ITEM ( '' )  SURFACE ( )  );
#998 = LINE ( 'NONE', #5367, #5338 ) ;
#999 = ORIENTED_EDGE ( 'NONE', *, *, #4238, .T. ) ;
#1000 = LINE ( 'NONE', #2703, #5616 ) ;
#1001 = FACE_BOUND ( 'NONE', #561, .T. ) ;
#1002 = DIRECTION ( 'NONE',  ( 0.000000000000000000, 1.000000000000000000, 0.000000000000000000 ) ) ;
#1003 = CARTESIAN_POINT ( 'NONE',  ( -3.499999999999481304, -152.0000000000000000, -49.50000000000003553 ) ) ;
#1004 = VERTEX_POINT ( 'NONE', #5522 ) ;
#1005 = VECTOR ( 'NONE', #5331, 1000.000000000000000 ) ;
#1006 = DIRECTION ( 'NONE',  ( 0.000000000000000000, 1.000000000000000000, 0.000000000000000000 ) ) ;
#1007 = ORIENTED_EDGE ( 'NONE', *, *, #544, .F. ) ;
#1008 = CARTESIAN_POINT ( 'NONE',  ( 102.4999999999996447, -6.799999999999998046, 50.50000000000071765 ) ) ;
#1009 = DIRECTION ( 'NONE',  ( 0.000000000000000000, 1.000000000000000000, 0.000000000000000000 ) ) ;
#1010 = EDGE_LOOP ( 'NONE', ( #3942, #5524, #1661, #4212, #1290 ) ) ;
#1011 = EDGE_CURVE ( 'NONE', #3670, #1357, #3321, .T. ) ;
#1012 = DIRECTION ( 'NONE',  ( -1.000000000000000000, 0.000000000000000000, 0.000000000000000000 ) ) ;
#1013 = CARTESIAN_POINT ( 'NONE',  ( 39.64957412582636920, -93.02965821488604092, -9.598177407314070209 ) ) ;
#1014 = VERTEX_POINT ( 'NONE', #2620 ) ;
#1015 = CARTESIAN_POINT ( 'NONE',  ( -86.94846887322985651, -6.799999999999950973, -90.49999999999997158 ) ) ;
#1016 = PLANE ( 'NONE',  #2668 ) ;
#1017 = CARTESIAN_POINT ( 'NONE',  ( -67.57285206799163291, -26.04318549590332665, 65.92882766079941348 ) ) ;
#1018 = DIRECTION ( 'NONE',  ( -0.000000000000000000, 1.000000000000000000, -0.000000000000000000 ) ) ;
#1019 = VERTEX_POINT ( 'NONE', #3403 ) ;
#1020 = CARTESIAN_POINT ( 'NONE',  ( 0.000000000000000000, -153.0000000000000000, 0.000000000000000000 ) ) ;
#1021 = CARTESIAN_POINT ( 'NONE',  ( 73.62292401578551448, -19.29043004865718558, -73.62332289488969650 ) ) ;
#1022 = ORIENTED_EDGE ( 'NONE', *, *, #1106, .F. ) ;
#1023 = DIRECTION ( 'NONE',  ( 1.000000000000000000, 0.000000000000000000, 3.469446951953615372E-15 ) ) ;
#1024 = CARTESIAN_POINT ( 'NONE',  ( -52.99999999999964473, -4.299999999999999822, -102.5000000000001847 ) ) ;
#1025 = FACE_BOUND ( 'NONE', #5353, .T. ) ;
#1026 = ADVANCED_FACE ( 'NONE', ( #5168 ), #5261, .F. ) ;
#1027 = CARTESIAN_POINT ( 'NONE',  ( 102.5000000000003411, -6.799999999999998046, -50.49999999999928946 ) ) ;
#1028 = CARTESIAN_POINT ( 'NONE',  ( 30.98345492017519476, -91.11488569816502547, -19.80798429566818442 ) ) ;
#1029 = ORIENTED_EDGE ( 'NONE', *, *, #610, .T. ) ;
#1030 = ADVANCED_FACE ( 'NONE', ( #4824 ), #857, .F. ) ;
#1031 = DIRECTION ( 'NONE',  ( -1.000000000000000000, 0.000000000000000000, -9.251858538542964333E-15 ) ) ;
#1032 = ORIENTED_EDGE ( 'NONE', *, *, #5309, .T. ) ;
#1033 = DIRECTION ( 'NONE',  ( 0.000000000000000000, 0.000000000000000000, -1.000000000000000000 ) ) ;
#1034 = CARTESIAN_POINT ( 'NONE',  ( 30.67881682592704706, -91.60688061468742660, 19.59402343357842824 ) ) ;
#1035 = EDGE_CURVE ( 'NONE', #5320, #4443, #3150, .T. ) ;
#1036 = ORIENTED_EDGE ( 'NONE', *, *, #2222, .F. ) ;
#1037 = ADVANCED_FACE ( 'NONE', ( #5193 ), #3972, .F. ) ;
#1038 = CARTESIAN_POINT ( 'NONE',  ( -99.75000000000000000, -2.500000000000000444, -99.75000000000001421 ) ) ;
#1039 = ORIENTED_EDGE ( 'NONE', *, *, #3071, .F. ) ;
#1040 = CARTESIAN_POINT ( 'NONE',  ( -21.99999999999998934, -152.0000000000000000, -14.25059709628108351 ) ) ;
#1041 = ORIENTED_EDGE ( 'NONE', *, *, #1647, .F. ) ;
#1042 = EDGE_CURVE ( 'NONE', #2540, #285, #39, .T. ) ;
#1043 = ORIENTED_EDGE ( 'NONE', *, *, #4156, .T. ) ;
#1044 = CARTESIAN_POINT ( 'NONE',  ( -89.41756977740143952, -6.799999999999997158, -89.78075778008982866 ) ) ;
#1045 = DIRECTION ( 'NONE',  ( 1.000000000000000000, 0.000000000000000000, 9.251858538542964333E-15 ) ) ;
#1046 = CARTESIAN_POINT ( 'NONE',  ( -92.25000000000004263, -6.799999999999990052, 84.22337545214909937 ) ) ;
#1047 = CARTESIAN_POINT ( 'NONE',  ( -111.7500000000000000, 0.000000000000000000, 109.0212156840881192 ) ) ;
#1048 = VERTEX_POINT ( 'NONE', #3912 ) ;
#1049 = VERTEX_POINT ( 'NONE', #1703 ) ;
#1050 = DIRECTION ( 'NONE',  ( 0.000000000000000000, 1.000000000000000000, 0.000000000000000000 ) ) ;
#1051 = AXIS2_PLACEMENT_3D ( 'NONE', #2010, #704, #5476 ) ;
#1052 = CARTESIAN_POINT ( 'NONE',  ( 81.11214234162102343, -18.17805726720207460, -74.94017401350809848 ) ) ;
#1053 = ORIENTED_EDGE ( 'NONE', *, *, #1138, .T. ) ;
#1054 = DIRECTION ( 'NONE',  ( 0.000000000000000000, 0.000000000000000000, -1.000000000000000000 ) ) ;
#1055 = DIRECTION ( 'NONE',  ( 0.000000000000000000, 1.000000000000000000, 0.000000000000000000 ) ) ;
#1056 = DIRECTION ( 'NONE',  ( 0.000000000000000000, -1.000000000000000000, 0.000000000000000000 ) ) ;
#1057 = AXIS2_PLACEMENT_3D ( 'NONE', #5570, #2835, #3748 ) ;
#1058 = CARTESIAN_POINT ( 'NONE',  ( 11.59332887541343560, -152.0000000000000000, 18.37676056338025887 ) ) ;
#1059 = DIRECTION ( 'NONE',  ( 0.000000000000000000, 1.000000000000000000, 0.000000000000000000 ) ) ;
#1060 = DIRECTION ( 'NONE',  ( 7.401486830834369573E-15, 0.000000000000000000, -1.000000000000000000 ) ) ;
#1061 = ORIENTED_EDGE ( 'NONE', *, *, #2185, .T. ) ;
#1062 = DIRECTION ( 'NONE',  ( 0.000000000000000000, -1.000000000000000000, 0.000000000000000000 ) ) ;
#1063 = DIRECTION ( 'NONE',  ( 0.000000000000000000, 1.000000000000000000, 0.000000000000000000 ) ) ;
#1064 = CARTESIAN_POINT ( 'NONE',  ( -47.99999999999963762, -4.299999999999999822, -102.5000000000001563 ) ) ;
#1065 = CARTESIAN_POINT ( 'NONE',  ( -21.99999999999998224, -152.0000000000000000, 8.406490915366966021 ) ) ;
#1066 = ORIENTED_EDGE ( 'NONE', *, *, #2920, .F. ) ;
#1067 = DIRECTION ( 'NONE',  ( -7.401486830834369573E-15, 0.000000000000000000, 1.000000000000000000 ) ) ;
#1068 = CIRCLE ( 'NONE', #3734, 2.500000000000002220 ) ;
#1069 = CIRCLE ( 'NONE', #887, 3.750000000000003553 ) ;
#1070 = DIRECTION ( 'NONE',  ( 1.000000000000000000, 0.000000000000000000, 3.469446951953615372E-15 ) ) ;
#1071 = DIRECTION ( 'NONE',  ( -1.000000000000000000, 0.000000000000000000, -9.912705577010326930E-15 ) ) ;
#1072 = CARTESIAN_POINT ( 'NONE',  ( 30.06945642159358556, -90.16236946537975427, 9.598177407314057774 ) ) ;
#1073 = CARTESIAN_POINT ( 'NONE',  ( -30.06945642159670129, -92.63265025338911585, -19.28826062823596033 ) ) ;
#1074 = EDGE_LOOP ( 'NONE', ( #4607, #1442, #5647, #5644 ) ) ;
#1075 = AXIS2_PLACEMENT_3D ( 'NONE', #4625, #672, #2421 ) ;
#1076 = AXIS2_PLACEMENT_3D ( 'NONE', #4913, #3730, #5016 ) ;
#1077 = CARTESIAN_POINT ( 'NONE',  ( 68.24417938121845850, -25.26128999450390467, 66.77708072378419502 ) ) ;
#1078 = CONICAL_SURFACE ( 'NONE', #4489, 11.99999999999999645, 0.05235987755983000091 ) ;
#1079 = VECTOR ( 'NONE', #5334, 1000.000000000000000 ) ;
#1080 = CARTESIAN_POINT ( 'NONE',  ( 86.32325949944832644, -12.57464961065700848, -82.14452301138690871 ) ) ;
#1081 = ORIENTED_EDGE ( 'NONE', *, *, #3036, .F. ) ;
#1082 = LINE ( 'NONE', #680, #3027 ) ;
#1083 = LINE ( 'NONE', #2877, #2833 ) ;
#1084 = VECTOR ( 'NONE', #2416, 1000.000000000000000 ) ;
#1085 = DIRECTION ( 'NONE',  ( -0.000000000000000000, -0.000000000000000000, -1.000000000000000000 ) ) ;
#1086 = DIRECTION ( 'NONE',  ( -1.000000000000000000, 0.000000000000000000, -1.110223024625155436E-14 ) ) ;
#1087 = CARTESIAN_POINT ( 'NONE',  ( -50.50000000000108002, -6.799999999999998046, 102.4999999999994600 ) ) ;
#1088 = ORIENTED_EDGE ( 'NONE', *, *, #676, .T. ) ;
#1089 = B_SPLINE_CURVE_WITH_KNOTS ( 'NONE', 3,
 ( #4527, #3108, #4120, #3572, #1894, #5347, #1380, #2351, #2771, #4992, #553, #3656, #2798, #967, #3135, #1848, #579, #1470, #2300, #3226, #4037, #918 ),
 .UNSPECIFIED., .F., .F.,
 ( 4, 2, 2, 2, 2, 2, 2, 2, 2, 2, 4 ),
 ( 0.000000000000000000, 0.01563294471814631950, 0.03126588943629263900, 0.04689883415443895504, 0.05471530651351212693, 0.05862354269304870941, 0.06253177887258527801, 0.07816472359073152465, 0.09379766830887774354, 0.1094306130270240041, 0.1250635577451702507 ),
 .UNSPECIFIED. ) ;
#1090 = DIRECTION ( 'NONE',  ( -1.000000000000000000, -0.000000000000000000, -0.000000000000000000 ) ) ;
#1091 = EDGE_CURVE ( 'NONE', #5600, #3670, #2968, .T. ) ;
#1092 = ORIENTED_EDGE ( 'NONE', *, *, #2195, .F. ) ;
#1093 = FACE_OUTER_BOUND ( 'NONE', #2365, .T. ) ;
#1094 = DIRECTION ( 'NONE',  ( -0.000000000000000000, 1.000000000000000000, 0.000000000000000000 ) ) ;
#1095 = DIRECTION ( 'NONE',  ( -0.000000000000000000, -1.000000000000000000, -0.000000000000000000 ) ) ;
#1096 = ORIENTED_EDGE ( 'NONE', *, *, #5370, .F. ) ;
#1097 = CARTESIAN_POINT ( 'NONE',  ( -102.5000000000000000, -4.299999999999999822, -50.50000000000000000 ) ) ;
#1098 = ORIENTED_EDGE ( 'NONE', *, *, #1949, .F. ) ;
#1099 = DIRECTION ( 'NONE',  ( 0.000000000000000000, 1.000000000000000000, 0.000000000000000000 ) ) ;
#1100 = DIRECTION ( 'NONE',  ( 0.000000000000000000, 1.000000000000000000, 0.000000000000000000 ) ) ;
#1101 = CARTESIAN_POINT ( 'NONE',  ( -56.15361380259413693, -40.82413569608429071, 51.62887868712111583 ) ) ;
#1102 = CARTESIAN_POINT ( 'NONE',  ( -39.95629441795788495, -91.98222827030701865, -9.863243501739347607 ) ) ;
#1103 = EDGE_LOOP ( 'NONE', ( #822, #4694, #379, #831, #1195, #1793 ) ) ;
#1104 = ADVANCED_FACE ( 'NONE', ( #3029 ), #1240, .T. ) ;
#1105 = ORIENTED_EDGE ( 'NONE', *, *, #3980, .T. ) ;
#1106 = EDGE_CURVE ( 'NONE', #3046, #441, #4293, .T. ) ;
#1107 = CARTESIAN_POINT ( 'NONE',  ( 91.56679428876032034, -7.405495816046395952, 82.32449831889083214 ) ) ;
#1108 = DIRECTION ( 'NONE',  ( 1.000000000000000000, 0.000000000000000000, 0.000000000000000000 ) ) ;
#1109 = ORIENTED_EDGE ( 'NONE', *, *, #4248, .F. ) ;
#1110 = CARTESIAN_POINT ( 'NONE',  ( -102.5000000000000000, -4.000000000000000000, -50.50000000000000000 ) ) ;
#1111 = FACE_OUTER_BOUND ( 'NONE', #3605, .T. ) ;
#1112 = LINE ( 'NONE', #2434, #4580 ) ;
#1113 = CARTESIAN_POINT ( 'NONE',  ( 58.48558945827971911, -49.27215537797373202, 35.86139880389406187 ) ) ;
#1114 = DIRECTION ( 'NONE',  ( -1.000000000000000000, 0.000000000000000000, -9.637352644315591989E-15 ) ) ;
#1115 = ORIENTED_EDGE ( 'NONE', *, *, #1984, .T. ) ;
#1116 = DIRECTION ( 'NONE',  ( -1.000000000000000000, 0.000000000000000000, -1.189524669241239105E-14 ) ) ;
#1117 = FACE_OUTER_BOUND ( 'NONE', #615, .T. ) ;
#1118 = DIRECTION ( 'NONE',  ( 0.000000000000000000, 0.000000000000000000, -1.000000000000000000 ) ) ;
#1119 = EDGE_LOOP ( 'NONE', ( #5685, #2715 ) ) ;
#1120 = CARTESIAN_POINT ( 'NONE',  ( 40.00000000000000000, -152.0000000000000000, -4.939143230211742531E-16 ) ) ;
#1121 = EDGE_LOOP ( 'NONE', ( #1463, #1302, #3334 ) ) ;
#1122 = DIRECTION ( 'NONE',  ( -0.000000000000000000, -1.000000000000000000, -0.000000000000000000 ) ) ;
#1123 = CARTESIAN_POINT ( 'NONE',  ( 89.78188764535929067, -6.799999999999972289, -89.54424924473575231 ) ) ;
#1124 = CARTESIAN_POINT ( 'NONE',  ( 50.50000000000036238, -6.799999999999998046, -102.4999999999998153 ) ) ;
#1125 = ORIENTED_EDGE ( 'NONE', *, *, #3753, .F. ) ;
#1126 = ORIENTED_EDGE ( 'NONE', *, *, #5249, .T. ) ;
#1127 = ADVANCED_FACE ( 'NONE', ( #2992 ), #4763, .F. ) ;
#1128 =( BOUNDED_CURVE ( )  B_SPLINE_CURVE ( 3, ( #4473, #1501, #5028, #1065 ),
 .UNSPECIFIED., .F., .T. ) 
 B_SPLINE_CURVE_WITH_KNOTS ( ( 4, 4 ),
 ( 4.749215216477223223, 6.316982881469709099 ),
 .UNSPECIFIED. ) 
 CURVE ( )  GEOMETRIC_REPRESENTATION_ITEM ( )  RATIONAL_B_SPLINE_CURVE ( ( 1.000000000000000000, 0.8054511757724613918, 0.8054511757724613918, 1.000000000000000000 ) ) 
 REPRESENTATION_ITEM ( '' )  );
#1129 = ORIENTED_EDGE ( 'NONE', *, *, #301, .F. ) ;
#1130 = CARTESIAN_POINT ( 'NONE',  ( 62.65675426456348163, -42.48943747735562937, 50.15827279742641309 ) ) ;
#1131 = FACE_OUTER_BOUND ( 'NONE', #2233, .T. ) ;
#1132 = VERTEX_POINT ( 'NONE', #412 ) ;
#1133 = B_SPLINE_CURVE_WITH_KNOTS ( 'NONE', 3,
 ( #5325, #1331, #393, #2631, #2201, #1832, #4776, #2600, #5672, #3983, #3119, #48, #1249, #3892, #419, #3001, #4859, #3500, #22, #4833, #4448, #504 ),
 .UNSPECIFIED., .F., .F.,
 ( 4, 2, 2, 2, 2, 2, 2, 2, 2, 2, 4 ),
 ( 1.589900327696125378E-17, 0.01550710720648565584, 0.03101421441297129780, 0.04652132161945691374, 0.06202842882594254703, 0.06590520562756393974, 0.06978198242918534633, 0.07753553603242810399, 0.09304264323891364707, 0.1085497504453992179, 0.1240568576518847749 ),
 .UNSPECIFIED. ) ;
#1134 = DIRECTION ( 'NONE',  ( 0.000000000000000000, 0.01056279097359827564, -0.9999442121672829087 ) ) ;
#1135 = CARTESIAN_POINT ( 'NONE',  ( -59.11474591085192998, -48.20184596214336636, -36.72712179619306028 ) ) ;
#1136 = AXIS2_PLACEMENT_3D ( 'NONE', #5113, #2503, #3323 ) ;
#1137 = DIRECTION ( 'NONE',  ( 1.000000000000000000, 0.000000000000000000, 0.000000000000000000 ) ) ;
#1138 = EDGE_CURVE ( 'NONE', #1159, #2401, #2125, .T. ) ;
#1139 = CARTESIAN_POINT ( 'NONE',  ( 109.0212156840881335, 0.000000000000000000, 111.7500000000000000 ) ) ;
#1140 = CARTESIAN_POINT ( 'NONE',  ( -35.94324274506104899, 0.001000000000084266816, 9.482270482206605067 ) ) ;
#1141 = ORIENTED_EDGE ( 'NONE', *, *, #4589, .F. ) ;
#1142 = DIRECTION ( 'NONE',  ( 0.000000000000000000, 0.000000000000000000, -1.000000000000000000 ) ) ;
#1143 = CARTESIAN_POINT ( 'NONE',  ( 111.7500000000000000, -152.0000000000000000, -18.37676056338029440 ) ) ;
#1144 = AXIS2_PLACEMENT_3D ( 'NONE', #1279, #17, #5292 ) ;
#1145 = DIRECTION ( 'NONE',  ( -0.000000000000000000, -0.000000000000000000, 1.000000000000000000 ) ) ;
#1146 = VECTOR ( 'NONE', #4237, 1000.000000000000000 ) ;
#1147 = ORIENTED_EDGE ( 'NONE', *, *, #5619, .T. ) ;
#1148 = DIRECTION ( 'NONE',  ( 0.000000000000000000, -1.000000000000000000, -0.000000000000000000 ) ) ;
#1149 = LINE ( 'NONE', #4182, #1622 ) ;
#1150 = DIRECTION ( 'NONE',  ( 0.2728184791566440337, 0.9322495016523848488, 0.2376571987117919449 ) ) ;
#1151 = CYLINDRICAL_SURFACE ( 'NONE', #2846, 3.750000000000003553 ) ;
#1152 = ORIENTED_EDGE ( 'NONE', *, *, #3509, .T. ) ;
#1153 = EDGE_CURVE ( 'NONE', #5404, #5190, #3565, .T. ) ;
#1154 = ADVANCED_FACE ( 'NONE', ( #4438 ), #5427, .T. ) ;
#1155 = EDGE_CURVE ( 'NONE', #182, #2484, #67, .T. ) ;
#1156 = ORIENTED_EDGE ( 'NONE', *, *, #1306, .F. ) ;
#1157 = VECTOR ( 'NONE', #2688, 1000.000000000000000 ) ;
#1158 = VECTOR ( 'NONE', #1888, 1000.000000000000000 ) ;
#1159 = VERTEX_POINT ( 'NONE', #1003 ) ;
#1160 = CARTESIAN_POINT ( 'NONE',  ( 57.85424042218928520, -38.43834772992315862, 53.74844915309100202 ) ) ;
#1161 = CARTESIAN_POINT ( 'NONE',  ( 1.442347199341190045, -81.18724775753182143, 24.46316309616348050 ) ) ;
#1162 = ORIENTED_EDGE ( 'NONE', *, *, #1885, .T. ) ;
#1163 = CARTESIAN_POINT ( 'NONE',  ( -30.06945642159673326, -92.63265025338910164, 19.28826062823594611 ) ) ;
#1164 = AXIS2_PLACEMENT_3D ( 'NONE', #4321, #4705, #5630 ) ;
#1165 = CARTESIAN_POINT ( 'NONE',  ( -81.08820101996531093, -18.25672083343816254, -67.23088496054275254 ) ) ;
#1166 = AXIS2_PLACEMENT_3D ( 'NONE', #5453, #1055, #2818 ) ;
#1167 = EDGE_CURVE ( 'NONE', #3524, #1497, #1089, .T. ) ;
#1168 = CIRCLE ( 'NONE', #625, 10.00000000000000000 ) ;
#1169 = VECTOR ( 'NONE', #1843, 1000.000000000000000 ) ;
#1170 = PLANE ( 'NONE',  #2353 ) ;
#1171 = CARTESIAN_POINT ( 'NONE',  ( 60.64968566072274569, -45.67788673920351528, 38.83652446017391213 ) ) ;
#1172 = CARTESIAN_POINT ( 'NONE',  ( -54.25000000000108002, -6.799999999999998046, 102.4999999999994316 ) ) ;
#1173 = ORIENTED_EDGE ( 'NONE', *, *, #1335, .T. ) ;
#1174 = DIRECTION ( 'NONE',  ( -0.000000000000000000, 1.000000000000000000, 0.000000000000000000 ) ) ;
#1175 = CARTESIAN_POINT ( 'NONE',  ( -109.0212156840881192, 0.000000000000000000, -99.75000000000001421 ) ) ;
#1176 = AXIS2_PLACEMENT_3D ( 'NONE', #1008, #1440, #556 ) ;
#1177 = VECTOR ( 'NONE', #3310, 1000.000000000000000 ) ;
#1178 = EDGE_CURVE ( 'NONE', #5122, #530, #3288, .T. ) ;
#1179 = VERTEX_POINT ( 'NONE', #1787 ) ;
#1180 = CIRCLE ( 'NONE', #4409, 3.750000000000003553 ) ;
#1181 = DIRECTION ( 'NONE',  ( 0.000000000000000000, -1.000000000000000000, 0.000000000000000000 ) ) ;
#1182 = APPLICATION_CONTEXT ( 'automotive_design' ) ;
#1183 =( BOUNDED_CURVE ( )  B_SPLINE_CURVE ( 3, ( #2794, #1929, #4548, #1978 ),
 .UNSPECIFIED., .F., .T. ) 
 B_SPLINE_CURVE_WITH_KNOTS ( ( 4, 4 ),
 ( 1.581359314197948951, 1.820408405411067188 ),
 .UNSPECIFIED. ) 
 CURVE ( )  GEOMETRIC_REPRESENTATION_ITEM ( )  RATIONAL_B_SPLINE_CURVE ( ( 1.000000000000000000, 0.9952436275540109678, 0.9952436275540109678, 1.000000000000000000 ) ) 
 REPRESENTATION_ITEM ( '' )  );
#1184 = VERTEX_POINT ( 'NONE', #2679 ) ;
#1185 = DIRECTION ( 'NONE',  ( -0.000000000000000000, 1.000000000000000000, -0.000000000000000000 ) ) ;
#1186 = ORIENTED_EDGE ( 'NONE', *, *, #196, .F. ) ;
#1187 = CARTESIAN_POINT ( 'NONE',  ( 50.49999999999892708, -4.000000000000000000, 102.5000000000005258 ) ) ;
#1188 = CYLINDRICAL_SURFACE ( 'NONE', #3839, 9.999999999999996447 ) ;
#1189 = DIRECTION ( 'NONE',  ( -1.000000000000000000, 0.000000000000000000, -1.110223024625155436E-14 ) ) ;
#1190 = EDGE_LOOP ( 'NONE', ( #3210, #764, #5459, #1905 ) ) ;
#1191 = EDGE_LOOP ( 'NONE', ( #1485, #1769, #2929, #1665 ) ) ;
#1192 = ORIENTED_EDGE ( 'NONE', *, *, #2504, .T. ) ;
#1193 = CARTESIAN_POINT ( 'NONE',  ( 52.73987073133521619, -59.78558848838316919, 27.93732945742043938 ) ) ;
#1194 = CARTESIAN_POINT ( 'NONE',  ( -102.5000000000000000, -4.299999999999999822, 50.50000000000000000 ) ) ;
#1195 = ORIENTED_EDGE ( 'NONE', *, *, #1917, .F. ) ;
#1196 = EDGE_CURVE ( 'NONE', #1497, #2597, #1439, .T. ) ;
#1197 = DIRECTION ( 'NONE',  ( -0.2867288749506294865, 0.9580117704232794518, 6.908268203017705676E-18 ) ) ;
#1198 = CARTESIAN_POINT ( 'NONE',  ( -34.17820011958344395, -81.92619952622135315, -24.02260359345975615 ) ) ;
#1199 = CARTESIAN_POINT ( 'NONE',  ( -68.66076058317121067, -33.75290588796418945, 49.87630634711645428 ) ) ;
#1200 = CARTESIAN_POINT ( 'NONE',  ( -37.78350518626434962, -73.19766240559786752, 28.65343803653552612 ) ) ;
#1201 = EDGE_LOOP ( 'NONE', ( #2106, #2469, #1691, #2894 ) ) ;
#1202 = DIRECTION ( 'NONE',  ( 0.000000000000000000, 1.000000000000000000, 0.000000000000000000 ) ) ;
#1203 = VERTEX_POINT ( 'NONE', #1406 ) ;
#1204 = EDGE_CURVE ( 'NONE', #1943, #2761, #2178, .T. ) ;
#1205 = CARTESIAN_POINT ( 'NONE',  ( -30.67881682592810577, -91.60688061468576393, -19.59402343357917786 ) ) ;
#1206 = CARTESIAN_POINT ( 'NONE',  ( 91.10216469812712603, -6.799999999999972289, 88.12528463110157873 ) ) ;
#1207 = ORIENTED_EDGE ( 'NONE', *, *, #3481, .T. ) ;
#1208 = EDGE_CURVE ( 'NONE', #3820, #2887, #3925, .T. ) ;
#1209 = CARTESIAN_POINT ( 'NONE',  ( 102.4999999999996732, -6.799999999999998046, 46.75000000000071765 ) ) ;
#1210 = CARTESIAN_POINT ( 'NONE',  ( 102.5000000000003553, -4.299999999999999822, -52.99999999999928946 ) ) ;
#1211 = CARTESIAN_POINT ( 'NONE',  ( -39.18835958204646630, -94.57065739645649671, -2.053147964923650370 ) ) ;
#1212 = EDGE_LOOP ( 'NONE', ( #4365, #295, #68, #2161 ) ) ;
#1213 = CARTESIAN_POINT ( 'NONE',  ( -29.13097945814152112, -94.20045882762849487, 18.98731909689121977 ) ) ;
#1214 = ORIENTED_EDGE ( 'NONE', *, *, #4765, .T. ) ;
#1215 = ADVANCED_FACE ( 'NONE', ( #4969 ), #604, .F. ) ;
#1216 = DIRECTION ( 'NONE',  ( -0.000000000000000000, -1.000000000000000000, -0.000000000000000000 ) ) ;
#1217 = CARTESIAN_POINT ( 'NONE',  ( -48.00000000000108002, -4.299999999999999822, 102.4999999999994884 ) ) ;
#1218 = EDGE_CURVE ( 'NONE', #2614, #5602, #346, .T. ) ;
#1219 =( NAMED_UNIT ( * ) SI_UNIT ( $, .STERADIAN. ) SOLID_ANGLE_UNIT ( ) );
#1220 = EDGE_LOOP ( 'NONE', ( #3464, #4641, #3976 ) ) ;
#1221 = ORIENTED_EDGE ( 'NONE', *, *, #1702, .F. ) ;
#1222 = DIRECTION ( 'NONE',  ( 0.000000000000000000, -1.000000000000000000, 0.000000000000000000 ) ) ;
#1223 = DIRECTION ( 'NONE',  ( -1.000000000000000000, -0.000000000000000000, -0.000000000000000000 ) ) ;
#1224 = VERTEX_POINT ( 'NONE', #2705 ) ;
#1225 = DIRECTION ( 'NONE',  ( -1.000000000000000000, 0.000000000000000000, -1.040834085586085834E-14 ) ) ;
#1226 = CARTESIAN_POINT ( 'NONE',  ( -81.86425198567989980, -11.01590133547024308, -84.30943229648586623 ) ) ;
#1227 = DIRECTION ( 'NONE',  ( 0.000000000000000000, 0.000000000000000000, 1.000000000000000000 ) ) ;
#1228 = CARTESIAN_POINT ( 'NONE',  ( -86.32325949956327804, -12.57464961069758758, 82.14452301138938140 ) ) ;
#1229 = ORIENTED_EDGE ( 'NONE', *, *, #5704, .T. ) ;
#1230 = CARTESIAN_POINT ( 'NONE',  ( -102.5000000000000000, 0.000000000000000000, -46.00000000000000000 ) ) ;
#1231 = VERTEX_POINT ( 'NONE', #4465 ) ;
#1232 = CARTESIAN_POINT ( 'NONE',  ( -50.49999999999964473, 0.000000000000000000, -102.5000000000001705 ) ) ;
#1233 = CARTESIAN_POINT ( 'NONE',  ( 91.21466931119732635, -6.799999999999972289, 87.93835758728917540 ) ) ;
#1234 = ADVANCED_FACE ( 'NONE', ( #4934 ), #520, .F. ) ;
#1235 = ADVANCED_FACE ( 'NONE', ( #5105, #3253 ), #2410, .T. ) ;
#1236 = VERTEX_POINT ( 'NONE', #4199 ) ;
#1237 = VECTOR ( 'NONE', #3900, 1000.000000000000114 ) ;
#1238 = ORIENTED_EDGE ( 'NONE', *, *, #3634, .T. ) ;
#1239 = EDGE_CURVE ( 'NONE', #102, #871, #4485, .T. ) ;
#1240 = CYLINDRICAL_SURFACE ( 'NONE', #5506, 9.999999999999996447 ) ;
#1241 = ORIENTED_EDGE ( 'NONE', *, *, #279, .T. ) ;
#1242 = CARTESIAN_POINT ( 'NONE',  ( 1.114511564567089774, -80.85465487150230501, -24.63114710579100830 ) ) ;
#1243 = CARTESIAN_POINT ( 'NONE',  ( -99.75000000000000000, -6.800000000000000711, 99.75000000000000000 ) ) ;
#1244 = CIRCLE ( 'NONE', #1144, 10.00000000000000000 ) ;
#1245 = ORIENTED_EDGE ( 'NONE', *, *, #4130, .T. ) ;
#1246 = DIRECTION ( 'NONE',  ( -0.2867288749506293200, -0.9580117704232794518, 0.000000000000000000 ) ) ;
#1247 = ORIENTED_EDGE ( 'NONE', *, *, #981, .F. ) ;
#1248 = DIRECTION ( 'NONE',  ( 0.000000000000000000, 1.000000000000000000, 0.000000000000000000 ) ) ;
#1249 = CARTESIAN_POINT ( 'NONE',  ( -58.00268410109698891, -38.23392607164348789, -53.93355870562800192 ) ) ;
#1250 = VERTEX_POINT ( 'NONE', #265 ) ;
#1251 = VECTOR ( 'NONE', #46, 1000.000000000000000 ) ;
#1252 = LINE ( 'NONE', #3008, #5064 ) ;
#1253 = FACE_BOUND ( 'NONE', #3580, .T. ) ;
#1254 = VERTEX_POINT ( 'NONE', #2904 ) ;
#1255 = CARTESIAN_POINT ( 'NONE',  ( 46.74999999999892708, -4.299999999999999822, 102.5000000000004832 ) ) ;
#1256 = CARTESIAN_POINT ( 'NONE',  ( -67.37576769960365652, -35.47912705041217407, -56.43120205122122712 ) ) ;
#1257 = AXIS2_PLACEMENT_3D ( 'NONE', #1038, #4535, #2803 ) ;
#1258 = CIRCLE ( 'NONE', #4771, 3.600000000000002309 ) ;
#1259 = CARTESIAN_POINT ( 'NONE',  ( -25.63262081801212489, -152.0000000000000000, -25.63262081801256187 ) ) ;
#1260 = CARTESIAN_POINT ( 'NONE',  ( -47.00283683764335763, -72.16707282953785807, 19.93902970675461717 ) ) ;
#1261 = ORIENTED_EDGE ( 'NONE', *, *, #5387, .F. ) ;
#1262 = AXIS2_PLACEMENT_3D ( 'NONE', #5457, #5020, #5480 ) ;
#1263 = DIRECTION ( 'NONE',  ( 1.000000000000000000, 0.000000000000000000, 1.047445008332814620E-14 ) ) ;
#1264 = EDGE_LOOP ( 'NONE', ( #3322, #5169, #5218, #5194 ) ) ;
#1265 = FACE_BOUND ( 'NONE', #47, .T. ) ;
#1266 = EDGE_LOOP ( 'NONE', ( #3548, #588, #3102, #1872 ) ) ;
#1267 = CARTESIAN_POINT ( 'NONE',  ( 88.64056863342496229, -6.799999999999974065, 90.14773907665404806 ) ) ;
#1268 = VECTOR ( 'NONE', #564, 1000.000000000000000 ) ;
#1269 = AXIS2_PLACEMENT_3D ( 'NONE', #1555, #3709, #661 ) ;
#1270 = CIRCLE ( 'NONE', #5236, 2.500000000000002220 ) ;
#1271 = CARTESIAN_POINT ( 'NONE',  ( -2.500000000000000000, -151.9999999999999716, 18.37676056338029795 ) ) ;
#1272 = EDGE_LOOP ( 'NONE', ( #1605, #5293, #4750, #3682 ) ) ;
#1273 = EDGE_CURVE ( 'NONE', #566, #1927, #1992, .T. ) ;
#1274 = CARTESIAN_POINT ( 'NONE',  ( 2.347166595943236178, -83.22805343326065497, -23.44977219271754976 ) ) ;
#1275 = VECTOR ( 'NONE', #1585, 1000.000000000000000 ) ;
#1276 = CARTESIAN_POINT ( 'NONE',  ( 30.06945642159362109, -92.63265025339443071, -19.28826062823460319 ) ) ;
#1277 = CIRCLE ( 'NONE', #4780, 4.500000000000003553 ) ;
#1278 = ORIENTED_EDGE ( 'NONE', *, *, #2789, .T. ) ;
#1279 = CARTESIAN_POINT ( 'NONE',  ( 28.65399519163802466, -94.89167522193710624, 8.979459605809488210 ) ) ;
#1280 = ORIENTED_EDGE ( 'NONE', *, *, #4837, .T. ) ;
#1281 = VECTOR ( 'NONE', #886, 1000.000000000000114 ) ;
#1282 = LINE ( 'NONE', #3956, #1251 ) ;
#1283 = DIRECTION ( 'NONE',  ( 0.000000000000000000, 1.000000000000000000, 0.000000000000000000 ) ) ;
#1284 = VERTEX_POINT ( 'NONE', #3733 ) ;
#1285 = EDGE_CURVE ( 'NONE', #3247, #4970, #258, .T. ) ;
#1286 = AXIS2_PLACEMENT_3D ( 'NONE', #4453, #3214, #4018 ) ;
#1287 = FACE_OUTER_BOUND ( 'NONE', #3121, .T. ) ;
#1288 = DIRECTION ( 'NONE',  ( 1.000000000000000000, 0.000000000000000000, 0.000000000000000000 ) ) ;
#1289 = DIRECTION ( 'NONE',  ( -0.05233595624294382076, -0.9986295347545739443, -0.000000000000000000 ) ) ;
#1290 = ORIENTED_EDGE ( 'NONE', *, *, #5617, .F. ) ;
#1291 = CARTESIAN_POINT ( 'NONE',  ( -41.77446034002274189, -85.93003839333572103, -2.500000000000000000 ) ) ;
#1292 = CARTESIAN_POINT ( 'NONE',  ( 29.13097945813533585, -94.20045882762734379, 18.98731909689123398 ) ) ;
#1293 = CARTESIAN_POINT ( 'NONE',  ( -35.94324274506107741, -152.0000000000000000, 13.08227048220660649 ) ) ;
#1294 = ORIENTED_EDGE ( 'NONE', *, *, #5472, .F. ) ;
#1295 = CARTESIAN_POINT ( 'NONE',  ( -109.0212156840881192, -2.499999999999999556, 111.7500000000000000 ) ) ;
#1296 = ORIENTED_EDGE ( 'NONE', *, *, #5235, .F. ) ;
#1297 = DIRECTION ( 'NONE',  ( 0.000000000000000000, 1.000000000000000000, 0.000000000000000000 ) ) ;
#1298 = CARTESIAN_POINT ( 'NONE',  ( 91.50858216642816956, -6.799999999999973177, 87.36232969384975888 ) ) ;
#1299 = CARTESIAN_POINT ( 'NONE',  ( 72.86803346952481775, -20.10054695919355794, 72.65774687893116379 ) ) ;
#1300 = ORIENTED_EDGE ( 'NONE', *, *, #1312, .F. ) ;
#1301 = DIRECTION ( 'NONE',  ( -0.000000000000000000, -1.000000000000000000, -0.000000000000000000 ) ) ;
#1302 = ORIENTED_EDGE ( 'NONE', *, *, #1418, .F. ) ;
#1303 = CARTESIAN_POINT ( 'NONE',  ( -38.23411289587078699, -97.75896397144344974, -8.979459605809505973 ) ) ;
#1304 = VERTEX_POINT ( 'NONE', #1494 ) ;
#1305 = EDGE_LOOP ( 'NONE', ( #5120, #221 ) ) ;
#1306 = EDGE_CURVE ( 'NONE', #453, #4459, #3471, .T. ) ;
#1307 = CARTESIAN_POINT ( 'NONE',  ( -102.5000000000000000, -6.799999999999998046, 50.50000000000000000 ) ) ;
#1308 = CARTESIAN_POINT ( 'NONE',  ( 102.5000000000003411, -6.799999999999998046, -50.49999999999928946 ) ) ;
#1309 = VERTEX_POINT ( 'NONE', #2936 ) ;
#1310 = PRODUCT ( '3HR0014-02 (Combine)', '3HR0014-02 (Combine)', '', ( #1772 ) ) ;
#1311 = EDGE_CURVE ( 'NONE', #4867, #441, #4206, .T. ) ;
#1312 = EDGE_CURVE ( 'NONE', #4203, #801, #3708, .T. ) ;
#1313 = CARTESIAN_POINT ( 'NONE',  ( 47.99999999999892708, -6.799999999999998046, 102.5000000000004974 ) ) ;
#1314 = CARTESIAN_POINT ( 'NONE',  ( 102.4999999999996589, -4.299999999999999822, 48.00000000000071765 ) ) ;
#1315 = CARTESIAN_POINT ( 'NONE',  ( 2.500000000000002220, -91.11488569816499705, 19.80798429566818442 ) ) ;
#1316 = ORIENTED_EDGE ( 'NONE', *, *, #3103, .F. ) ;
#1317 = CARTESIAN_POINT ( 'NONE',  ( -0.9254921635871389274, -80.70625649903858800, 24.70641581177941859 ) ) ;
#1318 = DIRECTION ( 'NONE',  ( 0.000000000000000000, 0.000000000000000000, 1.000000000000000000 ) ) ;
#1319 = DIRECTION ( 'NONE',  ( -0.000000000000000000, -1.000000000000000000, -0.000000000000000000 ) ) ;
#1320 = ORIENTED_EDGE ( 'NONE', *, *, #2551, .T. ) ;
#1321 = CARTESIAN_POINT ( 'NONE',  ( 30.06945642159359267, -92.63265025339443071, -19.28826062823460319 ) ) ;
#1322 = CARTESIAN_POINT ( 'NONE',  ( 83.74626017908437348, -9.260547341090607176, 86.78936098891682605 ) ) ;
#1323 = DIRECTION ( 'NONE',  ( 0.000000000000000000, 0.000000000000000000, -1.000000000000000000 ) ) ;
#1324 = CARTESIAN_POINT ( 'NONE',  ( 11.59332887541343560, -152.0000000000000000, -18.37676056338029440 ) ) ;
#1325 = ORIENTED_EDGE ( 'NONE', *, *, #1731, .T. ) ;
#1326 = CARTESIAN_POINT ( 'NONE',  ( -99.75000000000000000, -6.799999999999998046, 111.7500000000000000 ) ) ;
#1327 = ORIENTED_EDGE ( 'NONE', *, *, #3173, .F. ) ;
#1328 = DIRECTION ( 'NONE',  ( -0.000000000000000000, -1.000000000000000000, -0.000000000000000000 ) ) ;
#1329 = ORIENTED_EDGE ( 'NONE', *, *, #2144, .T. ) ;
#1330 = AXIS2_PLACEMENT_3D ( 'NONE', #2610, #3418, #372 ) ;
#1331 = CARTESIAN_POINT ( 'NONE',  ( -32.48982065903726379, -86.48779094284145685, -21.82023513317223617 ) ) ;
#1332 = EDGE_LOOP ( 'NONE', ( #3052, #5001, #4435, #3498, #2691 ) ) ;
#1333 = DIRECTION ( 'NONE',  ( 1.000000000000000000, 0.000000000000000000, 3.083952846180988111E-15 ) ) ;
#1334 = DIRECTION ( 'NONE',  ( -0.000000000000000000, -1.000000000000000000, 0.000000000000000000 ) ) ;
#1335 = EDGE_CURVE ( 'NONE', #4525, #3620, #5703, .T. ) ;
#1336 = CARTESIAN_POINT ( 'NONE',  ( 39.64957412582636920, -93.02965821488604092, 1.276452536359218293 ) ) ;
#1337 = ORIENTED_EDGE ( 'NONE', *, *, #4883, .T. ) ;
#1338 = ADVANCED_FACE ( 'NONE', ( #4639 ), #2041, .F. ) ;
#1339 = DIRECTION ( 'NONE',  ( -0.000000000000000000, -1.000000000000000000, -0.000000000000000000 ) ) ;
#1340 = TOROIDAL_SURFACE ( 'NONE', #2349, 9.271215684088122799, 2.500000000000000000 ) ;
#1341 = DIRECTION ( 'NONE',  ( 1.000000000000000000, -0.000000000000000000, -0.000000000000000000 ) ) ;
#1342 = FACE_BOUND ( 'NONE', #1434, .T. ) ;
#1343 = EDGE_LOOP ( 'NONE', ( #5181, #1147, #1869, #2055 ) ) ;
#1344 = AXIS2_PLACEMENT_3D ( 'NONE', #5004, #4599, #3639 ) ;
#1345 = CARTESIAN_POINT ( 'NONE',  ( 46.81921288907011558, -72.61227958593519816, -19.67990119932181869 ) ) ;
#1346 = EDGE_CURVE ( 'NONE', #3601, #2444, #710, .T. ) ;
#1347 = VECTOR ( 'NONE', #3225, 1000.000000000000114 ) ;
#1348 = EDGE_LOOP ( 'NONE', ( #9, #1773, #2628, #4719 ) ) ;
#1349 = AXIS2_PLACEMENT_3D ( 'NONE', #5142, #2886, #4209 ) ;
#1350 = ORIENTED_EDGE ( 'NONE', *, *, #337, .F. ) ;
#1351 = CARTESIAN_POINT ( 'NONE',  ( -39.88034526078893549, -92.25861112865810298, 0.8878288730611894053 ) ) ;
#1352 = DIRECTION ( 'NONE',  ( -0.000000000000000000, 1.000000000000000000, -0.000000000000000000 ) ) ;
#1353 = CARTESIAN_POINT ( 'NONE',  ( 111.5177895209745600, -2.369160109392640212, 90.50000000000000000 ) ) ;
#1354 = DIRECTION ( 'NONE',  ( 0.000000000000000000, 0.000000000000000000, -1.000000000000000000 ) ) ;
#1355 = ADVANCED_FACE ( 'NONE', ( #188 ), #2854, .F. ) ;
#1356 = AXIS2_PLACEMENT_3D ( 'NONE', #3249, #2246, #681 ) ;
#1357 = VERTEX_POINT ( 'NONE', #827 ) ;
#1358 = ADVANCED_FACE ( 'NONE', ( #3988 ), #997, .T. ) ;
#1359 = ORIENTED_EDGE ( 'NONE', *, *, #3044, .T. ) ;
#1360 = DIRECTION ( 'NONE',  ( -0.000000000000000000, -1.000000000000000000, -0.000000000000000000 ) ) ;
#1361 = CARTESIAN_POINT ( 'NONE',  ( 102.5000000000003411, -4.000000000000000000, -50.49999999999928946 ) ) ;
#1362 = ORIENTED_EDGE ( 'NONE', *, *, #2576, .F. ) ;
#1363 = AXIS2_PLACEMENT_3D ( 'NONE', #673, #4218, #2032 ) ;
#1364 = ORIENTED_EDGE ( 'NONE', *, *, #2015, .F. ) ;
#1365 = CARTESIAN_POINT ( 'NONE',  ( -25.63262081801247660, -152.0000000000000000, 25.63262081801221015 ) ) ;
#1366 = DIRECTION ( 'NONE',  ( 0.000000000000000000, 1.000000000000000000, -0.000000000000000000 ) ) ;
#1367 = CARTESIAN_POINT ( 'NONE',  ( -40.53612236886953468, -90.08429612207210369, 10.63762474218122200 ) ) ;
#1368 = AXIS2_PLACEMENT_3D ( 'NONE', #4869, #4363, #3531 ) ;
#1369 = DIRECTION ( 'NONE',  ( 0.000000000000000000, -1.000000000000000000, -0.000000000000000000 ) ) ;
#1370 = EDGE_LOOP ( 'NONE', ( #2940, #1337, #698, #4087 ) ) ;
#1371 =( BOUNDED_CURVE ( )  B_SPLINE_CURVE ( 3, ( #4213, #5146, #1593, #1531 ),
 .UNSPECIFIED., .F., .T. ) 
 B_SPLINE_CURVE_WITH_KNOTS ( ( 4, 4 ),
 ( 3.141592653589793116, 3.677453040555021868 ),
 .UNSPECIFIED. ) 
 CURVE ( )  GEOMETRIC_REPRESENTATION_ITEM ( )  RATIONAL_B_SPLINE_CURVE ( ( 1.000000000000000000, 0.9762139426623370753, 0.9762139426623370753, 1.000000000000000000 ) ) 
 REPRESENTATION_ITEM ( '' )  );
#1372 = CARTESIAN_POINT ( 'NONE',  ( -2.500000000000003109, -84.32100839938979675, 22.91876731072916229 ) ) ;
#1373 = CARTESIAN_POINT ( 'NONE',  ( 35.94324274506098504, -161.0000000000000000, -13.08227048220685695 ) ) ;
#1374 = EDGE_CURVE ( 'NONE', #749, #4192, #1652, .T. ) ;
#1375 = DIRECTION ( 'NONE',  ( 0.000000000000000000, 0.000000000000000000, -1.000000000000000000 ) ) ;
#1376 = ORIENTED_EDGE ( 'NONE', *, *, #2222, .T. ) ;
#1377 = DIRECTION ( 'NONE',  ( 0.000000000000000000, 0.000000000000000000, -1.000000000000000000 ) ) ;
#1378 = DIRECTION ( 'NONE',  ( 0.000000000000000000, 0.000000000000000000, -1.000000000000000000 ) ) ;
#1379 = EDGE_CURVE ( 'NONE', #13, #30, #1919, .T. ) ;
#1380 = CARTESIAN_POINT ( 'NONE',  ( 64.96703223102076663, -29.14874573023291049, -62.64715494272121532 ) ) ;
#1381 = ORIENTED_EDGE ( 'NONE', *, *, #4837, .F. ) ;
#1382 = DIRECTION ( 'NONE',  ( -1.000000000000000000, 0.000000000000000000, -3.700743415417184787E-15 ) ) ;
#1383 = CARTESIAN_POINT ( 'NONE',  ( 38.71220132465204955, -96.16158616233917655, 8.996333315060571323 ) ) ;
#1384 = CYLINDRICAL_SURFACE ( 'NONE', #1076, 2.500000000000000000 ) ;
#1385 = CARTESIAN_POINT ( 'NONE',  ( -40.53612236886951337, -90.08429612207210369, 10.63762474218122200 ) ) ;
#1386 = VERTEX_POINT ( 'NONE', #4951 ) ;
#1387 = EDGE_CURVE ( 'NONE', #408, #2875, #2841, .T. ) ;
#1388 = CARTESIAN_POINT ( 'NONE',  ( -39.18734167632122478, -94.57405839911496059, -9.204465401217371223 ) ) ;
#1389 = DIRECTION ( 'NONE',  ( 1.334402673828313093E-16, -1.000000000000000000, -0.000000000000000000 ) ) ;
#1390 = ORIENTED_EDGE ( 'NONE', *, *, #3017, .F. ) ;
#1391 = ORIENTED_EDGE ( 'NONE', *, *, #4939, .F. ) ;
#1392 = EDGE_LOOP ( 'NONE', ( #5097, #2208, #3433, #2100 ) ) ;
#1393 = CARTESIAN_POINT ( 'NONE',  ( 102.4999999999996589, -6.799999999999998046, 48.00000000000071765 ) ) ;
#1394 = PLANE ( 'NONE',  #3402 ) ;
#1395 = CARTESIAN_POINT ( 'NONE',  ( -64.40551328408866993, -39.81963561879973668, 52.48069632180995825 ) ) ;
#1396 = PRODUCT_DEFINITION_CONTEXT ( 'detailed design', #1182, 'design' ) ;
#1397 = DIRECTION ( 'NONE',  ( -7.709882115452474222E-15, 0.000000000000000000, 1.000000000000000000 ) ) ;
#1398 = ORIENTED_EDGE ( 'NONE', *, *, #1774, .F. ) ;
#1399 = CARTESIAN_POINT ( 'NONE',  ( 5.184852791247432369E-13, 0.001000000000084266816, -49.50000000000000000 ) ) ;
#1400 = DIRECTION ( 'NONE',  ( -0.000000000000000000, 1.000000000000000000, -0.000000000000000000 ) ) ;
#1401 = CARTESIAN_POINT ( 'NONE',  ( 73.44544735185014872, -27.36172600915140052, -56.50776719499702949 ) ) ;
#1402 = EDGE_LOOP ( 'NONE', ( #3358, #3281, #4382, #3659 ) ) ;
#1403 = CARTESIAN_POINT ( 'NONE',  ( 67.48511938328239523, -35.39537120914546620, -48.25239832157744502 ) ) ;
#1404 = LINE ( 'NONE', #2297, #4471 ) ;
#1405 = LINE ( 'NONE', #100, #1347 ) ;
#1406 = CARTESIAN_POINT ( 'NONE',  ( -35.94324274506110584, -152.0000000000000000, 16.68227048220660791 ) ) ;
#1407 = ORIENTED_EDGE ( 'NONE', *, *, #3041, .T. ) ;
#1408 = CARTESIAN_POINT ( 'NONE',  ( 50.50000000000036238, -4.299999999999999822, -102.4999999999998153 ) ) ;
#1409 = DIRECTION ( 'NONE',  ( -0.000000000000000000, 1.000000000000000000, 0.000000000000000000 ) ) ;
#1410 = EDGE_CURVE ( 'NONE', #5364, #1250, #3383, .T. ) ;
#1411 = CARTESIAN_POINT ( 'NONE',  ( 225.8578708735395821, -147.4589380048050202, 111.7500000000000000 ) ) ;
#1412 = EDGE_CURVE ( 'NONE', #2519, #182, #2090, .T. ) ;
#1413 = EDGE_CURVE ( 'NONE', #5488, #4044, #3641, .T. ) ;
#1414 = ORIENTED_EDGE ( 'NONE', *, *, #3382, .T. ) ;
#1415 = CARTESIAN_POINT ( 'NONE',  ( -38.20518561449357975, -97.85561512333907785, -18.94870829095063058 ) ) ;
#1416 = FACE_OUTER_BOUND ( 'NONE', #19, .T. ) ;
#1417 = EDGE_LOOP ( 'NONE', ( #4031, #3311 ) ) ;
#1418 = EDGE_CURVE ( 'NONE', #1049, #2171, #1639, .T. ) ;
#1419 = EDGE_LOOP ( 'NONE', ( #1757, #5145, #4187, #1320 ) ) ;
#1420 = AXIS2_PLACEMENT_3D ( 'NONE', #5280, #934, #4056 ) ;
#1421 = CARTESIAN_POINT ( 'NONE',  ( -91.50858216642822640, -6.799999999999997158, -87.36232969384963098 ) ) ;
#1422 = FACE_BOUND ( 'NONE', #2864, .T. ) ;
#1423 = CARTESIAN_POINT ( 'NONE',  ( -89.78188764535929067, -6.799999999999997158, 89.54424924473575231 ) ) ;
#1424 = LINE ( 'NONE', #1047, #4405 ) ;
#1425 = EDGE_LOOP ( 'NONE', ( #932, #299 ) ) ;
#1426 = AXIS2_PLACEMENT_3D ( 'NONE', #193, #4888, #4005 ) ;
#1427 = COLOUR_RGB ( '',0.7921568627450980005, 0.8196078431372548767, 0.9333333333333333481 ) ;
#1428 = CARTESIAN_POINT ( 'NONE',  ( -30.06945642159673326, -92.63265025338910164, 19.28826062823594611 ) ) ;
#1429 = LINE ( 'NONE', #3184, #4967 ) ;
#1430 = ORIENTED_EDGE ( 'NONE', *, *, #4476, .F. ) ;
#1431 = CARTESIAN_POINT ( 'NONE',  ( 54.33937451277627417, -56.70911555373685786, -30.14667107550724268 ) ) ;
#1432 = LINE ( 'NONE', #2704, #2534 ) ;
#1433 = EDGE_CURVE ( 'NONE', #4598, #2395, #4515, .T. ) ;
#1434 = EDGE_LOOP ( 'NONE', ( #4941, #4102 ) ) ;
#1435 = CARTESIAN_POINT ( 'NONE',  ( 22.00000000000001421, -152.0000000000000000, 14.25059709628104443 ) ) ;
#1436 = CARTESIAN_POINT ( 'NONE',  ( -102.5000000000000000, -4.000000000000000000, 50.50000000000000000 ) ) ;
#1437 = VECTOR ( 'NONE', #2450, 1000.000000000000114 ) ;
#1438 = CARTESIAN_POINT ( 'NONE',  ( -40.53612236886951337, -90.08429612207210369, 10.63762474218123977 ) ) ;
#1439 = B_SPLINE_CURVE_WITH_KNOTS ( 'NONE', 3,
 ( #1028, #3600, #5372, #4501 ),
 .UNSPECIFIED., .F., .F.,
 ( 4, 4 ),
 ( 0.000000000000000000, 0.001846378940253264652 ),
 .UNSPECIFIED. ) ;
#1440 = DIRECTION ( 'NONE',  ( 0.000000000000000000, 1.000000000000000000, 0.000000000000000000 ) ) ;
#1441 = CARTESIAN_POINT ( 'NONE',  ( -29.13208362042030686, -94.19861422711915111, -18.98733858210787773 ) ) ;
#1442 = ORIENTED_EDGE ( 'NONE', *, *, #4979, .F. ) ;
#1443 = AXIS2_PLACEMENT_3D ( 'NONE', #5058, #3370, #1528 ) ;
#1444 = FACE_OUTER_BOUND ( 'NONE', #4466, .T. ) ;
#1445 = ORIENTED_EDGE ( 'NONE', *, *, #984, .T. ) ;
#1446 = CARTESIAN_POINT ( 'NONE',  ( -17.69323320990202930, -152.0000000000000000, -18.37676056338028729 ) ) ;
#1447 = EDGE_CURVE ( 'NONE', #4855, #1856, #5420, .T. ) ;
#1448 = AXIS2_PLACEMENT_3D ( 'NONE', #2467, #4233, #293 ) ;
#1449 = CIRCLE ( 'NONE', #705, 3.750000000000003553 ) ;
#1450 = ORIENTED_EDGE ( 'NONE', *, *, #2240, .T. ) ;
#1451 = CARTESIAN_POINT ( 'NONE',  ( -30.06945642159671550, -90.16236946536911034, -9.598177407316791587 ) ) ;
#1452 = FACE_BOUND ( 'NONE', #903, .T. ) ;
#1453 = CARTESIAN_POINT ( 'NONE',  ( -61.13807158965405364, -34.02396826388997653, 57.84882130749329576 ) ) ;
#1454 = EDGE_CURVE ( 'NONE', #1019, #5115, #4541, .T. ) ;
#1455 = FACE_OUTER_BOUND ( 'NONE', #1074, .T. ) ;
#1456 = ORIENTED_EDGE ( 'NONE', *, *, #2504, .F. ) ;
#1457 = CIRCLE ( 'NONE', #1735, 9.271215684088119247 ) ;
#1458 = CIRCLE ( 'NONE', #1737, 9.999999999999998224 ) ;
#1459 = AXIS2_PLACEMENT_3D ( 'NONE', #10, #765, #1676 ) ;
#1460 = CIRCLE ( 'NONE', #995, 3.750000000000003553 ) ;
#1461 = CARTESIAN_POINT ( 'NONE',  ( 5.184852791247432369E-13, -161.0000000000000000, -49.50000000000000000 ) ) ;
#1462 = CARTESIAN_POINT ( 'NONE',  ( 58.48648261175449647, -37.57063411240426376, -54.53707903935367796 ) ) ;
#1463 = ORIENTED_EDGE ( 'NONE', *, *, #781, .T. ) ;
#1464 = DIRECTION ( 'NONE',  ( -0.000000000000000000, -1.000000000000000000, -0.000000000000000000 ) ) ;
#1465 = CARTESIAN_POINT ( 'NONE',  ( 35.94324274506098504, -152.0000000000000000, -9.482270482206855533 ) ) ;
#1466 = AXIS2_PLACEMENT_3D ( 'NONE', #2139, #1222, #5299 ) ;
#1467 = EDGE_CURVE ( 'NONE', #2562, #662, #4601, .T. ) ;
#1468 = DIRECTION ( 'NONE',  ( -1.000000000000000000, -1.445602896647339656E-16, 0.000000000000000000 ) ) ;
#1469 = EDGE_CURVE ( 'NONE', #4192, #3881, #2603, .T. ) ;
#1470 = CARTESIAN_POINT ( 'NONE',  ( 39.59896361185666791, -69.23436064747053820, -30.95451261882950078 ) ) ;
#1471 = VERTEX_POINT ( 'NONE', #4183 ) ;
#1472 = LINE ( 'NONE', #152, #983 ) ;
#1473 = EDGE_LOOP ( 'NONE', ( #1066, #3435, #4431, #948 ) ) ;
#1474 = DIRECTION ( 'NONE',  ( 0.000000000000000000, 1.000000000000000000, 0.000000000000000000 ) ) ;
#1475 = DIRECTION ( 'NONE',  ( -1.000000000000000000, 0.000000000000000000, -1.040834085586085834E-14 ) ) ;
#1476 = DIRECTION ( 'NONE',  ( -0.000000000000000000, -1.000000000000000000, -0.000000000000000000 ) ) ;
#1477 = ORIENTED_EDGE ( 'NONE', *, *, #2229, .T. ) ;
#1478 = DIRECTION ( 'NONE',  ( 0.9580117704232797848, -0.2867288749506286538, 0.000000000000000000 ) ) ;
#1479 = VERTEX_POINT ( 'NONE', #2031 ) ;
#1480 = ORIENTED_EDGE ( 'NONE', *, *, #4618, .T. ) ;
#1481 = LINE ( 'NONE', #1393, #2078 ) ;
#1482 = DIRECTION ( 'NONE',  ( 1.053562311520293766E-14, 1.110223024625157014E-14, 1.000000000000000000 ) ) ;
#1483 = DIRECTION ( 'NONE',  ( -0.000000000000000000, -1.000000000000000000, -0.000000000000000000 ) ) ;
#1484 = CARTESIAN_POINT ( 'NONE',  ( 2.500000000000000000, -151.9999999999999716, 28.34123169520965035 ) ) ;
#1485 = ORIENTED_EDGE ( 'NONE', *, *, #4795, .F. ) ;
#1486 = EDGE_CURVE ( 'NONE', #4072, #238, #2892, .T. ) ;
#1487 = LINE ( 'NONE', #5010, #4133 ) ;
#1488 = CARTESIAN_POINT ( 'NONE',  ( 68.24161336366860553, -25.26426350326276093, -66.77383646175489673 ) ) ;
#1489 = VERTEX_POINT ( 'NONE', #1217 ) ;
#1490 = CARTESIAN_POINT ( 'NONE',  ( 2.500000000000000000, -151.9999999999999716, 28.34123169520965035 ) ) ;
#1491 = DIRECTION ( 'NONE',  ( 0.9580117704232797848, 0.2867288749506286538, 0.000000000000000000 ) ) ;
#1492 = FACE_BOUND ( 'NONE', #1119, .T. ) ;
#1493 = CARTESIAN_POINT ( 'NONE',  ( -2.500000000000002220, -152.0000000000000000, 18.37676056338025887 ) ) ;
#1494 = CARTESIAN_POINT ( 'NONE',  ( 45.99999999999892708, 0.000000000000000000, 102.5000000000004832 ) ) ;
#1495 = ORIENTED_EDGE ( 'NONE', *, *, #1678, .F. ) ;
#1496 = LINE ( 'NONE', #4092, #451 ) ;
#1497 = VERTEX_POINT ( 'NONE', #5091 ) ;
#1498 = CARTESIAN_POINT ( 'NONE',  ( -50.49999999999964473, -6.799999999999998046, -102.5000000000001705 ) ) ;
#1499 = DIRECTION ( 'NONE',  ( -0.000000000000000000, 0.01056279097359804145, 0.9999442121672829087 ) ) ;
#1500 = DIRECTION ( 'NONE',  ( -1.000000000000000000, 0.000000000000000000, -1.110223024625155436E-14 ) ) ;
#1501 = CARTESIAN_POINT ( 'NONE',  ( -17.69323320990201509, -151.9999999999999716, 18.37676056338024821 ) ) ;
#1502 = ORIENTED_EDGE ( 'NONE', *, *, #2112, .F. ) ;
#1503 = FACE_OUTER_BOUND ( 'NONE', #901, .T. ) ;
#1504 = DIRECTION ( 'NONE',  ( 0.000000000000000000, -1.000000000000000000, 0.000000000000000000 ) ) ;
#1505 = CARTESIAN_POINT ( 'NONE',  ( 25.63262081801230252, -161.0000000000000000, 25.63262081801238423 ) ) ;
#1506 = CARTESIAN_POINT ( 'NONE',  ( 50.49999999999892708, -6.799999999999998046, 102.5000000000005258 ) ) ;
#1507 = CARTESIAN_POINT ( 'NONE',  ( 22.00000000000001776, -152.0000000000000000, -8.406490915367006878 ) ) ;
#1508 = EDGE_LOOP ( 'NONE', ( #694, #2885, #2389, #926 ) ) ;
#1509 = CIRCLE ( 'NONE', #4647, 4.500000000000003553 ) ;
#1510 = EDGE_CURVE ( 'NONE', #2043, #3524, #4057, .T. ) ;
#1511 = CARTESIAN_POINT ( 'NONE',  ( 34.17820011960252913, -81.92619952624501423, 24.02260359344717244 ) ) ;
#1512 = ADVANCED_FACE ( 'NONE', ( #3779 ), #5176, .T. ) ;
#1513 = VECTOR ( 'NONE', #5525, 1000.000000000000000 ) ;
#1514 = CARTESIAN_POINT ( 'NONE',  ( 81.86079789916631455, -11.01917745708069063, -84.30489303035265891 ) ) ;
#1515 = ORIENTED_EDGE ( 'NONE', *, *, #1153, .F. ) ;
#1516 = LINE ( 'NONE', #4193, #994 ) ;
#1517 = FACE_OUTER_BOUND ( 'NONE', #5318, .T. ) ;
#1518 = CIRCLE ( 'NONE', #2342, 9.999999999999998224 ) ;
#1519 = DIRECTION ( 'NONE',  ( -0.000000000000000000, -1.000000000000000000, -0.000000000000000000 ) ) ;
#1520 = DIRECTION ( 'NONE',  ( -0.000000000000000000, -1.000000000000000000, -0.000000000000000000 ) ) ;
#1521 = CARTESIAN_POINT ( 'NONE',  ( -102.5000000000000000, -6.799999999999998046, -50.50000000000000000 ) ) ;
#1522 = EDGE_LOOP ( 'NONE', ( #946, #2816, #3895, #999 ) ) ;
#1523 = FACE_OUTER_BOUND ( 'NONE', #4704, .T. ) ;
#1524 = CIRCLE ( 'NONE', #3459, 3.750000000000003553 ) ;
#1525 = CARTESIAN_POINT ( 'NONE',  ( 86.94846887322971440, -6.799999999999974065, 90.50000000000005684 ) ) ;
#1526 = AXIS2_PLACEMENT_3D ( 'NONE', #2224, #3037, #4808 ) ;
#1527 = CIRCLE ( 'NONE', #5581, 2.500000000000002220 ) ;
#1528 = DIRECTION ( 'NONE',  ( 1.000000000000000000, 0.000000000000000000, 3.965082230804130614E-15 ) ) ;
#1529 = CARTESIAN_POINT ( 'NONE',  ( 25.63262081801229542, -161.0000000000000000, -25.63262081801239134 ) ) ;
#1530 = ORIENTED_EDGE ( 'NONE', *, *, #1917, .T. ) ;
#1531 = CARTESIAN_POINT ( 'NONE',  ( 39.64957412582636920, -93.02965821488604092, -1.276452536359218293 ) ) ;
#1532 = AXIS2_PLACEMENT_3D ( 'NONE', #559, #2279, #3260 ) ;
#1533 = AXIS2_PLACEMENT_3D ( 'NONE', #5426, #5456, #312 ) ;
#1534 = EDGE_CURVE ( 'NONE', #2598, #871, #780, .T. ) ;
#1535 = CYLINDRICAL_SURFACE ( 'NONE', #4959, 3.750000000000003553 ) ;
#1536 = AXIS2_PLACEMENT_3D ( 'NONE', #4911, #3137, #4440 ) ;
#1537 = AXIS2_PLACEMENT_3D ( 'NONE', #3512, #911, #62 ) ;
#1538 = DIRECTION ( 'NONE',  ( -0.2867141939519912697, 0.9579627186160623031, -0.01011932449242294689 ) ) ;
#1539 = DIRECTION ( 'NONE',  ( 1.000000000000000000, 0.000000000000000000, 5.551115123125777969E-15 ) ) ;
#1540 = CARTESIAN_POINT ( 'NONE',  ( -30.67883575869417001, -91.60685003798903381, -19.59403673090436371 ) ) ;
#1541 = ORIENTED_EDGE ( 'NONE', *, *, #4060, .T. ) ;
#1542 = CIRCLE ( 'NONE', #3745, 3.750000000000003553 ) ;
#1543 = ORIENTED_EDGE ( 'NONE', *, *, #2959, .T. ) ;
#1544 = CARTESIAN_POINT ( 'NONE',  ( 86.32653138521186520, -12.57126252831810653, 82.14908465877795152 ) ) ;
#1545 = CIRCLE ( 'NONE', #1923, 2.999999999999999112 ) ;
#1546 = CIRCLE ( 'NONE', #3384, 10.00000000000000178 ) ;
#1547 = CARTESIAN_POINT ( 'NONE',  ( 2.500000000000006217, -84.32100417296423700, 22.91876933245994152 ) ) ;
#1548 = ORIENTED_EDGE ( 'NONE', *, *, #457, .T. ) ;
#1549 = LINE ( 'NONE', #657, #2933 ) ;
#1550 = CARTESIAN_POINT ( 'NONE',  ( -39.66692771826055264, -92.97102478592969987, 111.7500000000000000 ) ) ;
#1551 = AXIS2_PLACEMENT_3D ( 'NONE', #2618, #1174, #5596 ) ;
#1552 = EDGE_CURVE ( 'NONE', #1741, #1049, #1168, .T. ) ;
#1553 = FACE_BOUND ( 'NONE', #35, .T. ) ;
#1554 = CARTESIAN_POINT ( 'NONE',  ( -102.5000000000000000, 0.000000000000000000, -50.50000000000000000 ) ) ;
#1555 = CARTESIAN_POINT ( 'NONE',  ( 111.7500000000000000, -152.0000000000000000, -18.37676056338029440 ) ) ;
#1556 = VERTEX_POINT ( 'NONE', #366 ) ;
#1557 = CARTESIAN_POINT ( 'NONE',  ( -37.50000000000000000, -152.0000000000000000, 2.500000000000000000 ) ) ;
#1558 = AXIS2_PLACEMENT_3D ( 'NONE', #2343, #3220, #4573 ) ;
#1559 = CARTESIAN_POINT ( 'NONE',  ( -102.5000000000000000, -6.799999999999998046, 46.75000000000000000 ) ) ;
#1560 =( BOUNDED_CURVE ( )  B_SPLINE_CURVE ( 3, ( #931, #2725, #4482, #3589 ),
 .UNSPECIFIED., .F., .T. ) 
 B_SPLINE_CURVE_WITH_KNOTS ( ( 4, 4 ),
 ( 2.605732266627056148, 3.141592653589793116 ),
 .UNSPECIFIED. ) 
 CURVE ( )  GEOMETRIC_REPRESENTATION_ITEM ( )  RATIONAL_B_SPLINE_CURVE ( ( 1.000000000000000000, 0.9762139426625570104, 0.9762139426625570104, 1.000000000000000000 ) ) 
 REPRESENTATION_ITEM ( '' )  );
#1561 = ADVANCED_FACE ( 'NONE', ( #2481 ), #1188, .T. ) ;
#1562 = EDGE_CURVE ( 'NONE', #3329, #3969, #3933, .T. ) ;
#1563 = CARTESIAN_POINT ( 'NONE',  ( 35.94324274506098504, -161.0000000000000000, -9.482270482206855533 ) ) ;
#1564 = B_SPLINE_CURVE_WITH_KNOTS ( 'NONE', 3,
 ( #3812, #2461, #3357, #5556, #3844, #2874, #5180, #1161, #4697, #5073, #731, #3415, #4662, #702, #287, #2036, #1547, #2059 ),
 .UNSPECIFIED., .F., .F.,
 ( 4, 2, 2, 2, 2, 2, 2, 2, 4 ),
 ( 0.000000000000000000, 0.0003712449286262905135, 0.0007424898572525810269, 0.001484979714505162054, 0.002227469571757743298, 0.002969959429010324108, 0.003712449286262905351, 0.004454939143515486595, 0.005939918858020643011 ),
 .UNSPECIFIED. ) ;
#1565 = VERTEX_POINT ( 'NONE', #1686 ) ;
#1566 = CARTESIAN_POINT ( 'NONE',  ( -89.68087282548225403, -9.240339850845030512, -79.56526287328166802 ) ) ;
#1567 = EDGE_CURVE ( 'NONE', #5190, #5404, #4680, .T. ) ;
#1568 = ORIENTED_EDGE ( 'NONE', *, *, #621, .T. ) ;
#1569 = CARTESIAN_POINT ( 'NONE',  ( 102.5000000000003126, -4.000000000000000000, -45.99999999999928235 ) ) ;
#1570 = CARTESIAN_POINT ( 'NONE',  ( -55.54466297214088399, -41.69721263326484006, 50.87048412830794319 ) ) ;
#1571 = DIRECTION ( 'NONE',  ( 0.000000000000000000, 0.000000000000000000, -1.000000000000000000 ) ) ;
#1572 = ORIENTED_EDGE ( 'NONE', *, *, #3606, .T. ) ;
#1573 = EDGE_CURVE ( 'NONE', #839, #3623, #5336, .T. ) ;
#1574 = VERTEX_POINT ( 'NONE', #1796 ) ;
#1575 = EDGE_LOOP ( 'NONE', ( #1414, #1568, #847, #2202 ) ) ;
#1576 = CARTESIAN_POINT ( 'NONE',  ( 48.84202182295955197, -67.94889226486594680, 22.51649308448364550 ) ) ;
#1577 = CARTESIAN_POINT ( 'NONE',  ( 102.5000000000003411, 0.000000000000000000, -50.49999999999928946 ) ) ;
#1578 = ORIENTED_EDGE ( 'NONE', *, *, #1813, .T. ) ;
#1579 = DIRECTION ( 'NONE',  ( 0.000000000000000000, -1.000000000000000000, 0.000000000000000000 ) ) ;
#1580 = CARTESIAN_POINT ( 'NONE',  ( -32.50589037617517363, -86.43842968748154476, -21.84170156787705963 ) ) ;
#1581 = DIRECTION ( 'NONE',  ( 1.000000000000000000, 0.000000000000000000, 3.491483361109382066E-15 ) ) ;
#1582 = DIRECTION ( 'NONE',  ( -1.000000000000000000, 0.000000000000000000, -5.551115123125777969E-15 ) ) ;
#1583 = DIRECTION ( 'NONE',  ( 1.000000000000000000, 1.474128571797522189E-16, 0.000000000000000000 ) ) ;
#1584 = ORIENTED_EDGE ( 'NONE', *, *, #2687, .F. ) ;
#1585 = DIRECTION ( 'NONE',  ( -0.000000000000000000, -0.000000000000000000, -1.000000000000000000 ) ) ;
#1586 = CARTESIAN_POINT ( 'NONE',  ( -50.49999999999964473, -6.799999999999998046, -102.5000000000001705 ) ) ;
#1587 = CYLINDRICAL_SURFACE ( 'NONE', #4948, 9.999999999999998224 ) ;
#1588 = EDGE_CURVE ( 'NONE', #862, #716, #3570, .T. ) ;
#1589 =( BOUNDED_CURVE ( )  B_SPLINE_CURVE ( 3, ( #5649, #3991, #427, #31 ),
 .UNSPECIFIED., .F., .T. ) 
 B_SPLINE_CURVE_WITH_KNOTS ( ( 4, 4 ),
 ( 4.722951967787742511, 4.962001059001408976 ),
 .UNSPECIFIED. ) 
 CURVE ( )  GEOMETRIC_REPRESENTATION_ITEM ( )  RATIONAL_B_SPLINE_CURVE ( ( 1.000000000000000000, 0.9952436275539892074, 0.9952436275539892074, 1.000000000000000000 ) ) 
 REPRESENTATION_ITEM ( '' )  );
#1590 = EDGE_CURVE ( 'NONE', #30, #2890, #4305, .T. ) ;
#1591 = ADVANCED_FACE ( 'NONE', ( #2135 ), #1078, .T. ) ;
#1592 = ORIENTED_EDGE ( 'NONE', *, *, #5410, .T. ) ;
#1593 = CARTESIAN_POINT ( 'NONE',  ( 39.88034526078782704, -92.25861112866182623, -0.8878288730652700300 ) ) ;
#1594 = EDGE_LOOP ( 'NONE', ( #2259, #3769, #4161, #3495 ) ) ;
#1595 = ORIENTED_EDGE ( 'NONE', *, *, #5693, .F. ) ;
#1596 = DIRECTION ( 'NONE',  ( 0.000000000000000000, 0.000000000000000000, -1.000000000000000000 ) ) ;
#1597 = CARTESIAN_POINT ( 'NONE',  ( -30.98345492017519476, -91.11488569816499705, 19.80798429566818442 ) ) ;
#1598 = EDGE_CURVE ( 'NONE', #5471, #3940, #4299, .T. ) ;
#1599 = CARTESIAN_POINT ( 'NONE',  ( -39.20030347947360383, -94.52391874226790947, -18.66625222855660127 ) ) ;
#1600 = ORIENTED_EDGE ( 'NONE', *, *, #1208, .F. ) ;
#1601 = ORIENTED_EDGE ( 'NONE', *, *, #4214, .T. ) ;
#1602 = ORIENTED_EDGE ( 'NONE', *, *, #4589, .T. ) ;
#1603 = CARTESIAN_POINT ( 'NONE',  ( 43.81626247656627982, -60.81617806448605990, 36.25966426997649705 ) ) ;
#1604 = CARTESIAN_POINT ( 'NONE',  ( -102.5000000000000000, -4.000000000000000000, -46.75000000000000000 ) ) ;
#1605 = ORIENTED_EDGE ( 'NONE', *, *, #775, .F. ) ;
#1606 = LINE ( 'NONE', #5158, #1237 ) ;
#1607 = CARTESIAN_POINT ( 'NONE',  ( -63.81956617389234054, -40.70353209770876646, -51.70231937805203870 ) ) ;
#1608 = CARTESIAN_POINT ( 'NONE',  ( -111.7500000000000000, -2.500000000000000000, -109.0212156840881335 ) ) ;
#1609 = CARTESIAN_POINT ( 'NONE',  ( 46.81921288907012269, -72.61227958593514131, 19.67990119932181514 ) ) ;
#1610 = CARTESIAN_POINT ( 'NONE',  ( -102.5000000000000000, -4.000000000000000000, 50.50000000000000000 ) ) ;
#1611 = EDGE_LOOP ( 'NONE', ( #336, #5163, #4564, #4275 ) ) ;
#1612 = EDGE_CURVE ( 'NONE', #3783, #4320, #4360, .T. ) ;
#1613 = CARTESIAN_POINT ( 'NONE',  ( -99.75000000000000000, 0.000000000000000000, -99.75000000000001421 ) ) ;
#1614 = DIRECTION ( 'NONE',  ( 0.000000000000000000, 1.000000000000000000, 0.000000000000000000 ) ) ;
#1615 = LINE ( 'NONE', #4175, #4860 ) ;
#1616 = AXIS2_PLACEMENT_3D ( 'NONE', #2391, #1063, #2909 ) ;
#1617 = ORIENTED_EDGE ( 'NONE', *, *, #3689, .T. ) ;
#1618 = DIRECTION ( 'NONE',  ( 0.000000000000000000, 0.000000000000000000, 1.000000000000000000 ) ) ;
#1619 = EDGE_CURVE ( 'NONE', #4894, #4011, #802, .T. ) ;
#1620 = FACE_OUTER_BOUND ( 'NONE', #21, .T. ) ;
#1621 = CARTESIAN_POINT ( 'NONE',  ( -39.59896361185671054, -69.23436064747049556, 30.95451261882950789 ) ) ;
#1622 = VECTOR ( 'NONE', #1968, 1000.000000000000000 ) ;
#1623 = AXIS2_PLACEMENT_3D ( 'NONE', #1955, #1519, #2385 ) ;
#1624 = LINE ( 'NONE', #2453, #2377 ) ;
#1625 = ORIENTED_EDGE ( 'NONE', *, *, #916, .T. ) ;
#1626 = CIRCLE ( 'NONE', #1995, 61.10000000000000853 ) ;
#1627 = AXIS2_PLACEMENT_3D ( 'NONE', #3602, #41, #4825 ) ;
#1628 = AXIS2_PLACEMENT_3D ( 'NONE', #659, #3789, #3732 ) ;
#1629 = EDGE_CURVE ( 'NONE', #3955, #5437, #1133, .T. ) ;
#1630 = ORIENTED_EDGE ( 'NONE', *, *, #4487, .F. ) ;
#1631 = CARTESIAN_POINT ( 'NONE',  ( 58.48838872838098268, -37.56803254659737945, 54.53945733653903716 ) ) ;
#1632 = CARTESIAN_POINT ( 'NONE',  ( 99.74999999999995737, -2.369160109392641100, -111.5177895209745600 ) ) ;
#1633 = ORIENTED_EDGE ( 'NONE', *, *, #5275, .T. ) ;
#1634 = CARTESIAN_POINT ( 'NONE',  ( -40.53612236886953468, -90.08429612207214632, -10.63762474218124687 ) ) ;
#1635 = CARTESIAN_POINT ( 'NONE',  ( -62.08136063795387827, -43.38933234292716890, -49.39455938464185891 ) ) ;
#1636 = AXIS2_PLACEMENT_3D ( 'NONE', #4016, #1688, #3439 ) ;
#1637 = EDGE_CURVE ( 'NONE', #512, #3424, #3476, .T. ) ;
#1638 = ADVANCED_FACE ( 'NONE', ( #1711 ), #3468, .F. ) ;
#1639 = CIRCLE ( 'NONE', #5604, 9.999999999999998224 ) ;
#1640 = AXIS2_PLACEMENT_3D ( 'NONE', #488, #4870, #2580 ) ;
#1641 = CARTESIAN_POINT ( 'NONE',  ( -49.50000000000000000, -152.0000000000000000, -3.456568527498288751E-13 ) ) ;
#1642 = CARTESIAN_POINT ( 'NONE',  ( -62.65511876698550964, -42.49198050152726580, 50.15610172316999638 ) ) ;
#1643 = VERTEX_POINT ( 'NONE', #3088 ) ;
#1644 = DIRECTION ( 'NONE',  ( -0.000000000000000000, -1.000000000000000000, 0.000000000000000000 ) ) ;
#1645 = ORIENTED_EDGE ( 'NONE', *, *, #5230, .T. ) ;
#1646 = DIRECTION ( 'NONE',  ( -1.000000000000000000, 0.000000000000000000, -1.156482317317871133E-14 ) ) ;
#1647 = EDGE_CURVE ( 'NONE', #4970, #4447, #816, .T. ) ;
#1648 =( NAMED_UNIT ( * ) SI_UNIT ( $, .STERADIAN. ) SOLID_ANGLE_UNIT ( ) );
#1649 = CIRCLE ( 'NONE', #4966, 9.999999999999998224 ) ;
#1650 = CIRCLE ( 'NONE', #2378, 9.271215684088119247 ) ;
#1651 = FACE_OUTER_BOUND ( 'NONE', #2786, .T. ) ;
#1652 = B_SPLINE_CURVE_WITH_KNOTS ( 'NONE', 3,
 ( #3699, #1046, #1859, #3721, #4481, #1946, #591, #225, #988, #2784, #1423, #2338, #4105, #4982, #4053, #2399, #4137, #5469 ),
 .UNSPECIFIED., .F., .F.,
 ( 4, 2, 2, 2, 2, 2, 2, 2, 4 ),
 ( 0.000000000000000000, 0.002580102549218062872, 0.003870153823827078912, 0.005160205098436095386, 0.006450256373045111860, 0.007095282010349620097, 0.007740307647654126599, 0.009030358922263163890, 0.01032041019687219945 ),
 .UNSPECIFIED. ) ;
#1653 = EDGE_LOOP ( 'NONE', ( #1660, #1993 ) ) ;
#1654 = VECTOR ( 'NONE', #1050, 1000.000000000000000 ) ;
#1655 = CARTESIAN_POINT ( 'NONE',  ( 111.7500000000000000, -6.799999999999972289, 90.50000000000000000 ) ) ;
#1656 = CARTESIAN_POINT ( 'NONE',  ( 30.06945642159358201, -90.16236946537975427, -9.598177407314077314 ) ) ;
#1657 = ORIENTED_EDGE ( 'NONE', *, *, #4061, .F. ) ;
#1658 = DIRECTION ( 'NONE',  ( 5.551115123125777969E-15, 0.000000000000000000, -1.000000000000000000 ) ) ;
#1659 = CIRCLE ( 'NONE', #5418, 2.999999999999999112 ) ;
#1660 = ORIENTED_EDGE ( 'NONE', *, *, #3134, .T. ) ;
#1661 = ORIENTED_EDGE ( 'NONE', *, *, #3086, .F. ) ;
#1662 = DIRECTION ( 'NONE',  ( 0.000000000000000000, 1.000000000000000000, 0.000000000000000000 ) ) ;
#1663 = CARTESIAN_POINT ( 'NONE',  ( 89.41872027885101204, -6.799999999999974953, -89.78011564968659286 ) ) ;
#1664 = LINE ( 'NONE', #4160, #632 ) ;
#1665 = ORIENTED_EDGE ( 'NONE', *, *, #3903, .F. ) ;
#1666 = EDGE_LOOP ( 'NONE', ( #2117, #5577 ) ) ;
#1667 = CARTESIAN_POINT ( 'NONE',  ( 0.000000000000000000, -151.9999999999999716, -30.85000000000002274 ) ) ;
#1668 = DIRECTION ( 'NONE',  ( -0.000000000000000000, -0.9999442121672829087, 0.01056279097359810390 ) ) ;
#1669 = ORIENTED_EDGE ( 'NONE', *, *, #5617, .T. ) ;
#1670 = CARTESIAN_POINT ( 'NONE',  ( -25.63262081801212489, 0.001000000000084266816, -25.63262081801256187 ) ) ;
#1671 = CARTESIAN_POINT ( 'NONE',  ( -52.73987073132395409, -59.78558848840672368, -27.93732945742992868 ) ) ;
#1672 = LINE ( 'NONE', #5104, #4386 ) ;
#1673 = CARTESIAN_POINT ( 'NONE',  ( -81.11214234150816083, -18.17805726715714698, 74.94017401351059959 ) ) ;
#1674 = CARTESIAN_POINT ( 'NONE',  ( 13.08227048220673261, -161.0000000000000000, 35.94324274506103478 ) ) ;
#1675 = ORIENTED_EDGE ( 'NONE', *, *, #3367, .F. ) ;
#1676 = DIRECTION ( 'NONE',  ( -1.000000000000000000, 0.000000000000000000, -9.637352644315591989E-15 ) ) ;
#1677 = DIRECTION ( 'NONE',  ( -0.000000000000000000, 1.000000000000000000, -0.000000000000000000 ) ) ;
#1678 = EDGE_CURVE ( 'NONE', #3486, #1357, #1779, .T. ) ;
#1679 = DIRECTION ( 'NONE',  ( -1.000000000000000000, -0.000000000000000000, -0.000000000000000000 ) ) ;
#1680 = LINE ( 'NONE', #4766, #194 ) ;
#1681 = DIRECTION ( 'NONE',  ( 0.2728184791566449774, 0.9322495016523838496, -0.2376571987117944984 ) ) ;
#1682 = ORIENTED_EDGE ( 'NONE', *, *, #5063, .T. ) ;
#1683 = CARTESIAN_POINT ( 'NONE',  ( -38.46170396448003004, -96.99854204802173285, 18.73250812893518713 ) ) ;
#1684 = ORIENTED_EDGE ( 'NONE', *, *, #1885, .F. ) ;
#1685 = DIRECTION ( 'NONE',  ( 0.000000000000000000, 0.000000000000000000, 1.000000000000000000 ) ) ;
#1686 = CARTESIAN_POINT ( 'NONE',  ( -54.24999999999964473, -4.299999999999999822, -102.5000000000001847 ) ) ;
#1687 = VERTEX_POINT ( 'NONE', #900 ) ;
#1688 = DIRECTION ( 'NONE',  ( 0.000000000000000000, -1.000000000000000000, 0.000000000000000000 ) ) ;
#1689 = LINE ( 'NONE', #2635, #2565 ) ;
#1690 = CARTESIAN_POINT ( 'NONE',  ( -111.5177895209745600, -2.369160109392640212, 111.7500000000000000 ) ) ;
#1691 = ORIENTED_EDGE ( 'NONE', *, *, #4097, .T. ) ;
#1692 = DIRECTION ( 'NONE',  ( -1.000000000000000000, -0.000000000000000000, -0.000000000000000000 ) ) ;
#1693 = CARTESIAN_POINT ( 'NONE',  ( -66.69277510804315057, -36.53744297049090051, -47.15937989853947698 ) ) ;
#1694 = ADVANCED_FACE ( 'NONE', ( #3920 ), #4129, .F. ) ;
#1695 = CARTESIAN_POINT ( 'NONE',  ( 2.500000000000002220, -94.99730313167307827, 18.97890172748231663 ) ) ;
#1696 = CARTESIAN_POINT ( 'NONE',  ( -52.89120517481475048, -45.54306818727596351, 47.56650900442750896 ) ) ;
#1697 = ORIENTED_EDGE ( 'NONE', *, *, #5477, .F. ) ;
#1698 = CARTESIAN_POINT ( 'NONE',  ( 40.00000000000000000, -91.85882352941172257, 0.000000000000000000 ) ) ;
#1699 = ORIENTED_EDGE ( 'NONE', *, *, #2932, .T. ) ;
#1700 = CYLINDRICAL_SURFACE ( 'NONE', #2012, 3.750000000000003553 ) ;
#1701 = CARTESIAN_POINT ( 'NONE',  ( 92.24999999999998579, -6.799999999999972289, 84.22372036179602617 ) ) ;
#1702 = EDGE_CURVE ( 'NONE', #4741, #4531, #1920, .T. ) ;
#1703 = CARTESIAN_POINT ( 'NONE',  ( 39.66692771825763941, -92.97102478593983221, 9.598177407314057774 ) ) ;
#1704 = LINE ( 'NONE', #1655, #978 ) ;
#1705 = CARTESIAN_POINT ( 'NONE',  ( -37.50000000000000000, -100.2117647058823025, -2.500000000000000000 ) ) ;
#1706 = VERTEX_POINT ( 'NONE', #3609 ) ;
#1707 = FACE_OUTER_BOUND ( 'NONE', #2115, .T. ) ;
#1708 = VERTEX_POINT ( 'NONE', #4075 ) ;
#1709 = ORIENTED_EDGE ( 'NONE', *, *, #1954, .F. ) ;
#1710 = DIRECTION ( 'NONE',  ( 0.000000000000000000, 1.000000000000000000, 0.000000000000000000 ) ) ;
#1711 = FACE_OUTER_BOUND ( 'NONE', #576, .T. ) ;
#1712 = VERTEX_POINT ( 'NONE', #2780 ) ;
#1713 = AXIS2_PLACEMENT_3D ( 'NONE', #3058, #807, #4295 ) ;
#1714 = EDGE_CURVE ( 'NONE', #4320, #1687, #3584, .T. ) ;
#1715 = CARTESIAN_POINT ( 'NONE',  ( -102.5000000000000000, -4.000000000000000000, -54.25000000000000711 ) ) ;
#1716 = VECTOR ( 'NONE', #4526, 1000.000000000000000 ) ;
#1717 = DIRECTION ( 'NONE',  ( 0.000000000000000000, 1.000000000000000000, 0.000000000000000000 ) ) ;
#1718 = PLANE ( 'NONE',  #1914 ) ;
#1719 = EDGE_LOOP ( 'NONE', ( #5687, #4345 ) ) ;
#1720 = CARTESIAN_POINT ( 'NONE',  ( 40.53612236886954179, -90.08429612207214632, -10.63762474218123621 ) ) ;
#1721 = CARTESIAN_POINT ( 'NONE',  ( -91.63674228833374968, -7.340882853490574789, -89.66019470651977485 ) ) ;
#1722 = AXIS2_PLACEMENT_3D ( 'NONE', #974, #5436, #5000 ) ;
#1723 = AXIS2_PLACEMENT_3D ( 'NONE', #1373, #826, #2674 ) ;
#1724 = CARTESIAN_POINT ( 'NONE',  ( 99.75000000000000000, 0.000000000000000000, -99.75000000000000000 ) ) ;
#1725 = AXIS2_PLACEMENT_3D ( 'NONE', #1554, #1520, #739 ) ;
#1726 = CIRCLE ( 'NONE', #1627, 9.999999999999996447 ) ;
#1727 = FACE_OUTER_BOUND ( 'NONE', #829, .T. ) ;
#1728 = EDGE_LOOP ( 'NONE', ( #1329, #2906, #2646, #1892, #2717, #3145, #310, #1617 ) ) ;
#1729 = DIRECTION ( 'NONE',  ( -0.2728184791566625189, 0.9322495016522489575, 0.2376571987123031748 ) ) ;
#1730 = DIRECTION ( 'NONE',  ( -1.000000000000000000, 0.000000000000000000, 2.409338161078896037E-17 ) ) ;
#1731 = EDGE_CURVE ( 'NONE', #5600, #3969, #4536, .T. ) ;
#1732 = AXIS2_PLACEMENT_3D ( 'NONE', #1521, #189, #2302 ) ;
#1733 = CARTESIAN_POINT ( 'NONE',  ( 12.07126578440735543, -150.2975005355078508, -8.394186803201364455 ) ) ;
#1734 = DIRECTION ( 'NONE',  ( 0.000000000000000000, 1.000000000000000000, 0.000000000000000000 ) ) ;
#1735 = AXIS2_PLACEMENT_3D ( 'NONE', #1613, #3365, #1033 ) ;
#1736 = LINE ( 'NONE', #5196, #3179 ) ;
#1737 = AXIS2_PLACEMENT_3D ( 'NONE', #2181, #4030, #882 ) ;
#1738 = ORIENTED_EDGE ( 'NONE', *, *, #916, .F. ) ;
#1739 = CARTESIAN_POINT ( 'NONE',  ( -39.18734167632168663, -94.57405839911338319, 9.204465401214223519 ) ) ;
#1740 = ORIENTED_EDGE ( 'NONE', *, *, #3173, .T. ) ;
#1741 = VERTEX_POINT ( 'NONE', #3261 ) ;
#1742 = AXIS2_PLACEMENT_3D ( 'NONE', #4708, #2522, #1646 ) ;
#1743 = CIRCLE ( 'NONE', #2098, 3.750000000000003553 ) ;
#1744 = DIRECTION ( 'NONE',  ( 0.000000000000000000, -0.9965049363970237550, -0.08353389573319150441 ) ) ;
#1745 = CARTESIAN_POINT ( 'NONE',  ( -1.464466094067262469, -152.0000000000000000, 30.84999999999999076 ) ) ;
#1746 = ADVANCED_FACE ( 'NONE', ( #2752 ), #3636, .T. ) ;
#1747 = ORIENTED_EDGE ( 'NONE', *, *, #5455, .F. ) ;
#1748 = DIRECTION ( 'NONE',  ( 0.000000000000000000, 1.000000000000000000, 0.000000000000000000 ) ) ;
#1749 = CIRCLE ( 'NONE', #3954, 2.499999999999999556 ) ;
#1750 = CARTESIAN_POINT ( 'NONE',  ( -35.94324274506104899, -161.0000000000000000, 9.482270482206605067 ) ) ;
#1751 = EDGE_CURVE ( 'NONE', #2129, #4180, #3205, .T. ) ;
#1752 = FACE_BOUND ( 'NONE', #4392, .T. ) ;
#1753 = EDGE_LOOP ( 'NONE', ( #2306, #3777, #4252, #5358, #1350 ) ) ;
#1754 = DIRECTION ( 'NONE',  ( 1.334402673828313093E-16, -1.000000000000000000, -0.000000000000000000 ) ) ;
#1755 = DIRECTION ( 'NONE',  ( 0.000000000000000000, -1.000000000000000000, 0.000000000000000000 ) ) ;
#1756 = CARTESIAN_POINT ( 'NONE',  ( 39.88034526078782704, -92.25861112866182623, 0.8878288730652706962 ) ) ;
#1757 = ORIENTED_EDGE ( 'NONE', *, *, #2475, .T. ) ;
#1758 = DIRECTION ( 'NONE',  ( 0.000000000000000000, 0.000000000000000000, -1.000000000000000000 ) ) ;
#1759 = SURFACE_SIDE_STYLE ('',( #11 ) ) ;
#1760 = CARTESIAN_POINT ( 'NONE',  ( 64.96703223102078084, -29.14874573023292115, 62.64715494272125795 ) ) ;
#1761 = ORIENTED_EDGE ( 'NONE', *, *, #1285, .T. ) ;
#1762 = DIRECTION ( 'NONE',  ( 0.000000000000000000, 1.000000000000000000, 0.000000000000000000 ) ) ;
#1763 = CARTESIAN_POINT ( 'NONE',  ( -102.5000000000000000, -4.000000000000000000, 46.75000000000000000 ) ) ;
#1764 = ORIENTED_EDGE ( 'NONE', *, *, #4208, .F. ) ;
#1765 = CARTESIAN_POINT ( 'NONE',  ( -68.66076058317121067, -33.75290588796423208, -49.87630634711641875 ) ) ;
#1766 = ORIENTED_EDGE ( 'NONE', *, *, #5304, .F. ) ;
#1767 = EDGE_CURVE ( 'NONE', #637, #197, #2926, .T. ) ;
#1768 = CARTESIAN_POINT ( 'NONE',  ( 25.63262081801229542, 0.001000000000084266816, -28.63262081801239134 ) ) ;
#1769 = ORIENTED_EDGE ( 'NONE', *, *, #320, .T. ) ;
#1770 = EDGE_CURVE ( 'NONE', #4091, #4741, #2308, .T. ) ;
#1771 = CARTESIAN_POINT ( 'NONE',  ( -2.500000000000000000, -151.9999999999999716, 28.34123169520962549 ) ) ;
#1772 = PRODUCT_CONTEXT ( 'NONE', #3540, 'mechanical' ) ;
#1773 = ORIENTED_EDGE ( 'NONE', *, *, #860, .F. ) ;
#1774 = EDGE_CURVE ( 'NONE', #2510, #5623, #1128, .T. ) ;
#1775 = LINE ( 'NONE', #3985, #708 ) ;
#1776 = FACE_OUTER_BOUND ( 'NONE', #2702, .T. ) ;
#1777 = FACE_BOUND ( 'NONE', #723, .T. ) ;
#1778 = ORIENTED_EDGE ( 'NONE', *, *, #3676, .F. ) ;
#1779 =( BOUNDED_CURVE ( )  B_SPLINE_CURVE ( 3, ( #5709, #1745, #5273, #1771 ),
 .UNSPECIFIED., .F., .T. ) 
 B_SPLINE_CURVE_WITH_KNOTS ( ( 4, 4 ),
 ( 0.000000000000000000, 1.570796326794896558 ),
 .UNSPECIFIED. ) 
 CURVE ( )  GEOMETRIC_REPRESENTATION_ITEM ( )  RATIONAL_B_SPLINE_CURVE ( ( 1.000000000000000000, 0.8047378541243649375, 0.8047378541243649375, 1.000000000000000000 ) ) 
 REPRESENTATION_ITEM ( '' )  );
#1780 = CARTESIAN_POINT ( 'NONE',  ( 40.53612236886954179, -90.08429612207214632, -10.63762474218123621 ) ) ;
#1781 = DIRECTION ( 'NONE',  ( -0.000000000000000000, 1.000000000000000000, 0.000000000000000000 ) ) ;
#1782 = EDGE_CURVE ( 'NONE', #257, #1179, #3668, .T. ) ;
#1783 = DIRECTION ( 'NONE',  ( -1.000000000000000000, 0.000000000000000000, -9.637352644315591989E-15 ) ) ;
#1784 = ORIENTED_EDGE ( 'NONE', *, *, #993, .T. ) ;
#1785 = DIRECTION ( 'NONE',  ( 1.000000000000000000, 0.000000000000000000, 0.000000000000000000 ) ) ;
#1786 = FACE_OUTER_BOUND ( 'NONE', #3845, .T. ) ;
#1787 = CARTESIAN_POINT ( 'NONE',  ( 102.4999999999996305, -4.299999999999999822, 53.00000000000071765 ) ) ;
#1788 = VERTEX_POINT ( 'NONE', #1877 ) ;
#1789 = DIRECTION ( 'NONE',  ( -0.000000000000000000, -0.000000000000000000, -1.000000000000000000 ) ) ;
#1790 = DIRECTION ( 'NONE',  ( -1.000000000000000000, 0.000000000000000000, -1.110223024625155594E-14 ) ) ;
#1791 = ORIENTED_EDGE ( 'NONE', *, *, #3211, .T. ) ;
#1792 = CARTESIAN_POINT ( 'NONE',  ( -39.64957412582951690, -93.02965821487543963, 9.598177407316763166 ) ) ;
#1793 = ORIENTED_EDGE ( 'NONE', *, *, #5184, .T. ) ;
#1794 = DIRECTION ( 'NONE',  ( 0.000000000000000000, 1.000000000000000000, 0.000000000000000000 ) ) ;
#1795 = AXIS2_PLACEMENT_3D ( 'NONE', #2514, #4253, #2582 ) ;
#1796 = CARTESIAN_POINT ( 'NONE',  ( 0.000000000000000000, -153.0000000000000000, -61.10000000000000853 ) ) ;
#1797 = ORIENTED_EDGE ( 'NONE', *, *, #1842, .T. ) ;
#1798 = AXIS2_PLACEMENT_3D ( 'NONE', #3060, #442, #1246 ) ;
#1799 = EDGE_CURVE ( 'NONE', #3881, #3175, #806, .T. ) ;
#1800 = DIRECTION ( 'NONE',  ( 0.000000000000000000, -1.000000000000000000, 0.000000000000000000 ) ) ;
#1801 = CYLINDRICAL_SURFACE ( 'NONE', #4050, 2.500000000000002220 ) ;
#1802 = CARTESIAN_POINT ( 'NONE',  ( -58.48648261173527629, -37.57063411239688833, 54.53707903936049917 ) ) ;
#1803 = VECTOR ( 'NONE', #3320, 1000.000000000000000 ) ;
#1804 = FACE_BOUND ( 'NONE', #1934, .T. ) ;
#1805 = ORIENTED_EDGE ( 'NONE', *, *, #3036, .T. ) ;
#1806 = CARTESIAN_POINT ( 'NONE',  ( 39.95700401027062298, -91.97980351857471248, -9.863893503275312113 ) ) ;
#1807 = ADVANCED_FACE ( 'NONE', ( #1416, #2716 ), #4048, .T. ) ;
#1808 = DIRECTION ( 'NONE',  ( -0.000000000000000000, 1.000000000000000000, -0.000000000000000000 ) ) ;
#1809 = DIRECTION ( 'NONE',  ( 0.000000000000000000, 0.000000000000000000, 1.000000000000000000 ) ) ;
#1810 = ORIENTED_EDGE ( 'NONE', *, *, #4618, .F. ) ;
#1811 = CIRCLE ( 'NONE', #2538, 3.750000000000003553 ) ;
#1812 = FACE_OUTER_BOUND ( 'NONE', #2488, .T. ) ;
#1813 = EDGE_CURVE ( 'NONE', #1574, #5428, #220, .T. ) ;
#1814 = CYLINDRICAL_SURFACE ( 'NONE', #4013, 2.499999999999998224 ) ;
#1815 = ORIENTED_EDGE ( 'NONE', *, *, #4524, .F. ) ;
#1816 = AXIS2_PLACEMENT_3D ( 'NONE', #2326, #3541, #4884 ) ;
#1817 = CARTESIAN_POINT ( 'NONE',  ( -50.49999999999964473, -4.000000000000000000, -102.5000000000001705 ) ) ;
#1818 = ORIENTED_EDGE ( 'NONE', *, *, #980, .T. ) ;
#1819 = LINE ( 'NONE', #834, #2269 ) ;
#1820 = EDGE_CURVE ( 'NONE', #1309, #2911, #3904, .T. ) ;
#1821 = FACE_OUTER_BOUND ( 'NONE', #3475, .T. ) ;
#1822 = LINE ( 'NONE', #1953, #5141 ) ;
#1823 = CARTESIAN_POINT ( 'NONE',  ( -102.5000000000000000, -4.000000000000000000, -55.00000000000000711 ) ) ;
#1824 = VECTOR ( 'NONE', #2996, 1000.000000000000000 ) ;
#1825 = ORIENTED_EDGE ( 'NONE', *, *, #4790, .F. ) ;
#1826 = ADVANCED_FACE ( 'NONE', ( #4942 ), #5438, .F. ) ;
#1827 = ORIENTED_EDGE ( 'NONE', *, *, #1379, .T. ) ;
#1828 = AXIS2_PLACEMENT_3D ( 'NONE', #154, #4041, #4974 ) ;
#1829 = CARTESIAN_POINT ( 'NONE',  ( -92.25000000000000000, -6.800000000000000711, 83.35607285682024781 ) ) ;
#1830 = ORIENTED_EDGE ( 'NONE', *, *, #1218, .T. ) ;
#1831 = AXIS2_PLACEMENT_3D ( 'NONE', #1194, #4163, #4723 ) ;
#1832 = CARTESIAN_POINT ( 'NONE',  ( -43.62775610347494393, -61.17418574775925322, -36.02347015967858823 ) ) ;
#1833 = EDGE_LOOP ( 'NONE', ( #5089, #1364, #2081, #2834 ) ) ;
#1834 = AXIS2_PLACEMENT_3D ( 'NONE', #5375, #1409, #42 ) ;
#1835 = DIRECTION ( 'NONE',  ( 0.000000000000000000, 1.000000000000000000, 0.000000000000000000 ) ) ;
#1836 = CARTESIAN_POINT ( 'NONE',  ( -35.94324274506107741, -161.0000000000000000, 13.08227048220660649 ) ) ;
#1837 = CARTESIAN_POINT ( 'NONE',  ( -59.11348960051546442, -48.20396653029180101, 36.72539335459532595 ) ) ;
#1838 = VERTEX_POINT ( 'NONE', #2861 ) ;
#1839 = CARTESIAN_POINT ( 'NONE',  ( -2.175277291140480074, -82.58384706907297357, 23.76642056200231323 ) ) ;
#1840 = CARTESIAN_POINT ( 'NONE',  ( -50.49999999999965894, -4.299999999999999822, -98.75000000000017053 ) ) ;
#1841 = EDGE_CURVE ( 'NONE', #662, #2340, #3842, .T. ) ;
#1842 = EDGE_CURVE ( 'NONE', #1687, #4619, #4617, .T. ) ;
#1843 = DIRECTION ( 'NONE',  ( 0.000000000000000000, 1.000000000000000000, 0.000000000000000000 ) ) ;
#1844 = EDGE_LOOP ( 'NONE', ( #4313, #1818, #3705, #4920 ) ) ;
#1845 = CARTESIAN_POINT ( 'NONE',  ( 58.48558945827968358, -49.27215537797374623, -35.86139880389404766 ) ) ;
#1846 = DIRECTION ( 'NONE',  ( -0.000000000000000000, -1.000000000000000000, -0.000000000000000000 ) ) ;
#1847 = CARTESIAN_POINT ( 'NONE',  ( 22.00000000000001776, -152.0000000000000000, 8.406490915366966021 ) ) ;
#1848 = CARTESIAN_POINT ( 'NONE',  ( 45.75342456115467371, -57.27943891837444568, -38.67942313342496874 ) ) ;
#1849 = DIRECTION ( 'NONE',  ( 5.551115123125777969E-15, 0.000000000000000000, -1.000000000000000000 ) ) ;
#1850 = CARTESIAN_POINT ( 'NONE',  ( 40.53612236886956310, -90.08429612207210369, 10.63762474218121667 ) ) ;
#1851 = FACE_OUTER_BOUND ( 'NONE', #1264, .T. ) ;
#1852 = B_SPLINE_CURVE_WITH_KNOTS ( 'NONE', 3,
 ( #3850, #2903, #2409, #3361, #4727, #4255, #2064, #264, #5627, #4669, #5589, #5161, #1199, #4168, #2961, #3337, #761, #2517, #1982, #2119 ),
 .UNSPECIFIED., .F., .F.,
 ( 4, 2, 2, 2, 2, 2, 2, 2, 2, 4 ),
 ( 0.000000000000000000, 0.01535073836281479476, 0.03070147672562958951, 0.04605221508844436346, 0.06140295345125915127, 0.06907832263266654171, 0.07675369181407391828, 0.09210443017688865752, 0.1074551685397034245, 0.1228059069025181638 ),
 .UNSPECIFIED. ) ;
#1853 = CARTESIAN_POINT ( 'NONE',  ( 21.99999999999998224, -152.0000000000000000, 111.7500000000000000 ) ) ;
#1854 = ORIENTED_EDGE ( 'NONE', *, *, #1598, .F. ) ;
#1855 = ORIENTED_EDGE ( 'NONE', *, *, #3367, .T. ) ;
#1856 = VERTEX_POINT ( 'NONE', #5487 ) ;
#1857 = DIRECTION ( 'NONE',  ( 0.000000000000000000, 1.000000000000000000, 0.000000000000000000 ) ) ;
#1858 = CARTESIAN_POINT ( 'NONE',  ( 50.49999999999892708, -6.799999999999998046, 102.5000000000005258 ) ) ;
#1859 = CARTESIAN_POINT ( 'NONE',  ( -92.17483548255022185, -6.799999999999998934, 85.08088527991030503 ) ) ;
#1860 = FACE_OUTER_BOUND ( 'NONE', #1967, .T. ) ;
#1861 = VERTEX_POINT ( 'NONE', #1964 ) ;
#1862 = CARTESIAN_POINT ( 'NONE',  ( 39.66692771825763941, -92.97102478593983221, -9.598177407314070209 ) ) ;
#1863 = DIRECTION ( 'NONE',  ( -0.000000000000000000, 1.000000000000000000, -0.000000000000000000 ) ) ;
#1864 = CARTESIAN_POINT ( 'NONE',  ( 61.68612404252297665, -33.31364734343014788, -58.53462503212454493 ) ) ;
#1865 = VERTEX_POINT ( 'NONE', #3714 ) ;
#1866 = CARTESIAN_POINT ( 'NONE',  ( 65.16090464949340344, -38.75449253936984206, -45.04667740999262548 ) ) ;
#1867 = CARTESIAN_POINT ( 'NONE',  ( 54.24999999999893419, -6.799999999999998046, 102.5000000000005684 ) ) ;
#1868 = EDGE_CURVE ( 'NONE', #3232, #4596, #1545, .T. ) ;
#1869 = ORIENTED_EDGE ( 'NONE', *, *, #1619, .T. ) ;
#1870 = CARTESIAN_POINT ( 'NONE',  ( 0.000000000000000000, -161.0000000000000000, 0.000000000000000000 ) ) ;
#1871 = CARTESIAN_POINT ( 'NONE',  ( 25.63262081801229542, -152.0000000000000000, -25.63262081801239134 ) ) ;
#1872 = ORIENTED_EDGE ( 'NONE', *, *, #1433, .F. ) ;
#1873 = DIRECTION ( 'NONE',  ( -0.05233595624294408444, 0.9986295347545739443, 0.000000000000000000 ) ) ;
#1874 = FACE_OUTER_BOUND ( 'NONE', #3786, .T. ) ;
#1875 = FACE_BOUND ( 'NONE', #1417, .T. ) ;
#1876 = CARTESIAN_POINT ( 'NONE',  ( -35.94324274506107741, 0.001000000000084266816, 13.08227048220660649 ) ) ;
#1877 = CARTESIAN_POINT ( 'NONE',  ( 28.63262081801230252, -161.0000000000000000, 25.63262081801239489 ) ) ;
#1878 = ORIENTED_EDGE ( 'NONE', *, *, #5455, .T. ) ;
#1879 = CIRCLE ( 'NONE', #5111, 2.500000000000002220 ) ;
#1880 = CARTESIAN_POINT ( 'NONE',  ( -102.5000000000000000, -6.799999999999998046, -50.50000000000000000 ) ) ;
#1881 = FACE_BOUND ( 'NONE', #3990, .T. ) ;
#1882 = DIRECTION ( 'NONE',  ( 1.000000000000000000, 0.000000000000000000, 2.409338161078896037E-17 ) ) ;
#1883 = DIRECTION ( 'NONE',  ( 0.000000000000000000, 1.000000000000000000, 0.000000000000000000 ) ) ;
#1884 = EDGE_LOOP ( 'NONE', ( #4561, #4724, #1007, #3781 ) ) ;
#1885 = EDGE_CURVE ( 'NONE', #3130, #2753, #5711, .T. ) ;
#1886 = AXIS2_PLACEMENT_3D ( 'NONE', #2445, #2912, #3372 ) ;
#1887 = ADVANCED_FACE ( 'NONE', ( #1821 ), #4468, .F. ) ;
#1888 = DIRECTION ( 'NONE',  ( 0.000000000000000000, -1.000000000000000000, 0.000000000000000000 ) ) ;
#1889 = CARTESIAN_POINT ( 'NONE',  ( 57.85237879240663972, -38.44091845644878447, -53.74612756655629653 ) ) ;
#1890 = EDGE_LOOP ( 'NONE', ( #4631, #799, #5465, #4219 ) ) ;
#1891 = CARTESIAN_POINT ( 'NONE',  ( 50.49999999999897682, -4.000000000000000000, 98.00000000000051159 ) ) ;
#1892 = ORIENTED_EDGE ( 'NONE', *, *, #5160, .T. ) ;
#1893 = DIRECTION ( 'NONE',  ( 1.000000000000000000, 0.000000000000000000, 1.110223024625155594E-14 ) ) ;
#1894 = CARTESIAN_POINT ( 'NONE',  ( 72.86803346952484617, -20.10054695919354728, -72.65774687893119221 ) ) ;
#1895 = ORIENTED_EDGE ( 'NONE', *, *, #2683, .T. ) ;
#1896 = CIRCLE ( 'NONE', #1989, 2.999999999999999112 ) ;
#1897 = CARTESIAN_POINT ( 'NONE',  ( 25.63262081801229542, -152.0000000000000000, -25.63262081801239134 ) ) ;
#1898 = ORIENTED_EDGE ( 'NONE', *, *, #4230, .T. ) ;
#1899 = DIRECTION ( 'NONE',  ( 0.000000000000000000, 0.000000000000000000, -1.000000000000000000 ) ) ;
#1900 = CARTESIAN_POINT ( 'NONE',  ( 40.24711369981537246, -91.01780246084095438, 10.21073135011579858 ) ) ;
#1901 = ORIENTED_EDGE ( 'NONE', *, *, #5401, .F. ) ;
#1902 = CIRCLE ( 'NONE', #526, 2.500000000000002220 ) ;
#1903 = AXIS2_PLACEMENT_3D ( 'NONE', #4136, #5170, #200 ) ;
#1904 = FACE_OUTER_BOUND ( 'NONE', #2969, .T. ) ;
#1905 = ORIENTED_EDGE ( 'NONE', *, *, #2210, .F. ) ;
#1906 = CARTESIAN_POINT ( 'NONE',  ( -2.500000000000000000, -168.4829653570998858, 197.7129596333149664 ) ) ;
#1907 = ADVANCED_FACE ( 'NONE', ( #2245 ), #3544, .F. ) ;
#1908 = VECTOR ( 'NONE', #4090, 1000.000000000000000 ) ;
#1909 = CIRCLE ( 'NONE', #4395, 2.999999999999999112 ) ;
#1910 = CIRCLE ( 'NONE', #178, 4.500000000000003553 ) ;
#1911 = EDGE_LOOP ( 'NONE', ( #3616, #2110, #2282, #5012 ) ) ;
#1912 = EDGE_CURVE ( 'NONE', #2340, #662, #4309, .T. ) ;
#1913 = AXIS2_PLACEMENT_3D ( 'NONE', #5296, #4334, #869 ) ;
#1914 = AXIS2_PLACEMENT_3D ( 'NONE', #4310, #3559, #846 ) ;
#1915 = ORIENTED_EDGE ( 'NONE', *, *, #3797, .F. ) ;
#1916 = CARTESIAN_POINT ( 'NONE',  ( -88.22693965496397084, -6.799999999999996270, -90.28188852862248837 ) ) ;
#1917 = EDGE_CURVE ( 'NONE', #5087, #4798, #4070, .T. ) ;
#1918 = CARTESIAN_POINT ( 'NONE',  ( -12.74999999999998046, -161.0000000000000000, 111.7500000000000000 ) ) ;
#1919 = LINE ( 'NONE', #2722, #180 ) ;
#1920 =( BOUNDED_CURVE ( )  B_SPLINE_CURVE ( 3, ( #2832, #5002, #4511, #1013 ),
 .UNSPECIFIED., .F., .T. ) 
 B_SPLINE_CURVE_WITH_KNOTS ( ( 4, 4 ),
 ( 1.581359314197949617, 1.820408405411069408 ),
 .UNSPECIFIED. ) 
 CURVE ( )  GEOMETRIC_REPRESENTATION_ITEM ( )  RATIONAL_B_SPLINE_CURVE ( ( 1.000000000000000000, 0.9952436275540108568, 0.9952436275540108568, 1.000000000000000000 ) ) 
 REPRESENTATION_ITEM ( '' )  );
#1921 = CARTESIAN_POINT ( 'NONE',  ( -1.582903131302217936, -81.37303133502346952, -24.36964218910705426 ) ) ;
#1922 = ORIENTED_EDGE ( 'NONE', *, *, #5316, .F. ) ;
#1923 = AXIS2_PLACEMENT_3D ( 'NONE', #1529, #3293, #104 ) ;
#1924 = CIRCLE ( 'NONE', #4132, 10.00000000000000178 ) ;
#1925 = CARTESIAN_POINT ( 'NONE',  ( 0.000000000000000000, -151.9999999999999716, -30.85000000000002274 ) ) ;
#1926 = CARTESIAN_POINT ( 'NONE',  ( 50.93388711848138684, -63.35766195270102941, -34.56825820382788095 ) ) ;
#1927 = VERTEX_POINT ( 'NONE', #1850 ) ;
#1928 = CARTESIAN_POINT ( 'NONE',  ( -11.59332887541339474, -152.0000000000000000, 18.37676056338025887 ) ) ;
#1929 = CARTESIAN_POINT ( 'NONE',  ( 29.13208362041924460, -94.19861422712097010, 18.98733858210785641 ) ) ;
#1930 = FACE_BOUND ( 'NONE', #3810, .T. ) ;
#1931 = CARTESIAN_POINT ( 'NONE',  ( -99.75000000000000000, -6.799999999999998046, -99.75000000000001421 ) ) ;
#1932 = CARTESIAN_POINT ( 'NONE',  ( 89.68087282548226824, -9.240339850844961234, 79.56526287328175329 ) ) ;
#1933 = CARTESIAN_POINT ( 'NONE',  ( -39.20030347958311978, -94.52391874230306712, 18.66625222858306543 ) ) ;
#1934 = EDGE_LOOP ( 'NONE', ( #1186, #3416 ) ) ;
#1935 = DIRECTION ( 'NONE',  ( -1.000000000000000000, 0.000000000000000000, -3.083952846180988111E-15 ) ) ;
#1936 = DIRECTION ( 'NONE',  ( 0.000000000000000000, 0.000000000000000000, -1.000000000000000000 ) ) ;
#1937 = ORIENTED_EDGE ( 'NONE', *, *, #3738, .T. ) ;
#1938 = FACE_OUTER_BOUND ( 'NONE', #1392, .T. ) ;
#1939 = CARTESIAN_POINT ( 'NONE',  ( 12.71971839562593054, -148.1309059286128331, 8.417073365950212605 ) ) ;
#1940 = ORIENTED_EDGE ( 'NONE', *, *, #1208, .T. ) ;
#1941 = ADVANCED_FACE ( 'NONE', ( #1874 ), #3603, .F. ) ;
#1942 = EDGE_LOOP ( 'NONE', ( #2595, #1105, #5416, #1740 ) ) ;
#1943 = VERTEX_POINT ( 'NONE', #2274 ) ;
#1944 = CARTESIAN_POINT ( 'NONE',  ( -92.17488053844260776, -6.799999999999997158, -85.08244773860764099 ) ) ;
#1945 = DIRECTION ( 'NONE',  ( -0.9580117704232792297, -0.2867288749506299861, 0.000000000000000000 ) ) ;
#1946 = CARTESIAN_POINT ( 'NONE',  ( -91.42733979672573241, -6.799999999999998046, 87.56003020531190373 ) ) ;
#1947 = CARTESIAN_POINT ( 'NONE',  ( -2.100884815134008488, -82.36982946357564117, -23.87228343533044139 ) ) ;
#1948 = EDGE_LOOP ( 'NONE', ( #1778, #5038, #4563 ) ) ;
#1949 = EDGE_CURVE ( 'NONE', #1203, #3643, #2190, .T. ) ;
#1950 = CARTESIAN_POINT ( 'NONE',  ( 60.39773805364725234, -34.99235905877972641, -56.92324746223495424 ) ) ;
#1951 = ORIENTED_EDGE ( 'NONE', *, *, #5269, .F. ) ;
#1952 = FACE_OUTER_BOUND ( 'NONE', #5313, .T. ) ;
#1953 = CARTESIAN_POINT ( 'NONE',  ( 22.29983609985872661, -150.9981946781191198, 8.417073365950212605 ) ) ;
#1954 = EDGE_CURVE ( 'NONE', #3758, #782, #2552, .T. ) ;
#1955 = CARTESIAN_POINT ( 'NONE',  ( 50.50000000000036238, -6.799999999999998046, -102.4999999999998153 ) ) ;
#1956 = DIRECTION ( 'NONE',  ( -0.000000000000000000, 1.000000000000000000, 0.000000000000000000 ) ) ;
#1957 = CARTESIAN_POINT ( 'NONE',  ( -30.06945642159669063, -92.63265025338908742, 19.28826062823594611 ) ) ;
#1958 = ORIENTED_EDGE ( 'NONE', *, *, #4964, .T. ) ;
#1959 = CARTESIAN_POINT ( 'NONE',  ( 102.4999999999996447, 0.000000000000000000, 50.50000000000071765 ) ) ;
#1960 = EDGE_CURVE ( 'NONE', #5462, #3542, #89, .T. ) ;
#1961 = DIRECTION ( 'NONE',  ( -1.000000000000000000, 0.000000000000000000, -3.083952846180988111E-15 ) ) ;
#1962 = VERTEX_POINT ( 'NONE', #2775 ) ;
#1963 = DIRECTION ( 'NONE',  ( 0.2867141939519910476, 0.9579627186160624142, -0.01011932449242294516 ) ) ;
#1964 = CARTESIAN_POINT ( 'NONE',  ( -102.5000000000000000, -4.299999999999999822, -46.75000000000000000 ) ) ;
#1965 = ORIENTED_EDGE ( 'NONE', *, *, #745, .F. ) ;
#1966 = DIRECTION ( 'NONE',  ( -0.2867288749506295420, 0.9580117704232794518, 0.000000000000000000 ) ) ;
#1967 = EDGE_LOOP ( 'NONE', ( #786, #2026 ) ) ;
#1968 = DIRECTION ( 'NONE',  ( -0.000000000000000000, -1.000000000000000000, 0.000000000000000000 ) ) ;
#1969 = DIRECTION ( 'NONE',  ( 0.000000000000000000, 0.000000000000000000, -1.000000000000000000 ) ) ;
#1970 = DIRECTION ( 'NONE',  ( -0.000000000000000000, -0.000000000000000000, -1.000000000000000000 ) ) ;
#1971 = CARTESIAN_POINT ( 'NONE',  ( -40.24644256073595727, -91.01997025942935693, -10.20974001386343311 ) ) ;
#1972 = VERTEX_POINT ( 'NONE', #4532 ) ;
#1973 = EDGE_CURVE ( 'NONE', #1386, #2562, #271, .T. ) ;
#1974 = CARTESIAN_POINT ( 'NONE',  ( 76.35494469075528912, -16.44152277998687239, 77.13254661735818729 ) ) ;
#1975 = DIRECTION ( 'NONE',  ( -1.000000000000000000, 0.000000000000000000, -1.110223024625155594E-14 ) ) ;
#1976 = ORIENTED_EDGE ( 'NONE', *, *, #1155, .T. ) ;
#1977 = CYLINDRICAL_SURFACE ( 'NONE', #5431, 194.0000000000000000 ) ;
#1978 = CARTESIAN_POINT ( 'NONE',  ( 30.06945642159358201, -92.63265025339440228, 19.28826062823459608 ) ) ;
#1979 = ADVANCED_FACE ( 'NONE', ( #473 ), #2330, .F. ) ;
#1980 = EDGE_CURVE ( 'NONE', #1556, #390, #3298, .T. ) ;
#1981 = AXIS2_PLACEMENT_3D ( 'NONE', #3771, #2827, #5053 ) ;
#1982 = CARTESIAN_POINT ( 'NONE',  ( -89.68087282548228245, -9.240339850845018077, 79.56526287328175329 ) ) ;
#1983 = CARTESIAN_POINT ( 'NONE',  ( 40.53612236886956310, -90.08429612207210369, 10.63762474218121667 ) ) ;
#1984 = EDGE_CURVE ( 'NONE', #1788, #391, #2845, .T. ) ;
#1985 = CARTESIAN_POINT ( 'NONE',  ( -111.7500000000000000, -6.799999999999999822, 111.7500000000000000 ) ) ;
#1986 = ORIENTED_EDGE ( 'NONE', *, *, #1035, .T. ) ;
#1987 = CARTESIAN_POINT ( 'NONE',  ( 35.94324274506098504, 0.001000000000084266816, -13.08227048220685695 ) ) ;
#1988 = DIRECTION ( 'NONE',  ( -1.000000000000000000, -0.000000000000000000, -0.000000000000000000 ) ) ;
#1989 = AXIS2_PLACEMENT_3D ( 'NONE', #5443, #952, #1070 ) ;
#1990 = CONICAL_SURFACE ( 'NONE', #249, 11.99999999999999645, 0.05235987755983000091 ) ;
#1991 = DIRECTION ( 'NONE',  ( -0.9580117704232792297, 0.2867288749506298751, 0.000000000000000000 ) ) ;
#1992 = B_SPLINE_CURVE_WITH_KNOTS ( 'NONE', 3,
 ( #713, #1932, #2821, #3280, #3690, #3338, #4169, #5078, #5514, #5561, #634, #1171, #1113, #3315, #4146, #2018, #1609, #660, #236, #1983 ),
 .UNSPECIFIED., .F., .F.,
 ( 4, 2, 2, 2, 2, 2, 2, 2, 2, 4 ),
 ( 3.469446951953614189E-18, 0.01548178608650064431, 0.03096357217300128514, 0.04644535825950193986, 0.05418625130275225854, 0.06192714434600257722, 0.07740893043250325622, 0.09289071651900394910, 0.1083725026055046142, 0.1238542886920052932 ),
 .UNSPECIFIED. ) ;
#1993 = ORIENTED_EDGE ( 'NONE', *, *, #5269, .T. ) ;
#1994 = CYLINDRICAL_SURFACE ( 'NONE', #1057, 3.500000000000000000 ) ;
#1995 = AXIS2_PLACEMENT_3D ( 'NONE', #2945, #1181, #2392 ) ;
#1996 = AXIS2_PLACEMENT_3D ( 'NONE', #4583, #1059, #1582 ) ;
#1997 = CARTESIAN_POINT ( 'NONE',  ( -92.25000000000000000, -6.800000000000000711, 111.7500000000000000 ) ) ;
#1998 = AXIS2_PLACEMENT_3D ( 'NONE', #2398, #3031, #4801 ) ;
#1999 = CARTESIAN_POINT ( 'NONE',  ( -50.20340648295909602, -49.74238991771538565, 44.22496085688297285 ) ) ;
#2000 = DIRECTION ( 'NONE',  ( -0.000000000000000000, -1.000000000000000000, 0.000000000000000000 ) ) ;
#2001 = ORIENTED_EDGE ( 'NONE', *, *, #1820, .F. ) ;
#2002 = VECTOR ( 'NONE', #841, 1000.000000000000000 ) ;
#2003 = AXIS2_PLACEMENT_3D ( 'NONE', #1674, #1644, #349 ) ;
#2004 = ORIENTED_EDGE ( 'NONE', *, *, #1799, .F. ) ;
#2005 = CARTESIAN_POINT ( 'NONE',  ( 91.63674228833374968, -7.340882853490509952, 89.66019470651991696 ) ) ;
#2006 = AXIS2_PLACEMENT_3D ( 'NONE', #5518, #639, #1142 ) ;
#2007 = AXIS2_PLACEMENT_3D ( 'NONE', #2544, #4339, #2636 ) ;
#2008 = PLANE ( 'NONE',  #2838 ) ;
#2009 = VERTEX_POINT ( 'NONE', #2219 ) ;
#2010 = CARTESIAN_POINT ( 'NONE',  ( -25.63262081801212489, -152.0000000000000000, -25.63262081801256187 ) ) ;
#2011 = CARTESIAN_POINT ( 'NONE',  ( -30.98345492017519121, -91.11488569816503968, -19.80798429566818442 ) ) ;
#2012 = AXIS2_PLACEMENT_3D ( 'NONE', #3053, #2068, #5689 ) ;
#2013 = ADVANCED_FACE ( 'NONE', ( #3975 ), #3482, .T. ) ;
#2014 = CIRCLE ( 'NONE', #2934, 2.500000000000002220 ) ;
#2015 = EDGE_CURVE ( 'NONE', #2171, #2009, #4726, .T. ) ;
#2016 = ADVANCED_FACE ( 'NONE', ( #4002 ), #943, .F. ) ;
#2017 = DIRECTION ( 'NONE',  ( -1.000000000000000000, -0.000000000000000000, -0.000000000000000000 ) ) ;
#2018 = CARTESIAN_POINT ( 'NONE',  ( 48.59715430910960521, -68.50338154357491760, 22.17368771320905907 ) ) ;
#2019 = DIRECTION ( 'NONE',  ( -0.000000000000000000, 1.000000000000000000, -0.000000000000000000 ) ) ;
#2020 = EDGE_LOOP ( 'NONE', ( #190, #5669, #4444, #64 ) ) ;
#2021 = CYLINDRICAL_SURFACE ( 'NONE', #2006, 3.500000000000000000 ) ;
#2022 = AXIS2_PLACEMENT_3D ( 'NONE', #3506, #3043, #2 ) ;
#2023 = FACE_OUTER_BOUND ( 'NONE', #5663, .T. ) ;
#2024 = ADVANCED_FACE ( 'NONE', ( #1523 ), #3693, .T. ) ;
#2025 = LINE ( 'NONE', #2443, #4200 ) ;
#2026 = ORIENTED_EDGE ( 'NONE', *, *, #4795, .T. ) ;
#2027 = DIRECTION ( 'NONE',  ( 1.000000000000000000, -0.000000000000000000, 0.000000000000000000 ) ) ;
#2028 = ORIENTED_EDGE ( 'NONE', *, *, #437, .T. ) ;
#2029 = ORIENTED_EDGE ( 'NONE', *, *, #5692, .T. ) ;
#2030 = DIRECTION ( 'NONE',  ( 1.000000000000000000, 0.000000000000000000, 0.000000000000000000 ) ) ;
#2031 = CARTESIAN_POINT ( 'NONE',  ( 102.4999999999996589, -6.799999999999998046, 48.00000000000071765 ) ) ;
#2032 = DIRECTION ( 'NONE',  ( -5.551115123125777969E-15, 0.000000000000000000, 1.000000000000000000 ) ) ;
#2033 = ORIENTED_EDGE ( 'NONE', *, *, #3764, .F. ) ;
#2034 = ORIENTED_EDGE ( 'NONE', *, *, #949, .F. ) ;
#2035 = CARTESIAN_POINT ( 'NONE',  ( 39.52830301974812954, -93.33958169470810162, 18.84049894709487560 ) ) ;
#2036 = CARTESIAN_POINT ( 'NONE',  ( 2.463401710638160935, -83.88011170887689616, 23.13177086139275929 ) ) ;
#2037 = ORIENTED_EDGE ( 'NONE', *, *, #707, .F. ) ;
#2038 = FACE_OUTER_BOUND ( 'NONE', #2072, .T. ) ;
#2039 = CARTESIAN_POINT ( 'NONE',  ( -65.59152461748051621, -28.38942778203153949, -63.43259507537739239 ) ) ;
#2040 = CARTESIAN_POINT ( 'NONE',  ( 55.00000000000036948, -4.000000000000000000, -102.4999999999998010 ) ) ;
#2041 = CYLINDRICAL_SURFACE ( 'NONE', #2649, 2.500000000000002220 ) ;
#2042 = CARTESIAN_POINT ( 'NONE',  ( -102.5000000000000000, -6.799999999999998046, -48.00000000000000000 ) ) ;
#2043 = VERTEX_POINT ( 'NONE', #3341 ) ;
#2044 = CARTESIAN_POINT ( 'NONE',  ( 30.06945642159358201, -92.63265025339441650, 19.28826062823459608 ) ) ;
#2045 = DIRECTION ( 'NONE',  ( -6.983723994794599523E-18, 0.05233595624294395260, 0.9986295347545739443 ) ) ;
#2046 = DIRECTION ( 'NONE',  ( 6.167905692361976222E-15, 0.000000000000000000, -1.000000000000000000 ) ) ;
#2047 = ORIENTED_EDGE ( 'NONE', *, *, #682, .T. ) ;
#2048 = CARTESIAN_POINT ( 'NONE',  ( 111.7500000000000000, -168.4829653570998858, -197.7129596333149664 ) ) ;
#2049 = ADVANCED_FACE ( 'NONE', ( #5483 ), #4149, .F. ) ;
#2050 = CARTESIAN_POINT ( 'NONE',  ( 0.000000000000000000, -152.0000000000000000, -30.85000000000002629 ) ) ;
#2051 = CARTESIAN_POINT ( 'NONE',  ( 90.73352398603934432, -6.799999999999973177, -88.66268115348309209 ) ) ;
#2052 = ADVANCED_FACE ( 'NONE', ( #4123 ), #3575, .T. ) ;
#2053 = CARTESIAN_POINT ( 'NONE',  ( -21.99999999999998224, -152.0000000000000000, 8.406490915366966021 ) ) ;
#2054 = VERTEX_POINT ( 'NONE', #1557 ) ;
#2055 = ORIENTED_EDGE ( 'NONE', *, *, #4097, .F. ) ;
#2056 = ORIENTED_EDGE ( 'NONE', *, *, #4336, .T. ) ;
#2057 = EDGE_CURVE ( 'NONE', #121, #5600, #1649, .T. ) ;
#2058 = CARTESIAN_POINT ( 'NONE',  ( 40.84613010494214080, -88.79436546327855240, 20.74812106576042936 ) ) ;
#2059 = CARTESIAN_POINT ( 'NONE',  ( 2.500000000000000000, -84.76722369266676083, 22.70531809279860269 ) ) ;
#2060 = ORIENTED_EDGE ( 'NONE', *, *, #2739, .T. ) ;
#2061 = CARTESIAN_POINT ( 'NONE',  ( 40.00000000000000000, -91.85882352941172257, 0.000000000000000000 ) ) ;
#2062 = CARTESIAN_POINT ( 'NONE',  ( 39.64957412582638341, -93.02965821488605513, 9.598177407314057774 ) ) ;
#2063 = EDGE_CURVE ( 'NONE', #450, #2147, #4215, .T. ) ;
#2064 = CARTESIAN_POINT ( 'NONE',  ( -54.33937451277625996, -56.70911555373685076, 30.14667107550727465 ) ) ;
#2065 = CARTESIAN_POINT ( 'NONE',  ( -73.48145117240456159, -27.25673109979489439, 64.59231351596886839 ) ) ;
#2066 = DIRECTION ( 'NONE',  ( 1.334402673828313093E-16, -1.000000000000000000, -0.000000000000000000 ) ) ;
#2067 = EDGE_LOOP ( 'NONE', ( #2223, #1791, #2658 ) ) ;
#2068 = DIRECTION ( 'NONE',  ( -0.000000000000000000, 1.000000000000000000, -0.000000000000000000 ) ) ;
#2069 = CARTESIAN_POINT ( 'NONE',  ( 99.75000000000000000, -2.369160109392639324, -99.75000000000000000 ) ) ;
#2070 = CARTESIAN_POINT ( 'NONE',  ( 49.50000000000000000, -152.0000000000000000, 0.000000000000000000 ) ) ;
#2071 = DIRECTION ( 'NONE',  ( -0.9597471296664016327, 0.2808655320560057844, 0.000000000000000000 ) ) ;
#2072 = EDGE_LOOP ( 'NONE', ( #2706, #227, #415, #3871 ) ) ;
#2073 = CARTESIAN_POINT ( 'NONE',  ( -40.24711369981637432, -91.01780246083778536, 10.21073135011725874 ) ) ;
#2074 = VERTEX_POINT ( 'NONE', #5460 ) ;
#2075 = EDGE_CURVE ( 'NONE', #566, #2043, #269, .T. ) ;
#2076 = CYLINDRICAL_SURFACE ( 'NONE', #2746, 2.500000000000002220 ) ;
#2077 = CARTESIAN_POINT ( 'NONE',  ( 88.64593197378871992, -6.799999999999974065, -90.16080904844517363 ) ) ;
#2078 = VECTOR ( 'NONE', #3238, 1000.000000000000000 ) ;
#2079 = DIRECTION ( 'NONE',  ( -0.000000000000000000, -1.000000000000000000, -0.000000000000000000 ) ) ;
#2080 = ORIENTED_EDGE ( 'NONE', *, *, #2289, .T. ) ;
#2081 = ORIENTED_EDGE ( 'NONE', *, *, #781, .F. ) ;
#2082 = CIRCLE ( 'NONE', #2822, 10.00000000000000355 ) ;
#2083 = CARTESIAN_POINT ( 'NONE',  ( 73.44771806147478799, -27.35883820596851734, 56.51092679918017581 ) ) ;
#2084 = CARTESIAN_POINT ( 'NONE',  ( 30.98345492017521963, -91.11488569816499705, 19.80798429566818442 ) ) ;
#2085 = ORIENTED_EDGE ( 'NONE', *, *, #5658, .F. ) ;
#2086 = CARTESIAN_POINT ( 'NONE',  ( -102.5000000000000000, 0.000000000000000000, 55.00000000000000711 ) ) ;
#2087 = AXIS2_PLACEMENT_3D ( 'NONE', #2855, #1006, #5481 ) ;
#2088 = CARTESIAN_POINT ( 'NONE',  ( -47.24109983829323056, -71.51543540304251678, -29.59099614783427512 ) ) ;
#2089 = AXIS2_PLACEMENT_3D ( 'NONE', #928, #3091, #422 ) ;
#2090 = CIRCLE ( 'NONE', #2276, 2.500000000000002220 ) ;
#2091 = DIRECTION ( 'NONE',  ( 0.000000000000000000, -0.000000000000000000, 1.000000000000000000 ) ) ;
#2092 = CARTESIAN_POINT ( 'NONE',  ( -60.39773805368575665, -34.99235905879450570, 56.92324746222126919 ) ) ;
#2093 = ORIENTED_EDGE ( 'NONE', *, *, #5377, .T. ) ;
#2094 = CARTESIAN_POINT ( 'NONE',  ( 50.50000000000036238, 0.000000000000000000, -102.4999999999998153 ) ) ;
#2095 = ORIENTED_EDGE ( 'NONE', *, *, #1973, .T. ) ;
#2096 = DIRECTION ( 'NONE',  ( 0.000000000000000000, -1.000000000000000000, 0.000000000000000000 ) ) ;
#2097 = DIRECTION ( 'NONE',  ( 0.000000000000000000, 1.000000000000000000, 0.000000000000000000 ) ) ;
#2098 = AXIS2_PLACEMENT_3D ( 'NONE', #5151, #3780, #1189 ) ;
#2099 = DIRECTION ( 'NONE',  ( 0.000000000000000000, 1.000000000000000000, 0.000000000000000000 ) ) ;
#2100 = ORIENTED_EDGE ( 'NONE', *, *, #2148, .F. ) ;
#2101 = CIRCLE ( 'NONE', #5346, 4.500000000000003553 ) ;
#2102 = CARTESIAN_POINT ( 'NONE',  ( 39.64957412582636920, -93.02965821488604092, -9.598177407314070209 ) ) ;
#2103 = CARTESIAN_POINT ( 'NONE',  ( 40.53612236886957021, -90.08429612207214632, -10.63762474218123621 ) ) ;
#2104 = ORIENTED_EDGE ( 'NONE', *, *, #2144, .F. ) ;
#2105 = PLANE ( 'NONE',  #1798 ) ;
#2106 = ORIENTED_EDGE ( 'NONE', *, *, #5619, .F. ) ;
#2107 = CARTESIAN_POINT ( 'NONE',  ( -102.5000000000000000, -4.299999999999999822, -50.50000000000000000 ) ) ;
#2108 = DIRECTION ( 'NONE',  ( -0.2867141939519906590, 0.9579627186160625252, 0.01011932449242340312 ) ) ;
#2109 = APPLICATION_PROTOCOL_DEFINITION ( 'draft international standard', 'automotive_design', 1998, #1182 ) ;
#2110 = ORIENTED_EDGE ( 'NONE', *, *, #2357, .F. ) ;
#2111 = ADVANCED_FACE ( 'NONE', ( #5024 ), #5503, .T. ) ;
#2112 = EDGE_CURVE ( 'NONE', #5087, #3094, #3110, .T. ) ;
#2113 = DIRECTION ( 'NONE',  ( 0.000000000000000000, 1.000000000000000000, 0.000000000000000000 ) ) ;
#2114 = CARTESIAN_POINT ( 'NONE',  ( 39.66692771825763941, -92.97102478593983221, 111.7500000000000000 ) ) ;
#2115 = EDGE_LOOP ( 'NONE', ( #116, #4, #2368, #1041 ) ) ;
#2116 = CARTESIAN_POINT ( 'NONE',  ( -54.99999999999964473, 0.000000000000000000, -102.5000000000001847 ) ) ;
#2117 = ORIENTED_EDGE ( 'NONE', *, *, #1588, .T. ) ;
#2118 = CARTESIAN_POINT ( 'NONE',  ( -45.51455686250270816, -75.71173600203223941, -27.24077592972626150 ) ) ;
#2119 = CARTESIAN_POINT ( 'NONE',  ( -92.25000000000000000, -6.800000000000000711, 83.35607285682024781 ) ) ;
#2120 = ORIENTED_EDGE ( 'NONE', *, *, #1447, .T. ) ;
#2121 = CARTESIAN_POINT ( 'NONE',  ( -50.49999999999964473, -4.299999999999999822, -102.5000000000001705 ) ) ;
#2122 = EDGE_LOOP ( 'NONE', ( #3256, #445 ) ) ;
#2123 = DIRECTION ( 'NONE',  ( 1.000000000000000000, 0.000000000000000000, 9.251858538542964333E-15 ) ) ;
#2124 = CARTESIAN_POINT ( 'NONE',  ( -21.99999999999998224, -152.0000000000000000, -2.500000000000000444 ) ) ;
#2125 = LINE ( 'NONE', #5697, #4955 ) ;
#2126 = CARTESIAN_POINT ( 'NONE',  ( 2.500000000000002220, -84.32100839938976833, -22.91876731072915518 ) ) ;
#2127 = ADVANCED_FACE ( 'NONE', ( #3770 ), #2021, .F. ) ;
#2128 = CARTESIAN_POINT ( 'NONE',  ( -49.50000000000000000, -161.0000000000000000, -3.456568527498288751E-13 ) ) ;
#2129 = VERTEX_POINT ( 'NONE', #4614 ) ;
#2130 = CARTESIAN_POINT ( 'NONE',  ( -1.453886946583479833, -185.8776647975023479, 18.01889790706860595 ) ) ;
#2131 = ORIENTED_EDGE ( 'NONE', *, *, #132, .F. ) ;
#2132 = EDGE_CURVE ( 'NONE', #1838, #1159, #4497, .T. ) ;
#2133 = ORIENTED_EDGE ( 'NONE', *, *, #1091, .F. ) ;
#2134 = CARTESIAN_POINT ( 'NONE',  ( 52.99999999999892708, -6.799999999999998046, 102.5000000000005542 ) ) ;
#2135 = FACE_OUTER_BOUND ( 'NONE', #975, .T. ) ;
#2136 = ORIENTED_EDGE ( 'NONE', *, *, #4997, .F. ) ;
#2137 =( BOUNDED_CURVE ( )  B_SPLINE_CURVE ( 3, ( #5415, #203, #3700, #1507 ),
 .UNSPECIFIED., .F., .F. ) 
 B_SPLINE_CURVE_WITH_KNOTS ( ( 4, 4 ),
 ( 4.749215216477222334, 6.316982881469708211 ),
 .UNSPECIFIED. ) 
 CURVE ( )  GEOMETRIC_REPRESENTATION_ITEM ( )  RATIONAL_B_SPLINE_CURVE ( ( 1.000000000000000000, 0.8054511757724613918, 0.8054511757724613918, 1.000000000000000000 ) ) 
 REPRESENTATION_ITEM ( '' )  );
#2138 = CARTESIAN_POINT ( 'NONE',  ( 29.60615890904456293, -93.40662962729983576, -19.09095103510847125 ) ) ;
#2139 = CARTESIAN_POINT ( 'NONE',  ( -13.08227048220648214, -161.0000000000000000, -35.94324274506112715 ) ) ;
#2140 = DIRECTION ( 'NONE',  ( -0.000000000000000000, -1.000000000000000000, -0.000000000000000000 ) ) ;
#2141 = ORIENTED_EDGE ( 'NONE', *, *, #2478, .T. ) ;
#2142 = CARTESIAN_POINT ( 'NONE',  ( 0.000000000000000000, -152.0000000000000000, -60.10000000000000853 ) ) ;
#2143 = CARTESIAN_POINT ( 'NONE',  ( -73.48385417393400587, -27.25368036913965852, -64.59554246016590184 ) ) ;
#2144 = EDGE_CURVE ( 'NONE', #4148, #637, #2883, .T. ) ;
#2145 = CARTESIAN_POINT ( 'NONE',  ( 102.4999999999996447, -6.799999999999998046, 50.50000000000071765 ) ) ;
#2146 = DIRECTION ( 'NONE',  ( -1.000000000000000000, 0.000000000000000000, 0.000000000000000000 ) ) ;
#2147 = VERTEX_POINT ( 'NONE', #5564 ) ;
#2148 = EDGE_CURVE ( 'NONE', #417, #3201, #1457, .T. ) ;
#2149 = CARTESIAN_POINT ( 'NONE',  ( -102.5000000000000000, -6.799999999999998046, -54.25000000000000711 ) ) ;
#2150 = DIRECTION ( 'NONE',  ( -0.000000000000000000, 1.000000000000000000, -0.000000000000000000 ) ) ;
#2151 = B_SPLINE_CURVE_WITH_KNOTS ( 'NONE', 3,
 ( #972, #1900, #584, #2685 ),
 .UNSPECIFIED., .F., .F.,
 ( 4, 4 ),
 ( 0.000000000000000000, 0.003188910861314629957 ),
 .UNSPECIFIED. ) ;
#2152 = CIRCLE ( 'NONE', #1420, 3.600000000000002309 ) ;
#2153 = ADVANCED_FACE ( 'NONE', ( #4556 ), #1700, .F. ) ;
#2154 = DIRECTION ( 'NONE',  ( -0.000000000000000000, -0.000000000000000000, 1.000000000000000000 ) ) ;
#2155 = ORIENTED_EDGE ( 'NONE', *, *, #3481, .F. ) ;
#2156 = CARTESIAN_POINT ( 'NONE',  ( 50.50000000000036238, -4.299999999999999822, -102.4999999999998153 ) ) ;
#2157 = DIRECTION ( 'NONE',  ( -7.930164461608261228E-15, 0.000000000000000000, 1.000000000000000000 ) ) ;
#2158 = ORIENTED_EDGE ( 'NONE', *, *, #5230, .F. ) ;
#2159 = DIRECTION ( 'NONE',  ( 5.551115123125777969E-15, 0.000000000000000000, -1.000000000000000000 ) ) ;
#2160 = ORIENTED_EDGE ( 'NONE', *, *, #5287, .T. ) ;
#2161 = ORIENTED_EDGE ( 'NONE', *, *, #159, .F. ) ;
#2162 = PRESENTATION_LAYER_ASSIGNMENT (  '', '', ( #2990 ) ) ;
#2163 = PLANE ( 'NONE',  #432 ) ;
#2164 = EDGE_CURVE ( 'NONE', #3354, #3094, #1924, .T. ) ;
#2165 = EDGE_LOOP ( 'NONE', ( #5199, #5499 ) ) ;
#2166 = CIRCLE ( 'NONE', #1526, 1.000000000000000888 ) ;
#2167 = DIRECTION ( 'NONE',  ( -0.000000000000000000, 1.000000000000000000, 0.000000000000000000 ) ) ;
#2168 = CIRCLE ( 'NONE', #1623, 2.500000000000002220 ) ;
#2169 = DIRECTION ( 'NONE',  ( -1.000000000000000000, 0.000000000000000000, -3.083952846180988111E-15 ) ) ;
#2170 = CARTESIAN_POINT ( 'NONE',  ( -102.5000000000000000, -4.000000000000000000, 54.25000000000000711 ) ) ;
#2171 = VERTEX_POINT ( 'NONE', #3400 ) ;
#2172 = CARTESIAN_POINT ( 'NONE',  ( -25.63262081801245529, -152.0000000000000000, 22.63262081801221370 ) ) ;
#2173 = CARTESIAN_POINT ( 'NONE',  ( 39.18734167631905052, -94.57405839912230761, 9.204465401216255671 ) ) ;
#2174 = AXIS2_PLACEMENT_3D ( 'NONE', #5110, #298, #2046 ) ;
#2175 = CIRCLE ( 'NONE', #5411, 2.500000000000002220 ) ;
#2176 = CIRCLE ( 'NONE', #2914, 2.500000000000002220 ) ;
#2177 = DIRECTION ( 'NONE',  ( 0.000000000000000000, 0.000000000000000000, 1.000000000000000000 ) ) ;
#2178 = CIRCLE ( 'NONE', #4394, 3.500000000000000000 ) ;
#2179 = CIRCLE ( 'NONE', #3742, 2.999999999999995559 ) ;
#2180 = CLOSED_SHELL ( 'NONE', ( #2324, #5512, #401, #1215, #1638, #3979, #3081, #1826, #3167, #3502, #2049, #1941, #2052, #454, #475, #1234, #1338, #1907, #3243, #3455, #382, #2016, #487, #4659, #3251, #850, #4371, #4261, #213, #5695, #5637, #3038, #4735, #3394, #3385, #568, #1979, #3579, #2470, #1037, #3254, #4534, #5440, #3003, #1026, #244, #4045, #4475, #3515, #4412, #1030, #3876, #2527, #4369, #3219, #4807, #4190, #3190, #4840, #2882, #4587, #2665, #2013, #1591, #3629, #791, #5137, #3804, #5510, #3505, #4420, #3511, #4657, #884, #2768, #3946, #776, #111, #843, #155, #2407, #5657, #1104, #2394, #1512, #5186, #3631, #1746, #158, #4229, #409, #2111, #1561, #2974, #1154, #1358, #4778, #322, #2187, #2153, #4374, #2860, #374, #5490, #3308, #1807, #3360, #3208, #1235, #3599, #3807, #1127, #1887, #291, #4058, #3098, #4714, #4811, #3651, #2577, #186, #4155, #3324, #5573, #602, #4108, #2659, #3669, #4442, #4268, #4516, #4626, #4411, #3429, #4630, #5085, #3798, #2819, #2427, #1355, #737, #50, #644, #2024, #5272, #3858, #1694, #2366, #66, #2318, #3466, #2666, #2836, #5084, #578, #119, #2127, #5123, #2830, #32, #689, #2612, #2908, #3772, #2723, #5626, #735, #5033 ) ) ;
#2181 = CARTESIAN_POINT ( 'NONE',  ( 2.500000000000002220, -95.10293104140910714, -28.97834384915513439 ) ) ;
#2182 = VERTEX_POINT ( 'NONE', #4375 ) ;
#2183 = DIRECTION ( 'NONE',  ( 0.000000000000000000, 1.000000000000000000, 0.000000000000000000 ) ) ;
#2184 = CYLINDRICAL_SURFACE ( 'NONE', #162, 4.500000000000003553 ) ;
#2185 = EDGE_CURVE ( 'NONE', #2265, #2923, #433, .T. ) ;
#2186 = AXIS2_PLACEMENT_3D ( 'NONE', #2094, #5106, #3819 ) ;
#2187 = ADVANCED_FACE ( 'NONE', ( #5191, #1265 ), #2988, .T. ) ;
#2188 = CARTESIAN_POINT ( 'NONE',  ( 37.69575138767329747, -73.39971445985720777, 28.54146288914728302 ) ) ;
#2189 = DIRECTION ( 'NONE',  ( -5.551115123125777969E-15, 0.000000000000000000, 1.000000000000000000 ) ) ;
#2190 = CIRCLE ( 'NONE', #1834, 3.600000000000000977 ) ;
#2191 = CARTESIAN_POINT ( 'NONE',  ( 39.52830301974817928, -93.33958169470814425, -18.84049894709493245 ) ) ;
#2192 = AXIS2_PLACEMENT_3D ( 'NONE', #3129, #63, #1263 ) ;
#2193 = ORIENTED_EDGE ( 'NONE', *, *, #4421, .F. ) ;
#2194 = ORIENTED_EDGE ( 'NONE', *, *, #3986, .T. ) ;
#2195 = EDGE_CURVE ( 'NONE', #3352, #2689, #460, .T. ) ;
#2196 = ORIENTED_EDGE ( 'NONE', *, *, #2787, .F. ) ;
#2197 = CIRCLE ( 'NONE', #507, 4.500000000000003553 ) ;
#2198 = AXIS2_PLACEMENT_3D ( 'NONE', #4983, #1018, #4106 ) ;
#2199 = CARTESIAN_POINT ( 'NONE',  ( -50.49999999999964473, -6.799999999999998046, -102.5000000000001705 ) ) ;
#2200 = EDGE_LOOP ( 'NONE', ( #506, #2937, #2329 ) ) ;
#2201 = CARTESIAN_POINT ( 'NONE',  ( -39.59896361185668212, -69.23436064747049556, -30.95451261882952210 ) ) ;
#2202 = ORIENTED_EDGE ( 'NONE', *, *, #36, .F. ) ;
#2203 = AXIS2_PLACEMENT_3D ( 'NONE', #2230, #1334, #397 ) ;
#2204 = EDGE_CURVE ( 'NONE', #3146, #3503, #2660, .T. ) ;
#2205 = CARTESIAN_POINT ( 'NONE',  ( 102.5000000000003126, 0.000000000000000000, -45.99999999999928235 ) ) ;
#2206 = DIRECTION ( 'NONE',  ( 0.000000000000000000, 0.000000000000000000, -1.000000000000000000 ) ) ;
#2207 = FACE_BOUND ( 'NONE', #4461, .T. ) ;
#2208 = ORIENTED_EDGE ( 'NONE', *, *, #167, .F. ) ;
#2209 = DIRECTION ( 'NONE',  ( 0.000000000000000000, 0.000000000000000000, 1.000000000000000000 ) ) ;
#2210 = EDGE_CURVE ( 'NONE', #5070, #160, #4348, .T. ) ;
#2211 = DIRECTION ( 'NONE',  ( 0.9580117704232794518, 0.2867288749506295420, -0.000000000000000000 ) ) ;
#2212 = CARTESIAN_POINT ( 'NONE',  ( 32.50580411318498619, -86.43869466183416250, -21.84158633469269972 ) ) ;
#2213 = ORIENTED_EDGE ( 'NONE', *, *, #3689, .F. ) ;
#2214 = SPHERICAL_SURFACE ( 'NONE', #5521, 10.00000000000000000 ) ;
#2215 = CARTESIAN_POINT ( 'NONE',  ( 99.75000000000000000, -2.499999999999999556, -99.75000000000000000 ) ) ;
#2216 = CARTESIAN_POINT ( 'NONE',  ( 30.98345492017521963, -91.11488569816499705, 19.80798429566818442 ) ) ;
#2217 = ORIENTED_EDGE ( 'NONE', *, *, #541, .F. ) ;
#2218 = LINE ( 'NONE', #3574, #5508 ) ;
#2219 = CARTESIAN_POINT ( 'NONE',  ( 38.23411289587082251, -97.75896397144340710, 8.979459605809473999 ) ) ;
#2220 = ORIENTED_EDGE ( 'NONE', *, *, #4173, .T. ) ;
#2221 = DIRECTION ( 'NONE',  ( 0.000000000000000000, 1.000000000000000000, 0.000000000000000000 ) ) ;
#2222 = EDGE_CURVE ( 'NONE', #3626, #493, #638, .T. ) ;
#2223 = ORIENTED_EDGE ( 'NONE', *, *, #2584, .F. ) ;
#2224 = CARTESIAN_POINT ( 'NONE',  ( 7.360127262875594079E-15, -153.0000000000000000, 60.10000000000000853 ) ) ;
#2225 = CARTESIAN_POINT ( 'NONE',  ( -25.63262081801247660, -161.0000000000000000, 25.63262081801221015 ) ) ;
#2226 = VERTEX_POINT ( 'NONE', #5632 ) ;
#2227 = ORIENTED_EDGE ( 'NONE', *, *, #543, .T. ) ;
#2228 = CARTESIAN_POINT ( 'NONE',  ( -50.50000000000103739, -4.299999999999999822, 98.74999999999945999 ) ) ;
#2229 = EDGE_CURVE ( 'NONE', #2602, #3955, #2305, .T. ) ;
#2230 = CARTESIAN_POINT ( 'NONE',  ( -1.728284263749144375E-13, -161.0000000000000000, 49.50000000000000000 ) ) ;
#2231 = CARTESIAN_POINT ( 'NONE',  ( -45.51418113689150857, -75.71269715252262245, 27.24026065956652332 ) ) ;
#2232 = CARTESIAN_POINT ( 'NONE',  ( 38.40331314844518573, -97.19363606872435923, 2.499999999999992006 ) ) ;
#2233 = EDGE_LOOP ( 'NONE', ( #3893, #597, #2193, #4084, #2750 ) ) ;
#2234 = CARTESIAN_POINT ( 'NONE',  ( 99.75000000000000000, -2.369160109392639324, 99.75000000000000000 ) ) ;
#2235 = EDGE_CURVE ( 'NONE', #5265, #160, #1180, .T. ) ;
#2236 = PRODUCT_RELATED_PRODUCT_CATEGORY ( 'part', '', ( #1310 ) ) ;
#2237 = LINE ( 'NONE', #3939, #5046 ) ;
#2238 = FACE_OUTER_BOUND ( 'NONE', #4806, .T. ) ;
#2239 = EDGE_LOOP ( 'NONE', ( #478, #5289 ) ) ;
#2240 = EDGE_CURVE ( 'NONE', #3862, #5471, #4783, .T. ) ;
#2241 = CARTESIAN_POINT ( 'NONE',  ( 38.73569276424113639, -96.08309711710441547, -18.62429610174843830 ) ) ;
#2242 = CARTESIAN_POINT ( 'NONE',  ( 37.50000000000000000, -80.01162596762468127, 2.500000000000000000 ) ) ;
#2243 = DIRECTION ( 'NONE',  ( 0.000000000000000000, 1.000000000000000000, 0.000000000000000000 ) ) ;
#2244 = DIRECTION ( 'NONE',  ( 1.000000000000000000, 0.000000000000000000, 3.700743415417184787E-15 ) ) ;
#2245 = FACE_OUTER_BOUND ( 'NONE', #5237, .T. ) ;
#2246 = DIRECTION ( 'NONE',  ( 0.000000000000000000, 0.000000000000000000, -1.000000000000000000 ) ) ;
#2247 = CARTESIAN_POINT ( 'NONE',  ( 98.74999999999964473, -4.299999999999999822, 50.50000000000068923 ) ) ;
#2248 = CIRCLE ( 'NONE', #4177, 3.500000000000000000 ) ;
#2249 = ORIENTED_EDGE ( 'NONE', *, *, #3417, .T. ) ;
#2250 = CARTESIAN_POINT ( 'NONE',  ( 102.5000000000003268, -6.799999999999998046, -47.99999999999928946 ) ) ;
#2251 = AXIS2_PLACEMENT_3D ( 'NONE', #2048, #2865, #4620 ) ;
#2252 = DIRECTION ( 'NONE',  ( 0.000000000000000000, 1.000000000000000000, 0.000000000000000000 ) ) ;
#2253 = ORIENTED_EDGE ( 'NONE', *, *, #3998, .F. ) ;
#2254 = ORIENTED_EDGE ( 'NONE', *, *, #5095, .T. ) ;
#2255 = DIRECTION ( 'NONE',  ( -6.982966722218764133E-15, 0.000000000000000000, 1.000000000000000000 ) ) ;
#2256 = DIRECTION ( 'NONE',  ( 6.982966722218764133E-15, 0.000000000000000000, -1.000000000000000000 ) ) ;
#2257 = CARTESIAN_POINT ( 'NONE',  ( -52.73907269190083724, -59.78717664287217559, 27.93622406603316932 ) ) ;
#2258 = CARTESIAN_POINT ( 'NONE',  ( -0.4875557908765690285, -80.50009338479678433, -24.81120896839978940 ) ) ;
#2259 = ORIENTED_EDGE ( 'NONE', *, *, #1454, .T. ) ;
#2260 = CARTESIAN_POINT ( 'NONE',  ( 39.66692771825763941, -92.97102478593983221, -9.598177407314070209 ) ) ;
#2261 = CIRCLE ( 'NONE', #4385, 2.500000000000000000 ) ;
#2262 = AXIS2_PLACEMENT_3D ( 'NONE', #1641, #4702, #5513 ) ;
#2263 = CARTESIAN_POINT ( 'NONE',  ( -2.500000000000002220, -152.0000000000000000, -18.37676056338029440 ) ) ;
#2264 = CARTESIAN_POINT ( 'NONE',  ( 40.84605599264818920, -88.79462107834447693, -20.74801378416063713 ) ) ;
#2265 = VERTEX_POINT ( 'NONE', #2558 ) ;
#2266 = CARTESIAN_POINT ( 'NONE',  ( -50.49999999999964473, -6.799999999999998046, -102.5000000000001705 ) ) ;
#2267 = DIRECTION ( 'NONE',  ( -1.000000000000000000, 0.000000000000000000, -5.551115123125777969E-15 ) ) ;
#2268 = AXIS2_PLACEMENT_3D ( 'NONE', #4909, #2243, #940 ) ;
#2269 = VECTOR ( 'NONE', #1789, 1000.000000000000000 ) ;
#2270 = AXIS2_PLACEMENT_3D ( 'NONE', #3967, #4791, #1318 ) ;
#2271 = FACE_OUTER_BOUND ( 'NONE', #2320, .T. ) ;
#2272 = DIRECTION ( 'NONE',  ( -0.000000000000000000, 1.000000000000000000, -0.000000000000000000 ) ) ;
#2273 = DIRECTION ( 'NONE',  ( -0.000000000000000000, -1.000000000000000000, -0.000000000000000000 ) ) ;
#2274 = CARTESIAN_POINT ( 'NONE',  ( 49.50000000000000000, -152.0000000000000000, -3.500000000000000000 ) ) ;
#2275 = CARTESIAN_POINT ( 'NONE',  ( -30.06945642159673326, -92.63265025338910164, 19.28826062823594611 ) ) ;
#2276 = AXIS2_PLACEMENT_3D ( 'NONE', #1506, #3268, #114 ) ;
#2277 = CIRCLE ( 'NONE', #2087, 4.500000000000003553 ) ;
#2278 = VECTOR ( 'NONE', #3577, 1000.000000000000000 ) ;
#2279 = DIRECTION ( 'NONE',  ( 0.2785422539662106844, 0.9306588250165134246, 0.2372516895078007892 ) ) ;
#2280 = CIRCLE ( 'NONE', #358, 2.500000000000002220 ) ;
#2281 = DIRECTION ( 'NONE',  ( 0.2731156288108163577, -0.8821713602783345376, -0.3836424694998525897 ) ) ;
#2282 = ORIENTED_EDGE ( 'NONE', *, *, #3840, .T. ) ;
#2283 = CIRCLE ( 'NONE', #92, 2.500000000000002220 ) ;
#2284 = VECTOR ( 'NONE', #4784, 1000.000000000000000 ) ;
#2285 = VERTEX_POINT ( 'NONE', #2496 ) ;
#2286 = CARTESIAN_POINT ( 'NONE',  ( -89.22972069470277745, -6.799999999999998046, -89.88507226689476681 ) ) ;
#2287 = DIRECTION ( 'NONE',  ( -7.709882115452474222E-15, 0.000000000000000000, 1.000000000000000000 ) ) ;
#2288 = CARTESIAN_POINT ( 'NONE',  ( -83.74626017908435927, -9.260547341090600071, 86.78936098891688289 ) ) ;
#2289 = EDGE_CURVE ( 'NONE', #1304, #3390, #2560, .T. ) ;
#2290 = CIRCLE ( 'NONE', #3030, 61.10000000000000853 ) ;
#2291 = DIRECTION ( 'NONE',  ( 0.000000000000000000, 0.000000000000000000, -1.000000000000000000 ) ) ;
#2292 = ORIENTED_EDGE ( 'NONE', *, *, #5648, .F. ) ;
#2293 = CARTESIAN_POINT ( 'NONE',  ( -50.50000000000108002, -4.000000000000000000, 102.4999999999994600 ) ) ;
#2294 = CARTESIAN_POINT ( 'NONE',  ( -3.500000000000173195, -161.0000000000000000, 49.49999999999998579 ) ) ;
#2295 = EDGE_LOOP ( 'NONE', ( #5188, #176, #81, #4063, #5032 ) ) ;
#2296 = CARTESIAN_POINT ( 'NONE',  ( 52.35719485845611842, -60.55176364418791479, -27.40704863943415859 ) ) ;
#2297 = CARTESIAN_POINT ( 'NONE',  ( 49.50000000000000000, 0.001000000000084266816, 3.500000000000000000 ) ) ;
#2298 = EDGE_CURVE ( 'NONE', #862, #4575, #2965, .T. ) ;
#2299 = CARTESIAN_POINT ( 'NONE',  ( -35.94324274506104899, -152.0000000000000000, 9.482270482206605067 ) ) ;
#2300 = CARTESIAN_POINT ( 'NONE',  ( 37.69575138767327616, -73.39971445985726461, -28.54146288914727592 ) ) ;
#2301 = ORIENTED_EDGE ( 'NONE', *, *, #5304, .T. ) ;
#2302 = DIRECTION ( 'NONE',  ( 0.000000000000000000, 0.000000000000000000, -1.000000000000000000 ) ) ;
#2303 = DIRECTION ( 'NONE',  ( 1.000000000000000000, 0.000000000000000000, 0.000000000000000000 ) ) ;
#2304 = LINE ( 'NONE', #4938, #3356 ) ;
#2305 = B_SPLINE_CURVE_WITH_KNOTS ( 'NONE', 3,
 ( #2588, #5166, #1205, #3908 ),
 .UNSPECIFIED., .F., .F.,
 ( 4, 4 ),
 ( 1.868354362588067661E-17, 0.001846378940246942452 ),
 .UNSPECIFIED. ) ;
#2306 = ORIENTED_EDGE ( 'NONE', *, *, #1413, .F. ) ;
#2307 = CARTESIAN_POINT ( 'NONE',  ( -39.64957412582953111, -93.02965821487541120, 111.7500000000000000 ) ) ;
#2308 = LINE ( 'NONE', #587, #3018 ) ;
#2309 = ORIENTED_EDGE ( 'NONE', *, *, #2298, .F. ) ;
#2310 = EDGE_CURVE ( 'NONE', #3143, #2484, #4973, .T. ) ;
#2311 = CYLINDRICAL_SURFACE ( 'NONE', #4570, 4.500000000000003553 ) ;
#2312 = FACE_BOUND ( 'NONE', #732, .T. ) ;
#2313 = CARTESIAN_POINT ( 'NONE',  ( -75.55747261235993051, -17.26351306668717456, 76.10497105718236810 ) ) ;
#2314 =( BOUNDED_CURVE ( )  B_SPLINE_CURVE ( 3, ( #1490, #2463, #4143, #3248 ),
 .UNSPECIFIED., .F., .T. ) 
 B_SPLINE_CURVE_WITH_KNOTS ( ( 4, 4 ),
 ( 1.570796326794895226, 3.141592653589793116 ),
 .UNSPECIFIED. ) 
 CURVE ( )  GEOMETRIC_REPRESENTATION_ITEM ( )  RATIONAL_B_SPLINE_CURVE ( ( 1.000000000000000000, 0.8047378541243646044, 0.8047378541243646044, 1.000000000000000000 ) ) 
 REPRESENTATION_ITEM ( '' )  );
#2315 = CARTESIAN_POINT ( 'NONE',  ( -2.347052046924410718, -83.22748919801806267, -23.45004801842699038 ) ) ;
#2316 = ORIENTED_EDGE ( 'NONE', *, *, #1454, .F. ) ;
#2317 = DIRECTION ( 'NONE',  ( 0.000000000000000000, 1.000000000000000000, 0.000000000000000000 ) ) ;
#2318 = ADVANCED_FACE ( 'NONE', ( #316 ), #3943, .T. ) ;
#2319 = CARTESIAN_POINT ( 'NONE',  ( 64.40551328408876941, -39.81963561879956615, -52.48069632180531130 ) ) ;
#2320 = EDGE_LOOP ( 'NONE', ( #675, #153, #2249, #5631 ) ) ;
#2321 = CARTESIAN_POINT ( 'NONE',  ( 82.07241969672143966, -17.16950233217305666, -68.62473168998096185 ) ) ;
#2322 = DIRECTION ( 'NONE',  ( -0.000000000000000000, 1.000000000000000000, 0.000000000000000000 ) ) ;
#2323 = ORIENTED_EDGE ( 'NONE', *, *, #2866, .F. ) ;
#2324 = ADVANCED_FACE ( 'NONE', ( #4822 ), #410, .F. ) ;
#2325 = DIRECTION ( 'NONE',  ( 0.000000000000000000, 0.000000000000000000, -1.000000000000000000 ) ) ;
#2326 = CARTESIAN_POINT ( 'NONE',  ( -30.06945642159671550, -90.16236946536911034, 9.598177407316766718 ) ) ;
#2327 = ORIENTED_EDGE ( 'NONE', *, *, #4167, .T. ) ;
#2328 = CARTESIAN_POINT ( 'NONE',  ( 38.23411289587081541, -97.75896397144344974, -8.979459605809505973 ) ) ;
#2329 = ORIENTED_EDGE ( 'NONE', *, *, #2617, .F. ) ;
#2330 = CYLINDRICAL_SURFACE ( 'NONE', #4126, 4.500000000000003553 ) ;
#2331 = CARTESIAN_POINT ( 'NONE',  ( -25.63262081801212489, 0.001000000000084266816, -25.63262081801256187 ) ) ;
#2332 = PLANE ( 'NONE',  #2639 ) ;
#2333 = VERTEX_POINT ( 'NONE', #3025 ) ;
#2334 = CARTESIAN_POINT ( 'NONE',  ( -11.59332887541340895, -152.0000000000000000, -18.37676056338029440 ) ) ;
#2335 = ORIENTED_EDGE ( 'NONE', *, *, #570, .T. ) ;
#2336 = CARTESIAN_POINT ( 'NONE',  ( -92.25000000000000000, -6.800000000000000711, -83.35607285682021939 ) ) ;
#2337 = FACE_BOUND ( 'NONE', #3664, .T. ) ;
#2338 = CARTESIAN_POINT ( 'NONE',  ( -89.41872027885099783, -6.800000000000001599, 89.78011564968659286 ) ) ;
#2339 = CARTESIAN_POINT ( 'NONE',  ( -0.9264613083689868800, -80.70709230003639334, -24.70599193193302767 ) ) ;
#2340 = VERTEX_POINT ( 'NONE', #4796 ) ;
#2341 = AXIS2_PLACEMENT_3D ( 'NONE', #2626, #5232, #416 ) ;
#2342 = AXIS2_PLACEMENT_3D ( 'NONE', #3342, #1988, #4643 ) ;
#2343 = CARTESIAN_POINT ( 'NONE',  ( 111.7500000000000000, -6.799999999999972289, 90.50000000000000000 ) ) ;
#2344 = CARTESIAN_POINT ( 'NONE',  ( 88.91947794687277451, -9.988587880995451584, -78.45911640137326515 ) ) ;
#2345 = ORIENTED_EDGE ( 'NONE', *, *, #2967, .T. ) ;
#2346 = DIRECTION ( 'NONE',  ( -0.2867141939519904370, -0.9579627186160626362, 0.01011932449242318108 ) ) ;
#2347 = CARTESIAN_POINT ( 'NONE',  ( 0.000000000000000000, -152.2088347393329570, -28.35873765900746335 ) ) ;
#2348 = CARTESIAN_POINT ( 'NONE',  ( -111.7500000000000000, 0.000000000000000000, 111.7500000000000000 ) ) ;
#2349 = AXIS2_PLACEMENT_3D ( 'NONE', #2215, #65, #4907 ) ;
#2350 = CARTESIAN_POINT ( 'NONE',  ( -50.50000000000103029, -4.000000000000000000, 97.99999999999945999 ) ) ;
#2351 = CARTESIAN_POINT ( 'NONE',  ( 61.13807158965401101, -34.02396826388999074, -57.84882130749329576 ) ) ;
#2352 = AXIS2_PLACEMENT_3D ( 'NONE', #280, #1216, #1596 ) ;
#2353 = AXIS2_PLACEMENT_3D ( 'NONE', #3421, #5538, #1581 ) ;
#2354 = CARTESIAN_POINT ( 'NONE',  ( 102.5000000000003411, -4.000000000000000000, -50.49999999999928946 ) ) ;
#2355 = ORIENTED_EDGE ( 'NONE', *, *, #4273, .T. ) ;
#2356 = CARTESIAN_POINT ( 'NONE',  ( 39.52830301974813665, -93.33958169470811583, 18.84049894709492534 ) ) ;
#2357 = EDGE_CURVE ( 'NONE', #3710, #2598, #2283, .T. ) ;
#2358 = CYLINDRICAL_SURFACE ( 'NONE', #5205, 2.999999999999999112 ) ;
#2359 = EDGE_CURVE ( 'NONE', #3623, #1304, #146, .T. ) ;
#2360 = EDGE_CURVE ( 'NONE', #2621, #2890, #4522, .T. ) ;
#2361 = CIRCLE ( 'NONE', #973, 3.600000000000000977 ) ;
#2362 = B_SPLINE_CURVE_WITH_KNOTS ( 'NONE', 3,
 ( #2418, #3801, #2073, #3829 ),
 .UNSPECIFIED., .F., .F.,
 ( 4, 4 ),
 ( 1.734723475976807094E-18, 0.003188910861303769287 ),
 .UNSPECIFIED. ) ;
#2363 = DIRECTION ( 'NONE',  ( 0.000000000000000000, 0.000000000000000000, -1.000000000000000000 ) ) ;
#2364 = CARTESIAN_POINT ( 'NONE',  ( 99.75000000000000000, -6.799999999999971401, 111.7500000000000000 ) ) ;
#2365 = EDGE_LOOP ( 'NONE', ( #3873, #1625, #1126, #3234 ) ) ;
#2366 = ADVANCED_FACE ( 'NONE', ( #2647 ), #4040, .T. ) ;
#2367 = EDGE_CURVE ( 'NONE', #3940, #1706, #1000, .T. ) ;
#2368 = ORIENTED_EDGE ( 'NONE', *, *, #2863, .F. ) ;
#2369 = AXIS2_PLACEMENT_3D ( 'NONE', #201, #3178, #2759 ) ;
#2370 = CIRCLE ( 'NONE', #626, 10.00000000000000533 ) ;
#2371 = FACE_OUTER_BOUND ( 'NONE', #3982, .T. ) ;
#2372 = CARTESIAN_POINT ( 'NONE',  ( 0.4877730620030881203, -80.50025822096577599, -24.81112512660525837 ) ) ;
#2373 = DIRECTION ( 'NONE',  ( 0.000000000000000000, -1.000000000000000000, -0.000000000000000000 ) ) ;
#2374 = CARTESIAN_POINT ( 'NONE',  ( -2.463401710638155162, -83.88011170887698142, -23.13177086139280547 ) ) ;
#2375 = ORIENTED_EDGE ( 'NONE', *, *, #2847, .T. ) ;
#2376 = AXIS2_PLACEMENT_3D ( 'NONE', #2393, #560, #3172 ) ;
#2377 = VECTOR ( 'NONE', #2000, 1000.000000000000000 ) ;
#2378 = AXIS2_PLACEMENT_3D ( 'NONE', #3516, #4462, #3187 ) ;
#2379 = EDGE_CURVE ( 'NONE', #628, #1284, #1650, .T. ) ;
#2380 = DIRECTION ( 'NONE',  ( 0.000000000000000000, 0.000000000000000000, -1.000000000000000000 ) ) ;
#2381 = CARTESIAN_POINT ( 'NONE',  ( 59.21604788465459990, -47.95349464461801858, -45.59207631544401096 ) ) ;
#2382 = ORIENTED_EDGE ( 'NONE', *, *, #815, .T. ) ;
#2383 = CARTESIAN_POINT ( 'NONE',  ( -21.99999999999998224, -80.01162596762468127, 2.500000000000000000 ) ) ;
#2384 = LINE ( 'NONE', #1550, #2278 ) ;
#2385 = DIRECTION ( 'NONE',  ( 1.000000000000000000, 0.000000000000000000, 5.551115123125777969E-15 ) ) ;
#2386 = CARTESIAN_POINT ( 'NONE',  ( 50.49999999999892708, -6.799999999999998046, 102.5000000000005258 ) ) ;
#2387 = ORIENTED_EDGE ( 'NONE', *, *, #3911, .T. ) ;
#2388 = PLANE ( 'NONE',  #1269 ) ;
#2389 = ORIENTED_EDGE ( 'NONE', *, *, #1868, .T. ) ;
#2390 = CARTESIAN_POINT ( 'NONE',  ( 5.184852791247432369E-13, -152.0000000000000000, -49.50000000000000000 ) ) ;
#2391 = CARTESIAN_POINT ( 'NONE',  ( -102.5000000000000000, -6.799999999999998046, -50.50000000000000000 ) ) ;
#2392 = DIRECTION ( 'NONE',  ( 0.000000000000000000, 0.000000000000000000, -1.000000000000000000 ) ) ;
#2393 = CARTESIAN_POINT ( 'NONE',  ( -98.74999999999998579, -4.299999999999999822, -50.50000000000000000 ) ) ;
#2394 = ADVANCED_FACE ( 'NONE', ( #1812 ), #5323, .T. ) ;
#2395 = VERTEX_POINT ( 'NONE', #517 ) ;
#2396 = CARTESIAN_POINT ( 'NONE',  ( 28.65399519163802111, -94.99730313167312090, -18.97890172748233795 ) ) ;
#2397 = DIRECTION ( 'NONE',  ( -1.000000000000000000, -2.359223927328457333E-14, 0.000000000000000000 ) ) ;
#2398 = CARTESIAN_POINT ( 'NONE',  ( 111.7500000000000000, -95.10293104140910714, -28.97834384915513439 ) ) ;
#2399 = CARTESIAN_POINT ( 'NONE',  ( -87.37866492867568979, -6.799999999999996270, 90.46272488050939842 ) ) ;
#2400 = EDGE_CURVE ( 'NONE', #1357, #3174, #4064, .T. ) ;
#2401 = VERTEX_POINT ( 'NONE', #4848 ) ;
#2402 = CARTESIAN_POINT ( 'NONE',  ( 81.11506820695174724, -18.17477842022109513, 74.94418026132686350 ) ) ;
#2403 = CARTESIAN_POINT ( 'NONE',  ( -46.74999999999963762, -4.000000000000000000, -102.5000000000001563 ) ) ;
#2404 = ORIENTED_EDGE ( 'NONE', *, *, #1510, .F. ) ;
#2405 = CARTESIAN_POINT ( 'NONE',  ( 47.99999999999892708, -4.299999999999999822, 102.5000000000004974 ) ) ;
#2406 = FACE_OUTER_BOUND ( 'NONE', #1948, .T. ) ;
#2407 = ADVANCED_FACE ( 'NONE', ( #2767 ), #2214, .T. ) ;
#2408 = VERTEX_POINT ( 'NONE', #4032 ) ;
#2409 = CARTESIAN_POINT ( 'NONE',  ( -43.49509476788575313, -81.12130750453781047, 14.95524214871601210 ) ) ;
#2410 = PLANE ( 'NONE',  #1262 ) ;
#2411 = CARTESIAN_POINT ( 'NONE',  ( -39.36171888605390734, -93.93626417769732484, 18.72398897372629634 ) ) ;
#2412 = VERTEX_POINT ( 'NONE', #5308 ) ;
#2413 = CARTESIAN_POINT ( 'NONE',  ( -2.500000000000002220, -95.10293104140906451, 28.97834384915512729 ) ) ;
#2414 = CARTESIAN_POINT ( 'NONE',  ( 88.22693965496387136, -6.799999999999972289, 90.28188852862255942 ) ) ;
#2415 = DIRECTION ( 'NONE',  ( 0.000000000000000000, 1.000000000000000000, 0.000000000000000000 ) ) ;
#2416 = DIRECTION ( 'NONE',  ( -1.000000000000000000, 0.000000000000000000, -6.993308080469439450E-18 ) ) ;
#2417 = ORIENTED_EDGE ( 'NONE', *, *, #1767, .F. ) ;
#2418 = CARTESIAN_POINT ( 'NONE',  ( -39.66692771826055264, -92.97102478592969987, 9.598177407316763166 ) ) ;
#2419 = FACE_OUTER_BOUND ( 'NONE', #1121, .T. ) ;
#2420 = FACE_OUTER_BOUND ( 'NONE', #5157, .T. ) ;
#2421 = DIRECTION ( 'NONE',  ( -1.000000000000000000, 0.000000000000000000, -3.700743415417184787E-15 ) ) ;
#2422 = CARTESIAN_POINT ( 'NONE',  ( -39.18835958204646630, -94.57065739645649671, 2.053147964923649926 ) ) ;
#2423 = ORIENTED_EDGE ( 'NONE', *, *, #1035, .F. ) ;
#2424 = EDGE_CURVE ( 'NONE', #2592, #2043, #463, .T. ) ;
#2425 = EDGE_CURVE ( 'NONE', #1203, #4729, #1082, .T. ) ;
#2426 = ORIENTED_EDGE ( 'NONE', *, *, #3924, .F. ) ;
#2427 = ADVANCED_FACE ( 'NONE', ( #1952 ), #3275, .F. ) ;
#2428 = CARTESIAN_POINT ( 'NONE',  ( 41.98392923089105722, -85.40783818939719652, 12.77617368082052174 ) ) ;
#2429 = CIRCLE ( 'NONE', #60, 3.500000000000000000 ) ;
#2430 = CARTESIAN_POINT ( 'NONE',  ( 2.500000000000000000, -182.4667798020291798, 30.89516666768513176 ) ) ;
#2431 = ORIENTED_EDGE ( 'NONE', *, *, #5316, .T. ) ;
#2432 = PLANE ( 'NONE',  #274 ) ;
#2433 = CARTESIAN_POINT ( 'NONE',  ( 102.4999999999996163, -6.799999999999998046, 55.00000000000072475 ) ) ;
#2434 = CARTESIAN_POINT ( 'NONE',  ( -54.99999999999964473, -6.799999999999998046, -102.5000000000001847 ) ) ;
#2435 = DIRECTION ( 'NONE',  ( 0.000000000000000000, 1.000000000000000000, 0.000000000000000000 ) ) ;
#2436 = DIRECTION ( 'NONE',  ( -0.000000000000000000, -1.000000000000000000, -0.000000000000000000 ) ) ;
#2437 = ORIENTED_EDGE ( 'NONE', *, *, #4014, .F. ) ;
#2438 = CARTESIAN_POINT ( 'NONE',  ( 40.53612236886954889, -90.08429612207210369, 10.63762474218123977 ) ) ;
#2439 = AXIS2_PLACEMENT_3D ( 'NONE', #4463, #518, #2267 ) ;
#2440 = DIRECTION ( 'NONE',  ( 0.000000000000000000, -0.9999442121672829087, 0.01056279097359804145 ) ) ;
#2441 = VECTOR ( 'NONE', #5271, 1000.000000000000000 ) ;
#2442 = CIRCLE ( 'NONE', #4571, 61.10000000000000853 ) ;
#2443 = CARTESIAN_POINT ( 'NONE',  ( 39.64957412582636920, -93.02965821488604092, 111.7500000000000000 ) ) ;
#2444 = VERTEX_POINT ( 'NONE', #4226 ) ;
#2445 = CARTESIAN_POINT ( 'NONE',  ( -99.75000000000000000, -6.800000000000000711, 99.75000000000000000 ) ) ;
#2446 = AXIS2_PLACEMENT_3D ( 'NONE', #4593, #2415, #5485 ) ;
#2447 = CIRCLE ( 'NONE', #5593, 2.500000000000002220 ) ;
#2448 = EDGE_CURVE ( 'NONE', #408, #3868, #4504, .T. ) ;
#2449 = VECTOR ( 'NONE', #5050, 1000.000000000000000 ) ;
#2450 = DIRECTION ( 'NONE',  ( -0.000000000000000000, -0.9965049363970236440, -0.08353389573319149053 ) ) ;
#2451 = AXIS2_PLACEMENT_3D ( 'NONE', #3887, #210, #3336 ) ;
#2452 = CARTESIAN_POINT ( 'NONE',  ( 88.22568327697528900, -6.799999999999972289, -90.29454320664997624 ) ) ;
#2453 = CARTESIAN_POINT ( 'NONE',  ( -9.482270482206480722, 0.001000000000084266816, -35.94324274506109163 ) ) ;
#2454 = ORIENTED_EDGE ( 'NONE', *, *, #4167, .F. ) ;
#2455 = AXIS2_PLACEMENT_3D ( 'NONE', #1939, #3695, #1478 ) ;
#2456 = CIRCLE ( 'NONE', #5140, 11.76778952097455644 ) ;
#2457 = AXIS2_PLACEMENT_3D ( 'NONE', #2916, #3833, #3778 ) ;
#2458 = VERTEX_POINT ( 'NONE', #3223 ) ;
#2459 = CARTESIAN_POINT ( 'NONE',  ( 67.37576769956571354, -35.47912705040190673, 56.43120205125065070 ) ) ;
#2460 = AXIS2_PLACEMENT_3D ( 'NONE', #217, #1062, #2471 ) ;
#2461 = CARTESIAN_POINT ( 'NONE',  ( 0.1256801003850070431, -80.42391024741303340, 24.85000000000002629 ) ) ;
#2462 = ORIENTED_EDGE ( 'NONE', *, *, #3041, .F. ) ;
#2463 = CARTESIAN_POINT ( 'NONE',  ( 2.500000000000002220, -152.0000000000000284, 29.81083414330409553 ) ) ;
#2464 = CARTESIAN_POINT ( 'NONE',  ( -56.59802839707484878, -40.19314533047477767, -52.18253350480657815 ) ) ;
#2465 = AXIS2_PLACEMENT_3D ( 'NONE', #4989, #3312, #1023 ) ;
#2466 = CARTESIAN_POINT ( 'NONE',  ( 111.7500000000000000, -152.0000000000000000, -18.37676056338029440 ) ) ;
#2467 = CARTESIAN_POINT ( 'NONE',  ( -13.08227048220648214, -161.0000000000000000, -35.94324274506112715 ) ) ;
#2468 = FACE_OUTER_BOUND ( 'NONE', #446, .T. ) ;
#2469 = ORIENTED_EDGE ( 'NONE', *, *, #477, .T. ) ;
#2470 = ADVANCED_FACE ( 'NONE', ( #2876 ), #2432, .F. ) ;
#2471 = DIRECTION ( 'NONE',  ( 0.000000000000000000, 0.000000000000000000, -1.000000000000000000 ) ) ;
#2472 = AXIS2_PLACEMENT_3D ( 'NONE', #1461, #179, #2729 ) ;
#2473 = DIRECTION ( 'NONE',  ( 0.000000000000000000, -0.9986295347545739443, 0.05233595624294395260 ) ) ;
#2474 = DIRECTION ( 'NONE',  ( -0.000000000000000000, -0.000000000000000000, -1.000000000000000000 ) ) ;
#2475 = EDGE_CURVE ( 'NONE', #1014, #3940, #1516, .T. ) ;
#2476 = ORIENTED_EDGE ( 'NONE', *, *, #4524, .T. ) ;
#2477 = CARTESIAN_POINT ( 'NONE',  ( -74.64826564694715216, -25.85974269180788809, -58.18198335666915000 ) ) ;
#2478 = EDGE_CURVE ( 'NONE', #5532, #3486, #2314, .T. ) ;
#2479 = ORIENTED_EDGE ( 'NONE', *, *, #949, .T. ) ;
#2480 = DIRECTION ( 'NONE',  ( -0.000000000000000000, 1.000000000000000000, 0.000000000000000000 ) ) ;
#2481 = FACE_OUTER_BOUND ( 'NONE', #4629, .T. ) ;
#2482 = EDGE_CURVE ( 'NONE', #5701, #1962, #4220, .T. ) ;
#2483 = CARTESIAN_POINT ( 'NONE',  ( -30.37374068238452907, -92.11276455625420567, -19.42079443835084618 ) ) ;
#2484 = VERTEX_POINT ( 'NONE', #2405 ) ;
#2485 = EDGE_LOOP ( 'NONE', ( #3795, #1572, #4832, #3978, #4384, #3181 ) ) ;
#2486 = CARTESIAN_POINT ( 'NONE',  ( 63.81956617388264164, -40.70353209770407688, 51.70231937805188949 ) ) ;
#2487 = DIRECTION ( 'NONE',  ( 0.000000000000000000, 1.000000000000000000, 0.000000000000000000 ) ) ;
#2488 = EDGE_LOOP ( 'NONE', ( #148, #1221, #1784, #5295 ) ) ;
#2489 = CYLINDRICAL_SURFACE ( 'NONE', #3262, 2.499999999999998224 ) ;
#2490 = CARTESIAN_POINT ( 'NONE',  ( -87.43601720909201447, -5.983948345474851216, -91.74093752249743261 ) ) ;
#2491 = CARTESIAN_POINT ( 'NONE',  ( -109.0212156840881192, -2.500000000000000000, -99.75000000000001421 ) ) ;
#2492 = DIRECTION ( 'NONE',  ( -0.000000000000000000, -1.000000000000000000, -0.000000000000000000 ) ) ;
#2493 = ORIENTED_EDGE ( 'NONE', *, *, #2367, .F. ) ;
#2494 = CARTESIAN_POINT ( 'NONE',  ( -102.5000000000000000, -6.799999999999998046, -53.00000000000000711 ) ) ;
#2495 = EDGE_LOOP ( 'NONE', ( #4281, #1088, #43, #4049 ) ) ;
#2496 = CARTESIAN_POINT ( 'NONE',  ( 22.00000000000001776, -152.0000000000000000, 2.500000000000002220 ) ) ;
#2497 =( BOUNDED_CURVE ( )  B_SPLINE_CURVE ( 3, ( #396, #2138, #4868, #483 ),
 .UNSPECIFIED., .F., .T. ) 
 B_SPLINE_CURVE_WITH_KNOTS ( ( 4, 4 ),
 ( 4.462776901768517490, 4.701825992981636837 ),
 .UNSPECIFIED. ) 
 CURVE ( )  GEOMETRIC_REPRESENTATION_ITEM ( )  RATIONAL_B_SPLINE_CURVE ( ( 1.000000000000000000, 0.9952436275540108568, 0.9952436275540108568, 1.000000000000000000 ) ) 
 REPRESENTATION_ITEM ( '' )  );
#2498 = DIRECTION ( 'NONE',  ( 0.000000000000000000, 1.000000000000000000, 0.000000000000000000 ) ) ;
#2499 = ORIENTED_EDGE ( 'NONE', *, *, #2546, .F. ) ;
#2500 = ORIENTED_EDGE ( 'NONE', *, *, #301, .T. ) ;
#2501 = CYLINDRICAL_SURFACE ( 'NONE', #1349, 2.500000000000002220 ) ;
#2502 = ORIENTED_EDGE ( 'NONE', *, *, #714, .T. ) ;
#2503 = DIRECTION ( 'NONE',  ( -0.000000000000000000, -1.000000000000000000, -0.000000000000000000 ) ) ;
#2504 = EDGE_CURVE ( 'NONE', #2923, #3611, #2901, .T. ) ;
#2505 = EDGE_LOOP ( 'NONE', ( #1766, #1675 ) ) ;
#2506 = DIRECTION ( 'NONE',  ( -0.2867141939519910476, 0.9579627186160625252, 0.01011932449242293648 ) ) ;
#2507 = CARTESIAN_POINT ( 'NONE',  ( -40.53612236886949916, -90.08429612207213211, -10.63762474218124687 ) ) ;
#2508 = ORIENTED_EDGE ( 'NONE', *, *, #2959, .F. ) ;
#2509 = EDGE_CURVE ( 'NONE', #1254, #3399, #1549, .T. ) ;
#2510 = VERTEX_POINT ( 'NONE', #1928 ) ;
#2511 = CARTESIAN_POINT ( 'NONE',  ( 66.69277510804546694, -36.53744297048764622, 47.15937989853948409 ) ) ;
#2512 = CARTESIAN_POINT ( 'NONE',  ( -49.49999999999997868, 0.001000000000084266816, -3.500000000000345501 ) ) ;
#2513 = VERTEX_POINT ( 'NONE', #4114 ) ;
#2514 = CARTESIAN_POINT ( 'NONE',  ( -50.50000000000108002, -6.799999999999998046, 102.4999999999994600 ) ) ;
#2515 = CARTESIAN_POINT ( 'NONE',  ( 30.06945642159359267, -92.63265025339440228, 19.28826062823459253 ) ) ;
#2516 = CIRCLE ( 'NONE', #53, 4.500000000000003553 ) ;
#2517 = CARTESIAN_POINT ( 'NONE',  ( -87.12662495001264062, -11.80041662660351420, 75.86273749809947731 ) ) ;
#2518 = CARTESIAN_POINT ( 'NONE',  ( -39.52830301974812244, -93.33958169470808741, 18.84049894709490758 ) ) ;
#2519 = VERTEX_POINT ( 'NONE', #232 ) ;
#2520 = DIRECTION ( 'NONE',  ( 0.000000000000000000, 1.000000000000000000, 0.000000000000000000 ) ) ;
#2521 = ORIENTED_EDGE ( 'NONE', *, *, #5704, .F. ) ;
#2522 = DIRECTION ( 'NONE',  ( -0.000000000000000000, 1.000000000000000000, -0.000000000000000000 ) ) ;
#2523 =( NAMED_UNIT ( * ) PLANE_ANGLE_UNIT ( ) SI_UNIT ( $, .RADIAN. ) );
#2524 = ORIENTED_EDGE ( 'NONE', *, *, #4538, .F. ) ;
#2525 = CARTESIAN_POINT ( 'NONE',  ( 22.00000000000001776, -152.0000000000000000, 111.7500000000000000 ) ) ;
#2526 = EDGE_LOOP ( 'NONE', ( #3442, #1709, #4357, #474, #3024, #2895, #4653, #1039, #5563 ) ) ;
#2527 = ADVANCED_FACE ( 'NONE', ( #259 ), #1977, .F. ) ;
#2528 = CIRCLE ( 'NONE', #5121, 3.750000000000003553 ) ;
#2529 = CARTESIAN_POINT ( 'NONE',  ( 0.1253579050763578839, -80.42391024741257866, -24.85000000000002274 ) ) ;
#2530 = EDGE_CURVE ( 'NONE', #3046, #5114, #2197, .T. ) ;
#2531 = CYLINDRICAL_SURFACE ( 'NONE', #1713, 61.10000000000000853 ) ;
#2532 = CARTESIAN_POINT ( 'NONE',  ( -50.50000000000108002, -4.299999999999999822, 102.4999999999994600 ) ) ;
#2533 = CARTESIAN_POINT ( 'NONE',  ( -39.18627661327951017, -94.57761696268964613, -9.203558221062754896 ) ) ;
#2534 = VECTOR ( 'NONE', #5310, 1000.000000000000000 ) ;
#2535 = ORIENTED_EDGE ( 'NONE', *, *, #3797, .T. ) ;
#2536 = LINE ( 'NONE', #1768, #3469 ) ;
#2537 = DIRECTION ( 'NONE',  ( 0.000000000000000000, 1.000000000000000000, 0.000000000000000000 ) ) ;
#2538 = AXIS2_PLACEMENT_3D ( 'NONE', #4151, #4616, #4645 ) ;
#2539 = AXIS2_PLACEMENT_3D ( 'NONE', #2128, #5665, #2157 ) ;
#2540 = VERTEX_POINT ( 'NONE', #4635 ) ;
#2541 =( BOUNDED_CURVE ( )  B_SPLINE_CURVE ( 3, ( #1847, #1435, #2738, #1058 ),
 .UNSPECIFIED., .F., .T. ) 
 B_SPLINE_CURVE_WITH_KNOTS ( ( 4, 4 ),
 ( 3.107795079299670693, 4.675562744292155237 ),
 .UNSPECIFIED. ) 
 CURVE ( )  GEOMETRIC_REPRESENTATION_ITEM ( )  RATIONAL_B_SPLINE_CURVE ( ( 1.000000000000000000, 0.8054511757724617249, 0.8054511757724617249, 1.000000000000000000 ) ) 
 REPRESENTATION_ITEM ( '' )  );
#2542 = VECTOR ( 'NONE', #4370, 1000.000000000000114 ) ;
#2543 = CARTESIAN_POINT ( 'NONE',  ( -2.500000000000000000, -151.9999999999999716, -28.34123169520965035 ) ) ;
#2544 = CARTESIAN_POINT ( 'NONE',  ( 102.4999999999996447, -4.000000000000000000, 50.50000000000071765 ) ) ;
#2545 = ORIENTED_EDGE ( 'NONE', *, *, #2696, .T. ) ;
#2546 = EDGE_CURVE ( 'NONE', #2129, #2953, #5303, .T. ) ;
#2547 = VECTOR ( 'NONE', #4424, 1000.000000000000000 ) ;
#2548 = CARTESIAN_POINT ( 'NONE',  ( 30.06945642159357845, -92.63265025339443071, -19.28826062823460319 ) ) ;
#2549 = ORIENTED_EDGE ( 'NONE', *, *, #368, .F. ) ;
#2550 = CARTESIAN_POINT ( 'NONE',  ( -88.96525773445999619, -9.898391799270168434, -85.84435368227867968 ) ) ;
#2551 = EDGE_CURVE ( 'NONE', #5498, #1014, #3762, .T. ) ;
#2552 = CIRCLE ( 'NONE', #719, 193.9999999999999432 ) ;
#2553 = AXIS2_PLACEMENT_3D ( 'NONE', #256, #5100, #1975 ) ;
#2554 = DIRECTION ( 'NONE',  ( 0.000000000000000000, 0.000000000000000000, -1.000000000000000000 ) ) ;
#2555 = CARTESIAN_POINT ( 'NONE',  ( -63.81784171445863763, -40.70614968067794592, 51.70002891814997525 ) ) ;
#2556 = LINE ( 'NONE', #2042, #3478 ) ;
#2557 = EDGE_LOOP ( 'NONE', ( #4543, #1129 ) ) ;
#2558 = CARTESIAN_POINT ( 'NONE',  ( 2.500000000000002220, -94.99730313167312090, -18.97890172748233795 ) ) ;
#2559 = CARTESIAN_POINT ( 'NONE',  ( 90.44801008579618440, -6.799999999999972289, 88.98764188781855466 ) ) ;
#2560 = CIRCLE ( 'NONE', #4881, 4.500000000000003553 ) ;
#2561 = AXIS2_PLACEMENT_3D ( 'NONE', #3217, #592, #1397 ) ;
#2562 = VERTEX_POINT ( 'NONE', #5424 ) ;
#2563 = DIRECTION ( 'NONE',  ( 0.000000000000000000, 1.000000000000000000, 0.000000000000000000 ) ) ;
#2564 = VERTEX_POINT ( 'NONE', #3683 ) ;
#2565 = VECTOR ( 'NONE', #2669, 1000.000000000000114 ) ;
#2566 = DIRECTION ( 'NONE',  ( 6.982966722218764133E-15, 0.000000000000000000, -1.000000000000000000 ) ) ;
#2567 = DIRECTION ( 'NONE',  ( -0.000000000000000000, 1.000000000000000000, -0.000000000000000000 ) ) ;
#2568 = FACE_OUTER_BOUND ( 'NONE', #4449, .T. ) ;
#2569 = CARTESIAN_POINT ( 'NONE',  ( 2.500000000000000000, -151.9999999999999716, -18.37676056338029795 ) ) ;
#2570 = ORIENTED_EDGE ( 'NONE', *, *, #2164, .T. ) ;
#2571 = EDGE_CURVE ( 'NONE', #1179, #4235, #5568, .T. ) ;
#2572 = DIRECTION ( 'NONE',  ( 1.000000000000000000, 0.000000000000000000, 1.110223024625155594E-14 ) ) ;
#2573 = DIRECTION ( 'NONE',  ( 0.000000000000000000, 1.000000000000000000, 0.000000000000000000 ) ) ;
#2574 = ORIENTED_EDGE ( 'NONE', *, *, #1714, .F. ) ;
#2575 = EDGE_CURVE ( 'NONE', #4225, #2656, #2807, .T. ) ;
#2576 = EDGE_CURVE ( 'NONE', #3094, #3969, #206, .T. ) ;
#2577 = ADVANCED_FACE ( 'NONE', ( #4786 ), #3012, .F. ) ;
#2578 = DIRECTION ( 'NONE',  ( 0.000000000000000000, 1.000000000000000000, 0.000000000000000000 ) ) ;
#2579 = DIRECTION ( 'NONE',  ( -0.05233595624294382076, -0.9986295347545739443, 0.000000000000000000 ) ) ;
#2580 = DIRECTION ( 'NONE',  ( 1.000000000000000000, 0.000000000000000000, 3.083952846180988111E-15 ) ) ;
#2581 = EDGE_LOOP ( 'NONE', ( #1825, #1600 ) ) ;
#2582 = DIRECTION ( 'NONE',  ( -1.000000000000000000, 0.000000000000000000, -1.110223024625155436E-14 ) ) ;
#2583 = CARTESIAN_POINT ( 'NONE',  ( -37.78392865207461426, -73.19668988615518401, -28.65397821195288230 ) ) ;
#2584 = EDGE_CURVE ( 'NONE', #4531, #2731, #3993, .T. ) ;
#2585 = CARTESIAN_POINT ( 'NONE',  ( -40.00000000000000000, -152.0000000000000000, 4.336808689942017736E-16 ) ) ;
#2586 = DIRECTION ( 'NONE',  ( -0.000000000000000000, 1.000000000000000000, -0.000000000000000000 ) ) ;
#2587 = ORIENTED_EDGE ( 'NONE', *, *, #3212, .F. ) ;
#2588 = CARTESIAN_POINT ( 'NONE',  ( -30.06945642159672971, -92.63265025338913006, -19.28826062823595677 ) ) ;
#2589 = CARTESIAN_POINT ( 'NONE',  ( 92.17488053844257934, -6.799999999999973177, 85.08244773860772625 ) ) ;
#2590 = EDGE_CURVE ( 'NONE', #3424, #512, #1509, .T. ) ;
#2591 = CARTESIAN_POINT ( 'NONE',  ( 111.7500000000000000, -95.10293104140906451, 28.97834384915512729 ) ) ;
#2592 = VERTEX_POINT ( 'NONE', #1720 ) ;
#2593 = DIRECTION ( 'NONE',  ( 0.000000000000000000, 1.000000000000000000, 0.000000000000000000 ) ) ;
#2594 = CYLINDRICAL_SURFACE ( 'NONE', #793, 3.750000000000003553 ) ;
#2595 = ORIENTED_EDGE ( 'NONE', *, *, #4847, .F. ) ;
#2596 = LINE ( 'NONE', #1326, #2624 ) ;
#2597 = VERTEX_POINT ( 'NONE', #2548 ) ;
#2598 = VERTEX_POINT ( 'NONE', #823 ) ;
#2599 = DIRECTION ( 'NONE',  ( -1.000000000000000000, 0.000000000000000000, -3.700743415417184787E-15 ) ) ;
#2600 = CARTESIAN_POINT ( 'NONE',  ( -50.20340648295906760, -49.74238991771537144, -44.22496085688297285 ) ) ;
#2601 = DIRECTION ( 'NONE',  ( 0.000000000000000000, 0.000000000000000000, 1.000000000000000000 ) ) ;
#2602 = VERTEX_POINT ( 'NONE', #3787 ) ;
#2603 = B_SPLINE_CURVE_WITH_KNOTS ( 'NONE', 3,
 ( #536, #2288, #5384, #2313, #4079, #1017, #5414, #1453, #696, #4689, #4302, #1101, #1570, #3327, #1999, #2870, #4272, #1621, #3752, #281, #3437, #1597 ),
 .UNSPECIFIED., .F., .F.,
 ( 4, 2, 2, 2, 2, 2, 2, 2, 2, 2, 4 ),
 ( 2.507860637005088056E-17, 0.01563294471814636460, 0.03126588943629270839, 0.04689883415443904524, 0.05471530651351221020, 0.05862354269304877880, 0.06253177887258533352, 0.07816472359073156628, 0.09379766830887778517, 0.1094306130270240041, 0.1250635577451702229 ),
 .UNSPECIFIED. ) ;
#2604 = FACE_OUTER_BOUND ( 'NONE', #5069, .T. ) ;
#2605 = CARTESIAN_POINT ( 'NONE',  ( 54.24999999999893419, -4.000000000000000000, 102.5000000000005684 ) ) ;
#2606 = EDGE_CURVE ( 'NONE', #330, #3245, #4843, .T. ) ;
#2607 = CARTESIAN_POINT ( 'NONE',  ( -54.24999999999964473, -4.000000000000000000, -102.5000000000001847 ) ) ;
#2608 = ORIENTED_EDGE ( 'NONE', *, *, #571, .T. ) ;
#2609 = EDGE_CURVE ( 'NONE', #3174, #121, #767, .T. ) ;
#2610 = CARTESIAN_POINT ( 'NONE',  ( 99.75000000000000000, -6.799999999999972289, -99.75000000000000000 ) ) ;
#2611 = LINE ( 'NONE', #4367, #4486 ) ;
#2612 = ADVANCED_FACE ( 'NONE', ( #2038 ), #5253, .F. ) ;
#2613 = LINE ( 'NONE', #3564, #3735 ) ;
#2614 = VERTEX_POINT ( 'NONE', #1255 ) ;
#2615 = CARTESIAN_POINT ( 'NONE',  ( 47.00283683763803566, -72.16707282955148628, -19.93902970680233011 ) ) ;
#2616 = ORIENTED_EDGE ( 'NONE', *, *, #1590, .T. ) ;
#2617 = EDGE_CURVE ( 'NONE', #1708, #2333, #3047, .T. ) ;
#2618 = CARTESIAN_POINT ( 'NONE',  ( -97.99999999999998579, -4.000000000000000000, 50.50000000000000000 ) ) ;
#2619 = DIRECTION ( 'NONE',  ( 0.000000000000000000, 0.000000000000000000, 1.000000000000000000 ) ) ;
#2620 = CARTESIAN_POINT ( 'NONE',  ( 28.65399519163802466, -94.99730313167307827, 18.97890172748231663 ) ) ;
#2621 = VERTEX_POINT ( 'NONE', #2061 ) ;
#2622 = CARTESIAN_POINT ( 'NONE',  ( 0.000000000000000000, -152.0000000000000000, 0.000000000000000000 ) ) ;
#2623 = CARTESIAN_POINT ( 'NONE',  ( 30.37374068236636404, -92.11276455624759762, -19.42079443835222463 ) ) ;
#2624 = VECTOR ( 'NONE', #5702, 1000.000000000000000 ) ;
#2625 = ORIENTED_EDGE ( 'NONE', *, *, #1379, .F. ) ;
#2626 = CARTESIAN_POINT ( 'NONE',  ( -102.5000000000000000, -4.299999999999999822, -50.50000000000000000 ) ) ;
#2627 = ORIENTED_EDGE ( 'NONE', *, *, #3753, .T. ) ;
#2628 = ORIENTED_EDGE ( 'NONE', *, *, #3425, .T. ) ;
#2629 = CARTESIAN_POINT ( 'NONE',  ( 0.000000000000000000, -151.9999999999999716, -30.85000000000002274 ) ) ;
#2630 = VERTEX_POINT ( 'NONE', #2142 ) ;
#2631 = CARTESIAN_POINT ( 'NONE',  ( -37.69575138767329037, -73.39971445985723619, -28.54146288914730079 ) ) ;
#2632 = VERTEX_POINT ( 'NONE', #4312 ) ;
#2633 = ORIENTED_EDGE ( 'NONE', *, *, #5587, .T. ) ;
#2634 = DIRECTION ( 'NONE',  ( -0.000000000000000000, -0.000000000000000000, 1.000000000000000000 ) ) ;
#2635 = CARTESIAN_POINT ( 'NONE',  ( 2.500000000000000000, -80.63274498674579149, -22.35873765900740651 ) ) ;
#2636 = DIRECTION ( 'NONE',  ( -7.401486830834369573E-15, 0.000000000000000000, 1.000000000000000000 ) ) ;
#2637 = EDGE_LOOP ( 'NONE', ( #4805, #3755, #5629, #4178 ) ) ;
#2638 = CARTESIAN_POINT ( 'NONE',  ( -0.1253579050763581337, -80.42391024741257866, 24.85000000000002274 ) ) ;
#2639 = AXIS2_PLACEMENT_3D ( 'NONE', #1853, #4074, #3608 ) ;
#2640 = CIRCLE ( 'NONE', #3289, 3.500000000000000000 ) ;
#2641 = B_SPLINE_CURVE_WITH_KNOTS ( 'NONE', 3,
 ( #4154, #1566, #278, #4683, #724, #2477, #3523, #1765, #3034, #5266, #5667, #3951, #4418, #3863, #4828, #3916, #774, #4740, #3496, #863 ),
 .UNSPECIFIED., .F., .F.,
 ( 4, 2, 2, 2, 2, 2, 2, 2, 2, 4 ),
 ( 2.454802281255127096E-17, 0.01548178608650069982, 0.03096357217300137535, 0.04644535825950203700, 0.05418625130275236262, 0.06192714434600268825, 0.07740893043250333949, 0.09289071651900397686, 0.1083725026055046142, 0.1238542886920052377 ),
 .UNSPECIFIED. ) ;
#2642 = PLANE ( 'NONE',  #5225 ) ;
#2643 = CIRCLE ( 'NONE', #1164, 10.00000000000000355 ) ;
#2644 = VECTOR ( 'NONE', #4887, 1000.000000000000000 ) ;
#2645 = CARTESIAN_POINT ( 'NONE',  ( -111.5177895209745600, -2.369160109392641100, 99.75000000000000000 ) ) ;
#2646 = ORIENTED_EDGE ( 'NONE', *, *, #4529, .F. ) ;
#2647 = FACE_OUTER_BOUND ( 'NONE', #927, .T. ) ;
#2648 = CARTESIAN_POINT ( 'NONE',  ( 54.99999999999893419, -6.799999999999998046, 102.5000000000005684 ) ) ;
#2649 = AXIS2_PLACEMENT_3D ( 'NONE', #684, #3362, #5131 ) ;
#2650 = AXIS2_PLACEMENT_3D ( 'NONE', #5209, #1369, #5278 ) ;
#2651 = EDGE_CURVE ( 'NONE', #1132, #1865, #1606, .T. ) ;
#2652 = CARTESIAN_POINT ( 'NONE',  ( 45.75342456115465239, -57.27943891837443147, 38.67942313342496874 ) ) ;
#2653 = ORIENTED_EDGE ( 'NONE', *, *, #2590, .T. ) ;
#2654 = CARTESIAN_POINT ( 'NONE',  ( -45.99999999999963762, -4.000000000000000000, -102.5000000000001563 ) ) ;
#2655 = CARTESIAN_POINT ( 'NONE',  ( -50.50000000000108002, -4.000000000000000000, 102.4999999999994600 ) ) ;
#2656 = VERTEX_POINT ( 'NONE', #2086 ) ;
#2657 = DIRECTION ( 'NONE',  ( -0.000000000000000000, -0.000000000000000000, 1.000000000000000000 ) ) ;
#2658 = ORIENTED_EDGE ( 'NONE', *, *, #3529, .F. ) ;
#2659 = ADVANCED_FACE ( 'NONE', ( #5624 ), #5128, .F. ) ;
#2660 = CIRCLE ( 'NONE', #3671, 3.600000000000002309 ) ;
#2661 = DIRECTION ( 'NONE',  ( 0.000000000000000000, -1.000000000000000000, 0.000000000000000000 ) ) ;
#2662 = CARTESIAN_POINT ( 'NONE',  ( -49.50000000000000000, 0.001000000000084266816, -3.456568527498288751E-13 ) ) ;
#2663 =( LENGTH_UNIT ( ) NAMED_UNIT ( * ) SI_UNIT ( .MILLI., .METRE. ) );
#2664 = EDGE_LOOP ( 'NONE', ( #3380, #769 ) ) ;
#2665 = ADVANCED_FACE ( 'NONE', ( #848 ), #3808, .T. ) ;
#2666 = ADVANCED_FACE ( 'NONE', ( #5558 ), #2489, .T. ) ;
#2667 = FACE_BOUND ( 'NONE', #1653, .T. ) ;
#2668 = AXIS2_PLACEMENT_3D ( 'NONE', #4898, #2694, #2256 ) ;
#2669 = DIRECTION ( 'NONE',  ( -0.000000000000000000, 0.9965049363970236440, 0.08353389573319149053 ) ) ;
#2670 = CARTESIAN_POINT ( 'NONE',  ( -34.17801065524643178, -81.92671092657026577, 24.02235649068990497 ) ) ;
#2671 = LINE ( 'NONE', #4430, #2284 ) ;
#2672 = ORIENTED_EDGE ( 'NONE', *, *, #1486, .F. ) ;
#2673 = CARTESIAN_POINT ( 'NONE',  ( -102.5000000000000000, -4.000000000000000000, -50.50000000000000000 ) ) ;
#2674 = DIRECTION ( 'NONE',  ( 0.000000000000000000, 0.000000000000000000, -1.000000000000000000 ) ) ;
#2675 = CARTESIAN_POINT ( 'NONE',  ( 99.75000000000000000, -6.799999999999972289, 99.75000000000000000 ) ) ;
#2676 = EDGE_LOOP ( 'NONE', ( #4122, #5392, #2625 ) ) ;
#2677 = CARTESIAN_POINT ( 'NONE',  ( 39.18734167631798471, -94.57405839912588874, -9.204465401223222543 ) ) ;
#2678 = CARTESIAN_POINT ( 'NONE',  ( 102.5000000000003695, -4.000000000000000000, -54.99999999999928946 ) ) ;
#2679 = CARTESIAN_POINT ( 'NONE',  ( 7.421359602832961653E-15, -152.0000000000000000, 60.10000000000000853 ) ) ;
#2680 = ORIENTED_EDGE ( 'NONE', *, *, #860, .T. ) ;
#2681 = CARTESIAN_POINT ( 'NONE',  ( 99.75000000000000000, -2.499999999999999556, 99.75000000000000000 ) ) ;
#2682 = DIRECTION ( 'NONE',  ( -1.000000000000000000, -1.445602896647339656E-16, 0.000000000000000000 ) ) ;
#2683 = EDGE_CURVE ( 'NONE', #4787, #49, #654, .T. ) ;
#2684 = CARTESIAN_POINT ( 'NONE',  ( -2.500000000000000000, -182.4667798020291798, -30.89516666768513176 ) ) ;
#2685 = CARTESIAN_POINT ( 'NONE',  ( 39.66692771825763941, -92.97102478593983221, 9.598177407314057774 ) ) ;
#2686 = ORIENTED_EDGE ( 'NONE', *, *, #3134, .F. ) ;
#2687 = EDGE_CURVE ( 'NONE', #3329, #5087, #1589, .T. ) ;
#2688 = DIRECTION ( 'NONE',  ( 0.000000000000000000, 1.000000000000000000, 0.000000000000000000 ) ) ;
#2689 = VERTEX_POINT ( 'NONE', #2116 ) ;
#2690 = DIRECTION ( 'NONE',  ( 1.334402673828313093E-16, -1.000000000000000000, -0.000000000000000000 ) ) ;
#2691 = ORIENTED_EDGE ( 'NONE', *, *, #1731, .F. ) ;
#2692 = ORIENTED_EDGE ( 'NONE', *, *, #2944, .F. ) ;
#2693 = CARTESIAN_POINT ( 'NONE',  ( 28.63262081801230252, 0.001000000000084266816, 25.63262081801239489 ) ) ;
#2694 = DIRECTION ( 'NONE',  ( 0.000000000000000000, 1.000000000000000000, 0.000000000000000000 ) ) ;
#2695 = CARTESIAN_POINT ( 'NONE',  ( -47.24060531429867638, -71.51661393666726951, 29.59032442604648949 ) ) ;
#2696 = EDGE_CURVE ( 'NONE', #4739, #1048, #2152, .T. ) ;
#2697 = DIRECTION ( 'NONE',  ( 0.000000000000000000, 1.000000000000000000, 0.000000000000000000 ) ) ;
#2698 = ORIENTED_EDGE ( 'NONE', *, *, #2736, .F. ) ;
#2699 = CYLINDRICAL_SURFACE ( 'NONE', #5201, 3.500000000000000000 ) ;
#2700 = DIRECTION ( 'NONE',  ( -0.000000000000000000, -1.000000000000000000, -0.000000000000000000 ) ) ;
#2701 = CARTESIAN_POINT ( 'NONE',  ( 39.52830301974812954, -93.33958169470811583, -18.84049894709493245 ) ) ;
#2702 = EDGE_LOOP ( 'NONE', ( #1141, #4658, #898, #3141 ) ) ;
#2703 = CARTESIAN_POINT ( 'NONE',  ( 2.500000000000000000, -151.9999999999999716, 18.37676056338029795 ) ) ;
#2704 = CARTESIAN_POINT ( 'NONE',  ( -49.50000000000002842, 0.001000000000084266816, 3.499999999999654499 ) ) ;
#2705 = CARTESIAN_POINT ( 'NONE',  ( -111.5177895209745600, -2.369160109392641100, -99.75000000000001421 ) ) ;
#2706 = ORIENTED_EDGE ( 'NONE', *, *, #4842, .F. ) ;
#2707 = FACE_OUTER_BOUND ( 'NONE', #5557, .T. ) ;
#2708 = CARTESIAN_POINT ( 'NONE',  ( -50.50000000000108002, -6.799999999999998046, 102.4999999999994600 ) ) ;
#2709 = CARTESIAN_POINT ( 'NONE',  ( 25.63262081801230252, 0.001000000000084266816, 25.63262081801238423 ) ) ;
#2710 = CIRCLE ( 'NONE', #951, 3.750000000000003553 ) ;
#2711 = ORIENTED_EDGE ( 'NONE', *, *, #1273, .F. ) ;
#2712 = B_SPLINE_CURVE_WITH_KNOTS ( 'NONE', 3,
 ( #4542, #3642, #511, #2258, #2785, #2339, #537, #2760, #1921, #3677, #87, #1947, #4020, #5446, #2315, #2374, #4054, #4080 ),
 .UNSPECIFIED., .F., .F.,
 ( 4, 2, 2, 2, 2, 2, 2, 2, 4 ),
 ( 0.000000000000000000, 0.0003712449286262938745, 0.0007424898572525877490, 0.001484979714505175498, 0.002227469571757763247, 0.002969959429010350996, 0.003712449286262938745, 0.004454939143515526494, 0.005939918858020701992 ),
 .UNSPECIFIED. ) ;
#2713 = EDGE_CURVE ( 'NONE', #2731, #2592, #4646, .T. ) ;
#2714 = CARTESIAN_POINT ( 'NONE',  ( -38.46170396450285978, -96.99854204805585312, -18.73250812890362837 ) ) ;
#2715 = ORIENTED_EDGE ( 'NONE', *, *, #4997, .T. ) ;
#2716 = FACE_BOUND ( 'NONE', #1719, .T. ) ;
#2717 = ORIENTED_EDGE ( 'NONE', *, *, #1612, .F. ) ;
#2718 = AXIS2_PLACEMENT_3D ( 'NONE', #3054, #856, #3401 ) ;
#2719 = VERTEX_POINT ( 'NONE', #2172 ) ;
#2720 = CARTESIAN_POINT ( 'NONE',  ( -89.95550298848657178, -6.799999999999998046, -89.41369949549270757 ) ) ;
#2721 = DIRECTION ( 'NONE',  ( -1.000000000000000000, -1.334402673828313093E-16, 0.000000000000000000 ) ) ;
#2722 = CARTESIAN_POINT ( 'NONE',  ( 21.99999999999998224, -152.0000000000000000, -2.500000000000000444 ) ) ;
#2723 = ADVANCED_FACE ( 'NONE', ( #4022 ), #2699, .F. ) ;
#2724 = AXIS2_PLACEMENT_3D ( 'NONE', #1656, #1681, #2071 ) ;
#2725 = CARTESIAN_POINT ( 'NONE',  ( -39.88034526078893549, -92.25861112865810298, -0.8878288730611905155 ) ) ;
#2726 = EDGE_LOOP ( 'NONE', ( #4076, #5373 ) ) ;
#2727 = CARTESIAN_POINT ( 'NONE',  ( 102.4999999999996447, -4.299999999999999822, 50.50000000000071765 ) ) ;
#2728 = AXIS2_PLACEMENT_3D ( 'NONE', #418, #1744, #5294 ) ;
#2729 = DIRECTION ( 'NONE',  ( -1.000000000000000000, 0.000000000000000000, -9.912705577010326930E-15 ) ) ;
#2730 = CARTESIAN_POINT ( 'NONE',  ( 56.59625984965104095, -40.19564567029298985, -52.18032994146737025 ) ) ;
#2731 = VERTEX_POINT ( 'NONE', #1862 ) ;
#2732 = CIRCLE ( 'NONE', #5408, 3.600000000000002309 ) ;
#2733 = CARTESIAN_POINT ( 'NONE',  ( 40.00000000000000000, -80.01162596762468127, 0.000000000000000000 ) ) ;
#2734 = CIRCLE ( 'NONE', #4862, 2.500000000000002220 ) ;
#2735 = DIRECTION ( 'NONE',  ( 0.000000000000000000, 0.000000000000000000, -1.000000000000000000 ) ) ;
#2736 = EDGE_CURVE ( 'NONE', #1254, #1687, #4276, .T. ) ;
#2737 = AXIS2_PLACEMENT_3D ( 'NONE', #2591, #5635, #5226 ) ;
#2738 = CARTESIAN_POINT ( 'NONE',  ( 17.69323320990205417, -152.0000000000000000, 18.37676056338023756 ) ) ;
#2739 = EDGE_CURVE ( 'NONE', #3174, #4846, #2862, .T. ) ;
#2740 = DIRECTION ( 'NONE',  ( 0.000000000000000000, 0.000000000000000000, 1.000000000000000000 ) ) ;
#2741 = ORIENTED_EDGE ( 'NONE', *, *, #5588, .F. ) ;
#2742 = LINE ( 'NONE', #1140, #2922 ) ;
#2743 = CARTESIAN_POINT ( 'NONE',  ( 2.500000000000000000, -168.4829653570998858, -197.7129596333149664 ) ) ;
#2744 = DIRECTION ( 'NONE',  ( -0.000000000000000000, -1.000000000000000000, -0.000000000000000000 ) ) ;
#2745 = CIRCLE ( 'NONE', #4681, 10.00000000000000178 ) ;
#2746 = AXIS2_PLACEMENT_3D ( 'NONE', #5175, #4688, #246 ) ;
#2747 = ORIENTED_EDGE ( 'NONE', *, *, #3986, .F. ) ;
#2748 = VECTOR ( 'NONE', #687, 1000.000000000000000 ) ;
#2749 = CARTESIAN_POINT ( 'NONE',  ( 25.63262081801229542, 0.001000000000084266816, -22.63262081801239134 ) ) ;
#2750 = ORIENTED_EDGE ( 'NONE', *, *, #3212, .T. ) ;
#2751 = VECTOR ( 'NONE', #5164, 1000.000000000000000 ) ;
#2752 = FACE_OUTER_BOUND ( 'NONE', #4335, .T. ) ;
#2753 = VERTEX_POINT ( 'NONE', #3154 ) ;
#2754 = AXIS2_PLACEMENT_3D ( 'NONE', #4547, #5507, #4608 ) ;
#2755 = EDGE_CURVE ( 'NONE', #3130, #1489, #5337, .T. ) ;
#2756 = ORIENTED_EDGE ( 'NONE', *, *, #3952, .F. ) ;
#2757 = CYLINDRICAL_SURFACE ( 'NONE', #4667, 3.600000000000002309 ) ;
#2758 = FACE_BOUND ( 'NONE', #1666, .T. ) ;
#2759 = DIRECTION ( 'NONE',  ( 1.000000000000000000, 0.000000000000000000, 5.551115123125777969E-15 ) ) ;
#2760 = CARTESIAN_POINT ( 'NONE',  ( -1.442347199341168729, -81.18724775753186407, -24.46316309616350537 ) ) ;
#2761 = VERTEX_POINT ( 'NONE', #4841 ) ;
#2762 = EDGE_CURVE ( 'NONE', #5114, #3046, #2516, .T. ) ;
#2763 = AXIS2_PLACEMENT_3D ( 'NONE', #1858, #4514, #1045 ) ;
#2764 = LINE ( 'NONE', #3680, #907 ) ;
#2765 = LINE ( 'NONE', #1632, #542 ) ;
#2766 = ORIENTED_EDGE ( 'NONE', *, *, #1178, .F. ) ;
#2767 = FACE_OUTER_BOUND ( 'NONE', #377, .T. ) ;
#2768 = ADVANCED_FACE ( 'NONE', ( #1503 ), #4402, .F. ) ;
#2769 = CARTESIAN_POINT ( 'NONE',  ( 99.75000000000000000, 0.000000000000000000, 109.0212156840881192 ) ) ;
#2770 = LINE ( 'NONE', #4552, #4197 ) ;
#2771 = CARTESIAN_POINT ( 'NONE',  ( 59.87504795234062271, -35.68524150750744184, -56.27011603915117632 ) ) ;
#2772 = EDGE_LOOP ( 'NONE', ( #2292, #3932 ) ) ;
#2773 = CARTESIAN_POINT ( 'NONE',  ( -39.95629441795794179, -91.98222827030679127, 9.863243501735388108 ) ) ;
#2774 = ORIENTED_EDGE ( 'NONE', *, *, #2575, .F. ) ;
#2775 = CARTESIAN_POINT ( 'NONE',  ( 28.63262081801230252, -152.0000000000000000, 25.63262081801239489 ) ) ;
#2776 = CARTESIAN_POINT ( 'NONE',  ( 30.37382406978860061, -92.11262208443379507, 19.42083075851338592 ) ) ;
#2777 =( BOUNDED_CURVE ( )  B_SPLINE_CURVE ( 3, ( #3547, #2533, #4356, #1303 ),
 .UNSPECIFIED., .F., .T. ) 
 B_SPLINE_CURVE_WITH_KNOTS ( ( 4, 4 ),
 ( 1.321184248178175036, 1.560233339391843721 ),
 .UNSPECIFIED. ) 
 CURVE ( )  GEOMETRIC_REPRESENTATION_ITEM ( )  RATIONAL_B_SPLINE_CURVE ( ( 1.000000000000000000, 0.9952436275539890964, 0.9952436275539890964, 1.000000000000000000 ) ) 
 REPRESENTATION_ITEM ( '' )  );
#2778 = CARTESIAN_POINT ( 'NONE',  ( 54.25000000000036948, -4.299999999999999822, -102.4999999999998010 ) ) ;
#2779 = ORIENTED_EDGE ( 'NONE', *, *, #1714, .T. ) ;
#2780 = CARTESIAN_POINT ( 'NONE',  ( -2.500000000000002220, -94.99730313167312090, -18.97890172748233795 ) ) ;
#2781 = ORIENTED_EDGE ( 'NONE', *, *, #1374, .F. ) ;
#2782 = CARTESIAN_POINT ( 'NONE',  ( -87.37904973334001113, -6.799999999999997158, -90.46272657736253109 ) ) ;
#2783 = FACE_BOUND ( 'NONE', #2122, .T. ) ;
#2784 = CARTESIAN_POINT ( 'NONE',  ( -89.95762628993144006, -6.799999999999997158, 89.41199848014224472 ) ) ;
#2785 = CARTESIAN_POINT ( 'NONE',  ( -0.6033880954553066944, -80.54460506501710881, -24.78855857846377475 ) ) ;
#2786 = EDGE_LOOP ( 'NONE', ( #3573, #4908, #593, #729 ) ) ;
#2787 = EDGE_CURVE ( 'NONE', #4598, #2540, #2710, .T. ) ;
#2788 = FACE_OUTER_BOUND ( 'NONE', #3428, .T. ) ;
#2789 = EDGE_CURVE ( 'NONE', #5114, #4867, #540, .T. ) ;
#2790 = EDGE_CURVE ( 'NONE', #2562, #1386, #4743, .T. ) ;
#2791 = CARTESIAN_POINT ( 'NONE',  ( 64.89339764493861651, -39.16505609419431266, -44.67864799858275404 ) ) ;
#2792 = ORIENTED_EDGE ( 'NONE', *, *, #1374, .T. ) ;
#2793 = CARTESIAN_POINT ( 'NONE',  ( 111.7500000000000000, -152.0000000000000000, 18.37676056338025887 ) ) ;
#2794 = CARTESIAN_POINT ( 'NONE',  ( 28.65399519163802466, -94.99730313167307827, 18.97890172748231663 ) ) ;
#2795 = DIRECTION ( 'NONE',  ( 0.000000000000000000, 0.000000000000000000, -1.000000000000000000 ) ) ;
#2796 = LINE ( 'NONE', #2853, #1716 ) ;
#2797 = EDGE_CURVE ( 'NONE', #467, #3069, #2248, .T. ) ;
#2798 = CARTESIAN_POINT ( 'NONE',  ( 55.54466297214088399, -41.69721263326482585, -50.87048412830790767 ) ) ;
#2799 = CARTESIAN_POINT ( 'NONE',  ( 16.68227048220673581, -161.0000000000000000, 35.94324274506104899 ) ) ;
#2800 = EDGE_LOOP ( 'NONE', ( #2653, #892 ) ) ;
#2801 = DIRECTION ( 'NONE',  ( -6.167905692361976222E-15, 0.000000000000000000, 1.000000000000000000 ) ) ;
#2802 = PLANE ( 'NONE',  #4099 ) ;
#2803 = DIRECTION ( 'NONE',  ( 0.000000000000000000, 0.000000000000000000, -1.000000000000000000 ) ) ;
#2804 = EDGE_LOOP ( 'NONE', ( #2355, #4134, #4999, #754 ) ) ;
#2805 = CARTESIAN_POINT ( 'NONE',  ( -30.98345492017520897, -87.12684035492092960, 10.63762474218123621 ) ) ;
#2806 = ORIENTED_EDGE ( 'NONE', *, *, #4985, .F. ) ;
#2807 = CIRCLE ( 'NONE', #234, 4.500000000000003553 ) ;
#2808 = CARTESIAN_POINT ( 'NONE',  ( 13.08227048220673261, 0.001000000000084266816, 35.94324274506103478 ) ) ;
#2809 = CYLINDRICAL_SURFACE ( 'NONE', #2763, 4.500000000000003553 ) ;
#2810 = CARTESIAN_POINT ( 'NONE',  ( -94.21779216413415270, -4.956693540440340051, 86.27308516824916751 ) ) ;
#2811 = FACE_BOUND ( 'NONE', #876, .T. ) ;
#2812 = ORIENTED_EDGE ( 'NONE', *, *, #813, .F. ) ;
#2813 = VECTOR ( 'NONE', #1730, 1000.000000000000000 ) ;
#2814 = FACE_OUTER_BOUND ( 'NONE', #4451, .T. ) ;
#2815 = CARTESIAN_POINT ( 'NONE',  ( 59.11348960052465884, -48.20396653027550826, -36.72539335457629051 ) ) ;
#2816 = ORIENTED_EDGE ( 'NONE', *, *, #3799, .T. ) ;
#2817 = DIRECTION ( 'NONE',  ( -5.551115123125777969E-15, 0.000000000000000000, 1.000000000000000000 ) ) ;
#2818 = DIRECTION ( 'NONE',  ( 1.000000000000000000, 0.000000000000000000, 9.251858538542964333E-15 ) ) ;
#2819 = ADVANCED_FACE ( 'NONE', ( #3617 ), #748, .T. ) ;
#2820 = DIRECTION ( 'NONE',  ( 0.000000000000000000, 1.000000000000000000, 0.000000000000000000 ) ) ;
#2821 = CARTESIAN_POINT ( 'NONE',  ( 87.12662495001266905, -11.80041662660350177, 75.86273749809951994 ) ) ;
#2822 = AXIS2_PLACEMENT_3D ( 'NONE', #219, #1963, #1991 ) ;
#2823 = CIRCLE ( 'NONE', #3369, 2.500000000000000000 ) ;
#2824 = FACE_OUTER_BOUND ( 'NONE', #777, .T. ) ;
#2825 = ORIENTED_EDGE ( 'NONE', *, *, #2789, .F. ) ;
#2826 = CARTESIAN_POINT ( 'NONE',  ( 30.67883575860065193, -91.60685003794404224, 19.59403673092390363 ) ) ;
#2827 = DIRECTION ( 'NONE',  ( 0.000000000000000000, 1.000000000000000000, -0.000000000000000000 ) ) ;
#2828 = CIRCLE ( 'NONE', #1443, 3.500000000000000000 ) ;
#2829 = CIRCLE ( 'NONE', #348, 9.271215684088119247 ) ;
#2830 = ADVANCED_FACE ( 'NONE', ( #3775 ), #3717, .F. ) ;
#2831 = DIRECTION ( 'NONE',  ( -0.000000000000000000, 1.000000000000000000, -0.000000000000000000 ) ) ;
#2832 = CARTESIAN_POINT ( 'NONE',  ( 38.23411289587081541, -97.75896397144344974, -8.979459605809505973 ) ) ;
#2833 = VECTOR ( 'NONE', #2852, 1000.000000000000000 ) ;
#2834 = ORIENTED_EDGE ( 'NONE', *, *, #106, .F. ) ;
#2835 = DIRECTION ( 'NONE',  ( 0.000000000000000000, -1.000000000000000000, 0.000000000000000000 ) ) ;
#2836 = ADVANCED_FACE ( 'NONE', ( #2947 ), #5062, .T. ) ;
#2837 = AXIS2_PLACEMENT_3D ( 'NONE', #1308, #2573, #4389 ) ;
#2838 = AXIS2_PLACEMENT_3D ( 'NONE', #309, #1108, #787 ) ;
#2839 = CARTESIAN_POINT ( 'NONE',  ( -46.75000000000107292, -4.299999999999999822, 102.4999999999995026 ) ) ;
#2840 = CARTESIAN_POINT ( 'NONE',  ( 0.000000000000000000, 60.25251283491153487, 0.000000000000000000 ) ) ;
#2841 = LINE ( 'NONE', #5036, #3662 ) ;
#2842 = DIRECTION ( 'NONE',  ( 1.000000000000000000, 0.000000000000000000, 1.110223024625155436E-14 ) ) ;
#2843 = ORIENTED_EDGE ( 'NONE', *, *, #736, .T. ) ;
#2844 = EDGE_CURVE ( 'NONE', #58, #417, #1879, .T. ) ;
#2845 = CIRCLE ( 'NONE', #902, 2.999999999999999112 ) ;
#2846 = AXIS2_PLACEMENT_3D ( 'NONE', #1124, #5614, #282 ) ;
#2847 = EDGE_CURVE ( 'NONE', #2621, #4322, #1371, .T. ) ;
#2848 = CARTESIAN_POINT ( 'NONE',  ( 78.54092106936006701, -21.11129574097722639, 71.43409048673299822 ) ) ;
#2849 = CARTESIAN_POINT ( 'NONE',  ( 78.53817020998805276, -21.11450699621130411, -71.43035030777231498 ) ) ;
#2850 = ORIENTED_EDGE ( 'NONE', *, *, #610, .F. ) ;
#2851 = DIRECTION ( 'NONE',  ( 0.000000000000000000, 0.9999442121672827977, 0.01056279097359827390 ) ) ;
#2852 = DIRECTION ( 'NONE',  ( 0.000000000000000000, -1.000000000000000000, 0.000000000000000000 ) ) ;
#2853 = CARTESIAN_POINT ( 'NONE',  ( -102.5000000000000000, -6.799999999999998046, 48.00000000000000000 ) ) ;
#2854 = PLANE ( 'NONE',  #5511 ) ;
#2855 = CARTESIAN_POINT ( 'NONE',  ( -50.49999999999964473, -4.000000000000000000, -102.5000000000001705 ) ) ;
#2856 = EDGE_LOOP ( 'NONE', ( #5475, #3607 ) ) ;
#2857 = DIRECTION ( 'NONE',  ( -0.9580117704232792297, -0.2867288749506298751, 0.000000000000000000 ) ) ;
#2858 = DIRECTION ( 'NONE',  ( 6.167905692361976222E-15, 0.000000000000000000, -1.000000000000000000 ) ) ;
#2859 = DIRECTION ( 'NONE',  ( -0.000000000000000000, -1.000000000000000000, -0.000000000000000000 ) ) ;
#2860 = ADVANCED_FACE ( 'NONE', ( #4267 ), #4712, .F. ) ;
#2861 = CARTESIAN_POINT ( 'NONE',  ( 3.500000000000518696, -152.0000000000000000, -49.49999999999996447 ) ) ;
#2862 = B_SPLINE_CURVE_WITH_KNOTS ( 'NONE', 3,
 ( #90, #1372, #3934, #5, #4457, #1839, #3070, #910, #5365, #513, #3510, #5388, #1317, #3591, #59, #117, #2638, #4432 ),
 .UNSPECIFIED., .F., .F.,
 ( 4, 2, 2, 2, 2, 2, 2, 2, 4 ),
 ( 3.576224061345498009E-18, 0.001469481189372028821, 0.002204221784058039112, 0.002938962378744049402, 0.003673702973430060126, 0.004408443568116069550, 0.005143184162802080274, 0.005510554460145083468, 0.005877924757488087529 ),
 .UNSPECIFIED. ) ;
#2863 = EDGE_CURVE ( 'NONE', #4447, #5335, #143, .T. ) ;
#2864 = EDGE_LOOP ( 'NONE', ( #367, #3831 ) ) ;
#2865 = DIRECTION ( 'NONE',  ( -1.000000000000000000, -0.000000000000000000, -0.000000000000000000 ) ) ;
#2866 = EDGE_CURVE ( 'NONE', #3783, #1019, #3545, .T. ) ;
#2867 = ORIENTED_EDGE ( 'NONE', *, *, #1841, .F. ) ;
#2868 = DIRECTION ( 'NONE',  ( -6.938893903907230744E-15, 0.000000000000000000, 1.000000000000000000 ) ) ;
#2869 = CARTESIAN_POINT ( 'NONE',  ( 102.5000000000003126, -6.799999999999998046, -46.74999999999928235 ) ) ;
#2870 = CARTESIAN_POINT ( 'NONE',  ( -45.75342456115470924, -57.27943891837444568, 38.67942313342497584 ) ) ;
#2871 = DIRECTION ( 'NONE',  ( 0.000000000000000000, 0.000000000000000000, -1.000000000000000000 ) ) ;
#2872 = ORIENTED_EDGE ( 'NONE', *, *, #99, .F. ) ;
#2873 = CARTESIAN_POINT ( 'NONE',  ( 81.86425198552798577, -11.01590133538159044, 84.30943229660314842 ) ) ;
#2874 = CARTESIAN_POINT ( 'NONE',  ( 0.9264613083689903217, -80.70709230003635071, 24.70599193193302767 ) ) ;
#2875 = VERTEX_POINT ( 'NONE', #325 ) ;
#2876 = FACE_OUTER_BOUND ( 'NONE', #5154, .T. ) ;
#2877 = CARTESIAN_POINT ( 'NONE',  ( 22.63262081801230252, 0.001000000000084266816, 25.63262081801237358 ) ) ;
#2878 = FACE_OUTER_BOUND ( 'NONE', #4073, .T. ) ;
#2879 = CARTESIAN_POINT ( 'NONE',  ( -102.5000000000000000, -6.799999999999998046, -50.50000000000000000 ) ) ;
#2880 = CARTESIAN_POINT ( 'NONE',  ( 22.00000000000001776, -152.0000000000000000, 111.7500000000000000 ) ) ;
#2881 = ORIENTED_EDGE ( 'NONE', *, *, #167, .T. ) ;
#2882 = ADVANCED_FACE ( 'NONE', ( #5547 ), #3297, .F. ) ;
#2883 = LINE ( 'NONE', #4642, #2748 ) ;
#2884 = DIRECTION ( 'NONE',  ( -0.9580117704232792297, 0.2867288749506298751, 0.000000000000000000 ) ) ;
#2885 = ORIENTED_EDGE ( 'NONE', *, *, #813, .T. ) ;
#2886 = DIRECTION ( 'NONE',  ( 0.000000000000000000, 1.000000000000000000, 0.000000000000000000 ) ) ;
#2887 = VERTEX_POINT ( 'NONE', #5173 ) ;
#2888 = CARTESIAN_POINT ( 'NONE',  ( -102.5000000000000000, -6.799999999999998046, 50.50000000000000000 ) ) ;
#2889 = EDGE_CURVE ( 'NONE', #3354, #3175, #2362, .T. ) ;
#2890 = VERTEX_POINT ( 'NONE', #1120 ) ;
#2891 = CARTESIAN_POINT ( 'NONE',  ( -102.5000000000000000, -4.000000000000000000, 46.00000000000000000 ) ) ;
#2892 = LINE ( 'NONE', #3836, #4210 ) ;
#2893 = CARTESIAN_POINT ( 'NONE',  ( -39.52830301974809402, -93.33958169470815847, -18.84049894709492534 ) ) ;
#2894 = ORIENTED_EDGE ( 'NONE', *, *, #5441, .T. ) ;
#2895 = ORIENTED_EDGE ( 'NONE', *, *, #4550, .T. ) ;
#2896 = EDGE_CURVE ( 'NONE', #716, #862, #3082, .T. ) ;
#2897 = ORIENTED_EDGE ( 'NONE', *, *, #457, .F. ) ;
#2898 = CARTESIAN_POINT ( 'NONE',  ( 60.39977423382557475, -34.98967284572711378, 56.92579251469505408 ) ) ;
#2899 = DIRECTION ( 'NONE',  ( 0.000000000000000000, -1.000000000000000000, 0.000000000000000000 ) ) ;
#2900 = ORIENTED_EDGE ( 'NONE', *, *, #2696, .F. ) ;
#2901 = LINE ( 'NONE', #5075, #721 ) ;
#2902 = CARTESIAN_POINT ( 'NONE',  ( -73.62584690381594044, -19.28731040947885589, -73.62706509154727996 ) ) ;
#2903 = CARTESIAN_POINT ( 'NONE',  ( -41.94879671060918014, -85.52131724345943553, 12.72427959444807222 ) ) ;
#2904 = CARTESIAN_POINT ( 'NONE',  ( 111.5177895209745600, -2.369160109392641100, 99.75000000000000000 ) ) ;
#2905 = DIRECTION ( 'NONE',  ( 0.000000000000000000, -1.000000000000000000, 0.000000000000000000 ) ) ;
#2906 = ORIENTED_EDGE ( 'NONE', *, *, #1767, .T. ) ;
#2907 = CARTESIAN_POINT ( 'NONE',  ( 92.25000000000000000, -6.799999999999974065, 111.7500000000000000 ) ) ;
#2908 = ADVANCED_FACE ( 'NONE', ( #243 ), #1994, .F. ) ;
#2909 = DIRECTION ( 'NONE',  ( 0.000000000000000000, 0.000000000000000000, -1.000000000000000000 ) ) ;
#2910 = CARTESIAN_POINT ( 'NONE',  ( 0.000000000000000000, -152.0000000000000000, 0.000000000000000000 ) ) ;
#2911 = VERTEX_POINT ( 'NONE', #4597 ) ;
#2912 = DIRECTION ( 'NONE',  ( 1.334402673828313093E-16, -1.000000000000000000, -0.000000000000000000 ) ) ;
#2913 = CIRCLE ( 'NONE', #5044, 3.500000000000000000 ) ;
#2914 = AXIS2_PLACEMENT_3D ( 'NONE', #794, #4318, #375 ) ;
#2915 = AXIS2_PLACEMENT_3D ( 'NONE', #3859, #1679, #438 ) ;
#2916 = CARTESIAN_POINT ( 'NONE',  ( 35.94324274506098504, -161.0000000000000000, -13.08227048220685695 ) ) ;
#2917 = CARTESIAN_POINT ( 'NONE',  ( 91.42733979672570399, -6.799999999999974065, -87.56003020531187531 ) ) ;
#2918 = CARTESIAN_POINT ( 'NONE',  ( 22.63262081801230252, -152.0000000000000000, 25.63262081801237358 ) ) ;
#2919 = ORIENTED_EDGE ( 'NONE', *, *, #549, .T. ) ;
#2920 = EDGE_CURVE ( 'NONE', #395, #3601, #646, .T. ) ;
#2921 = VECTOR ( 'NONE', #619, 1000.000000000000000 ) ;
#2922 = VECTOR ( 'NONE', #2905, 1000.000000000000000 ) ;
#2923 = VERTEX_POINT ( 'NONE', #2396 ) ;
#2924 = ORIENTED_EDGE ( 'NONE', *, *, #254, .T. ) ;
#2925 = CARTESIAN_POINT ( 'NONE',  ( 57.04006902548633917, -51.69082360254849817, 42.70615192432075702 ) ) ;
#2926 = CIRCLE ( 'NONE', #539, 11.99999999999999645 ) ;
#2927 = CIRCLE ( 'NONE', #4591, 3.600000000000000977 ) ;
#2928 = CARTESIAN_POINT ( 'NONE',  ( 46.75000000000036238, -6.799999999999998046, -102.4999999999998295 ) ) ;
#2929 = ORIENTED_EDGE ( 'NONE', *, *, #2195, .T. ) ;
#2930 = DIRECTION ( 'NONE',  ( 0.000000000000000000, 1.000000000000000000, 0.000000000000000000 ) ) ;
#2931 = CARTESIAN_POINT ( 'NONE',  ( -57.85424042219408136, -38.43834772992588000, -53.74844915308862170 ) ) ;
#2932 = EDGE_CURVE ( 'NONE', #656, #4787, #2641, .T. ) ;
#2933 = VECTOR ( 'NONE', #4165, 1000.000000000000000 ) ;
#2934 = AXIS2_PLACEMENT_3D ( 'NONE', #4690, #3722, #1571 ) ;
#2935 = DIRECTION ( 'NONE',  ( 1.000000000000000000, 0.000000000000000000, -6.993308080469439450E-18 ) ) ;
#2936 = CARTESIAN_POINT ( 'NONE',  ( -21.99999999999998224, -152.0000000000000000, -8.406490915367006878 ) ) ;
#2937 = ORIENTED_EDGE ( 'NONE', *, *, #945, .T. ) ;
#2938 = EDGE_CURVE ( 'NONE', #1014, #2009, #1244, .T. ) ;
#2939 = CARTESIAN_POINT ( 'NONE',  ( -25.63262081801245529, -161.0000000000000000, 22.63262081801221370 ) ) ;
#2940 = ORIENTED_EDGE ( 'NONE', *, *, #3319, .T. ) ;
#2941 = DIRECTION ( 'NONE',  ( -1.000000000000000000, -0.000000000000000000, -0.000000000000000000 ) ) ;
#2942 = AXIS2_PLACEMENT_3D ( 'NONE', #4428, #485, #3067 ) ;
#2943 = LINE ( 'NONE', #4709, #5311 ) ;
#2944 = EDGE_CURVE ( 'NONE', #5070, #1861, #772, .T. ) ;
#2945 = CARTESIAN_POINT ( 'NONE',  ( 0.000000000000000000, -161.0000000000000000, 0.000000000000000000 ) ) ;
#2946 = EDGE_LOOP ( 'NONE', ( #2196, #4286 ) ) ;
#2947 = FACE_OUTER_BOUND ( 'NONE', #1753, .T. ) ;
#2948 = ORIENTED_EDGE ( 'NONE', *, *, #1552, .T. ) ;
#2949 = LINE ( 'NONE', #4271, #4012 ) ;
#2950 = CARTESIAN_POINT ( 'NONE',  ( -28.65399519163800690, -94.89167522193710624, 8.979459605809473999 ) ) ;
#2951 = CARTESIAN_POINT ( 'NONE',  ( 39.64957412582636920, -93.02965821488604092, -1.276452536359218293 ) ) ;
#2952 = ORIENTED_EDGE ( 'NONE', *, *, #699, .T. ) ;
#2953 = VERTEX_POINT ( 'NONE', #4804 ) ;
#2954 = CARTESIAN_POINT ( 'NONE',  ( 68.51046524557652617, -33.95908326966790014, 49.66872204470593033 ) ) ;
#2955 = LINE ( 'NONE', #3785, #3938 ) ;
#2956 = ORIENTED_EDGE ( 'NONE', *, *, #2015, .T. ) ;
#2957 = CARTESIAN_POINT ( 'NONE',  ( -39.66692771826055264, -92.97102478592969987, -9.598177407316791587 ) ) ;
#2958 = CARTESIAN_POINT ( 'NONE',  ( -50.51973946949316030, -49.23243553830238994, -44.61858443532432261 ) ) ;
#2959 = EDGE_CURVE ( 'NONE', #2513, #4575, #5116, .T. ) ;
#2960 = EDGE_CURVE ( 'NONE', #4619, #3783, #2596, .T. ) ;
#2961 = CARTESIAN_POINT ( 'NONE',  ( -74.64826564694720901, -25.85974269180782770, 58.18198335666917131 ) ) ;
#2962 = CARTESIAN_POINT ( 'NONE',  ( -78.53817020995197140, -21.11450699623751603, 71.43035030785019046 ) ) ;
#2963 = CYLINDRICAL_SURFACE ( 'NONE', #272, 3.600000000000000977 ) ;
#2964 = ORIENTED_EDGE ( 'NONE', *, *, #3086, .T. ) ;
#2965 = LINE ( 'NONE', #4259, #3756 ) ;
#2966 = CYLINDRICAL_SURFACE ( 'NONE', #5486, 2.500000000000002220 ) ;
#2967 = EDGE_CURVE ( 'NONE', #4322, #1236, #4854, .T. ) ;
#2968 = LINE ( 'NONE', #1271, #3652 ) ;
#2969 = EDGE_LOOP ( 'NONE', ( #2476, #18, #3330, #2462 ) ) ;
#2970 = DIRECTION ( 'NONE',  ( 1.000000000000000000, 0.000000000000000000, 3.469446951953615372E-15 ) ) ;
#2971 = CARTESIAN_POINT ( 'NONE',  ( 30.67883575857740297, -91.60685003793130932, -19.59403673092945652 ) ) ;
#2972 = ORIENTED_EDGE ( 'NONE', *, *, #3233, .F. ) ;
#2973 = CARTESIAN_POINT ( 'NONE',  ( -29.60723247345323728, -93.40483614321269101, 19.09140824576173046 ) ) ;
#2974 = ADVANCED_FACE ( 'NONE', ( #44 ), #5099, .T. ) ;
#2975 = CYLINDRICAL_SURFACE ( 'NONE', #3368, 3.750000000000003553 ) ;
#2976 = CARTESIAN_POINT ( 'NONE',  ( 30.06945642159358556, -90.16236946537975427, -9.598177407314077314 ) ) ;
#2977 = CARTESIAN_POINT ( 'NONE',  ( 39.18835958204257253, -94.57065739646955649, -2.053147964925798430 ) ) ;
#2978 = ORIENTED_EDGE ( 'NONE', *, *, #4067, .F. ) ;
#2979 = FACE_OUTER_BOUND ( 'NONE', #1594, .T. ) ;
#2980 = DIRECTION ( 'NONE',  ( 1.000000000000000000, 0.000000000000000000, 0.000000000000000000 ) ) ;
#2981 = VERTEX_POINT ( 'NONE', #5198 ) ;
#2982 = DIRECTION ( 'NONE',  ( 0.000000000000000000, 0.000000000000000000, 1.000000000000000000 ) ) ;
#2983 = CARTESIAN_POINT ( 'NONE',  ( -48.84202182297078565, -67.94889226484239941, -22.51649308447414555 ) ) ;
#2984 = FACE_OUTER_BOUND ( 'NONE', #4864, .T. ) ;
#2985 = CARTESIAN_POINT ( 'NONE',  ( -42.31401720815726719, -84.35223583568408401, 22.81565891059964102 ) ) ;
#2986 = DIRECTION ( 'NONE',  ( -0.2867141939519906590, 0.9579627186160625252, -0.01011932449242318108 ) ) ;
#2987 = EDGE_LOOP ( 'NONE', ( #883, #3774 ) ) ;
#2988 = PLANE ( 'NONE',  #1551 ) ;
#2989 = FACE_OUTER_BOUND ( 'NONE', #5505, .T. ) ;
#2990 = STYLED_ITEM ( 'NONE', ( #5286 ), #3391 ) ;
#2991 = EDGE_CURVE ( 'NONE', #4745, #5553, #2777, .T. ) ;
#2992 = FACE_OUTER_BOUND ( 'NONE', #3950, .T. ) ;
#2993 = EDGE_LOOP ( 'NONE', ( #3304, #1381 ) ) ;
#2994 = CARTESIAN_POINT ( 'NONE',  ( 1.580082864110582852, -81.36902183923190535, -24.37165659997371137 ) ) ;
#2995 = CARTESIAN_POINT ( 'NONE',  ( 50.50000000000036238, -6.799999999999998046, -102.4999999999998153 ) ) ;
#2996 = DIRECTION ( 'NONE',  ( 0.000000000000000000, -0.000000000000000000, 1.000000000000000000 ) ) ;
#2997 = CARTESIAN_POINT ( 'NONE',  ( -102.5000000000000000, -4.299999999999999822, 54.25000000000000711 ) ) ;
#2998 = AXIS2_PLACEMENT_3D ( 'NONE', #5467, #1835, #3176 ) ;
#2999 = CIRCLE ( 'NONE', #3824, 11.99999999999999645 ) ;
#3000 = CARTESIAN_POINT ( 'NONE',  ( 99.75000000000000000, -6.799999999999971401, -111.7500000000000000 ) ) ;
#3001 = CARTESIAN_POINT ( 'NONE',  ( -64.96703223102082347, -29.14874573023289628, -62.64715494272125795 ) ) ;
#3002 = AXIS2_PLACEMENT_3D ( 'NONE', #3142, #528, #1500 ) ;
#3003 = ADVANCED_FACE ( 'NONE', ( #4297 ), #2105, .F. ) ;
#3004 = CIRCLE ( 'NONE', #527, 2.999999999999995559 ) ;
#3005 = ORIENTED_EDGE ( 'NONE', *, *, #2400, .F. ) ;
#3006 = AXIS2_PLACEMENT_3D ( 'NONE', #803, #2563, #3491 ) ;
#3007 = LINE ( 'NONE', #82, #4866 ) ;
#3008 = CARTESIAN_POINT ( 'NONE',  ( 55.00000000000036948, -6.799999999999998046, -102.4999999999998010 ) ) ;
#3009 = FACE_OUTER_BOUND ( 'NONE', #5252, .T. ) ;
#3010 = ORIENTED_EDGE ( 'NONE', *, *, #3153, .F. ) ;
#3011 = AXIS2_PLACEMENT_3D ( 'NONE', #5202, #1283, #3527 ) ;
#3012 = CYLINDRICAL_SURFACE ( 'NONE', #1795, 3.750000000000003553 ) ;
#3013 = VERTEX_POINT ( 'NONE', #2997 ) ;
#3014 = CIRCLE ( 'NONE', #2003, 3.600000000000002309 ) ;
#3015 = CARTESIAN_POINT ( 'NONE',  ( -91.56679428854566538, -7.405495816244712870, -82.32449831922299666 ) ) ;
#3016 = AXIS2_PLACEMENT_3D ( 'NONE', #4835, #4362, #4427 ) ;
#3017 = EDGE_CURVE ( 'NONE', #2265, #471, #4769, .T. ) ;
#3018 = VECTOR ( 'NONE', #4977, 999.9999999999998863 ) ;
#3019 = AXIS2_PLACEMENT_3D ( 'NONE', #685, #2436, #4202 ) ;
#3020 = DIRECTION ( 'NONE',  ( -5.782411586589355667E-15, 0.000000000000000000, 1.000000000000000000 ) ) ;
#3021 = CARTESIAN_POINT ( 'NONE',  ( -56.59625984963660272, -40.19564567028822211, 52.18032994147163350 ) ) ;
#3022 = ORIENTED_EDGE ( 'NONE', *, *, #2509, .F. ) ;
#3023 = CARTESIAN_POINT ( 'NONE',  ( 37.78350518630251287, -73.19766240567147975, -28.65343803649652443 ) ) ;
#3024 = ORIENTED_EDGE ( 'NONE', *, *, #2606, .T. ) ;
#3025 = CARTESIAN_POINT ( 'NONE',  ( -37.50000000000000000, -100.2117647058823025, -2.500000000000000000 ) ) ;
#3026 = CARTESIAN_POINT ( 'NONE',  ( 89.77980979805907680, -6.799999999999974065, 89.54570289832207663 ) ) ;
#3027 = VECTOR ( 'NONE', #1579, 1000.000000000000000 ) ;
#3028 = AXIS2_PLACEMENT_3D ( 'NONE', #3379, #651, #3754 ) ;
#3029 = FACE_OUTER_BOUND ( 'NONE', #4262, .T. ) ;
#3030 = AXIS2_PLACEMENT_3D ( 'NONE', #1020, #3183, #2380 ) ;
#3031 = DIRECTION ( 'NONE',  ( -1.000000000000000000, -0.000000000000000000, -0.000000000000000000 ) ) ;
#3032 = CARTESIAN_POINT ( 'NONE',  ( 45.99999999999892708, -4.000000000000000000, 102.5000000000004832 ) ) ;
#3033 = ORIENTED_EDGE ( 'NONE', *, *, #4707, .T. ) ;
#3034 = CARTESIAN_POINT ( 'NONE',  ( -67.48511938328240944, -35.39537120914553014, -48.25239832157740949 ) ) ;
#3035 = ORIENTED_EDGE ( 'NONE', *, *, #5354, .T. ) ;
#3036 = EDGE_CURVE ( 'NONE', #3969, #2510, #389, .T. ) ;
#3037 = DIRECTION ( 'NONE',  ( 1.000000000000000000, 0.000000000000000000, -1.224646799147353207E-16 ) ) ;
#3038 = ADVANCED_FACE ( 'NONE', ( #1707 ), #3463, .F. ) ;
#3039 = DIRECTION ( 'NONE',  ( -7.930164461608261228E-15, 0.000000000000000000, 1.000000000000000000 ) ) ;
#3040 = ORIENTED_EDGE ( 'NONE', *, *, #1467, .F. ) ;
#3041 = EDGE_CURVE ( 'NONE', #1231, #2602, #386, .T. ) ;
#3042 = CARTESIAN_POINT ( 'NONE',  ( 50.50000000000036238, -6.799999999999998046, -102.4999999999998153 ) ) ;
#3043 = DIRECTION ( 'NONE',  ( 0.000000000000000000, 1.000000000000000000, 0.000000000000000000 ) ) ;
#3044 = EDGE_CURVE ( 'NONE', #2074, #2182, #601, .T. ) ;
#3045 = ORIENTED_EDGE ( 'NONE', *, *, #4883, .F. ) ;
#3046 = VERTEX_POINT ( 'NONE', #1823 ) ;
#3047 = LINE ( 'NONE', #1291, #4928 ) ;
#3048 = CARTESIAN_POINT ( 'NONE',  ( 38.46170396449800677, -96.99854204802650770, 18.73250812891916439 ) ) ;
#3049 = LINE ( 'NONE', #3447, #2542 ) ;
#3050 = EDGE_LOOP ( 'NONE', ( #2155, #3492, #2479, #3533 ) ) ;
#3051 = FACE_OUTER_BOUND ( 'NONE', #4093, .T. ) ;
#3052 = ORIENTED_EDGE ( 'NONE', *, *, #2057, .F. ) ;
#3053 = CARTESIAN_POINT ( 'NONE',  ( -102.5000000000000000, -6.799999999999998046, 50.50000000000000000 ) ) ;
#3054 = CARTESIAN_POINT ( 'NONE',  ( -1.728284263749144375E-13, -152.0000000000000000, 49.50000000000000000 ) ) ;
#3055 = DIRECTION ( 'NONE',  ( 0.000000000000000000, 1.000000000000000000, 0.000000000000000000 ) ) ;
#3056 = ORIENTED_EDGE ( 'NONE', *, *, #1782, .T. ) ;
#3057 = CARTESIAN_POINT ( 'NONE',  ( -40.00000000000000000, -91.85882352941172257, 0.4519775087340817676 ) ) ;
#3058 = CARTESIAN_POINT ( 'NONE',  ( 0.000000000000000000, 60.25251283491153487, 0.000000000000000000 ) ) ;
#3059 = ORIENTED_EDGE ( 'NONE', *, *, #5692, .F. ) ;
#3060 = CARTESIAN_POINT ( 'NONE',  ( 22.00000000000001776, -152.0000000000000000, 111.7500000000000000 ) ) ;
#3061 = ORIENTED_EDGE ( 'NONE', *, *, #5235, .T. ) ;
#3062 = CARTESIAN_POINT ( 'NONE',  ( 21.99999999999998224, -80.01162596762468127, -2.500000000000000444 ) ) ;
#3063 = ORIENTED_EDGE ( 'NONE', *, *, #3764, .T. ) ;
#3064 = DIRECTION ( 'NONE',  ( 0.000000000000000000, 0.000000000000000000, -1.000000000000000000 ) ) ;
#3065 = ORIENTED_EDGE ( 'NONE', *, *, #24, .F. ) ;
#3066 = CARTESIAN_POINT ( 'NONE',  ( 2.500000000000000000, -151.9999999999999716, -28.34123169520962549 ) ) ;
#3067 = DIRECTION ( 'NONE',  ( -6.167905692361976222E-15, 0.000000000000000000, 1.000000000000000000 ) ) ;
#3068 = DIRECTION ( 'NONE',  ( -0.2867288749506294865, -0.9580117704232794518, 0.000000000000000000 ) ) ;
#3069 = VERTEX_POINT ( 'NONE', #4533 ) ;
#3070 = CARTESIAN_POINT ( 'NONE',  ( -2.101315608028481829, -82.37085567963876542, 23.87177375297071791 ) ) ;
#3071 = EDGE_CURVE ( 'NONE', #3524, #5437, #2304, .T. ) ;
#3072 = CARTESIAN_POINT ( 'NONE',  ( -25.63262081801249792, -161.0000000000000000, 28.63262081801221015 ) ) ;
#3073 = DIRECTION ( 'NONE',  ( 0.000000000000000000, 0.000000000000000000, -1.000000000000000000 ) ) ;
#3074 = EDGE_LOOP ( 'NONE', ( #1878, #406, #5447, #3274 ) ) ;
#3075 = CARTESIAN_POINT ( 'NONE',  ( 29.60723247346641784, -93.40483614322448602, -19.09140824575919027 ) ) ;
#3076 =( LENGTH_UNIT ( ) NAMED_UNIT ( * ) SI_UNIT ( .MILLI., .METRE. ) );
#3077 = AXIS2_PLACEMENT_3D ( 'NONE', #5211, #733, #311 ) ;
#3078 = DIRECTION ( 'NONE',  ( -0.9580117704232795628, 0.2867288749506293755, 0.000000000000000000 ) ) ;
#3079 = ORIENTED_EDGE ( 'NONE', *, *, #4231, .F. ) ;
#3080 = DIRECTION ( 'NONE',  ( -1.000000000000000000, 0.000000000000000000, -1.040834085586085834E-14 ) ) ;
#3081 = ADVANCED_FACE ( 'NONE', ( #3578 ), #4506, .F. ) ;
#3082 = CIRCLE ( 'NONE', #61, 2.500000000000002220 ) ;
#3083 = ORIENTED_EDGE ( 'NONE', *, *, #4818, .T. ) ;
#3084 = CARTESIAN_POINT ( 'NONE',  ( 102.5000000000003411, -4.299999999999999822, -50.49999999999928946 ) ) ;
#3085 = VERTEX_POINT ( 'NONE', #557 ) ;
#3086 = EDGE_CURVE ( 'NONE', #2054, #4044, #3271, .T. ) ;
#3087 = FACE_OUTER_BOUND ( 'NONE', #2676, .T. ) ;
#3088 = CARTESIAN_POINT ( 'NONE',  ( -102.5000000000000000, -4.299999999999999822, 46.75000000000000000 ) ) ;
#3089 = ORIENTED_EDGE ( 'NONE', *, *, #1204, .T. ) ;
#3090 =( BOUNDED_SURFACE ( )  B_SPLINE_SURFACE ( 3, 2, ( 
 ( #1276, #357, #4329 ),
 ( #2623, #835, #4381 ),
 ( #2971, #3494, #4738 ),
 ( #5264, #2191, #2103 ) ),
 .UNSPECIFIED., .F., .F., .T. ) 
 B_SPLINE_SURFACE_WITH_KNOTS ( ( 4, 4 ),
 ( 3, 3 ),
 ( -8.673617379884035472E-19, 0.003336207577147235273 ),
 ( 0.000000000000000000, 1.000000000000000000 ),
 .UNSPECIFIED. ) 
 GEOMETRIC_REPRESENTATION_ITEM ( )  RATIONAL_B_SPLINE_SURFACE ( (
 ( 1.000000000000000000, 0.7312255714843902688, 1.000000000000000000),
 ( 1.000000000000000000, 0.7366484915345661300, 1.000000000000000000),
 ( 1.000000000000000000, 0.7421358679372902500, 1.000000000000000000),
 ( 1.000000000000000000, 0.7476445268308914427, 1.000000000000000000) ) ) 
 REPRESENTATION_ITEM ( '' )  SURFACE ( )  );
#3091 = DIRECTION ( 'NONE',  ( 0.9580117704232794518, 0.2867288749506295420, -0.000000000000000000 ) ) ;
#3092 = CARTESIAN_POINT ( 'NONE',  ( 87.43601720909204289, -5.983948345474792596, 91.74093752249757472 ) ) ;
#3093 = CARTESIAN_POINT ( 'NONE',  ( -86.51278580608652646, -6.799999999999949196, -90.50000000000000000 ) ) ;
#3094 = VERTEX_POINT ( 'NONE', #2275 ) ;
#3095 = DIRECTION ( 'NONE',  ( -1.000000000000000000, 0.000000000000000000, -9.251858538542964333E-15 ) ) ;
#3096 = CIRCLE ( 'NONE', #616, 4.500000000000003553 ) ;
#3097 = VECTOR ( 'NONE', #4927, 1000.000000000000000 ) ;
#3098 = ADVANCED_FACE ( 'NONE', ( #4095, #1875 ), #2802, .T. ) ;
#3099 = CARTESIAN_POINT ( 'NONE',  ( -1.728284263749144375E-13, 0.001000000000084266816, 49.50000000000000000 ) ) ;
#3100 = AXIS2_PLACEMENT_3D ( 'NONE', #4530, #5051, #4554 ) ;
#3101 = CARTESIAN_POINT ( 'NONE',  ( -37.50000000000000000, -80.01162596762468127, 4.336808689942017736E-16 ) ) ;
#3102 = ORIENTED_EDGE ( 'NONE', *, *, #5410, .F. ) ;
#3103 = EDGE_CURVE ( 'NONE', #1927, #1049, #2151, .T. ) ;
#3104 = DIRECTION ( 'NONE',  ( -1.000000000000000000, 0.000000000000000000, -5.551115123125777969E-15 ) ) ;
#3105 = CARTESIAN_POINT ( 'NONE',  ( -102.5000000000000000, -6.799999999999998046, -50.50000000000000000 ) ) ;
#3106 = AXIS2_PLACEMENT_3D ( 'NONE', #2976, #3350, #5118 ) ;
#3107 = CIRCLE ( 'NONE', #4125, 4.500000000000003553 ) ;
#3108 = CARTESIAN_POINT ( 'NONE',  ( 83.74626017908438769, -9.260547341090596518, -86.78936098891684026 ) ) ;
#3109 = LINE ( 'NONE', #4467, #4677 ) ;
#3110 = CIRCLE ( 'NONE', #631, 10.00000000000000355 ) ;
#3111 = DIRECTION ( 'NONE',  ( -0.000000000000000000, -1.000000000000000000, 0.000000000000000000 ) ) ;
#3112 = CIRCLE ( 'NONE', #2198, 2.500000000000002220 ) ;
#3113 = ORIENTED_EDGE ( 'NONE', *, *, #2360, .T. ) ;
#3114 = DIRECTION ( 'NONE',  ( 0.000000000000000000, 0.000000000000000000, -1.000000000000000000 ) ) ;
#3115 = ORIENTED_EDGE ( 'NONE', *, *, #3903, .T. ) ;
#3116 = AXIS2_PLACEMENT_3D ( 'NONE', #5285, #4494, #1377 ) ;
#3117 = LINE ( 'NONE', #2134, #248 ) ;
#3118 = EDGE_LOOP ( 'NONE', ( #3005, #1495, #5579, #5327 ) ) ;
#3119 = CARTESIAN_POINT ( 'NONE',  ( -56.15361380259412982, -40.82413569608429782, -51.62887868712113715 ) ) ;
#3120 = ORIENTED_EDGE ( 'NONE', *, *, #4684, .T. ) ;
#3121 = EDGE_LOOP ( 'NONE', ( #5641, #686 ) ) ;
#3122 = DIRECTION ( 'NONE',  ( 1.000000000000000000, 0.000000000000000000, 5.551115123125777969E-15 ) ) ;
#3123 = FACE_BOUND ( 'NONE', #2993, .T. ) ;
#3124 = CARTESIAN_POINT ( 'NONE',  ( -43.57408223453252560, -80.89612135044451691, 15.06923261740872988 ) ) ;
#3125 = DIRECTION ( 'NONE',  ( 0.000000000000000000, 1.000000000000000000, 0.000000000000000000 ) ) ;
#3126 = ORIENTED_EDGE ( 'NONE', *, *, #3638, .T. ) ;
#3127 = DIRECTION ( 'NONE',  ( -1.000000000000000000, -0.000000000000000000, -0.000000000000000000 ) ) ;
#3128 = CARTESIAN_POINT ( 'NONE',  ( 40.53612236886953468, -90.08429612207210369, 10.63762474218119358 ) ) ;
#3129 = CARTESIAN_POINT ( 'NONE',  ( 50.49999999999896971, -4.299999999999999822, 98.75000000000051159 ) ) ;
#3130 = VERTEX_POINT ( 'NONE', #4998 ) ;
#3131 = DIRECTION ( 'NONE',  ( 0.000000000000000000, 1.000000000000000000, 0.000000000000000000 ) ) ;
#3132 = EDGE_CURVE ( 'NONE', #1741, #5320, #177, .T. ) ;
#3133 =( BOUNDED_CURVE ( )  B_SPLINE_CURVE ( 3, ( #2543, #459, #4308, #1667 ),
 .UNSPECIFIED., .F., .T. ) 
 B_SPLINE_CURVE_WITH_KNOTS ( ( 4, 4 ),
 ( 1.570796326794895226, 3.141592653589793116 ),
 .UNSPECIFIED. ) 
 CURVE ( )  GEOMETRIC_REPRESENTATION_ITEM ( )  RATIONAL_B_SPLINE_CURVE ( ( 1.000000000000000000, 0.8047378541243646044, 0.8047378541243646044, 1.000000000000000000 ) ) 
 REPRESENTATION_ITEM ( '' )  );
#3134 = EDGE_CURVE ( 'NONE', #990, #1489, #5572, .T. ) ;
#3135 = CARTESIAN_POINT ( 'NONE',  ( 50.20340648295906760, -49.74238991771538565, -44.22496085688296574 ) ) ;
#3136 = ORIENTED_EDGE ( 'NONE', *, *, #211, .T. ) ;
#3137 = DIRECTION ( 'NONE',  ( 0.000000000000000000, 1.000000000000000000, 0.000000000000000000 ) ) ;
#3138 = DIRECTION ( 'NONE',  ( -1.000000000000000000, 0.000000000000000000, -9.251858538542964333E-15 ) ) ;
#3139 = DIRECTION ( 'NONE',  ( -0.000000000000000000, -0.000000000000000000, -1.000000000000000000 ) ) ;
#3140 = FACE_OUTER_BOUND ( 'NONE', #431, .T. ) ;
#3141 = ORIENTED_EDGE ( 'NONE', *, *, #1980, .T. ) ;
#3142 = CARTESIAN_POINT ( 'NONE',  ( -50.50000000000108002, -4.000000000000000000, 102.4999999999994600 ) ) ;
#3143 = VERTEX_POINT ( 'NONE', #3661 ) ;
#3144 = DIRECTION ( 'NONE',  ( -1.000000000000000000, -0.000000000000000000, -0.000000000000000000 ) ) ;
#3145 = ORIENTED_EDGE ( 'NONE', *, *, #2866, .T. ) ;
#3146 = VERTEX_POINT ( 'NONE', #4557 ) ;
#3147 = CARTESIAN_POINT ( 'NONE',  ( -86.51278580608652646, -6.799999999999949196, -90.50000000000000000 ) ) ;
#3148 = LINE ( 'NONE', #3556, #1005 ) ;
#3149 = CARTESIAN_POINT ( 'NONE',  ( -66.17546748983527038, -37.19652000490118127, 54.83352464926745995 ) ) ;
#3150 = B_SPLINE_CURVE_WITH_KNOTS ( 'NONE', 3,
 ( #2216, #470, #4377, #2188, #4850, #889, #2652, #3947, #4326, #833, #383, #12, #3430, #5288, #3457, #1760, #3518, #1299, #4799, #3884, #1322, #4413 ),
 .UNSPECIFIED., .F., .F.,
 ( 4, 2, 2, 2, 2, 2, 2, 2, 2, 2, 4 ),
 ( 0.000000000000000000, 0.01550710720648554829, 0.03101421441297109657, 0.04652132161945666394, 0.06202842882594223478, 0.06590520562756362055, 0.06978198242918501326, 0.07753553603242782644, 0.09304264323891343891, 0.1085497504453990653, 0.1240568576518846916 ),
 .UNSPECIFIED. ) ;
#3151 = CARTESIAN_POINT ( 'NONE',  ( 11.59332887541343560, -152.0000000000000000, 18.37676056338025887 ) ) ;
#3152 = ORIENTED_EDGE ( 'NONE', *, *, #2475, .F. ) ;
#3153 = EDGE_CURVE ( 'NONE', #811, #4419, #2429, .T. ) ;
#3154 = CARTESIAN_POINT ( 'NONE',  ( -53.00000000000108002, -6.799999999999998046, 102.4999999999994458 ) ) ;
#3155 = CARTESIAN_POINT ( 'NONE',  ( 7.482591942790329227E-15, -153.0000000000000000, 61.10000000000000853 ) ) ;
#3156 = CARTESIAN_POINT ( 'NONE',  ( 75.96790049654926236, -24.23367392719094937, -60.02439712302904695 ) ) ;
#3157 = ORIENTED_EDGE ( 'NONE', *, *, #268, .F. ) ;
#3158 = CARTESIAN_POINT ( 'NONE',  ( 68.66076058317119646, -33.75290588796416102, -49.87630634711646849 ) ) ;
#3159 = CARTESIAN_POINT ( 'NONE',  ( 0.000000000000000000, -151.9999999999999716, 30.85000000000002274 ) ) ;
#3160 = EDGE_LOOP ( 'NONE', ( #2085, #284 ) ) ;
#3161 = FACE_BOUND ( 'NONE', #2664, .T. ) ;
#3162 = CARTESIAN_POINT ( 'NONE',  ( 5.184852791247432369E-13, 0.001000000000084266816, -49.50000000000000000 ) ) ;
#3163 = EDGE_LOOP ( 'NONE', ( #2037, #3724 ) ) ;
#3164 = DIRECTION ( 'NONE',  ( -0.000000000000000000, -1.000000000000000000, -0.000000000000000000 ) ) ;
#3165 = DIRECTION ( 'NONE',  ( -0.000000000000000000, -1.000000000000000000, -0.000000000000000000 ) ) ;
#3166 = CARTESIAN_POINT ( 'NONE',  ( -28.65399519163799980, -94.99730313167312090, -18.97890172748233795 ) ) ;
#3167 = ADVANCED_FACE ( 'NONE', ( #1851 ), #2358, .F. ) ;
#3168 = AXIS2_PLACEMENT_3D ( 'NONE', #5182, #2982, #4282 ) ;
#3169 = CARTESIAN_POINT ( 'NONE',  ( 2.500000000000002220, -91.11488569816502547, -19.80798429566818442 ) ) ;
#3170 = ORIENTED_EDGE ( 'NONE', *, *, #3405, .T. ) ;
#3171 = CIRCLE ( 'NONE', #4562, 10.00000000000000355 ) ;
#3172 = DIRECTION ( 'NONE',  ( 0.000000000000000000, 0.000000000000000000, -1.000000000000000000 ) ) ;
#3173 = EDGE_CURVE ( 'NONE', #4729, #4311, #4464, .T. ) ;
#3174 = VERTEX_POINT ( 'NONE', #73 ) ;
#3175 = VERTEX_POINT ( 'NONE', #1385 ) ;
#3176 = DIRECTION ( 'NONE',  ( -1.000000000000000000, 0.000000000000000000, -3.700743415417184787E-15 ) ) ;
#3177 = CARTESIAN_POINT ( 'NONE',  ( -92.25000000000000000, -2.499999999999999556, 109.0212156840881192 ) ) ;
#3178 = DIRECTION ( 'NONE',  ( -0.000000000000000000, -1.000000000000000000, -0.000000000000000000 ) ) ;
#3179 = VECTOR ( 'NONE', #5171, 1000.000000000000000 ) ;
#3180 = FACE_OUTER_BOUND ( 'NONE', #421, .T. ) ;
#3181 = ORIENTED_EDGE ( 'NONE', *, *, #4699, .F. ) ;
#3182 = AXIS2_PLACEMENT_3D ( 'NONE', #304, #1099, #670 ) ;
#3183 = DIRECTION ( 'NONE',  ( 0.000000000000000000, -1.000000000000000000, 0.000000000000000000 ) ) ;
#3184 = CARTESIAN_POINT ( 'NONE',  ( -99.75000000000000000, 0.000000000000000000, -109.0212156840881335 ) ) ;
#3185 = EDGE_LOOP ( 'NONE', ( #4241, #4660 ) ) ;
#3186 = VECTOR ( 'NONE', #1476, 1000.000000000000000 ) ;
#3187 = DIRECTION ( 'NONE',  ( 0.000000000000000000, 0.000000000000000000, -1.000000000000000000 ) ) ;
#3188 = LINE ( 'NONE', #2242, #5314 ) ;
#3189 = EDGE_LOOP ( 'NONE', ( #3800, #350 ) ) ;
#3190 = ADVANCED_FACE ( 'NONE', ( #3140 ), #5376, .F. ) ;
#3191 = AXIS2_PLACEMENT_3D ( 'NONE', #4294, #1100, #2566 ) ;
#3192 = VECTOR ( 'NONE', #3684, 1000.000000000000114 ) ;
#3193 = FACE_OUTER_BOUND ( 'NONE', #447, .T. ) ;
#3194 = CARTESIAN_POINT ( 'NONE',  ( 47.99999999999892708, -6.799999999999998046, 102.5000000000004974 ) ) ;
#3195 = DIRECTION ( 'NONE',  ( -0.000000000000000000, -0.000000000000000000, -1.000000000000000000 ) ) ;
#3196 = ORIENTED_EDGE ( 'NONE', *, *, #4421, .T. ) ;
#3197 = CARTESIAN_POINT ( 'NONE',  ( -39.64957412582953111, -93.02965821487541120, 111.7500000000000000 ) ) ;
#3198 = DIRECTION ( 'NONE',  ( -1.000000000000000000, -0.000000000000000000, -0.000000000000000000 ) ) ;
#3199 = VECTOR ( 'NONE', #3144, 1000.000000000000000 ) ;
#3200 = AXIS2_PLACEMENT_3D ( 'NONE', #5540, #2520, #4257 ) ;
#3201 = VERTEX_POINT ( 'NONE', #1175 ) ;
#3202 = VECTOR ( 'NONE', #1899, 1000.000000000000000 ) ;
#3203 = DIRECTION ( 'NONE',  ( 0.000000000000000000, 0.000000000000000000, -1.000000000000000000 ) ) ;
#3204 = CIRCLE ( 'NONE', #1640, 4.500000000000003553 ) ;
#3205 = LINE ( 'NONE', #5464, #4957 ) ;
#3206 = ORIENTED_EDGE ( 'NONE', *, *, #3911, .F. ) ;
#3207 = AXIS2_PLACEMENT_3D ( 'NONE', #1232, #4323, #4760 ) ;
#3208 = ADVANCED_FACE ( 'NONE', ( #1117 ), #4174, .F. ) ;
#3209 = AXIS2_PLACEMENT_3D ( 'NONE', #3532, #3125, #370 ) ;
#3210 = ORIENTED_EDGE ( 'NONE', *, *, #2944, .T. ) ;
#3211 = EDGE_CURVE ( 'NONE', #4531, #2597, #3171, .T. ) ;
#3212 = EDGE_CURVE ( 'NONE', #1712, #3245, #1518, .T. ) ;
#3213 = DIRECTION ( 'NONE',  ( 0.000000000000000000, 1.000000000000000000, 0.000000000000000000 ) ) ;
#3214 = DIRECTION ( 'NONE',  ( -0.000000000000000000, 1.000000000000000000, 0.000000000000000000 ) ) ;
#3215 = CARTESIAN_POINT ( 'NONE',  ( -91.63313166167320389, -7.344339526368229620, 89.65503747810564050 ) ) ;
#3216 = CIRCLE ( 'NONE', #2472, 3.500000000000000000 ) ;
#3217 = CARTESIAN_POINT ( 'NONE',  ( -35.94324274506107741, 0.001000000000084266816, 13.08227048220660649 ) ) ;
#3218 = ORIENTED_EDGE ( 'NONE', *, *, #2889, .F. ) ;
#3219 = ADVANCED_FACE ( 'NONE', ( #2023 ), #5565, .T. ) ;
#3220 = DIRECTION ( 'NONE',  ( 0.9986295347545739443, 0.05233595624294408444, 0.000000000000000000 ) ) ;
#3221 = CARTESIAN_POINT ( 'NONE',  ( 65.58913686107408125, -28.39231558527890442, -63.42959035373876731 ) ) ;
#3222 = EDGE_LOOP ( 'NONE', ( #2825, #4984, #5668, #3792 ) ) ;
#3223 = CARTESIAN_POINT ( 'NONE',  ( 46.74999999999892708, -4.000000000000000000, 102.5000000000004832 ) ) ;
#3224 = CARTESIAN_POINT ( 'NONE',  ( 99.75000000000000000, 0.000000000000000000, 99.75000000000000000 ) ) ;
#3225 = DIRECTION ( 'NONE',  ( -0.2867141939519906035, 0.9579627186160625252, 0.01011932449242340312 ) ) ;
#3226 = CARTESIAN_POINT ( 'NONE',  ( 34.14124661099899072, -82.02649215943962702, -23.97436819758304694 ) ) ;
#3227 = ORIENTED_EDGE ( 'NONE', *, *, #5249, .F. ) ;
#3228 = DIRECTION ( 'NONE',  ( 0.000000000000000000, 1.000000000000000000, 0.000000000000000000 ) ) ;
#3229 = ORIENTED_EDGE ( 'NONE', *, *, #3928, .T. ) ;
#3230 = DIRECTION ( 'NONE',  ( 7.401486830834369573E-15, 0.000000000000000000, -1.000000000000000000 ) ) ;
#3231 = DIRECTION ( 'NONE',  ( -0.000000000000000000, -1.000000000000000000, 0.000000000000000000 ) ) ;
#3232 = VERTEX_POINT ( 'NONE', #5025 ) ;
#3233 = EDGE_CURVE ( 'NONE', #1386, #2340, #2943, .T. ) ;
#3234 = ORIENTED_EDGE ( 'NONE', *, *, #5021, .F. ) ;
#3235 = LINE ( 'NONE', #4098, #3282 ) ;
#3236 = DIRECTION ( 'NONE',  ( 0.000000000000000000, -1.000000000000000000, 0.000000000000000000 ) ) ;
#3237 = EDGE_LOOP ( 'NONE', ( #3242, #2335, #5210, #1922 ) ) ;
#3238 = DIRECTION ( 'NONE',  ( 0.000000000000000000, 1.000000000000000000, 0.000000000000000000 ) ) ;
#3239 = DIRECTION ( 'NONE',  ( 0.000000000000000000, -1.000000000000000000, 1.110223024625156698E-14 ) ) ;
#3240 = CARTESIAN_POINT ( 'NONE',  ( -111.7500000000000000, -6.799999999999999822, 99.75000000000000000 ) ) ;
#3241 = LINE ( 'NONE', #5007, #3843 ) ;
#3242 = ORIENTED_EDGE ( 'NONE', *, *, #4684, .F. ) ;
#3243 = ADVANCED_FACE ( 'NONE', ( #1093 ), #688, .F. ) ;
#3244 = CARTESIAN_POINT ( 'NONE',  ( 102.4999999999996732, -6.799999999999998046, 46.00000000000071054 ) ) ;
#3245 = VERTEX_POINT ( 'NONE', #4588 ) ;
#3246 = CARTESIAN_POINT ( 'NONE',  ( 54.79807717755723928, -55.84133582477523561, -30.78001175459932170 ) ) ;
#3247 = VERTEX_POINT ( 'NONE', #641 ) ;
#3248 = CARTESIAN_POINT ( 'NONE',  ( 0.000000000000000000, -151.9999999999999716, 30.85000000000002274 ) ) ;
#3249 = CARTESIAN_POINT ( 'NONE',  ( 21.99999999999998224, -80.01162596762468127, 2.500000000000000000 ) ) ;
#3250 = FACE_BOUND ( 'NONE', #1305, .T. ) ;
#3251 = ADVANCED_FACE ( 'NONE', ( #744 ), #5109, .F. ) ;
#3252 = DIRECTION ( 'NONE',  ( -0.000000000000000000, -1.000000000000000000, -0.000000000000000000 ) ) ;
#3253 = FACE_BOUND ( 'NONE', #1425, .T. ) ;
#3254 = ADVANCED_FACE ( 'NONE', ( #5519 ), #5461, .F. ) ;
#3255 = CARTESIAN_POINT ( 'NONE',  ( -40.53612236886953468, -90.08429612207214632, -10.63762474218124687 ) ) ;
#3256 = ORIENTED_EDGE ( 'NONE', *, *, #1410, .F. ) ;
#3257 = DIRECTION ( 'NONE',  ( 0.000000000000000000, 1.000000000000000000, 0.000000000000000000 ) ) ;
#3258 = DIRECTION ( 'NONE',  ( 0.000000000000000000, 1.000000000000000000, 0.000000000000000000 ) ) ;
#3259 = ORIENTED_EDGE ( 'NONE', *, *, #51, .T. ) ;
#3260 = DIRECTION ( 'NONE',  ( -0.9580117704232792297, 0.2867288749506299861, 0.000000000000000000 ) ) ;
#3261 = CARTESIAN_POINT ( 'NONE',  ( 30.06945642159358201, -92.63265025339440228, 19.28826062823459608 ) ) ;
#3262 = AXIS2_PLACEMENT_3D ( 'NONE', #3814, #4751, #5585 ) ;
#3263 = ORIENTED_EDGE ( 'NONE', *, *, #86, .T. ) ;
#3264 = DIRECTION ( 'NONE',  ( -1.000000000000000000, 0.000000000000000000, -9.912705577010326930E-15 ) ) ;
#3265 = VECTOR ( 'NONE', #4331, 1000.000000000000000 ) ;
#3266 = CARTESIAN_POINT ( 'NONE',  ( -91.88248238270315937, -6.799999999999998046, -86.34919791354437280 ) ) ;
#3267 = CYLINDRICAL_SURFACE ( 'NONE', #5234, 61.10000000000000853 ) ;
#3268 = DIRECTION ( 'NONE',  ( 0.000000000000000000, 1.000000000000000000, 0.000000000000000000 ) ) ;
#3269 = CARTESIAN_POINT ( 'NONE',  ( 54.24999999999893419, -4.299999999999999822, 102.5000000000005684 ) ) ;
#3270 = ORIENTED_EDGE ( 'NONE', *, *, #3638, .F. ) ;
#3271 = CIRCLE ( 'NONE', #3905, 2.500000000000000000 ) ;
#3272 = CARTESIAN_POINT ( 'NONE',  ( 64.40728041848788621, -39.81698512543613333, 52.48304431709388496 ) ) ;
#3273 = CARTESIAN_POINT ( 'NONE',  ( 83.68057001437367148, -15.41411326372247892, -70.91285461968236348 ) ) ;
#3274 = ORIENTED_EDGE ( 'NONE', *, *, #5661, .F. ) ;
#3275 = PLANE ( 'NONE',  #545 ) ;
#3276 = DIRECTION ( 'NONE',  ( 0.000000000000000000, -1.000000000000000000, 0.000000000000000000 ) ) ;
#3277 = AXIS2_PLACEMENT_3D ( 'NONE', #5090, #1122, #5149 ) ;
#3278 = DIRECTION ( 'NONE',  ( 6.167905692361976222E-15, 0.000000000000000000, -1.000000000000000000 ) ) ;
#3279 = EDGE_CURVE ( 'NONE', #1643, #3542, #4205, .T. ) ;
#3280 = CARTESIAN_POINT ( 'NONE',  ( 82.07241969672145387, -17.16950233217302468, 68.62473168998097606 ) ) ;
#3281 = ORIENTED_EDGE ( 'NONE', *, *, #3291, .T. ) ;
#3282 = VECTOR ( 'NONE', #4127, 1000.000000000000000 ) ;
#3283 = VECTOR ( 'NONE', #4582, 1000.000000000000000 ) ;
#3284 = PLANE ( 'NONE',  #3100 ) ;
#3285 = ORIENTED_EDGE ( 'NONE', *, *, #5321, .F. ) ;
#3286 = DIRECTION ( 'NONE',  ( 0.000000000000000000, 0.000000000000000000, -1.000000000000000000 ) ) ;
#3287 = CARTESIAN_POINT ( 'NONE',  ( 50.50000000000036238, -6.799999999999998046, -102.4999999999998153 ) ) ;
#3288 = CIRCLE ( 'NONE', #5139, 4.500000000000003553 ) ;
#3289 = AXIS2_PLACEMENT_3D ( 'NONE', #2070, #321, #4624 ) ;
#3290 = AXIS2_PLACEMENT_3D ( 'NONE', #3099, #1755, #5215 ) ;
#3291 = EDGE_CURVE ( 'NONE', #4153, #2911, #297, .T. ) ;
#3292 = LINE ( 'NONE', #722, #5132 ) ;
#3293 = DIRECTION ( 'NONE',  ( 0.000000000000000000, -1.000000000000000000, 0.000000000000000000 ) ) ;
#3294 = AXIS2_PLACEMENT_3D ( 'NONE', #452, #4893, #3064 ) ;
#3295 = CIRCLE ( 'NONE', #711, 3.750000000000003553 ) ;
#3296 = EDGE_LOOP ( 'NONE', ( #2549, #554, #5003, #3364 ) ) ;
#3297 = CYLINDRICAL_SURFACE ( 'NONE', #2251, 194.0000000000000000 ) ;
#3298 = CIRCLE ( 'NONE', #3937, 3.750000000000003553 ) ;
#3299 = AXIS2_PLACEMENT_3D ( 'NONE', #4904, #1319, #3073 ) ;
#3300 = CARTESIAN_POINT ( 'NONE',  ( 30.06945642159358556, -90.16236946537975427, 9.598177407314054221 ) ) ;
#3301 = CARTESIAN_POINT ( 'NONE',  ( 1.822124468884710247, -81.75455691446418882, -24.17843954714223287 ) ) ;
#3302 = DIRECTION ( 'NONE',  ( 0.000000000000000000, 1.000000000000000000, 0.000000000000000000 ) ) ;
#3303 = FACE_OUTER_BOUND ( 'NONE', #4757, .T. ) ;
#3304 = ORIENTED_EDGE ( 'NONE', *, *, #1980, .F. ) ;
#3305 = VECTOR ( 'NONE', #938, 1000.000000000000000 ) ;
#3306 = CIRCLE ( 'NONE', #1363, 2.500000000000002220 ) ;
#3307 = VERTEX_POINT ( 'NONE', #5082 ) ;
#3308 = ADVANCED_FACE ( 'NONE', ( #270 ), #218, .F. ) ;
#3309 = CARTESIAN_POINT ( 'NONE',  ( 45.98155527050521130, -56.87015097369172167, 38.96423918259009866 ) ) ;
#3310 = DIRECTION ( 'NONE',  ( 0.000000000000000000, 1.000000000000000000, 0.000000000000000000 ) ) ;
#3311 = ORIENTED_EDGE ( 'NONE', *, *, #5694, .T. ) ;
#3312 = DIRECTION ( 'NONE',  ( 0.000000000000000000, 1.000000000000000000, -0.000000000000000000 ) ) ;
#3313 = DIRECTION ( 'NONE',  ( 0.000000000000000000, -0.08353389573318997785, 0.9965049363970239771 ) ) ;
#3314 = FACE_OUTER_BOUND ( 'NONE', #4330, .T. ) ;
#3315 = CARTESIAN_POINT ( 'NONE',  ( 54.33937451277633102, -56.70911555373682233, 30.14667107550727465 ) ) ;
#3316 = CARTESIAN_POINT ( 'NONE',  ( 102.5000000000003695, -6.799999999999998046, -54.99999999999928946 ) ) ;
#3317 = ORIENTED_EDGE ( 'NONE', *, *, #4979, .T. ) ;
#3318 = CARTESIAN_POINT ( 'NONE',  ( 2.500000000000000000, -168.4829653570998858, -197.7129596333149664 ) ) ;
#3319 = EDGE_CURVE ( 'NONE', #2981, #3085, #5677, .T. ) ;
#3320 = DIRECTION ( 'NONE',  ( -1.000000000000000000, -0.000000000000000000, -0.000000000000000000 ) ) ;
#3321 = LINE ( 'NONE', #5083, #340 ) ;
#3322 = ORIENTED_EDGE ( 'NONE', *, *, #398, .T. ) ;
#3323 = DIRECTION ( 'NONE',  ( 0.000000000000000000, 0.000000000000000000, -1.000000000000000000 ) ) ;
#3324 = ADVANCED_FACE ( 'NONE', ( #5544 ), #3794, .F. ) ;
#3325 =( BOUNDED_SURFACE ( )  B_SPLINE_SURFACE ( 3, 2, ( 
 ( #2515, #5681, #2062 ),
 ( #3936, #3479, #2173 ),
 ( #1292, #3048, #6 ),
 ( #4817, #5254, #849 ) ),
 .UNSPECIFIED., .F., .F., .T. ) 
 B_SPLINE_SURFACE_WITH_KNOTS ( ( 4, 4 ),
 ( 3, 3 ),
 ( 4.462776901768519267, 4.701825992981636837 ),
 ( 0.000000000000000000, 1.000000000000000000 ),
 .UNSPECIFIED. ) 
 GEOMETRIC_REPRESENTATION_ITEM ( )  RATIONAL_B_SPLINE_SURFACE ( (
 ( 1.000000000000000000, 0.7317206034805769921, 1.000000000000000000),
 ( 1.000000000000000000, 0.7241570338208263014, 1.000000000000000000),
 ( 1.000000000000000000, 0.7162424534219598016, 1.000000000000000000),
 ( 1.000000000000000000, 0.7081767636586919767, 1.000000000000000000) ) ) 
 REPRESENTATION_ITEM ( '' )  SURFACE ( )  );
#3326 = CARTESIAN_POINT ( 'NONE',  ( -102.5000000000000000, 0.000000000000000000, -55.00000000000000711 ) ) ;
#3327 = CARTESIAN_POINT ( 'NONE',  ( -52.52778671192468352, -46.10013226824804633, 47.11456168647431753 ) ) ;
#3328 = CARTESIAN_POINT ( 'NONE',  ( 50.49999999999892708, -4.000000000000000000, 102.5000000000005258 ) ) ;
#3329 = VERTEX_POINT ( 'NONE', #5484 ) ;
#3330 = ORIENTED_EDGE ( 'NONE', *, *, #3634, .F. ) ;
#3331 = EDGE_CURVE ( 'NONE', #4443, #566, #5597, .T. ) ;
#3332 = CARTESIAN_POINT ( 'NONE',  ( 47.24109983829615800, -71.51543540311267577, 29.59099614783819376 ) ) ;
#3333 = DIRECTION ( 'NONE',  ( 6.167905692361976222E-15, 0.000000000000000000, -1.000000000000000000 ) ) ;
#3334 = ORIENTED_EDGE ( 'NONE', *, *, #1552, .F. ) ;
#3335 = CARTESIAN_POINT ( 'NONE',  ( 19.82671093110961635, -124.4908176021445030, 18.66735051828718639 ) ) ;
#3336 = DIRECTION ( 'NONE',  ( 1.000000000000000000, 0.000000000000000000, 3.469446951953615372E-15 ) ) ;
#3337 = CARTESIAN_POINT ( 'NONE',  ( -79.57238169529750849, -19.97848981986665962, 65.08929051432110668 ) ) ;
#3338 = CARTESIAN_POINT ( 'NONE',  ( 74.64826564694720901, -25.85974269180780993, 58.18198335666922816 ) ) ;
#3339 = DIRECTION ( 'NONE',  ( -0.000000000000000000, -1.000000000000000000, -0.000000000000000000 ) ) ;
#3340 = ORIENTED_EDGE ( 'NONE', *, *, #1960, .T. ) ;
#3341 = CARTESIAN_POINT ( 'NONE',  ( 92.25000000000000000, -6.799999999999974065, -83.35607285682024781 ) ) ;
#3342 = CARTESIAN_POINT ( 'NONE',  ( -2.500000000000002220, -95.10293104140910714, -28.97834384915513439 ) ) ;
#3343 = CARTESIAN_POINT ( 'NONE',  ( 30.06945642159358556, -90.16236946537975427, 111.7500000000000000 ) ) ;
#3344 = EDGE_CURVE ( 'NONE', #1708, #5178, #5598, .T. ) ;
#3345 = EDGE_LOOP ( 'NONE', ( #4347, #2426 ) ) ;
#3346 = CARTESIAN_POINT ( 'NONE',  ( -37.50000000000000000, -80.01162596762468127, -8.673617379884035472E-16 ) ) ;
#3347 = EDGE_CURVE ( 'NONE', #839, #3390, #4324, .T. ) ;
#3348 = DIRECTION ( 'NONE',  ( 0.000000000000000000, 1.000000000000000000, 0.000000000000000000 ) ) ;
#3349 = EDGE_CURVE ( 'NONE', #1643, #3013, #2528, .T. ) ;
#3350 = DIRECTION ( 'NONE',  ( 0.000000000000000000, 1.000000000000000000, 0.000000000000000000 ) ) ;
#3351 = CARTESIAN_POINT ( 'NONE',  ( -46.74999999999963762, -4.299999999999999822, -102.5000000000001563 ) ) ;
#3352 = VERTEX_POINT ( 'NONE', #411 ) ;
#3353 = AXIS2_PLACEMENT_3D ( 'NONE', #2888, #1185, #1618 ) ;
#3354 = VERTEX_POINT ( 'NONE', #5660 ) ;
#3355 = CARTESIAN_POINT ( 'NONE',  ( 39.71749352139941180, -68.97948184094884994, 31.10455517019845928 ) ) ;
#3356 = VECTOR ( 'NONE', #3198, 1000.000000000000000 ) ;
#3357 = CARTESIAN_POINT ( 'NONE',  ( 0.2481922233069567552, -80.43982288814183335, 24.84189147071598569 ) ) ;
#3358 = ORIENTED_EDGE ( 'NONE', *, *, #5238, .T. ) ;
#3359 = CARTESIAN_POINT ( 'NONE',  ( -61.37138488622573362, -44.51019818260672878, -39.82895612705182486 ) ) ;
#3360 = ADVANCED_FACE ( 'NONE', ( #2989 ), #5222, .F. ) ;
#3361 = CARTESIAN_POINT ( 'NONE',  ( -46.81921288907012269, -72.61227958593516973, 19.67990119932181159 ) ) ;
#3362 = DIRECTION ( 'NONE',  ( 0.000000000000000000, 1.000000000000000000, 0.000000000000000000 ) ) ;
#3363 = CARTESIAN_POINT ( 'NONE',  ( -102.5000000000000000, -4.299999999999999822, -54.25000000000000711 ) ) ;
#3364 = ORIENTED_EDGE ( 'NONE', *, *, #2932, .F. ) ;
#3365 = DIRECTION ( 'NONE',  ( -0.000000000000000000, 1.000000000000000000, -0.000000000000000000 ) ) ;
#3366 = CARTESIAN_POINT ( 'NONE',  ( -50.50000000000108002, -6.799999999999998046, 102.4999999999994600 ) ) ;
#3367 = EDGE_CURVE ( 'NONE', #2226, #4055, #4008, .T. ) ;
#3368 = AXIS2_PLACEMENT_3D ( 'NONE', #1307, #4388, #1685 ) ;
#3369 = AXIS2_PLACEMENT_3D ( 'NONE', #552, #5049, #2325 ) ;
#3370 = DIRECTION ( 'NONE',  ( -0.000000000000000000, -1.000000000000000000, 0.000000000000000000 ) ) ;
#3371 = ORIENTED_EDGE ( 'NONE', *, *, #4842, .T. ) ;
#3372 = DIRECTION ( 'NONE',  ( -1.000000000000000000, -1.445602896647339656E-16, 0.000000000000000000 ) ) ;
#3373 = AXIS2_PLACEMENT_3D ( 'NONE', #479, #4773, #814 ) ;
#3374 = AXIS2_PLACEMENT_3D ( 'NONE', #2156, #2273, #2244 ) ;
#3375 = ORIENTED_EDGE ( 'NONE', *, *, #5387, .T. ) ;
#3376 = LINE ( 'NONE', #327, #263 ) ;
#3377 = VECTOR ( 'NONE', #5330, 1000.000000000000000 ) ;
#3378 = CARTESIAN_POINT ( 'NONE',  ( 90.44893317087904450, -6.799999999999972289, -88.98656957492285358 ) ) ;
#3379 = CARTESIAN_POINT ( 'NONE',  ( 13.08227048220673261, 0.001000000000084266816, 35.94324274506103478 ) ) ;
#3380 = ORIENTED_EDGE ( 'NONE', *, *, #745, .T. ) ;
#3381 = EDGE_CURVE ( 'NONE', #2458, #4340, #5208, .T. ) ;
#3382 = EDGE_CURVE ( 'NONE', #5023, #3957, #778, .T. ) ;
#3383 = CIRCLE ( 'NONE', #2369, 2.500000000000002220 ) ;
#3384 = AXIS2_PLACEMENT_3D ( 'NONE', #34, #5342, #2146 ) ;
#3385 = ADVANCED_FACE ( 'NONE', ( #5633 ), #2966, .F. ) ;
#3386 = ORIENTED_EDGE ( 'NONE', *, *, #2938, .F. ) ;
#3387 = CARTESIAN_POINT ( 'NONE',  ( 64.89507949886517224, -39.16255575437386938, 44.68096514765737481 ) ) ;
#3388 = VECTOR ( 'NONE', #643, 1000.000000000000000 ) ;
#3389 = CARTESIAN_POINT ( 'NONE',  ( 102.5000000000003695, -6.799999999999998046, -54.24999999999928946 ) ) ;
#3390 = VERTEX_POINT ( 'NONE', #435 ) ;
#3391 = MANIFOLD_SOLID_BREP ( 'Boss-Extrude1', #2180 ) ;
#3392 = CARTESIAN_POINT ( 'NONE',  ( -39.95700401027259829, -91.97980351856813286, -9.863893503277685326 ) ) ;
#3393 = CARTESIAN_POINT ( 'NONE',  ( -73.44771806146080451, -27.35883820598709093, -56.51092679919929651 ) ) ;
#3394 = ADVANCED_FACE ( 'NONE', ( #1786 ), #2184, .F. ) ;
#3395 = CARTESIAN_POINT ( 'NONE',  ( -30.98345492017519476, -91.11488569816499705, 19.80798429566818442 ) ) ;
#3396 = CARTESIAN_POINT ( 'NONE',  ( -66.69096242849218470, -36.54004453631684868, 47.15687900876477556 ) ) ;
#3397 = ORIENTED_EDGE ( 'NONE', *, *, #3928, .F. ) ;
#3398 = LINE ( 'NONE', #5189, #2751 ) ;
#3399 = VERTEX_POINT ( 'NONE', #915 ) ;
#3400 = CARTESIAN_POINT ( 'NONE',  ( 39.64957412582636920, -93.02965821488604092, 9.598177407314057774 ) ) ;
#3401 = DIRECTION ( 'NONE',  ( 1.000000000000000000, 0.000000000000000000, 1.982541115402065307E-15 ) ) ;
#3402 = AXIS2_PLACEMENT_3D ( 'NONE', #4922, #954, #2721 ) ;
#3403 = CARTESIAN_POINT ( 'NONE',  ( -111.7500000000000000, -6.799999999999999822, 99.75000000000000000 ) ) ;
#3404 = DIRECTION ( 'NONE',  ( 0.2867141939519906035, -0.9579627186160625252, 0.01011932449242317934 ) ) ;
#3405 = EDGE_CURVE ( 'NONE', #3501, #4203, #4003, .T. ) ;
#3406 = DIRECTION ( 'NONE',  ( -0.000000000000000000, -1.000000000000000000, -0.000000000000000000 ) ) ;
#3407 = ORIENTED_EDGE ( 'NONE', *, *, #1467, .T. ) ;
#3408 = DIRECTION ( 'NONE',  ( 0.000000000000000000, 0.000000000000000000, -1.000000000000000000 ) ) ;
#3409 = ORIENTED_EDGE ( 'NONE', *, *, #3347, .F. ) ;
#3410 = DIRECTION ( 'NONE',  ( 1.000000000000000000, 0.000000000000000000, 9.251858538542964333E-15 ) ) ;
#3411 = CARTESIAN_POINT ( 'NONE',  ( 87.37866492867568979, -6.799999999999974065, -90.46272488050939842 ) ) ;
#3412 = ORIENTED_EDGE ( 'NONE', *, *, #2132, .T. ) ;
#3413 = ORIENTED_EDGE ( 'NONE', *, *, #4173, .F. ) ;
#3414 = FACE_OUTER_BOUND ( 'NONE', #4528, .T. ) ;
#3415 = CARTESIAN_POINT ( 'NONE',  ( 2.100884815134035133, -82.36982946357555591, 23.87228343533038455 ) ) ;
#3416 = ORIENTED_EDGE ( 'NONE', *, *, #477, .F. ) ;
#3417 = EDGE_CURVE ( 'NONE', #4459, #467, #1432, .T. ) ;
#3418 = DIRECTION ( 'NONE',  ( 1.334402673828313093E-16, -1.000000000000000000, -0.000000000000000000 ) ) ;
#3419 = ORIENTED_EDGE ( 'NONE', *, *, #543, .F. ) ;
#3420 = CARTESIAN_POINT ( 'NONE',  ( -52.89663472585709059, -59.39200667293537350, -37.19124582989291383 ) ) ;
#3421 = CARTESIAN_POINT ( 'NONE',  ( 50.50000000000034817, -4.299999999999999822, -98.74999999999981526 ) ) ;
#3422 = CARTESIAN_POINT ( 'NONE',  ( -83.68057001433533060, -15.41411326376225865, 70.91285461972033488 ) ) ;
#3423 = DIRECTION ( 'NONE',  ( -0.2731156288108161356, -0.8821713602783346486, 0.3836424694998524787 ) ) ;
#3424 = VERTEX_POINT ( 'NONE', #2678 ) ;
#3425 = EDGE_CURVE ( 'NONE', #5602, #4340, #4523, .T. ) ;
#3426 = CARTESIAN_POINT ( 'NONE',  ( -30.06945642159671550, -90.16236946536911034, 9.598177407316766718 ) ) ;
#3427 = DIRECTION ( 'NONE',  ( 0.000000000000000000, 1.000000000000000000, 0.000000000000000000 ) ) ;
#3428 = EDGE_LOOP ( 'NONE', ( #5080, #2423, #5240, #2711 ) ) ;
#3429 = ADVANCED_FACE ( 'NONE', ( #4437, #123 ), #495, .T. ) ;
#3430 = CARTESIAN_POINT ( 'NONE',  ( 58.00268410109699602, -38.23392607164348789, 53.93355870562799481 ) ) ;
#3431 = CARTESIAN_POINT ( 'NONE',  ( 2.463399471488284753, -83.88025595290518766, -23.13170182520181939 ) ) ;
#3432 = FACE_OUTER_BOUND ( 'NONE', #4885, .T. ) ;
#3433 = ORIENTED_EDGE ( 'NONE', *, *, #3875, .F. ) ;
#3434 = CARTESIAN_POINT ( 'NONE',  ( -38.71110337916078237, -96.16525459198041403, 8.996294564036714902 ) ) ;
#3435 = ORIENTED_EDGE ( 'NONE', *, *, #27, .T. ) ;
#3436 = CARTESIAN_POINT ( 'NONE',  ( -109.0212156840881192, 0.000000000000000000, 99.75000000000000000 ) ) ;
#3437 = CARTESIAN_POINT ( 'NONE',  ( -32.48982065903731353, -86.48779094284141422, 21.82023513317221841 ) ) ;
#3438 = ORIENTED_EDGE ( 'NONE', *, *, #541, .T. ) ;
#3439 = DIRECTION ( 'NONE',  ( -1.000000000000000000, 0.000000000000000000, -1.040834085586085834E-14 ) ) ;
#3440 = CYLINDRICAL_SURFACE ( 'NONE', #2942, 4.500000000000003553 ) ;
#3441 = FACE_BOUND ( 'NONE', #4358, .T. ) ;
#3442 = ORIENTED_EDGE ( 'NONE', *, *, #24, .T. ) ;
#3443 = CARTESIAN_POINT ( 'NONE',  ( -29.13208362042030686, -94.19861422711910848, 18.98733858210787062 ) ) ;
#3444 = CARTESIAN_POINT ( 'NONE',  ( -66.08971250314262136, -37.40775815383649672, -46.32759809741162371 ) ) ;
#3445 = AXIS2_PLACEMENT_3D ( 'NONE', #3477, #1692, #4341 ) ;
#3446 = AXIS2_PLACEMENT_3D ( 'NONE', #1097, #668, #3408 ) ;
#3447 = CARTESIAN_POINT ( 'NONE',  ( 41.77446034002274189, -85.93003839333572103, -2.500000000000000000 ) ) ;
#3448 = CARTESIAN_POINT ( 'NONE',  ( -62.07976907950387613, -43.39183730627102165, 49.39244704220104154 ) ) ;
#3449 = EDGE_LOOP ( 'NONE', ( #1697, #2093, #252, #2956, #842, #4378 ) ) ;
#3450 = CARTESIAN_POINT ( 'NONE',  ( 34.17801065520828274, -81.92671092649680986, -24.02235649072893153 ) ) ;
#3451 = ORIENTED_EDGE ( 'NONE', *, *, #623, .T. ) ;
#3452 = DIRECTION ( 'NONE',  ( 0.000000000000000000, 0.000000000000000000, -1.000000000000000000 ) ) ;
#3453 = CARTESIAN_POINT ( 'NONE',  ( -102.5000000000000000, -4.299999999999999822, 50.50000000000000000 ) ) ;
#3454 = AXIS2_PLACEMENT_3D ( 'NONE', #4823, #5260, #3857 ) ;
#3455 = ADVANCED_FACE ( 'NONE', ( #4086 ), #147, .F. ) ;
#3456 = EDGE_CURVE ( 'NONE', #4291, #166, #3188, .T. ) ;
#3457 = CARTESIAN_POINT ( 'NONE',  ( 61.13807158965401101, -34.02396826389000495, 57.84882130749333129 ) ) ;
#3458 = VERTEX_POINT ( 'NONE', #3997 ) ;
#3459 = AXIS2_PLACEMENT_3D ( 'NONE', #440, #5605, #5700 ) ;
#3460 = CYLINDRICAL_SURFACE ( 'NONE', #1998, 9.999999999999998224 ) ;
#3461 = DIRECTION ( 'NONE',  ( 1.000000000000000000, 0.000000000000000000, 3.700743415417184787E-15 ) ) ;
#3462 = CARTESIAN_POINT ( 'NONE',  ( 111.7500000000000000, -91.11488569816502547, -19.80798429566818442 ) ) ;
#3463 = CYLINDRICAL_SURFACE ( 'NONE', #3718, 2.500000000000002220 ) ;
#3464 = ORIENTED_EDGE ( 'NONE', *, *, #5184, .F. ) ;
#3465 = ORIENTED_EDGE ( 'NONE', *, *, #3291, .F. ) ;
#3466 = ADVANCED_FACE ( 'NONE', ( #4034 ), #1814, .T. ) ;
#3467 = CYLINDRICAL_SURFACE ( 'NONE', #4292, 2.999999999999999112 ) ;
#3468 = CYLINDRICAL_SURFACE ( 'NONE', #3744, 3.500000000000000000 ) ;
#3469 = VECTOR ( 'NONE', #1328, 1000.000000000000000 ) ;
#3470 = ORIENTED_EDGE ( 'NONE', *, *, #5694, .F. ) ;
#3471 = CIRCLE ( 'NONE', #977, 3.500000000000000000 ) ;
#3472 = CARTESIAN_POINT ( 'NONE',  ( 111.7500000000000000, -6.799999999999972289, -99.75000000000000000 ) ) ;
#3473 = LINE ( 'NONE', #5621, #5526 ) ;
#3474 = LINE ( 'NONE', #5251, #3945 ) ;
#3475 = EDGE_LOOP ( 'NONE', ( #858, #4266, #3259, #2524 ) ) ;
#3476 = CIRCLE ( 'NONE', #4028, 4.500000000000003553 ) ;
#3477 = CARTESIAN_POINT ( 'NONE',  ( -2.500000000000000000, -168.4829653570998858, 197.7129596333149664 ) ) ;
#3478 = VECTOR ( 'NONE', #4234, 1000.000000000000000 ) ;
#3479 = CARTESIAN_POINT ( 'NONE',  ( 38.73569276422826135, -96.08309711712027479, 18.62429610177890282 ) ) ;
#3480 = CIRCLE ( 'NONE', #985, 10.00000000000000178 ) ;
#3481 = EDGE_CURVE ( 'NONE', #2761, #4419, #1404, .T. ) ;
#3482 = CONICAL_SURFACE ( 'NONE', #362, 11.99999999999999645, 0.05235987755983000091 ) ;
#3483 = DIRECTION ( 'NONE',  ( 1.496868186513279503E-15, 0.000000000000000000, -1.000000000000000000 ) ) ;
#3484 = EDGE_LOOP ( 'NONE', ( #558, #1480, #5607, #3723 ) ) ;
#3485 = PLANE ( 'NONE',  #2192 ) ;
#3486 = VERTEX_POINT ( 'NONE', #3159 ) ;
#3487 = CARTESIAN_POINT ( 'NONE',  ( 35.94324274506098504, -152.0000000000000000, -13.08227048220685695 ) ) ;
#3488 = DIRECTION ( 'NONE',  ( 0.000000000000000000, 0.000000000000000000, -1.000000000000000000 ) ) ;
#3489 = AXIS2_PLACEMENT_3D ( 'NONE', #830, #2096, #5220 ) ;
#3490 = VECTOR ( 'NONE', #3805, 1000.000000000000000 ) ;
#3491 = DIRECTION ( 'NONE',  ( 1.000000000000000000, 0.000000000000000000, 5.551115123125777969E-15 ) ) ;
#3492 = ORIENTED_EDGE ( 'NONE', *, *, #4499, .T. ) ;
#3493 = DIRECTION ( 'NONE',  ( 0.000000000000000000, 1.000000000000000000, 0.000000000000000000 ) ) ;
#3494 = CARTESIAN_POINT ( 'NONE',  ( 39.36171888601253954, -93.93626417769506531, -18.72398897376982063 ) ) ;
#3495 = ORIENTED_EDGE ( 'NONE', *, *, #4734, .F. ) ;
#3496 = CARTESIAN_POINT ( 'NONE',  ( -41.94879671060915172, -85.52131724345944974, -12.72427959444808820 ) ) ;
#3497 = ORIENTED_EDGE ( 'NONE', *, *, #3725, .F. ) ;
#3498 = ORIENTED_EDGE ( 'NONE', *, *, #2576, .T. ) ;
#3499 = CARTESIAN_POINT ( 'NONE',  ( 3.499999999999827249, -161.0000000000000000, 49.50000000000001421 ) ) ;
#3500 = CARTESIAN_POINT ( 'NONE',  ( -72.86803346952487459, -20.10054695919351886, -72.65774687893114958 ) ) ;
#3501 = VERTEX_POINT ( 'NONE', #2769 ) ;
#3502 = ADVANCED_FACE ( 'NONE', ( #469 ), #5425, .F. ) ;
#3503 = VERTEX_POINT ( 'NONE', #1465 ) ;
#3504 = DIRECTION ( 'NONE',  ( 1.000000000000000000, 0.000000000000000000, 1.110223024625155594E-14 ) ) ;
#3505 = ADVANCED_FACE ( 'NONE', ( #98 ), #1340, .T. ) ;
#3506 = CARTESIAN_POINT ( 'NONE',  ( 102.4999999999996447, -6.799999999999998046, 50.50000000000071765 ) ) ;
#3507 = FACE_BOUND ( 'NONE', #2987, .T. ) ;
#3508 = EDGE_LOOP ( 'NONE', ( #2897, #3412, #1053, #4069 ) ) ;
#3509 = EDGE_CURVE ( 'NONE', #2632, #667, #1527, .T. ) ;
#3510 = CARTESIAN_POINT ( 'NONE',  ( -1.442154550176679706, -81.18685030161816485, 24.46336245458168790 ) ) ;
#3511 = ADVANCED_FACE ( 'NONE', ( #4495 ), #550, .T. ) ;
#3512 = CARTESIAN_POINT ( 'NONE',  ( -50.49999999999964473, -4.299999999999999822, -102.5000000000001705 ) ) ;
#3513 = FACE_OUTER_BOUND ( 'NONE', #1844, .T. ) ;
#3514 = EDGE_LOOP ( 'NONE', ( #5212, #4821 ) ) ;
#3515 = ADVANCED_FACE ( 'NONE', ( #1025, #1001, #1492, #5454, #185, #1930, #5017, #3685, #3250 ), #4549, .F. ) ;
#3516 = CARTESIAN_POINT ( 'NONE',  ( -99.75000000000000000, 0.000000000000000000, 99.75000000000000000 ) ) ;
#3517 = SURFACE_STYLE_USAGE ( .BOTH. , #1759 ) ;
#3518 = CARTESIAN_POINT ( 'NONE',  ( 67.57285206799159027, -26.04318549590334442, 65.92882766079942769 ) ) ;
#3519 = VERTEX_POINT ( 'NONE', #4117 ) ;
#3520 = FACE_OUTER_BOUND ( 'NONE', #1348, .T. ) ;
#3521 = DIRECTION ( 'NONE',  ( 1.000000000000000000, 0.000000000000000000, 3.700743415417184787E-15 ) ) ;
#3522 = CARTESIAN_POINT ( 'NONE',  ( 22.00000000000001776, -152.0000000000000000, -2.500000000000002220 ) ) ;
#3523 = CARTESIAN_POINT ( 'NONE',  ( -72.22412014485229292, -28.93196415231594543, -54.81012878077884665 ) ) ;
#3524 = VERTEX_POINT ( 'NONE', #15 ) ;
#3525 = DIRECTION ( 'NONE',  ( 0.000000000000000000, -1.000000000000000000, 0.000000000000000000 ) ) ;
#3526 = EDGE_LOOP ( 'NONE', ( #4892, #5535, #2686, #4695 ) ) ;
#3527 = DIRECTION ( 'NONE',  ( 1.000000000000000000, 0.000000000000000000, 9.251858538542964333E-15 ) ) ;
#3528 = EDGE_LOOP ( 'NONE', ( #1502, #1584, #500, #1362 ) ) ;
#3529 = EDGE_CURVE ( 'NONE', #2731, #2597, #4754, .T. ) ;
#3530 = FACE_BOUND ( 'NONE', #426, .T. ) ;
#3531 = DIRECTION ( 'NONE',  ( 7.401486830834369573E-15, 0.000000000000000000, -1.000000000000000000 ) ) ;
#3532 = CARTESIAN_POINT ( 'NONE',  ( -50.49999999999964473, -6.799999999999998046, -102.5000000000001705 ) ) ;
#3533 = ORIENTED_EDGE ( 'NONE', *, *, #3153, .T. ) ;
#3534 = DIRECTION ( 'NONE',  ( 0.000000000000000000, 1.000000000000000000, 0.000000000000000000 ) ) ;
#3535 = DIRECTION ( 'NONE',  ( -0.2867288749506295420, 0.9580117704232794518, 0.000000000000000000 ) ) ;
#3536 = CARTESIAN_POINT ( 'NONE',  ( 42.31401720810023903, -84.35223583560548377, -22.81565891056207818 ) ) ;
#3537 = ORIENTED_EDGE ( 'NONE', *, *, #1912, .F. ) ;
#3538 = CARTESIAN_POINT ( 'NONE',  ( 38.46170396450386875, -96.99854204805259883, -18.73250812890281125 ) ) ;
#3539 = DIRECTION ( 'NONE',  ( 0.000000000000000000, -0.08353389573318997785, -0.9965049363970239771 ) ) ;
#3540 = APPLICATION_CONTEXT ( 'automotive_design' ) ;
#3541 = DIRECTION ( 'NONE',  ( 0.000000000000000000, 1.000000000000000000, 0.000000000000000000 ) ) ;
#3542 = VERTEX_POINT ( 'NONE', #1763 ) ;
#3543 = DIRECTION ( 'NONE',  ( 0.000000000000000000, 0.000000000000000000, -1.000000000000000000 ) ) ;
#3544 = CYLINDRICAL_SURFACE ( 'NONE', #1828, 3.750000000000003553 ) ;
#3545 = CIRCLE ( 'NONE', #1886, 11.99999999999999645 ) ;
#3546 = ORIENTED_EDGE ( 'NONE', *, *, #571, .F. ) ;
#3547 = CARTESIAN_POINT ( 'NONE',  ( -39.64957412582953111, -93.02965821487541120, -9.598177407316791587 ) ) ;
#3548 = ORIENTED_EDGE ( 'NONE', *, *, #2787, .T. ) ;
#3549 = CARTESIAN_POINT ( 'NONE',  ( 102.4999999999996447, -6.799999999999998046, 50.50000000000071765 ) ) ;
#3550 = ORIENTED_EDGE ( 'NONE', *, *, #2530, .T. ) ;
#3551 = DIRECTION ( 'NONE',  ( -6.938893903907230744E-15, 0.000000000000000000, 1.000000000000000000 ) ) ;
#3552 = ORIENTED_EDGE ( 'NONE', *, *, #5370, .T. ) ;
#3553 = AXIS2_PLACEMENT_3D ( 'NONE', #5394, #3971, #4963 ) ;
#3554 = AXIS2_PLACEMENT_3D ( 'NONE', #1876, #3666, #4559 ) ;
#3555 = CARTESIAN_POINT ( 'NONE',  ( 111.7500000000000000, -152.0000000000000000, 18.37676056338025887 ) ) ;
#3556 = CARTESIAN_POINT ( 'NONE',  ( -2.500000000000000000, -151.9999999999999716, -30.85000000000002274 ) ) ;
#3557 = CARTESIAN_POINT ( 'NONE',  ( -68.24161336374471887, -25.26426350329225556, 66.77383646172107490 ) ) ;
#3558 = EDGE_CURVE ( 'NONE', #3146, #2412, #771, .T. ) ;
#3559 = DIRECTION ( 'NONE',  ( 0.000000000000000000, -1.000000000000000000, 0.000000000000000000 ) ) ;
#3560 = ORIENTED_EDGE ( 'NONE', *, *, #4707, .F. ) ;
#3561 = EDGE_CURVE ( 'NONE', #3013, #1643, #1524, .T. ) ;
#3562 = DIRECTION ( 'NONE',  ( 1.000000000000000000, 1.474128571797522189E-16, 0.000000000000000000 ) ) ;
#3563 = AXIS2_PLACEMENT_3D ( 'NONE', #2879, #3766, #3790 ) ;
#3564 = CARTESIAN_POINT ( 'NONE',  ( 39.65845070422535912, -94.99730313167312090, -18.97890172748233795 ) ) ;
#3565 = CIRCLE ( 'NONE', #4676, 3.750000000000003553 ) ;
#3566 = DIRECTION ( 'NONE',  ( 1.000000000000000000, 0.000000000000000000, 0.000000000000000000 ) ) ;
#3567 = ORIENTED_EDGE ( 'NONE', *, *, #5086, .T. ) ;
#3568 = CARTESIAN_POINT ( 'NONE',  ( 40.53612236886954179, -90.08429612207214632, -10.63762474218123621 ) ) ;
#3569 = DIRECTION ( 'NONE',  ( -0.000000000000000000, 1.000000000000000000, -0.000000000000000000 ) ) ;
#3570 = CIRCLE ( 'NONE', #2837, 2.500000000000002220 ) ;
#3571 = VECTOR ( 'NONE', #2986, 1000.000000000000000 ) ;
#3572 = CARTESIAN_POINT ( 'NONE',  ( 75.55747261235988788, -17.26351306668716390, -76.10497105718235389 ) ) ;
#3573 = ORIENTED_EDGE ( 'NONE', *, *, #707, .T. ) ;
#3574 = CARTESIAN_POINT ( 'NONE',  ( 48.00000000000036238, -6.799999999999998046, -102.4999999999998295 ) ) ;
#3575 = TOROIDAL_SURFACE ( 'NONE', #2460, 60.10000000000000853, 1.000000000000000000 ) ;
#3576 = CARTESIAN_POINT ( 'NONE',  ( 39.18627661327736433, -94.57761696269690788, 9.203558221061792111 ) ) ;
#3577 = DIRECTION ( 'NONE',  ( 0.000000000000000000, 0.000000000000000000, 1.000000000000000000 ) ) ;
#3578 = FACE_OUTER_BOUND ( 'NONE', #4439, .T. ) ;
#3579 = ADVANCED_FACE ( 'NONE', ( #3432 ), #2531, .T. ) ;
#3580 = EDGE_LOOP ( 'NONE', ( #5297, #4493 ) ) ;
#3581 = EDGE_CURVE ( 'NONE', #5112, #3307, #4188, .T. ) ;
#3582 = CARTESIAN_POINT ( 'NONE',  ( 109.0212156840881192, 0.000000000000000000, -99.75000000000011369 ) ) ;
#3583 = ORIENTED_EDGE ( 'NONE', *, *, #2584, .T. ) ;
#3584 = LINE ( 'NONE', #2364, #982 ) ;
#3585 = ORIENTED_EDGE ( 'NONE', *, *, #669, .T. ) ;
#3586 = DIRECTION ( 'NONE',  ( 0.000000000000000000, 0.000000000000000000, -1.000000000000000000 ) ) ;
#3587 = FACE_OUTER_BOUND ( 'NONE', #1728, .T. ) ;
#3588 = CARTESIAN_POINT ( 'NONE',  ( -61.36996329731056221, -44.51247861113501614, 39.82700123997601338 ) ) ;
#3589 = CARTESIAN_POINT ( 'NONE',  ( -40.00000000000000000, -91.85882352941172257, -8.673617379884035472E-16 ) ) ;
#3590 = ORIENTED_EDGE ( 'NONE', *, *, #5588, .T. ) ;
#3591 = CARTESIAN_POINT ( 'NONE',  ( -0.6007324329300515187, -80.54344614712482553, 24.78914789278318409 ) ) ;
#3592 = CARTESIAN_POINT ( 'NONE',  ( 1.464466094067262469, -152.0000000000000000, -30.84999999999999076 ) ) ;
#3593 = DIRECTION ( 'NONE',  ( -1.000000000000000000, 0.000000000000000000, 6.993308080469439450E-18 ) ) ;
#3594 = ORIENTED_EDGE ( 'NONE', *, *, #5092, .T. ) ;
#3595 = CARTESIAN_POINT ( 'NONE',  ( 60.64968566072271727, -45.67788673920352949, -38.83652446017389792 ) ) ;
#3596 = CARTESIAN_POINT ( 'NONE',  ( 99.75000000000000000, -2.500000000000000888, -109.0212156840881192 ) ) ;
#3597 = EDGE_CURVE ( 'NONE', #5364, #4855, #1736, .T. ) ;
#3598 = CARTESIAN_POINT ( 'NONE',  ( -49.50000000000000000, 0.001000000000084266816, -3.456568527498288751E-13 ) ) ;
#3599 = ADVANCED_FACE ( 'NONE', ( #4826 ), #2594, .F. ) ;
#3600 = CARTESIAN_POINT ( 'NONE',  ( 30.67881682592703996, -91.60688061468746923, -19.59402343357843179 ) ) ;
#3601 = VERTEX_POINT ( 'NONE', #4767 ) ;
#3602 = CARTESIAN_POINT ( 'NONE',  ( 30.98345492017523028, -87.12684035492091539, 10.63762474218121667 ) ) ;
#3603 = CYLINDRICAL_SURFACE ( 'NONE', #4779, 3.500000000000000000 ) ;
#3604 = DIRECTION ( 'NONE',  ( 0.000000000000000000, -1.000000000000000000, 0.000000000000000000 ) ) ;
#3605 = EDGE_LOOP ( 'NONE', ( #5580, #124, #4673, #306 ) ) ;
#3606 = EDGE_CURVE ( 'NONE', #2333, #3458, #3686, .T. ) ;
#3607 = ORIENTED_EDGE ( 'NONE', *, *, #4130, .F. ) ;
#3608 = DIRECTION ( 'NONE',  ( 0.2867288749506295420, 0.9580117704232794518, 0.000000000000000000 ) ) ;
#3609 = CARTESIAN_POINT ( 'NONE',  ( 2.500000000000002220, -152.0000000000000000, 18.37676056338025887 ) ) ;
#3610 = EDGE_LOOP ( 'NONE', ( #2535, #923 ) ) ;
#3611 = VERTEX_POINT ( 'NONE', #1324 ) ;
#3612 = CARTESIAN_POINT ( 'NONE',  ( -91.75432801719517784, -6.799999999999996270, -86.76546798731861543 ) ) ;
#3613 = FACE_OUTER_BOUND ( 'NONE', #3610, .T. ) ;
#3614 = CARTESIAN_POINT ( 'NONE',  ( -40.00000000000000000, -80.01162596762468127, -8.673617379884035472E-16 ) ) ;
#3615 = PLANE ( 'NONE',  #3757 ) ;
#3616 = ORIENTED_EDGE ( 'NONE', *, *, #1534, .F. ) ;
#3617 = FACE_OUTER_BOUND ( 'NONE', #909, .T. ) ;
#3618 = CARTESIAN_POINT ( 'NONE',  ( -30.67881682592809156, -91.60688061468573551, 19.59402343357916365 ) ) ;
#3619 = CARTESIAN_POINT ( 'NONE',  ( 91.63313166167320389, -7.344339526368169224, -89.65503747810571156 ) ) ;
#3620 = VERTEX_POINT ( 'NONE', #891 ) ;
#3621 = CARTESIAN_POINT ( 'NONE',  ( 72.22412014485227871, -28.93196415231589569, -54.81012878077886796 ) ) ;
#3622 = CARTESIAN_POINT ( 'NONE',  ( 0.000000000000000000, -182.4667798020291798, 30.89516666768510333 ) ) ;
#3623 = VERTEX_POINT ( 'NONE', #3032 ) ;
#3624 = DIRECTION ( 'NONE',  ( 0.000000000000000000, -1.000000000000000000, 0.000000000000000000 ) ) ;
#3625 = DIRECTION ( 'NONE',  ( 0.000000000000000000, 0.000000000000000000, -1.000000000000000000 ) ) ;
#3626 = VERTEX_POINT ( 'NONE', #4802 ) ;
#3627 = FACE_OUTER_BOUND ( 'NONE', #4715, .T. ) ;
#3628 = DIRECTION ( 'NONE',  ( 0.000000000000000000, 0.000000000000000000, 1.000000000000000000 ) ) ;
#3629 = ADVANCED_FACE ( 'NONE', ( #4354 ), #1990, .T. ) ;
#3630 = CARTESIAN_POINT ( 'NONE',  ( -30.06945642159672971, -92.63265025338913006, -19.28826062823595677 ) ) ;
#3631 = ADVANCED_FACE ( 'NONE', ( #5229 ), #3090, .T. ) ;
#3632 = EDGE_CURVE ( 'NONE', #3519, #5268, #5501, .T. ) ;
#3633 = AXIS2_PLACEMENT_3D ( 'NONE', #2293, #1339, #3095 ) ;
#3634 = EDGE_CURVE ( 'NONE', #2602, #4745, #434, .T. ) ;
#3635 = CARTESIAN_POINT ( 'NONE',  ( 46.75000000000036238, -4.299999999999999822, -102.4999999999998295 ) ) ;
#3636 = CYLINDRICAL_SURFACE ( 'NONE', #2455, 9.999999999999996447 ) ;
#3637 = ORIENTED_EDGE ( 'NONE', *, *, #368, .T. ) ;
#3638 = EDGE_CURVE ( 'NONE', #3069, #467, #4017, .T. ) ;
#3639 = DIRECTION ( 'NONE',  ( -6.167905692361976222E-15, 0.000000000000000000, 1.000000000000000000 ) ) ;
#3640 = DIRECTION ( 'NONE',  ( 0.000000000000000000, -1.000000000000000000, -0.000000000000000000 ) ) ;
#3641 = LINE ( 'NONE', #3614, #896 ) ;
#3642 = CARTESIAN_POINT ( 'NONE',  ( -0.1256801003850082921, -80.42391024741303340, -24.85000000000001208 ) ) ;
#3643 = VERTEX_POINT ( 'NONE', #2299 ) ;
#3644 = VECTOR ( 'NONE', #712, 1000.000000000000114 ) ;
#3645 = CARTESIAN_POINT ( 'NONE',  ( -99.75000000000000000, -6.799999999999998046, -111.7500000000000000 ) ) ;
#3646 = CARTESIAN_POINT ( 'NONE',  ( 66.17546748983568250, -37.19652000490052757, -54.83352464927762071 ) ) ;
#3647 = ORIENTED_EDGE ( 'NONE', *, *, #3405, .F. ) ;
#3648 = DIRECTION ( 'NONE',  ( -0.000000000000000000, -1.000000000000000000, -0.000000000000000000 ) ) ;
#3649 = AXIS2_PLACEMENT_3D ( 'NONE', #142, #2700, #935 ) ;
#3650 = DIRECTION ( 'NONE',  ( 0.000000000000000000, -0.9965049363970237550, 0.08353389573319150441 ) ) ;
#3651 = ADVANCED_FACE ( 'NONE', ( #5396, #3161 ), #150, .T. ) ;
#3652 = VECTOR ( 'NONE', #4736, 1000.000000000000000 ) ;
#3653 = VECTOR ( 'NONE', #4936, 1000.000000000000000 ) ;
#3654 = CIRCLE ( 'NONE', #3016, 11.76778952097455644 ) ;
#3655 = DIRECTION ( 'NONE',  ( 7.401486830834369573E-15, 0.000000000000000000, -1.000000000000000000 ) ) ;
#3656 = CARTESIAN_POINT ( 'NONE',  ( 56.15361380259411561, -40.82413569608429071, -51.62887868712110873 ) ) ;
#3657 = VERTEX_POINT ( 'NONE', #5019 ) ;
#3658 = DIRECTION ( 'NONE',  ( 0.000000000000000000, 0.000000000000000000, 1.000000000000000000 ) ) ;
#3659 = ORIENTED_EDGE ( 'NONE', *, *, #4025, .T. ) ;
#3660 = DIRECTION ( 'NONE',  ( -0.000000000000000000, 1.000000000000000000, -0.000000000000000000 ) ) ;
#3661 = CARTESIAN_POINT ( 'NONE',  ( 52.99999999999892708, -4.299999999999999822, 102.5000000000005542 ) ) ;
#3662 = VECTOR ( 'NONE', #4567, 1000.000000000000000 ) ;
#3663 = AXIS2_PLACEMENT_3D ( 'NONE', #5583, #2899, #5156 ) ;
#3664 = EDGE_LOOP ( 'NONE', ( #4910, #5634, #614, #3637, #4935, #2792, #743, #5584 ) ) ;
#3665 = AXIS2_PLACEMENT_3D ( 'NONE', #3318, #717, #3286 ) ;
#3666 = DIRECTION ( 'NONE',  ( 0.000000000000000000, -1.000000000000000000, 0.000000000000000000 ) ) ;
#3667 = AXIS2_PLACEMENT_3D ( 'NONE', #1295, #1809, #3566 ) ;
#3668 = LINE ( 'NONE', #4595, #3388 ) ;
#3669 = ADVANCED_FACE ( 'NONE', ( #4991 ), #5479, .F. ) ;
#3670 = VERTEX_POINT ( 'NONE', #1493 ) ;
#3671 = AXIS2_PLACEMENT_3D ( 'NONE', #3487, #800, #3452 ) ;
#3672 = AXIS2_PLACEMENT_3D ( 'NONE', #175, #5470, #4517 ) ;
#3673 = CARTESIAN_POINT ( 'NONE',  ( 102.5000000000003126, -4.000000000000000000, -46.74999999999928235 ) ) ;
#3674 = CARTESIAN_POINT ( 'NONE',  ( 109.0212156840881192, -2.499999999999999556, -99.75000000000008527 ) ) ;
#3675 = CARTESIAN_POINT ( 'NONE',  ( -88.96181427926485696, -9.901820378977435055, 85.83950241167346462 ) ) ;
#3676 = EDGE_CURVE ( 'NONE', #4291, #2285, #212, .T. ) ;
#3677 = CARTESIAN_POINT ( 'NONE',  ( -1.823854247515999782, -81.75780413997479457, -24.17681723134266036 ) ) ;
#3678 = ORIENTED_EDGE ( 'NONE', *, *, #320, .F. ) ;
#3679 = EDGE_CURVE ( 'NONE', #1250, #5364, #2168, .T. ) ;
#3680 = CARTESIAN_POINT ( 'NONE',  ( 22.00000000000001776, -152.0000000000000000, 111.7500000000000000 ) ) ;
#3681 = CARTESIAN_POINT ( 'NONE',  ( 62.65511876699521565, -42.49198050152715211, -50.15610172315559367 ) ) ;
#3682 = ORIENTED_EDGE ( 'NONE', *, *, #933, .T. ) ;
#3683 = CARTESIAN_POINT ( 'NONE',  ( -2.500000000000000000, -151.9999999999999716, -28.34123169520965035 ) ) ;
#3684 = DIRECTION ( 'NONE',  ( 0.000000000000000000, -0.9965049363970236440, -0.08353389573319149053 ) ) ;
#3685 = FACE_BOUND ( 'NONE', #4038, .T. ) ;
#3686 =( BOUNDED_CURVE ( )  B_SPLINE_CURVE ( 3, ( #1705, #414, #1211, #3949 ),
 .UNSPECIFIED., .F., .T. ) 
 B_SPLINE_CURVE_WITH_KNOTS ( ( 4, 4 ),
 ( 1.570796326794898112, 2.605732266627056148 ),
 .UNSPECIFIED. ) 
 CURVE ( )  GEOMETRIC_REPRESENTATION_ITEM ( )  RATIONAL_B_SPLINE_CURVE ( ( 1.000000000000000000, 0.9127163412806851284, 0.9127163412806851284, 1.000000000000000000 ) ) 
 REPRESENTATION_ITEM ( '' )  );
#3687 = EDGE_CURVE ( 'NONE', #441, #4867, #969, .T. ) ;
#3688 = CARTESIAN_POINT ( 'NONE',  ( 50.49999999999892708, -6.799999999999998046, 102.5000000000005258 ) ) ;
#3689 = EDGE_CURVE ( 'NONE', #4546, #4148, #2999, .T. ) ;
#3690 = CARTESIAN_POINT ( 'NONE',  ( 79.57238169529746585, -19.97848981986663475, 65.08929051432113511 ) ) ;
#3691 = CARTESIAN_POINT ( 'NONE',  ( -40.24644256073622728, -91.01997025942849007, 10.20974001386406371 ) ) ;
#3692 = ORIENTED_EDGE ( 'NONE', *, *, #2713, .T. ) ;
#3693 = PLANE ( 'NONE',  #3665 ) ;
#3694 = CARTESIAN_POINT ( 'NONE',  ( 102.5000000000003411, -6.799999999999998046, -50.49999999999928946 ) ) ;
#3695 = DIRECTION ( 'NONE',  ( -0.2867141939519904370, -0.9579627186160625252, -0.01011932449242340312 ) ) ;
#3696 = ORIENTED_EDGE ( 'NONE', *, *, #2229, .F. ) ;
#3697 = CARTESIAN_POINT ( 'NONE',  ( -2.500000000000000000, -84.76722369266676083, -22.70531809279860269 ) ) ;
#3698 = CARTESIAN_POINT ( 'NONE',  ( -111.7500000000000000, -6.799999999999999822, -99.75000000000001421 ) ) ;
#3699 = CARTESIAN_POINT ( 'NONE',  ( -92.25000000000000000, -6.800000000000000711, 83.35607285682024781 ) ) ;
#3700 = CARTESIAN_POINT ( 'NONE',  ( 22.00000000000001776, -151.9999999999999716, -14.25059709628109061 ) ) ;
#3701 = ORIENTED_EDGE ( 'NONE', *, *, #1469, .F. ) ;
#3702 = EDGE_CURVE ( 'NONE', #4288, #5498, #2541, .T. ) ;
#3703 = CARTESIAN_POINT ( 'NONE',  ( -30.37382406979067184, -92.11262208443037025, 19.42083075851456897 ) ) ;
#3704 = CARTESIAN_POINT ( 'NONE',  ( 66.69096242849309419, -36.54004453631551996, -47.15687900875035865 ) ) ;
#3705 = ORIENTED_EDGE ( 'NONE', *, *, #3558, .T. ) ;
#3706 = CARTESIAN_POINT ( 'NONE',  ( 89.68087282548228245, -9.240339850844994984, -79.56526287328169644 ) ) ;
#3707 = FACE_OUTER_BOUND ( 'NONE', #4243, .T. ) ;
#3708 = LINE ( 'NONE', #1139, #2449 ) ;
#3709 = DIRECTION ( 'NONE',  ( -0.000000000000000000, 0.01056279097359804145, 0.9999442121672829087 ) ) ;
#3710 = VERTEX_POINT ( 'NONE', #4933 ) ;
#3711 = CARTESIAN_POINT ( 'NONE',  ( -30.06945642159672971, -90.16236946536911034, 9.598177407316768495 ) ) ;
#3712 = DIRECTION ( 'NONE',  ( 0.000000000000000000, 1.000000000000000000, 0.000000000000000000 ) ) ;
#3713 = CARTESIAN_POINT ( 'NONE',  ( -53.00000000000108002, -4.299999999999999822, 102.4999999999994458 ) ) ;
#3714 = CARTESIAN_POINT ( 'NONE',  ( -21.99999999999998224, -152.0000000000000000, 2.499999999999988454 ) ) ;
#3715 = AXIS2_PLACEMENT_3D ( 'NONE', #5452, #1464, #2817 ) ;
#3716 = ORIENTED_EDGE ( 'NONE', *, *, #4248, .T. ) ;
#3717 = CYLINDRICAL_SURFACE ( 'NONE', #1136, 2.999999999999999112 ) ;
#3718 = AXIS2_PLACEMENT_3D ( 'NONE', #5400, #5433, #1936 ) ;
#3719 = SPHERICAL_SURFACE ( 'NONE', #4211, 10.00000000000000000 ) ;
#3720 = LINE ( 'NONE', #2869, #4207 ) ;
#3721 = CARTESIAN_POINT ( 'NONE',  ( -91.88389868423709572, -6.799999999999995381, 86.34393463310958339 ) ) ;
#3722 = DIRECTION ( 'NONE',  ( -0.000000000000000000, -1.000000000000000000, -0.000000000000000000 ) ) ;
#3723 = ORIENTED_EDGE ( 'NONE', *, *, #519, .F. ) ;
#3724 = ORIENTED_EDGE ( 'NONE', *, *, #4088, .F. ) ;
#3725 = EDGE_CURVE ( 'NONE', #2890, #4291, #2823, .T. ) ;
#3726 = CARTESIAN_POINT ( 'NONE',  ( 88.92276271538092658, -9.985311759308670432, 78.46388965038499919 ) ) ;
#3727 = DIRECTION ( 'NONE',  ( 0.000000000000000000, 1.000000000000000000, 0.000000000000000000 ) ) ;
#3728 = ORIENTED_EDGE ( 'NONE', *, *, #2889, .T. ) ;
#3729 = DIRECTION ( 'NONE',  ( -0.000000000000000000, -0.000000000000000000, -1.000000000000000000 ) ) ;
#3730 = DIRECTION ( 'NONE',  ( 0.000000000000000000, -1.000000000000000000, 0.000000000000000000 ) ) ;
#3731 = AXIS2_PLACEMENT_3D ( 'NONE', #5371, #3252, #966 ) ;
#3732 = DIRECTION ( 'NONE',  ( 0.000000000000000000, 0.9999442121672827977, 0.01056279097359827390 ) ) ;
#3733 = CARTESIAN_POINT ( 'NONE',  ( -99.75000000000000000, 0.000000000000000000, 109.0212156840881192 ) ) ;
#3734 = AXIS2_PLACEMENT_3D ( 'NONE', #3549, #1360, #4300 ) ;
#3735 = VECTOR ( 'NONE', #4876, 1000.000000000000000 ) ;
#3736 = CARTESIAN_POINT ( 'NONE',  ( -30.37374068249462411, -92.11276455631336546, 19.42079443833574004 ) ) ;
#3737 = ORIENTED_EDGE ( 'NONE', *, *, #3132, .F. ) ;
#3738 = EDGE_CURVE ( 'NONE', #5623, #1865, #2770, .T. ) ;
#3739 = DIRECTION ( 'NONE',  ( -0.2785422539661744912, 0.9306588250163930764, 0.2372516895083150446 ) ) ;
#3740 = CARTESIAN_POINT ( 'NONE',  ( -92.25000000000000000, -6.799999999999997158, 111.7500000000000000 ) ) ;
#3741 = AXIS2_PLACEMENT_3D ( 'NONE', #2386, #2435, #5539 ) ;
#3742 = AXIS2_PLACEMENT_3D ( 'NONE', #5315, #942, #3080 ) ;
#3743 = CARTESIAN_POINT ( 'NONE',  ( 49.50000000000000000, 0.001000000000084266816, -3.500000000000000000 ) ) ;
#3744 = AXIS2_PLACEMENT_3D ( 'NONE', #2662, #78, #3039 ) ;
#3745 = AXIS2_PLACEMENT_3D ( 'NONE', #2354, #5022, #1060 ) ;
#3746 = AXIS2_PLACEMENT_3D ( 'NONE', #1365, #2167, #3929 ) ;
#3747 = ORIENTED_EDGE ( 'NONE', *, *, #3558, .F. ) ;
#3748 = DIRECTION ( 'NONE',  ( 1.000000000000000000, 0.000000000000000000, 3.965082230804130614E-15 ) ) ;
#3749 = CIRCLE ( 'NONE', #1831, 2.500000000000002220 ) ;
#3750 = ORIENTED_EDGE ( 'NONE', *, *, #136, .T. ) ;
#3751 = DIRECTION ( 'NONE',  ( 0.000000000000000000, 1.000000000000000000, 0.000000000000000000 ) ) ;
#3752 = CARTESIAN_POINT ( 'NONE',  ( -37.69575138767331879, -73.39971445985723619, 28.54146288914727236 ) ) ;
#3753 = EDGE_CURVE ( 'NONE', #5268, #2226, #2796, .T. ) ;
#3754 = DIRECTION ( 'NONE',  ( 1.000000000000000000, 0.000000000000000000, 3.854941057726235533E-15 ) ) ;
#3755 = ORIENTED_EDGE ( 'NONE', *, *, #5341, .F. ) ;
#3756 = VECTOR ( 'NONE', #4732, 1000.000000000000000 ) ;
#3757 = AXIS2_PLACEMENT_3D ( 'NONE', #140, #1883, #5385 ) ;
#3758 = VERTEX_POINT ( 'NONE', #633 ) ;
#3759 = CARTESIAN_POINT ( 'NONE',  ( 66.08971250313958024, -37.40775815384093050, 46.32759809741642698 ) ) ;
#3760 = LINE ( 'NONE', #5534, #1079 ) ;
#3761 = ORIENTED_EDGE ( 'NONE', *, *, #3279, .F. ) ;
#3762 = LINE ( 'NONE', #3335, #3902 ) ;
#3763 = CARTESIAN_POINT ( 'NONE',  ( -39.66692771826055264, -92.97102478592969987, -9.598177407316791587 ) ) ;
#3764 = EDGE_CURVE ( 'NONE', #5623, #3329, #1405, .T. ) ;
#3765 = CYLINDRICAL_SURFACE ( 'NONE', #4109, 2.500000000000002220 ) ;
#3766 = DIRECTION ( 'NONE',  ( -0.000000000000000000, -1.000000000000000000, -0.000000000000000000 ) ) ;
#3767 = EDGE_LOOP ( 'NONE', ( #4972, #3061, #2028, #2104 ) ) ;
#3768 = DIRECTION ( 'NONE',  ( 0.000000000000000000, 0.000000000000000000, 1.000000000000000000 ) ) ;
#3769 = ORIENTED_EDGE ( 'NONE', *, *, #5401, .T. ) ;
#3770 = FACE_OUTER_BOUND ( 'NONE', #3050, .T. ) ;
#3771 = CARTESIAN_POINT ( 'NONE',  ( 13.08227048220673261, -152.0000000000000000, 35.94324274506103478 ) ) ;
#3772 = ADVANCED_FACE ( 'NONE', ( #2271 ), #4036, .F. ) ;
#3773 = CARTESIAN_POINT ( 'NONE',  ( -54.25000000000108002, -4.299999999999999822, 102.4999999999994316 ) ) ;
#3774 = ORIENTED_EDGE ( 'NONE', *, *, #2482, .F. ) ;
#3775 = FACE_OUTER_BOUND ( 'NONE', #4569, .T. ) ;
#3776 = EDGE_CURVE ( 'NONE', #4387, #3856, #1069, .T. ) ;
#3777 = ORIENTED_EDGE ( 'NONE', *, *, #5554, .F. ) ;
#3778 = DIRECTION ( 'NONE',  ( 0.000000000000000000, 0.000000000000000000, -1.000000000000000000 ) ) ;
#3779 = FACE_OUTER_BOUND ( 'NONE', #2067, .T. ) ;
#3780 = DIRECTION ( 'NONE',  ( -0.000000000000000000, -1.000000000000000000, -0.000000000000000000 ) ) ;
#3781 = ORIENTED_EDGE ( 'NONE', *, *, #4508, .F. ) ;
#3782 = EDGE_LOOP ( 'NONE', ( #4785, #1682 ) ) ;
#3783 = VERTEX_POINT ( 'NONE', #126 ) ;
#3784 = CARTESIAN_POINT ( 'NONE',  ( 32.50589037633339018, -86.43842968751037859, 21.84170156786444750 ) ) ;
#3785 = CARTESIAN_POINT ( 'NONE',  ( -2.500000000000000000, -151.9999999999999716, -18.37676056338029795 ) ) ;
#3786 = EDGE_LOOP ( 'NONE', ( #3089, #1207, #5368, #2034 ) ) ;
#3787 = CARTESIAN_POINT ( 'NONE',  ( -30.06945642159672971, -92.63265025338913006, -19.28826062823595677 ) ) ;
#3788 = CARTESIAN_POINT ( 'NONE',  ( -43.81626247658525841, -60.81617806447748364, -36.25966426998190428 ) ) ;
#3789 = DIRECTION ( 'NONE',  ( 0.000000000000000000, 0.01056279097359827564, -0.9999442121672829087 ) ) ;
#3790 = DIRECTION ( 'NONE',  ( 0.000000000000000000, 0.000000000000000000, -1.000000000000000000 ) ) ;
#3791 = CARTESIAN_POINT ( 'NONE',  ( 9.482270482206732964, 0.001000000000084266816, 35.94324274506102057 ) ) ;
#3792 = ORIENTED_EDGE ( 'NONE', *, *, #1311, .F. ) ;
#3793 = DIRECTION ( 'NONE',  ( -0.000000000000000000, 1.000000000000000000, -0.000000000000000000 ) ) ;
#3794 = CYLINDRICAL_SURFACE ( 'NONE', #5031, 4.500000000000003553 ) ;
#3795 = ORIENTED_EDGE ( 'NONE', *, *, #2617, .T. ) ;
#3796 = CARTESIAN_POINT ( 'NONE',  ( 35.94324274506098504, -152.0000000000000000, -13.08227048220685695 ) ) ;
#3797 = EDGE_CURVE ( 'NONE', #5428, #238, #2442, .T. ) ;
#3798 = ADVANCED_FACE ( 'NONE', ( #3193 ), #4968, .F. ) ;
#3799 = EDGE_CURVE ( 'NONE', #3957, #5023, #4668, .T. ) ;
#3800 = ORIENTED_EDGE ( 'NONE', *, *, #699, .F. ) ;
#3801 = CARTESIAN_POINT ( 'NONE',  ( -39.95700401027258408, -91.97980351856813286, 9.863893503277667563 ) ) ;
#3802 = CARTESIAN_POINT ( 'NONE',  ( 55.00000000000036948, 0.000000000000000000, -102.4999999999998010 ) ) ;
#3803 = CARTESIAN_POINT ( 'NONE',  ( -12.71971839562589679, -148.1309059286128331, 8.417073365950212605 ) ) ;
#3804 = ADVANCED_FACE ( 'NONE', ( #2878 ), #3765, .T. ) ;
#3805 = DIRECTION ( 'NONE',  ( 0.000000000000000000, 1.000000000000000000, 0.000000000000000000 ) ) ;
#3806 = ORIENTED_EDGE ( 'NONE', *, *, #917, .F. ) ;
#3807 = ADVANCED_FACE ( 'NONE', ( #2984, #1553 ), #1170, .T. ) ;
#3808 = CONICAL_SURFACE ( 'NONE', #1330, 11.99999999999999645, 0.05235987755983000091 ) ;
#3809 = EDGE_LOOP ( 'NONE', ( #2756, #2220, #4171, #5549, #3716, #1229 ) ) ;
#3810 = EDGE_LOOP ( 'NONE', ( #5094, #4408 ) ) ;
#3811 = CARTESIAN_POINT ( 'NONE',  ( 42.31418226470739796, -84.35173617685408942, 22.81589140247234582 ) ) ;
#3812 = CARTESIAN_POINT ( 'NONE',  ( 0.000000000000000000, -80.42391024741301919, 24.85000000000001208 ) ) ;
#3813 = ORIENTED_EDGE ( 'NONE', *, *, #4890, .F. ) ;
#3814 = CARTESIAN_POINT ( 'NONE',  ( 0.000000000000000000, -152.2088347393329570, 28.35873765900746335 ) ) ;
#3815 = CARTESIAN_POINT ( 'NONE',  ( -47.00323954530962567, -72.16610031005323833, -19.93959772626729432 ) ) ;
#3816 =( GEOMETRIC_REPRESENTATION_CONTEXT ( 3 ) GLOBAL_UNCERTAINTY_ASSIGNED_CONTEXT ( ( #85 ) ) GLOBAL_UNIT_ASSIGNED_CONTEXT ( ( #3076, #2523, #1648 ) ) REPRESENTATION_CONTEXT ( 'NONE', 'WORKASPACE' ) );
#3817 = FACE_OUTER_BOUND ( 'NONE', #1419, .T. ) ;
#3818 = CARTESIAN_POINT ( 'NONE',  ( -75.96790049657477084, -24.23367392716119539, 60.02439712295291230 ) ) ;
#3819 = DIRECTION ( 'NONE',  ( 1.000000000000000000, 0.000000000000000000, 3.083952846180988111E-15 ) ) ;
#3820 = VERTEX_POINT ( 'NONE', #5130 ) ;
#3821 = DIRECTION ( 'NONE',  ( 0.000000000000000000, 1.000000000000000000, 0.000000000000000000 ) ) ;
#3822 = CARTESIAN_POINT ( 'NONE',  ( -102.5000000000000000, -6.799999999999998046, -50.50000000000000000 ) ) ;
#3823 = ORIENTED_EDGE ( 'NONE', *, *, #2185, .F. ) ;
#3824 = AXIS2_PLACEMENT_3D ( 'NONE', #1931, #577, #1468 ) ;
#3825 = DIRECTION ( 'NONE',  ( 1.334402673828313093E-16, -1.000000000000000000, -0.000000000000000000 ) ) ;
#3826 = CARTESIAN_POINT ( 'NONE',  ( 2.298060508079050379, -83.01215792215192835, -23.55556514784909794 ) ) ;
#3827 = DIRECTION ( 'NONE',  ( 1.334402673828313093E-16, -1.000000000000000000, -0.000000000000000000 ) ) ;
#3828 = ORIENTED_EDGE ( 'NONE', *, *, #2844, .T. ) ;
#3829 = CARTESIAN_POINT ( 'NONE',  ( -40.53612236886951337, -90.08429612207210369, 10.63762474218122200 ) ) ;
#3830 = CIRCLE ( 'NONE', #4576, 11.76778952097455644 ) ;
#3831 = ORIENTED_EDGE ( 'NONE', *, *, #5548, .T. ) ;
#3832 = EDGE_CURVE ( 'NONE', #4846, #3486, #4638, .T. ) ;
#3833 = DIRECTION ( 'NONE',  ( 0.000000000000000000, -1.000000000000000000, 0.000000000000000000 ) ) ;
#3834 = VECTOR ( 'NONE', #4672, 1000.000000000000000 ) ;
#3835 = CIRCLE ( 'NONE', #3746, 2.999999999999999112 ) ;
#3836 = CARTESIAN_POINT ( 'NONE',  ( 7.482591942790329227E-15, 60.25251283491153487, 61.10000000000000853 ) ) ;
#3837 = FACE_OUTER_BOUND ( 'NONE', #3074, .T. ) ;
#3838 = ORIENTED_EDGE ( 'NONE', *, *, #5011, .F. ) ;
#3839 = AXIS2_PLACEMENT_3D ( 'NONE', #3803, #2108, #5575 ) ;
#3840 = EDGE_CURVE ( 'NONE', #3710, #102, #1672, .T. ) ;
#3841 = CARTESIAN_POINT ( 'NONE',  ( 37.78392865205554330, -73.19668988613143767, 28.65397821196545181 ) ) ;
#3842 = CIRCLE ( 'NONE', #5054, 4.500000000000003553 ) ;
#3843 = VECTOR ( 'NONE', #4924, 1000.000000000000000 ) ;
#3844 = CARTESIAN_POINT ( 'NONE',  ( 0.6033880954553105802, -80.54460506501706618, 24.78855857846377120 ) ) ;
#3845 = EDGE_LOOP ( 'NONE', ( #3550, #1278, #4613, #1022 ) ) ;
#3846 = DIRECTION ( 'NONE',  ( 6.167905692361976222E-15, 0.000000000000000000, -1.000000000000000000 ) ) ;
#3847 = CARTESIAN_POINT ( 'NONE',  ( -58.48838872838092584, -37.56803254660240299, -54.53945733653441863 ) ) ;
#3848 = EDGE_CURVE ( 'NONE', #4459, #453, #341, .T. ) ;
#3849 = AXIS2_PLACEMENT_3D ( 'NONE', #905, #1288, #2206 ) ;
#3850 = CARTESIAN_POINT ( 'NONE',  ( -40.53612236886951337, -90.08429612207210369, 10.63762474218122200 ) ) ;
#3851 = CARTESIAN_POINT ( 'NONE',  ( -81.08542141070411446, -18.25984047257301768, 67.22694986719754695 ) ) ;
#3852 = LINE ( 'NONE', #3791, #444 ) ;
#3853 = ORIENTED_EDGE ( 'NONE', *, *, #5223, .T. ) ;
#3854 = CARTESIAN_POINT ( 'NONE',  ( 39.65845070422535912, -94.99730313167312090, -18.97890172748233795 ) ) ;
#3855 = EDGE_CURVE ( 'NONE', #3611, #471, #292, .T. ) ;
#3856 = VERTEX_POINT ( 'NONE', #343 ) ;
#3857 = DIRECTION ( 'NONE',  ( 1.000000000000000000, 0.000000000000000000, 1.110223024625155436E-14 ) ) ;
#3858 = ADVANCED_FACE ( 'NONE', ( #3314 ), #5185, .T. ) ;
#3859 = CARTESIAN_POINT ( 'NONE',  ( 111.7500000000000000, -168.4829653570999426, 197.7129596333149095 ) ) ;
#3860 = CARTESIAN_POINT ( 'NONE',  ( 5.184852791247432369E-13, -161.0000000000000000, -49.50000000000000000 ) ) ;
#3861 = DIRECTION ( 'NONE',  ( -0.2785422539661706609, 0.9306588250163944087, -0.2372516895083141009 ) ) ;
#3862 = VERTEX_POINT ( 'NONE', #5077 ) ;
#3863 = CARTESIAN_POINT ( 'NONE',  ( -54.33937451277628128, -56.70911555373690049, -30.14667107550726399 ) ) ;
#3864 = EDGE_LOOP ( 'NONE', ( #3010, #824 ) ) ;
#3865 = DIRECTION ( 'NONE',  ( -0.000000000000000000, -1.000000000000000000, -0.000000000000000000 ) ) ;
#3866 = DIRECTION ( 'NONE',  ( -0.000000000000000000, -1.000000000000000000, -0.000000000000000000 ) ) ;
#3867 = CARTESIAN_POINT ( 'NONE',  ( 37.50000000000000000, -100.2117647058823025, -2.500000000000000000 ) ) ;
#3868 = VERTEX_POINT ( 'NONE', #2040 ) ;
#3869 = CARTESIAN_POINT ( 'NONE',  ( 39.64957412582636920, -93.02965821488604092, -1.276452536359218293 ) ) ;
#3870 = CARTESIAN_POINT ( 'NONE',  ( 37.50000000000000000, -100.2117647058823025, 2.500000000000000000 ) ) ;
#3871 = ORIENTED_EDGE ( 'NONE', *, *, #4656, .T. ) ;
#3872 = CARTESIAN_POINT ( 'NONE',  ( -40.24711369981636722, -91.01780246083781378, -10.21073135011727828 ) ) ;
#3873 = ORIENTED_EDGE ( 'NONE', *, *, #1637, .F. ) ;
#3874 = CARTESIAN_POINT ( 'NONE',  ( -62.65675426455391062, -42.48943747735068399, -50.15827279742659073 ) ) ;
#3875 = EDGE_CURVE ( 'NONE', #3201, #1224, #2734, .T. ) ;
#3876 = ADVANCED_FACE ( 'NONE', ( #3817 ), #5560, .F. ) ;
#3877 = CARTESIAN_POINT ( 'NONE',  ( -28.65399519163800690, -94.99730313167307827, 18.97890172748231663 ) ) ;
#3878 = CARTESIAN_POINT ( 'NONE',  ( -52.89573447793951999, -59.39378706481706871, 37.19004409232088193 ) ) ;
#3879 = EDGE_LOOP ( 'NONE', ( #3973, #5569 ) ) ;
#3880 = CARTESIAN_POINT ( 'NONE',  ( -99.75000000000000000, -2.369160109392640212, 99.75000000000000000 ) ) ;
#3881 = VERTEX_POINT ( 'NONE', #3395 ) ;
#3882 = CARTESIAN_POINT ( 'NONE',  ( 50.49999999999892708, -4.299999999999999822, 102.5000000000005258 ) ) ;
#3883 = CARTESIAN_POINT ( 'NONE',  ( 89.22972069470269219, -6.799999999999973177, 89.88507226689489471 ) ) ;
#3884 = CARTESIAN_POINT ( 'NONE',  ( 80.99653772037412125, -11.84350355043746283, 83.17080738592463263 ) ) ;
#3885 = FACE_OUTER_BOUND ( 'NONE', #3879, .T. ) ;
#3886 = CARTESIAN_POINT ( 'NONE',  ( 35.94324274506098504, 0.001000000000084266816, -16.68227048220686015 ) ) ;
#3887 = CARTESIAN_POINT ( 'NONE',  ( 25.63262081801230252, 0.001000000000084266816, 25.63262081801238423 ) ) ;
#3888 = DIRECTION ( 'NONE',  ( 0.2867141939519906590, -0.9579627186160625252, -0.01011932449242340486 ) ) ;
#3889 = ORIENTED_EDGE ( 'NONE', *, *, #5442, .F. ) ;
#3890 = ORIENTED_EDGE ( 'NONE', *, *, #5086, .F. ) ;
#3891 = DIRECTION ( 'NONE',  ( 0.000000000000000000, 1.000000000000000000, 0.000000000000000000 ) ) ;
#3892 = CARTESIAN_POINT ( 'NONE',  ( -59.87504795234066535, -35.68524150750745605, -56.27011603915123317 ) ) ;
#3893 = ORIENTED_EDGE ( 'NONE', *, *, #2606, .F. ) ;
#3894 =( BOUNDED_CURVE ( )  B_SPLINE_CURVE ( 3, ( #4602, #2422, #5497, #4246 ),
 .UNSPECIFIED., .F., .T. ) 
 B_SPLINE_CURVE_WITH_KNOTS ( ( 4, 4 ),
 ( 3.677453040552530084, 4.712388980384687898 ),
 .UNSPECIFIED. ) 
 CURVE ( )  GEOMETRIC_REPRESENTATION_ITEM ( )  RATIONAL_B_SPLINE_CURVE ( ( 1.000000000000000000, 0.9127163412806851284, 0.9127163412806851284, 1.000000000000000000 ) ) 
 REPRESENTATION_ITEM ( '' )  );
#3895 = ORIENTED_EDGE ( 'NONE', *, *, #36, .T. ) ;
#3896 = CARTESIAN_POINT ( 'NONE',  ( 102.4999999999996305, -6.799999999999998046, 53.00000000000071765 ) ) ;
#3897 = CARTESIAN_POINT ( 'NONE',  ( 22.00000000000001776, -152.0000000000000000, 8.406490915366966021 ) ) ;
#3898 = FACE_BOUND ( 'NONE', #2581, .T. ) ;
#3899 = ORIENTED_EDGE ( 'NONE', *, *, #5009, .T. ) ;
#3900 = DIRECTION ( 'NONE',  ( 0.2867288749506294865, -0.9580117704232794518, 0.000000000000000000 ) ) ;
#3901 = FACE_OUTER_BOUND ( 'NONE', #1833, .T. ) ;
#3902 = VECTOR ( 'NONE', #4664, 999.9999999999998863 ) ;
#3903 = EDGE_CURVE ( 'NONE', #5074, #2689, #1112, .T. ) ;
#3904 =( BOUNDED_CURVE ( )  B_SPLINE_CURVE ( 3, ( #976, #1040, #1446, #2334 ),
 .UNSPECIFIED., .F., .F. ) 
 B_SPLINE_CURVE_WITH_KNOTS ( ( 4, 4 ),
 ( 3.107795079299671137, 4.675562744292156125 ),
 .UNSPECIFIED. ) 
 CURVE ( )  GEOMETRIC_REPRESENTATION_ITEM ( )  RATIONAL_B_SPLINE_CURVE ( ( 1.000000000000000000, 0.8054511757724617249, 0.8054511757724617249, 1.000000000000000000 ) ) 
 REPRESENTATION_ITEM ( '' )  );
#3905 = AXIS2_PLACEMENT_3D ( 'NONE', #4975, #4071, #1354 ) ;
#3906 = DIRECTION ( 'NONE',  ( 0.000000000000000000, 1.000000000000000000, -0.000000000000000000 ) ) ;
#3907 = ORIENTED_EDGE ( 'NONE', *, *, #4604, .T. ) ;
#3908 = CARTESIAN_POINT ( 'NONE',  ( -30.98345492017519476, -91.11488569816502547, -19.80798429566818442 ) ) ;
#3909 = CARTESIAN_POINT ( 'NONE',  ( 90.73264753370752089, -6.799999999999972289, 88.66368574108551570 ) ) ;
#3910 = AXIS2_PLACEMENT_3D ( 'NONE', #3694, #3258, #2858 ) ;
#3911 = EDGE_CURVE ( 'NONE', #3175, #749, #1852, .T. ) ;
#3912 = CARTESIAN_POINT ( 'NONE',  ( 9.482270482206731188, -161.0000000000000000, 35.94324274506102057 ) ) ;
#3913 = CARTESIAN_POINT ( 'NONE',  ( 102.4999999999996447, -6.799999999999998046, 50.50000000000071765 ) ) ;
#3914 = DIRECTION ( 'NONE',  ( -1.000000000000000000, -1.445602896647339656E-16, 0.000000000000000000 ) ) ;
#3915 = ORIENTED_EDGE ( 'NONE', *, *, #4637, .T. ) ;
#3916 = CARTESIAN_POINT ( 'NONE',  ( -48.59715430910961942, -68.50338154357497444, -22.17368771320905552 ) ) ;
#3917 = ORIENTED_EDGE ( 'NONE', *, *, #51, .F. ) ;
#3918 = ORIENTED_EDGE ( 'NONE', *, *, #211, .F. ) ;
#3919 = CARTESIAN_POINT ( 'NONE',  ( 99.75000000000000000, 0.000000000000000000, -109.0212156840881335 ) ) ;
#3920 = FACE_OUTER_BOUND ( 'NONE', #2295, .T. ) ;
#3921 = CIRCLE ( 'NONE', #1532, 10.00000000000000000 ) ;
#3922 = AXIS2_PLACEMENT_3D ( 'NONE', #2145, #5305, #4433 ) ;
#3923 = ORIENTED_EDGE ( 'NONE', *, *, #99, .T. ) ;
#3924 = EDGE_CURVE ( 'NONE', #871, #102, #4026, .T. ) ;
#3925 = CIRCLE ( 'NONE', #4023, 2.999999999999999112 ) ;
#3926 = AXIS2_PLACEMENT_3D ( 'NONE', #4039, #3493, #1849 ) ;
#3927 = AXIS2_PLACEMENT_3D ( 'NONE', #2347, #4116, #3313 ) ;
#3928 = EDGE_CURVE ( 'NONE', #2054, #1865, #2237, .T. ) ;
#3929 = DIRECTION ( 'NONE',  ( -6.938893903907230744E-15, 0.000000000000000000, 1.000000000000000000 ) ) ;
#3930 = CARTESIAN_POINT ( 'NONE',  ( 99.75000000000000000, -6.799999999999971401, 111.7500000000000000 ) ) ;
#3931 = LINE ( 'NONE', #3, #4221 ) ;
#3932 = ORIENTED_EDGE ( 'NONE', *, *, #1285, .F. ) ;
#3933 = CIRCLE ( 'NONE', #5706, 10.00000000000000355 ) ;
#3934 = CARTESIAN_POINT ( 'NONE',  ( -2.463399471488283421, -83.88025595290520187, 23.13170182520183715 ) ) ;
#3935 = AXIS2_PLACEMENT_3D ( 'NONE', #3913, #1734, #2189 ) ;
#3936 = CARTESIAN_POINT ( 'NONE',  ( 29.60723247345114828, -93.40483614321635741, 19.09140824576124729 ) ) ;
#3937 = AXIS2_PLACEMENT_3D ( 'NONE', #5432, #1474, #3230 ) ;
#3938 = VECTOR ( 'NONE', #1668, 1000.000000000000000 ) ;
#3939 = CARTESIAN_POINT ( 'NONE',  ( -21.99999999999998224, -152.0000000000000000, 2.500000000000000000 ) ) ;
#3940 = VERTEX_POINT ( 'NONE', #1695 ) ;
#3941 = DIRECTION ( 'NONE',  ( 0.2731156288108163577, -0.8821713602783349817, 0.3836424694998518126 ) ) ;
#3942 = ORIENTED_EDGE ( 'NONE', *, *, #4623, .F. ) ;
#3943 = CYLINDRICAL_SURFACE ( 'NONE', #3489, 2.500000000000000000 ) ;
#3944 = FILL_AREA_STYLE ('',( #5192 ) ) ;
#3945 = VECTOR ( 'NONE', #1289, 1000.000000000000000 ) ;
#3946 = ADVANCED_FACE ( 'NONE', ( #5651 ), #3992, .F. ) ;
#3947 = CARTESIAN_POINT ( 'NONE',  ( 50.20340648295908892, -49.74238991771537854, 44.22496085688297995 ) ) ;
#3948 = CARTESIAN_POINT ( 'NONE',  ( 102.4999999999996163, -4.299999999999999822, 54.25000000000072475 ) ) ;
#3949 = CARTESIAN_POINT ( 'NONE',  ( -39.64957412582953111, -93.02965821487541120, -1.276452536353861467 ) ) ;
#3950 = EDGE_LOOP ( 'NONE', ( #3560, #16, #5359, #5666 ) ) ;
#3951 = CARTESIAN_POINT ( 'NONE',  ( -60.64968566072273148, -45.67788673920358633, -38.83652446017384818 ) ) ;
#3952 = EDGE_CURVE ( 'NONE', #13, #4307, #3049, .T. ) ;
#3953 = ORIENTED_EDGE ( 'NONE', *, *, #2755, .F. ) ;
#3954 = AXIS2_PLACEMENT_3D ( 'NONE', #3674, #1482, #3239 ) ;
#3955 = VERTEX_POINT ( 'NONE', #4844 ) ;
#3956 = CARTESIAN_POINT ( 'NONE',  ( -109.0212156840881192, 0.000000000000000000, 111.7500000000000000 ) ) ;
#3957 = VERTEX_POINT ( 'NONE', #4819 ) ;
#3958 = DIRECTION ( 'NONE',  ( -1.000000000000000000, -1.445602896647339656E-16, 0.000000000000000000 ) ) ;
#3959 = EDGE_CURVE ( 'NONE', #801, #667, #2829, .T. ) ;
#3960 = ORIENTED_EDGE ( 'NONE', *, *, #2967, .F. ) ;
#3961 = CARTESIAN_POINT ( 'NONE',  ( 102.4999999999996732, -4.000000000000000000, 46.75000000000071765 ) ) ;
#3962 = FACE_BOUND ( 'NONE', #2505, .T. ) ;
#3963 = CARTESIAN_POINT ( 'NONE',  ( 39.18835958204257253, -94.57065739646955649, 2.053147964925797986 ) ) ;
#3964 = ORIENTED_EDGE ( 'NONE', *, *, #3725, .T. ) ;
#3965 = DIRECTION ( 'NONE',  ( -0.000000000000000000, -1.000000000000000000, -0.000000000000000000 ) ) ;
#3966 = B_SPLINE_CURVE_WITH_KNOTS ( 'NONE', 3,
 ( #4986, #3618, #3703, #1428 ),
 .UNSPECIFIED., .F., .F.,
 ( 4, 4 ),
 ( 3.469446951953614189E-18, 0.001846378940246974111 ),
 .UNSPECIFIED. ) ;
#3967 = CARTESIAN_POINT ( 'NONE',  ( -102.5000000000000000, -4.000000000000000000, 50.50000000000000000 ) ) ;
#3968 = CARTESIAN_POINT ( 'NONE',  ( -54.99999999999964473, -4.000000000000000000, -102.5000000000001847 ) ) ;
#3969 = VERTEX_POINT ( 'NONE', #3877 ) ;
#3970 = CARTESIAN_POINT ( 'NONE',  ( -30.06945642159671550, -90.16236946536911034, -9.598177407316791587 ) ) ;
#3971 = DIRECTION ( 'NONE',  ( 0.000000000000000000, 0.000000000000000000, -1.000000000000000000 ) ) ;
#3972 = CYLINDRICAL_SURFACE ( 'NONE', #2737, 9.999999999999998224 ) ;
#3973 = ORIENTED_EDGE ( 'NONE', *, *, #3776, .T. ) ;
#3974 = DIRECTION ( 'NONE',  ( 0.000000000000000000, 1.000000000000000000, 0.000000000000000000 ) ) ;
#3975 = FACE_OUTER_BOUND ( 'NONE', #4425, .T. ) ;
#3976 = ORIENTED_EDGE ( 'NONE', *, *, #2164, .F. ) ;
#3977 = CARTESIAN_POINT ( 'NONE',  ( -30.06945642159672616, -92.63265025338910164, 19.28826062823594256 ) ) ;
#3978 = ORIENTED_EDGE ( 'NONE', *, *, #2991, .T. ) ;
#3979 = ADVANCED_FACE ( 'NONE', ( #5255 ), #429, .F. ) ;
#3980 = EDGE_CURVE ( 'NONE', #3643, #1203, #2361, .T. ) ;
#3981 = CARTESIAN_POINT ( 'NONE',  ( -92.25000000000000000, -6.800000000000000711, -83.35607285682021939 ) ) ;
#3982 = EDGE_LOOP ( 'NONE', ( #4139, #2766, #1645, #1445 ) ) ;
#3983 = CARTESIAN_POINT ( 'NONE',  ( -55.54466297214088399, -41.69721263326481875, -50.87048412830792188 ) ) ;
#3984 = ORIENTED_EDGE ( 'NONE', *, *, #5160, .F. ) ;
#3985 = CARTESIAN_POINT ( 'NONE',  ( -37.50000000000000000, -80.01162596762468127, 2.500000000000000000 ) ) ;
#3986 = EDGE_CURVE ( 'NONE', #3085, #2981, #1258, .T. ) ;
#3987 = FACE_BOUND ( 'NONE', #788, .T. ) ;
#3988 = FACE_OUTER_BOUND ( 'NONE', #5172, .T. ) ;
#3989 = DIRECTION ( 'NONE',  ( 0.000000000000000000, 0.000000000000000000, -1.000000000000000000 ) ) ;
#3990 = EDGE_LOOP ( 'NONE', ( #476, #1630 ) ) ;
#3991 = CARTESIAN_POINT ( 'NONE',  ( -38.71220132465310115, -96.16158616233549594, 8.996333315060610403 ) ) ;
#3992 = CYLINDRICAL_SURFACE ( 'NONE', #5412, 9.999999999999998224 ) ;
#3993 = CIRCLE ( 'NONE', #3168, 9.999999999999998224 ) ;
#3994 = CARTESIAN_POINT ( 'NONE',  ( 40.00000000000000711, -91.85882352941173679, 0.4519775087362362109 ) ) ;
#3995 = ORIENTED_EDGE ( 'NONE', *, *, #3132, .T. ) ;
#3996 = DIRECTION ( 'NONE',  ( 0.000000000000000000, 1.000000000000000000, 0.000000000000000000 ) ) ;
#3997 = CARTESIAN_POINT ( 'NONE',  ( -39.64957412582953111, -93.02965821487541120, -1.276452536353861467 ) ) ;
#3998 = EDGE_CURVE ( 'NONE', #3542, #5462, #4201, .T. ) ;
#3999 = DIRECTION ( 'NONE',  ( -1.000000000000000000, 0.000000000000000000, -3.700743415417184787E-15 ) ) ;
#4000 = ORIENTED_EDGE ( 'NONE', *, *, #4915, .F. ) ;
#4001 = DIRECTION ( 'NONE',  ( -0.000000000000000000, 1.000000000000000000, -0.000000000000000000 ) ) ;
#4002 = FACE_OUTER_BOUND ( 'NONE', #1191, .T. ) ;
#4003 = CIRCLE ( 'NONE', #878, 9.271215684088119247 ) ;
#4004 = CARTESIAN_POINT ( 'NONE',  ( -99.75000000000000000, -2.369160109392641989, -111.5177895209745600 ) ) ;
#4005 = DIRECTION ( 'NONE',  ( -7.709882115452474222E-15, 0.000000000000000000, 1.000000000000000000 ) ) ;
#4006 = ORIENTED_EDGE ( 'NONE', *, *, #881, .F. ) ;
#4007 = ORIENTED_EDGE ( 'NONE', *, *, #106, .T. ) ;
#4008 = CIRCLE ( 'NONE', #156, 2.500000000000002220 ) ;
#4009 = ORIENTED_EDGE ( 'NONE', *, *, #2359, .F. ) ;
#4010 = DIRECTION ( 'NONE',  ( 6.167905692361976222E-15, 0.000000000000000000, -1.000000000000000000 ) ) ;
#4011 = VERTEX_POINT ( 'NONE', #3072 ) ;
#4012 = VECTOR ( 'NONE', #695, 1000.000000000000000 ) ;
#4013 = AXIS2_PLACEMENT_3D ( 'NONE', #3622, #3650, #3539 ) ;
#4014 = EDGE_CURVE ( 'NONE', #2953, #2129, #3004, .T. ) ;
#4015 = AXIS2_PLACEMENT_3D ( 'NONE', #502, #4446, #1012 ) ;
#4016 = CARTESIAN_POINT ( 'NONE',  ( -25.63262081801212489, -161.0000000000000000, -25.63262081801256187 ) ) ;
#4017 = CIRCLE ( 'NONE', #2539, 3.500000000000000000 ) ;
#4018 = DIRECTION ( 'NONE',  ( 0.000000000000000000, 0.000000000000000000, 1.000000000000000000 ) ) ;
#4019 = DIRECTION ( 'NONE',  ( 1.000000000000000000, 0.000000000000000000, -2.409338161078896346E-17 ) ) ;
#4020 = CARTESIAN_POINT ( 'NONE',  ( -2.174903285192836933, -82.58267674723484220, -23.76699817050493380 ) ) ;
#4021 = ORIENTED_EDGE ( 'NONE', *, *, #2448, .F. ) ;
#4022 = FACE_OUTER_BOUND ( 'NONE', #3508, .T. ) ;
#4023 = AXIS2_PLACEMENT_3D ( 'NONE', #1871, #2272, #3625 ) ;
#4024 = AXIS2_PLACEMENT_3D ( 'NONE', #2681, #103, #1323 ) ;
#4025 = EDGE_CURVE ( 'NONE', #1231, #1712, #2613, .T. ) ;
#4026 = CIRCLE ( 'NONE', #1537, 2.500000000000002220 ) ;
#4027 = FACE_BOUND ( 'NONE', #3345, .T. ) ;
#4028 = AXIS2_PLACEMENT_3D ( 'NONE', #1361, #2252, #4010 ) ;
#4029 = VECTOR ( 'NONE', #3139, 1000.000000000000000 ) ;
#4030 = DIRECTION ( 'NONE',  ( -1.000000000000000000, -0.000000000000000000, -0.000000000000000000 ) ) ;
#4031 = ORIENTED_EDGE ( 'NONE', *, *, #2571, .T. ) ;
#4032 = CARTESIAN_POINT ( 'NONE',  ( -25.63262081801249792, -152.0000000000000000, 28.63262081801221015 ) ) ;
#4033 = EDGE_CURVE ( 'NONE', #2412, #979, #4479, .T. ) ;
#4034 = FACE_OUTER_BOUND ( 'NONE', #3118, .T. ) ;
#4035 = AXIS2_PLACEMENT_3D ( 'NONE', #2805, #2281, #529 ) ;
#4036 = CYLINDRICAL_SURFACE ( 'NONE', #4945, 3.500000000000000000 ) ;
#4037 = CARTESIAN_POINT ( 'NONE',  ( 32.48982065903727090, -86.48779094284142843, -21.82023513317221841 ) ) ;
#4038 = EDGE_LOOP ( 'NONE', ( #4502, #1092 ) ) ;
#4039 = CARTESIAN_POINT ( 'NONE',  ( 102.5000000000003411, -6.799999999999998046, -50.49999999999928946 ) ) ;
#4040 = TOROIDAL_SURFACE ( 'NONE', #3116, 60.10000000000000853, 1.000000000000000000 ) ;
#4041 = DIRECTION ( 'NONE',  ( 0.000000000000000000, 1.000000000000000000, 0.000000000000000000 ) ) ;
#4042 = AXIS2_PLACEMENT_3D ( 'NONE', #4303, #2601, #420 ) ;
#4043 = DIRECTION ( 'NONE',  ( -1.000000000000000000, 0.000000000000000000, -1.110223024625155594E-14 ) ) ;
#4044 = VERTEX_POINT ( 'NONE', #2585 ) ;
#4045 = ADVANCED_FACE ( 'NONE', ( #4344 ), #2642, .F. ) ;
#4046 = CARTESIAN_POINT ( 'NONE',  ( -38.71110337916111632, -96.16525459197933401, -8.996294564037054187 ) ) ;
#4047 = ORIENTED_EDGE ( 'NONE', *, *, #3855, .T. ) ;
#4048 = PLANE ( 'NONE',  #2376 ) ;
#4049 = ORIENTED_EDGE ( 'NONE', *, *, #3425, .F. ) ;
#4050 = AXIS2_PLACEMENT_3D ( 'NONE', #3177, #509, #5383 ) ;
#4051 = CARTESIAN_POINT ( 'NONE',  ( -102.5000000000000000, -6.799999999999998046, 50.50000000000000000 ) ) ;
#4052 = FACE_BOUND ( 'NONE', #5107, .T. ) ;
#4053 = CARTESIAN_POINT ( 'NONE',  ( -88.22568327697528900, -6.799999999999996270, 90.29454320664997624 ) ) ;
#4054 = CARTESIAN_POINT ( 'NONE',  ( -2.500000000000002665, -84.32100417296420858, -22.91876933245995573 ) ) ;
#4055 = VERTEX_POINT ( 'NONE', #33 ) ;
#4056 = DIRECTION ( 'NONE',  ( 1.000000000000000000, 0.000000000000000000, 3.854941057726235533E-15 ) ) ;
#4057 = B_SPLINE_CURVE_WITH_KNOTS ( 'NONE', 3,
 ( #328, #5613, #5529, #4717, #4245, #2917, #4217, #2051, #3378, #4744, #1123, #1663, #4651, #2077, #2452, #3411, #5150, #247 ),
 .UNSPECIFIED., .F., .F.,
 ( 4, 2, 2, 2, 2, 2, 2, 2, 4 ),
 ( 0.000000000000000000, 0.002580102549218054632, 0.003870153823827066335, 0.005160205098436078906, 0.006450256373045091043, 0.007095282010349597546, 0.007740307647654102313, 0.009030358922263134400, 0.01032041019687216649 ),
 .UNSPECIFIED. ) ;
#4058 = ADVANCED_FACE ( 'NONE', ( #405 ), #4755, .F. ) ;
#4059 = CARTESIAN_POINT ( 'NONE',  ( -86.51278580608644120, -6.799999999999972289, 90.50000000000001421 ) ) ;
#4060 = EDGE_CURVE ( 'NONE', #3501, #1687, #2447, .T. ) ;
#4061 = EDGE_CURVE ( 'NONE', #2753, #3130, #2176, .T. ) ;
#4062 = CARTESIAN_POINT ( 'NONE',  ( 57.03886087337719601, -51.69296379548823239, -42.70454732419867128 ) ) ;
#4063 = ORIENTED_EDGE ( 'NONE', *, *, #2057, .T. ) ;
#4064 = LINE ( 'NONE', #963, #1281 ) ;
#4065 = DIRECTION ( 'NONE',  ( -0.000000000000000000, -1.000000000000000000, -0.000000000000000000 ) ) ;
#4066 = DIRECTION ( 'NONE',  ( 0.000000000000000000, 1.000000000000000000, 0.000000000000000000 ) ) ;
#4067 = EDGE_CURVE ( 'NONE', #5471, #5320, #4082, .T. ) ;
#4068 = DIRECTION ( 'NONE',  ( -0.000000000000000000, 1.000000000000000000, -0.000000000000000000 ) ) ;
#4069 = ORIENTED_EDGE ( 'NONE', *, *, #4551, .T. ) ;
#4070 = LINE ( 'NONE', #3197, #3202 ) ;
#4071 = DIRECTION ( 'NONE',  ( 0.000000000000000000, -1.000000000000000000, 0.000000000000000000 ) ) ;
#4072 = VERTEX_POINT ( 'NONE', #3155 ) ;
#4073 = EDGE_LOOP ( 'NONE', ( #3828, #5491, #755, #1296 ) ) ;
#4074 = DIRECTION ( 'NONE',  ( -0.9580117704232794518, 0.2867288749506295420, 0.000000000000000000 ) ) ;
#4075 = CARTESIAN_POINT ( 'NONE',  ( -21.99999999999998224, -152.0000000000000000, -2.500000000000015987 ) ) ;
#4076 = ORIENTED_EDGE ( 'NONE', *, *, #5441, .F. ) ;
#4077 = CARTESIAN_POINT ( 'NONE',  ( -91.41755860518649968, -6.799999999999999822, -87.55734396647488893 ) ) ;
#4078 = FACE_BOUND ( 'NONE', #4585, .T. ) ;
#4079 = CARTESIAN_POINT ( 'NONE',  ( -72.86803346952486038, -20.10054695919352596, 72.65774687893113537 ) ) ;
#4080 = CARTESIAN_POINT ( 'NONE',  ( -2.500000000000000000, -84.76722369266676083, -22.70531809279860269 ) ) ;
#4081 = ORIENTED_EDGE ( 'NONE', *, *, #3382, .F. ) ;
#4082 = LINE ( 'NONE', #5449, #3097 ) ;
#4083 = CARTESIAN_POINT ( 'NONE',  ( 70.99809467543238384, -30.46871690156633861, -61.26427159954030088 ) ) ;
#4084 = ORIENTED_EDGE ( 'NONE', *, *, #5238, .F. ) ;
#4085 = CARTESIAN_POINT ( 'NONE',  ( 38.23411289587082251, -97.75896397144346395, -8.979459605809477551 ) ) ;
#4086 = FACE_OUTER_BOUND ( 'NONE', #5124, .T. ) ;
#4087 = ORIENTED_EDGE ( 'NONE', *, *, #623, .F. ) ;
#4088 = EDGE_CURVE ( 'NONE', #1479, #257, #436, .T. ) ;
#4089 = DIRECTION ( 'NONE',  ( 0.000000000000000000, 0.000000000000000000, -1.000000000000000000 ) ) ;
#4090 = DIRECTION ( 'NONE',  ( 0.000000000000000000, 1.000000000000000000, 0.000000000000000000 ) ) ;
#4091 = VERTEX_POINT ( 'NONE', #5389 ) ;
#4092 = CARTESIAN_POINT ( 'NONE',  ( 111.7500000000000000, -6.799999999999972289, -99.75000000000011369 ) ) ;
#4093 = EDGE_LOOP ( 'NONE', ( #2404, #703, #2806, #741 ) ) ;
#4094 = DIRECTION ( 'NONE',  ( -0.000000000000000000, -1.000000000000000000, -0.000000000000000000 ) ) ;
#4095 = FACE_OUTER_BOUND ( 'NONE', #2946, .T. ) ;
#4096 = EDGE_LOOP ( 'NONE', ( #3823, #3567, #3065, #5262, #5527 ) ) ;
#4097 = EDGE_CURVE ( 'NONE', #2408, #4011, #4110, .T. ) ;
#4098 = CARTESIAN_POINT ( 'NONE',  ( -102.5000000000000000, -6.799999999999998046, 54.25000000000000711 ) ) ;
#4099 = AXIS2_PLACEMENT_3D ( 'NONE', #2247, #1009, #130 ) ;
#4100 = CARTESIAN_POINT ( 'NONE',  ( -25.63262081801247660, 0.001000000000084266816, 25.63262081801221015 ) ) ;
#4101 = VERTEX_POINT ( 'NONE', #5366 ) ;
#4102 = ORIENTED_EDGE ( 'NONE', *, *, #669, .F. ) ;
#4103 = FACE_OUTER_BOUND ( 'NONE', #1212, .T. ) ;
#4104 = FACE_BOUND ( 'NONE', #2772, .T. ) ;
#4105 = CARTESIAN_POINT ( 'NONE',  ( -89.23035914761089771, -6.799999999999998934, 89.88476645327381220 ) ) ;
#4106 = DIRECTION ( 'NONE',  ( 0.000000000000000000, 0.000000000000000000, 1.000000000000000000 ) ) ;
#4107 = ORIENTED_EDGE ( 'NONE', *, *, #4450, .F. ) ;
#4108 = ADVANCED_FACE ( 'NONE', ( #4458, #4027 ), #996, .T. ) ;
#4109 = AXIS2_PLACEMENT_3D ( 'NONE', #1608, #2935, #4284 ) ;
#4110 = LINE ( 'NONE', #960, #1158 ) ;
#4111 = CARTESIAN_POINT ( 'NONE',  ( 52.89573447788111338, -59.39378706487613613, -37.19004409237743403 ) ) ;
#4112 = ORIENTED_EDGE ( 'NONE', *, *, #2235, .F. ) ;
#4113 = CIRCLE ( 'NONE', #3002, 3.750000000000003553 ) ;
#4114 = CARTESIAN_POINT ( 'NONE',  ( 102.5000000000003268, -4.299999999999999822, -47.99999999999928946 ) ) ;
#4115 = VECTOR ( 'NONE', #5468, 1000.000000000000000 ) ;
#4116 = DIRECTION ( 'NONE',  ( -0.000000000000000000, 0.9965049363970237550, 0.08353389573319150441 ) ) ;
#4117 = CARTESIAN_POINT ( 'NONE',  ( -102.5000000000000000, -6.799999999999998046, 53.00000000000000711 ) ) ;
#4118 = CIRCLE ( 'NONE', #1636, 2.999999999999995559 ) ;
#4119 = DIRECTION ( 'NONE',  ( 0.000000000000000000, -1.000000000000000000, 0.000000000000000000 ) ) ;
#4120 = CARTESIAN_POINT ( 'NONE',  ( 80.99653772037414967, -11.84350355043742908, -83.17080738592468947 ) ) ;
#4121 = CARTESIAN_POINT ( 'NONE',  ( -39.52830301974810823, -93.33958169470808741, 18.84049894709492534 ) ) ;
#4122 = ORIENTED_EDGE ( 'NONE', *, *, #3952, .T. ) ;
#4123 = FACE_OUTER_BOUND ( 'NONE', #3237, .T. ) ;
#4124 = DIRECTION ( 'NONE',  ( 1.000000000000000000, 0.000000000000000000, 3.469446951953615372E-15 ) ) ;
#4125 = AXIS2_PLACEMENT_3D ( 'NONE', #1610, #2019, #3768 ) ;
#4126 = AXIS2_PLACEMENT_3D ( 'NONE', #5399, #3660, #4441 ) ;
#4127 = DIRECTION ( 'NONE',  ( -0.000000000000000000, 1.000000000000000000, -0.000000000000000000 ) ) ;
#4128 = ORIENTED_EDGE ( 'NONE', *, *, #5204, .T. ) ;
#4129 = PLANE ( 'NONE',  #262 ) ;
#4130 = EDGE_CURVE ( 'NONE', #4101, #2401, #3216, .T. ) ;
#4131 = ORIENTED_EDGE ( 'NONE', *, *, #2379, .T. ) ;
#4132 = AXIS2_PLACEMENT_3D ( 'NONE', #3426, #1729, #5136 ) ;
#4133 = VECTOR ( 'NONE', #1863, 1000.000000000000000 ) ;
#4134 = ORIENTED_EDGE ( 'NONE', *, *, #1842, .F. ) ;
#4135 = DIRECTION ( 'NONE',  ( -0.000000000000000000, 1.000000000000000000, -0.000000000000000000 ) ) ;
#4136 = CARTESIAN_POINT ( 'NONE',  ( 102.4999999999996447, 0.000000000000000000, 50.50000000000071765 ) ) ;
#4137 = CARTESIAN_POINT ( 'NONE',  ( -86.94841063252393099, -6.799999999999996270, 90.49999999999405986 ) ) ;
#4138 = DIRECTION ( 'NONE',  ( 1.000000000000000000, 0.000000000000000000, 6.993308080469439450E-18 ) ) ;
#4139 = ORIENTED_EDGE ( 'NONE', *, *, #4195, .F. ) ;
#4140 = CARTESIAN_POINT ( 'NONE',  ( -50.50000000000108002, -6.799999999999998046, 102.4999999999994600 ) ) ;
#4141 = CARTESIAN_POINT ( 'NONE',  ( 63.81784171444910925, -40.70614968067784645, -51.70002891816446322 ) ) ;
#4142 = ORIENTED_EDGE ( 'NONE', *, *, #7, .T. ) ;
#4143 = CARTESIAN_POINT ( 'NONE',  ( 1.464466094067264468, -152.0000000000000284, 30.85000000000002984 ) ) ;
#4144 = LINE ( 'NONE', #4579, #5599 ) ;
#4145 = DIRECTION ( 'NONE',  ( 0.000000000000000000, 1.000000000000000000, 0.000000000000000000 ) ) ;
#4146 = CARTESIAN_POINT ( 'NONE',  ( 52.35719485845612553, -60.55176364418787216, 27.40704863943416569 ) ) ;
#4147 = DIRECTION ( 'NONE',  ( 0.000000000000000000, 0.000000000000000000, -1.000000000000000000 ) ) ;
#4148 = VERTEX_POINT ( 'NONE', #3645 ) ;
#4149 = CYLINDRICAL_SURFACE ( 'NONE', #4874, 3.600000000000002309 ) ;
#4150 = DIRECTION ( 'NONE',  ( 0.000000000000000000, 1.000000000000000000, 0.000000000000000000 ) ) ;
#4151 = CARTESIAN_POINT ( 'NONE',  ( 50.49999999999892708, -4.299999999999999822, 102.5000000000005258 ) ) ;
#4152 = DIRECTION ( 'NONE',  ( -0.000000000000000000, -1.000000000000000000, 0.000000000000000000 ) ) ;
#4153 = VERTEX_POINT ( 'NONE', #2263 ) ;
#4154 = CARTESIAN_POINT ( 'NONE',  ( -92.25000000000000000, -6.800000000000000711, -83.35607285682021939 ) ) ;
#4155 = ADVANCED_FACE ( 'NONE', ( #2814 ), #94, .F. ) ;
#4156 = EDGE_CURVE ( 'NONE', #679, #216, #5281, .T. ) ;
#4157 = CARTESIAN_POINT ( 'NONE',  ( -49.50000000000002842, -161.0000000000000000, 3.499999999999654499 ) ) ;
#4158 = CARTESIAN_POINT ( 'NONE',  ( 0.2506119884329525149, -80.44032326165097402, -24.84163666839674178 ) ) ;
#4159 = CARTESIAN_POINT ( 'NONE',  ( -87.43222109663904007, -5.987283116533227201, 91.73582411261513414 ) ) ;
#4160 = CARTESIAN_POINT ( 'NONE',  ( -25.63262081801245529, 0.001000000000084266816, 22.63262081801221370 ) ) ;
#4161 = ORIENTED_EDGE ( 'NONE', *, *, #5472, .T. ) ;
#4162 = CARTESIAN_POINT ( 'NONE',  ( 45.51455686250270816, -75.71173600203218257, 27.24077592977358009 ) ) ;
#4163 = DIRECTION ( 'NONE',  ( -0.000000000000000000, 1.000000000000000000, -0.000000000000000000 ) ) ;
#4164 = ORIENTED_EDGE ( 'NONE', *, *, #364, .F. ) ;
#4165 = DIRECTION ( 'NONE',  ( 0.05233595624294408444, -0.9986295347545739443, -0.000000000000000000 ) ) ;
#4166 = DIRECTION ( 'NONE',  ( -0.2867141939519904925, -0.9579627186160626362, -0.01011932449242340312 ) ) ;
#4167 = EDGE_CURVE ( 'NONE', #3519, #4055, #624, .T. ) ;
#4168 = CARTESIAN_POINT ( 'NONE',  ( -72.22412014485229292, -28.93196415231591700, 54.81012878077888217 ) ) ;
#4169 = CARTESIAN_POINT ( 'NONE',  ( 72.22412014485230713, -28.93196415231586371, 54.81012878077887507 ) ) ;
#4170 = FACE_OUTER_BOUND ( 'NONE', #865, .T. ) ;
#4171 = ORIENTED_EDGE ( 'NONE', *, *, #1770, .T. ) ;
#4172 = CARTESIAN_POINT ( 'NONE',  ( 39.66692771825759678, -92.97102478593983221, 9.598177407314055998 ) ) ;
#4173 = EDGE_CURVE ( 'NONE', #13, #4091, #2764, .T. ) ;
#4174 = CYLINDRICAL_SURFACE ( 'NONE', #783, 4.500000000000003553 ) ;
#4175 = CARTESIAN_POINT ( 'NONE',  ( 37.50000000000000000, -80.01162596762468127, -2.500000000000000000 ) ) ;
#4176 = DIRECTION ( 'NONE',  ( -1.000000000000000000, 0.000000000000000000, -9.251858538542964333E-15 ) ) ;
#4177 = AXIS2_PLACEMENT_3D ( 'NONE', #4872, #5030, #4902 ) ;
#4178 = ORIENTED_EDGE ( 'NONE', *, *, #3832, .T. ) ;
#4179 = DIRECTION ( 'NONE',  ( 0.000000000000000000, 1.000000000000000000, 0.000000000000000000 ) ) ;
#4180 = VERTEX_POINT ( 'NONE', #5419 ) ;
#4181 = VECTOR ( 'NONE', #2657, 1000.000000000000000 ) ;
#4182 = CARTESIAN_POINT ( 'NONE',  ( 3.500000000000518696, 0.001000000000084266816, -49.49999999999996447 ) ) ;
#4183 = CARTESIAN_POINT ( 'NONE',  ( 111.5177895209745600, -2.369160109392640212, -99.75000000000011369 ) ) ;
#4184 = CYLINDRICAL_SURFACE ( 'NONE', #5059, 4.500000000000003553 ) ;
#4185 = EDGE_LOOP ( 'NONE', ( #5127, #3113, #4512, #1247, #2521 ) ) ;
#4186 = AXIS2_PLACEMENT_3D ( 'NONE', #4675, #1499, #2440 ) ;
#4187 = ORIENTED_EDGE ( 'NONE', *, *, #279, .F. ) ;
#4188 = CIRCLE ( 'NONE', #5683, 3.750000000000003553 ) ;
#4189 = CARTESIAN_POINT ( 'NONE',  ( 62.08136063793962478, -43.38933234291741314, 49.39455938461320983 ) ) ;
#4190 = ADVANCED_FACE ( 'NONE', ( #4519 ), #4903, .T. ) ;
#4191 = DIRECTION ( 'NONE',  ( -0.000000000000000000, -0.9965049363970236440, 0.08353389573319149053 ) ) ;
#4192 = VERTEX_POINT ( 'NONE', #4059 ) ;
#4193 = CARTESIAN_POINT ( 'NONE',  ( -39.65845070422531649, -94.99730313167307827, 18.97890172748231663 ) ) ;
#4194 = DIRECTION ( 'NONE',  ( 0.2867141939519906590, -0.9579627186160625252, 0.01011932449242317934 ) ) ;
#4195 = EDGE_CURVE ( 'NONE', #530, #4225, #1487, .T. ) ;
#4196 = EDGE_CURVE ( 'NONE', #3881, #3094, #3966, .T. ) ;
#4197 = VECTOR ( 'NONE', #1085, 1000.000000000000000 ) ;
#4198 = DIRECTION ( 'NONE',  ( 0.000000000000000000, 1.000000000000000000, 0.000000000000000000 ) ) ;
#4199 = CARTESIAN_POINT ( 'NONE',  ( 39.64957412582636920, -93.02965821488604092, 1.276452536359218293 ) ) ;
#4200 = VECTOR ( 'NONE', #1145, 1000.000000000000000 ) ;
#4201 = CIRCLE ( 'NONE', #2270, 3.750000000000003553 ) ;
#4202 = DIRECTION ( 'NONE',  ( -7.401486830834369573E-15, 0.000000000000000000, 1.000000000000000000 ) ) ;
#4203 = VERTEX_POINT ( 'NONE', #118 ) ;
#4204 = CARTESIAN_POINT ( 'NONE',  ( 40.24644256073801785, -91.01997025942281994, 10.20974001385050478 ) ) ;
#4205 = LINE ( 'NONE', #1559, #1146 ) ;
#4206 = CIRCLE ( 'NONE', #1725, 4.500000000000003553 ) ;
#4207 = VECTOR ( 'NONE', #439, 1000.000000000000000 ) ;
#4208 = EDGE_CURVE ( 'NONE', #4072, #1574, #2290, .T. ) ;
#4209 = DIRECTION ( 'NONE',  ( -5.551115123125777969E-15, 0.000000000000000000, 1.000000000000000000 ) ) ;
#4210 = VECTOR ( 'NONE', #3866, 1000.000000000000000 ) ;
#4211 = AXIS2_PLACEMENT_3D ( 'NONE', #3300, #3751, #2030 ) ;
#4212 = ORIENTED_EDGE ( 'NONE', *, *, #228, .F. ) ;
#4213 = CARTESIAN_POINT ( 'NONE',  ( 40.00000000000000000, -91.85882352941172257, 0.000000000000000000 ) ) ;
#4214 = EDGE_CURVE ( 'NONE', #2182, #2147, #4956, .T. ) ;
#4215 = CIRCLE ( 'NONE', #455, 4.500000000000003553 ) ;
#4216 = CYLINDRICAL_SURFACE ( 'NONE', #3182, 2.500000000000002220 ) ;
#4217 = CARTESIAN_POINT ( 'NONE',  ( 91.22666664021251393, -6.799999999999972289, -87.94360672253395705 ) ) ;
#4218 = DIRECTION ( 'NONE',  ( -0.000000000000000000, -1.000000000000000000, -0.000000000000000000 ) ) ;
#4219 = ORIENTED_EDGE ( 'NONE', *, *, #1153, .T. ) ;
#4220 = CIRCLE ( 'NONE', #2465, 2.999999999999999112 ) ;
#4221 = VECTOR ( 'NONE', #3068, 1000.000000000000114 ) ;
#4222 = EDGE_LOOP ( 'NONE', ( #4304, #3899, #4249, #3747 ) ) ;
#4223 = CARTESIAN_POINT ( 'NONE',  ( 61.68824770852491213, -33.31090821237366839, 58.53728337740375309 ) ) ;
#4224 = LINE ( 'NONE', #2928, #1177 ) ;
#4225 = VERTEX_POINT ( 'NONE', #205 ) ;
#4226 = CARTESIAN_POINT ( 'NONE',  ( -54.25000000000108002, -4.000000000000000000, 102.4999999999994316 ) ) ;
#4227 = CARTESIAN_POINT ( 'NONE',  ( -45.98155527041000568, -56.87015097365260630, -38.96423918261908170 ) ) ;
#4228 = CIRCLE ( 'NONE', #198, 3.600000000000000977 ) ;
#4229 = ADVANCED_FACE ( 'NONE', ( #2788 ), #4269, .T. ) ;
#4230 = EDGE_CURVE ( 'NONE', #216, #3758, #1689, .T. ) ;
#4231 = EDGE_CURVE ( 'NONE', #3856, #4387, #4882, .T. ) ;
#4232 = CARTESIAN_POINT ( 'NONE',  ( 2.500000000000000000, -168.4829653570998858, 197.7129596333149664 ) ) ;
#4233 = DIRECTION ( 'NONE',  ( 0.000000000000000000, -1.000000000000000000, 0.000000000000000000 ) ) ;
#4234 = DIRECTION ( 'NONE',  ( 0.000000000000000000, 1.000000000000000000, 0.000000000000000000 ) ) ;
#4235 = VERTEX_POINT ( 'NONE', #1314 ) ;
#4236 = DIRECTION ( 'NONE',  ( 0.000000000000000000, -1.387778780781445873E-15, -1.000000000000000000 ) ) ;
#4237 = DIRECTION ( 'NONE',  ( -0.000000000000000000, 1.000000000000000000, -0.000000000000000000 ) ) ;
#4238 = EDGE_CURVE ( 'NONE', #674, #5203, #4315, .T. ) ;
#4239 = EDGE_CURVE ( 'NONE', #3620, #4525, #4789, .T. ) ;
#4240 = DIRECTION ( 'NONE',  ( -1.000000000000000000, 0.000000000000000000, 0.000000000000000000 ) ) ;
#4241 = ORIENTED_EDGE ( 'NONE', *, *, #2357, .T. ) ;
#4242 = CARTESIAN_POINT ( 'NONE',  ( -46.75000000000107292, -6.799999999999998046, 102.4999999999995026 ) ) ;
#4243 = EDGE_LOOP ( 'NONE', ( #531, #315, #5407, #5174, #3497 ) ) ;
#4244 = LINE ( 'NONE', #1997, #5219 ) ;
#4245 = CARTESIAN_POINT ( 'NONE',  ( 91.75544578113130001, -6.799999999999972289, -86.76237013790279207 ) ) ;
#4246 = CARTESIAN_POINT ( 'NONE',  ( -37.50000000000000000, -100.2117647058823025, 2.500000000000000000 ) ) ;
#4247 = ORIENTED_EDGE ( 'NONE', *, *, #4325, .T. ) ;
#4248 = EDGE_CURVE ( 'NONE', #4531, #4322, #423, .T. ) ;
#4249 = ORIENTED_EDGE ( 'NONE', *, *, #484, .T. ) ;
#4250 = CARTESIAN_POINT ( 'NONE',  ( 52.89663472595466942, -59.39200667289397018, 37.19124582972224857 ) ) ;
#4251 = LINE ( 'NONE', #3389, #991 ) ;
#4252 = ORIENTED_EDGE ( 'NONE', *, *, #3606, .F. ) ;
#4253 = DIRECTION ( 'NONE',  ( 0.000000000000000000, 1.000000000000000000, 0.000000000000000000 ) ) ;
#4254 = CARTESIAN_POINT ( 'NONE',  ( -76.35494469060333245, -16.44152277989827482, -77.13254661747537000 ) ) ;
#4255 = CARTESIAN_POINT ( 'NONE',  ( -52.35719485845613264, -60.55176364418789348, 27.40704863943414438 ) ) ;
#4256 = CARTESIAN_POINT ( 'NONE',  ( -65.58913686099751317, -28.39231558525013810, 63.42959035376735955 ) ) ;
#4257 = DIRECTION ( 'NONE',  ( -1.000000000000000000, 0.000000000000000000, -3.083952846180988111E-15 ) ) ;
#4258 = ORIENTED_EDGE ( 'NONE', *, *, #4067, .T. ) ;
#4259 = CARTESIAN_POINT ( 'NONE',  ( 102.5000000000003553, -6.799999999999998046, -52.99999999999928946 ) ) ;
#4260 = DIRECTION ( 'NONE',  ( -1.000000000000000000, 0.000000000000000000, -9.251858538542964333E-15 ) ) ;
#4261 = ADVANCED_FACE ( 'NONE', ( #4813 ), #3440, .F. ) ;
#4262 = EDGE_LOOP ( 'NONE', ( #2741, #1456, #939, #5257 ) ) ;
#4263 = DIRECTION ( 'NONE',  ( 0.000000000000000000, 0.000000000000000000, 1.000000000000000000 ) ) ;
#4264 = PLANE ( 'NONE',  #3191 ) ;
#4265 = DIRECTION ( 'NONE',  ( 0.000000000000000000, 0.000000000000000000, 1.000000000000000000 ) ) ;
#4266 = ORIENTED_EDGE ( 'NONE', *, *, #364, .T. ) ;
#4267 = FACE_OUTER_BOUND ( 'NONE', #5705, .T. ) ;
#4268 = ADVANCED_FACE ( 'NONE', ( #1776 ), #874, .F. ) ;
#4269 =( BOUNDED_SURFACE ( )  B_SPLINE_SURFACE ( 3, 2, ( 
 ( #3128, #2035, #4277 ),
 ( #2428, #2058, #3784 ),
 ( #5533, #3811, #1511 ),
 ( #5555, #4162, #3841 ),
 ( #1576, #3332, #3355 ),
 ( #1193, #5098, #1603 ),
 ( #5125, #4250, #3309 ),
 ( #334, #2925, #4696 ),
 ( #4722, #756, #730 ),
 ( #4661, #4189, #308 ),
 ( #3387, #1130, #5582 ),
 ( #3759, #2486, #1160 ),
 ( #2511, #3272, #1631 ),
 ( #2954, #5502, #2898 ),
 ( #701, #2459, #4223 ),
 ( #2083, #5155, #5039 ),
 ( #229, #286, #1077 ),
 ( #5072, #2848, #4605 ),
 ( #653, #2402, #1974 ),
 ( #3726, #1544, #2873 ),
 ( #1107, #4632, #677 ),
 ( #255, #2005, #3092 ) ),
 .UNSPECIFIED., .F., .F., .F. ) 
 B_SPLINE_SURFACE_WITH_KNOTS ( ( 4, 2, 2, 2, 2, 2, 2, 2, 2, 2, 4 ),
 ( 3, 3 ),
 ( 0.05074615827403436419, 0.06726065803825130585, 0.08377515780246824750, 0.1002896575666852030, 0.1168041573309021447, 0.1209327822719563905, 0.1250614072130106225, 0.1333186570951190864, 0.1498331568593360419, 0.1663476566235529974, 0.1828621563877699252 ),
 ( 0.000000000000000000, 1.000000000000000000 ),
 .UNSPECIFIED. ) 
 GEOMETRIC_REPRESENTATION_ITEM ( )  RATIONAL_B_SPLINE_SURFACE ( (
 ( 1.000000000000000000, 0.7476445268308916647, 1.000000000000000000),
 ( 1.000000000000000000, 0.7532437457776172129, 1.000000000000000000),
 ( 1.000000000000000000, 0.7591620329214332497, 1.000000000000000000),
 ( 1.000000000000000000, 0.7714254045351081057, 1.000000000000000000),
 ( 1.000000000000000000, 0.7777701343981907600, 1.000000000000000000),
 ( 1.000000000000000000, 0.7907122404546828021, 1.000000000000000000),
 ( 1.000000000000000000, 0.7973099250720560027, 1.000000000000000000),
 ( 1.000000000000000000, 0.8106168697331890272, 1.000000000000000000),
 ( 1.000000000000000000, 0.8173263696065161676, 1.000000000000000000),
 ( 1.000000000000000000, 0.8257094655991856769, 1.000000000000000000),
 ( 1.000000000000000000, 0.8273859438978783398, 1.000000000000000000),
 ( 1.000000000000000000, 0.8307369530723298645, 1.000000000000000000),
 ( 1.000000000000000000, 0.8324123895457918865, 1.000000000000000000),
 ( 1.000000000000000000, 0.8374135441769602339, 1.000000000000000000),
 ( 1.000000000000000000, 0.8407202818391824595, 1.000000000000000000),
 ( 1.000000000000000000, 0.8505444526488595836, 1.000000000000000000),
 ( 1.000000000000000000, 0.8569654199987468690, 1.000000000000000000),
 ( 1.000000000000000000, 0.8694887669984150413, 1.000000000000000000),
 ( 1.000000000000000000, 0.8755913412080666980, 1.000000000000000000),
 ( 1.000000000000000000, 0.8874280271013335053, 1.000000000000000000),
 ( 1.000000000000000000, 0.8931623555934228298, 1.000000000000000000),
 ( 1.000000000000000000, 0.8986904342161171622, 1.000000000000000000) ) ) 
 REPRESENTATION_ITEM ( '' )  SURFACE ( )  );
#4270 = ORIENTED_EDGE ( 'NONE', *, *, #2482, .T. ) ;
#4271 = CARTESIAN_POINT ( 'NONE',  ( -16.68227048220648356, 0.001000000000084266816, -35.94324274506115557 ) ) ;
#4272 = CARTESIAN_POINT ( 'NONE',  ( -43.62775610347495103, -61.17418574775923901, 36.02347015967856692 ) ) ;
#4273 = EDGE_CURVE ( 'NONE', #1284, #4619, #640, .T. ) ;
#4274 = CARTESIAN_POINT ( 'NONE',  ( -39.04424207662342639, -95.09880726201664913, -18.65956630851105658 ) ) ;
#4275 = ORIENTED_EDGE ( 'NONE', *, *, #2425, .F. ) ;
#4276 = CIRCLE ( 'NONE', #5018, 11.76778952097455644 ) ;
#4277 = CARTESIAN_POINT ( 'NONE',  ( 30.98345492017520542, -91.11488569816499705, 19.80798429566813823 ) ) ;
#4278 = PRODUCT_DEFINITION ( 'UNKNOWN', '', #5250, #1396 ) ;
#4279 = AXIS2_PLACEMENT_3D ( 'NONE', #3084, #2221, #2159 ) ;
#4280 = CARTESIAN_POINT ( 'NONE',  ( 0.000000000000000000, -153.0000000000000000, -60.10000000000000853 ) ) ;
#4281 = ORIENTED_EDGE ( 'NONE', *, *, #1218, .F. ) ;
#4282 = DIRECTION ( 'NONE',  ( -1.000000000000000000, 2.081668171172168766E-13, 0.000000000000000000 ) ) ;
#4283 = CARTESIAN_POINT ( 'NONE',  ( -66.17735924589004526, -37.19377925679638253, -54.83604155195854446 ) ) ;
#4284 = DIRECTION ( 'NONE',  ( 0.000000000000000000, 0.000000000000000000, -1.000000000000000000 ) ) ;
#4285 = CARTESIAN_POINT ( 'NONE',  ( -32.50580411324474994, -86.43869466180116490, 21.84158633470701005 ) ) ;
#4286 = ORIENTED_EDGE ( 'NONE', *, *, #5056, .F. ) ;
#4287 = CARTESIAN_POINT ( 'NONE',  ( 102.4999999999996447, -4.000000000000000000, 50.50000000000071765 ) ) ;
#4288 = VERTEX_POINT ( 'NONE', #3897 ) ;
#4289 = CARTESIAN_POINT ( 'NONE',  ( 2.500000000000000000, -168.4829653570998858, 197.7129596333149664 ) ) ;
#4290 = CARTESIAN_POINT ( 'NONE',  ( 91.41755860518640020, -6.799999999999972289, 87.55734396647503104 ) ) ;
#4291 = VERTEX_POINT ( 'NONE', #5676 ) ;
#4292 = AXIS2_PLACEMENT_3D ( 'NONE', #365, #2661, #4422 ) ;
#4293 = LINE ( 'NONE', #4350, #5233 ) ;
#4294 = CARTESIAN_POINT ( 'NONE',  ( 98.75000000000034106, -4.299999999999999822, -50.49999999999931788 ) ) ;
#4295 = DIRECTION ( 'NONE',  ( 0.000000000000000000, 0.000000000000000000, -1.000000000000000000 ) ) ;
#4296 = DIRECTION ( 'NONE',  ( -0.000000000000000000, -1.000000000000000000, -0.000000000000000000 ) ) ;
#4297 = FACE_OUTER_BOUND ( 'NONE', #3449, .T. ) ;
#4298 = EDGE_LOOP ( 'NONE', ( #4423, #796 ) ) ;
#4299 = CIRCLE ( 'NONE', #1913, 9.999999999999998224 ) ;
#4300 = DIRECTION ( 'NONE',  ( -5.551115123125777969E-15, 0.000000000000000000, 1.000000000000000000 ) ) ;
#4301 = VECTOR ( 'NONE', #3195, 1000.000000000000000 ) ;
#4302 = CARTESIAN_POINT ( 'NONE',  ( -57.38236415329291162, -39.09284321293552722, 53.16009114627128440 ) ) ;
#4303 = CARTESIAN_POINT ( 'NONE',  ( 0.000000000000000000, 0.000000000000000000, 0.000000000000000000 ) ) ;
#4304 = ORIENTED_EDGE ( 'NONE', *, *, #2204, .T. ) ;
#4305 = CIRCLE ( 'NONE', #3294, 2.500000000000000000 ) ;
#4306 = VECTOR ( 'NONE', #5300, 1000.000000000000000 ) ;
#4307 = VERTEX_POINT ( 'NONE', #28 ) ;
#4308 = CARTESIAN_POINT ( 'NONE',  ( -1.464466094067264468, -152.0000000000000284, -30.85000000000002984 ) ) ;
#4309 = CIRCLE ( 'NONE', #4686, 4.500000000000003553 ) ;
#4310 = CARTESIAN_POINT ( 'NONE',  ( -61.09999999999998721, -152.0000000000000000, 111.7500000000000000 ) ) ;
#4311 = VERTEX_POINT ( 'NONE', #1750 ) ;
#4312 = CARTESIAN_POINT ( 'NONE',  ( 99.75000000000000000, -2.369160109392641989, -111.5177895209745600 ) ) ;
#4313 = ORIENTED_EDGE ( 'NONE', *, *, #5009, .F. ) ;
#4314 = CARTESIAN_POINT ( 'NONE',  ( -57.04006902557917869, -51.69082360251364605, -42.70615192414876304 ) ) ;
#4315 = CIRCLE ( 'NONE', #2203, 3.500000000000000000 ) ;
#4316 =( BOUNDED_SURFACE ( )  B_SPLINE_SURFACE ( 3, 2, ( 
 ( #4609, #4636, #2011 ),
 ( #658, #5537, #1580 ),
 ( #498, #5650, #1198 ),
 ( #3815, #2118, #2583 ),
 ( #2983, #2088, #4665 ),
 ( #1671, #4753, #3788 ),
 ( #373, #3420, #4227 ),
 ( #1135, #4314, #2958 ),
 ( #3359, #5159, #5559 ),
 ( #4725, #1635, #706 ),
 ( #790, #3874, #2464 ),
 ( #3444, #1607, #2931 ),
 ( #1693, #4342, #3847 ),
 ( #403, #4283, #5129 ),
 ( #5213, #1256, #5625 ),
 ( #3393, #290, #2039 ),
 ( #760, #2143, #5103 ),
 ( #1165, #4701, #2902 ),
 ( #5183, #734, #4254 ),
 ( #825, #5586, #1226 ),
 ( #3015, #2550, #4788 ),
 ( #339, #1721, #2490 ) ),
 .UNSPECIFIED., .F., .F., .T. ) 
 B_SPLINE_SURFACE_WITH_KNOTS ( ( 4, 2, 2, 2, 2, 2, 2, 2, 2, 2, 4 ),
 ( 3, 3 ),
 ( 0.05074615827403438501, 0.06726065803825131972, 0.08377515780246826138, 0.1002896575666852030, 0.1168041573309021447, 0.1209327822719563905, 0.1250614072130106225, 0.1333186570951190864, 0.1498331568593360141, 0.1663476566235529419, 0.1828621563877698974 ),
 ( 0.000000000000000000, 1.000000000000000000 ),
 .UNSPECIFIED. ) 
 GEOMETRIC_REPRESENTATION_ITEM ( )  RATIONAL_B_SPLINE_SURFACE ( (
 ( 1.000000000000000000, 0.7476445268308916647, 1.000000000000000000),
 ( 1.000000000000000000, 0.7532437457776172129, 1.000000000000000000),
 ( 1.000000000000000000, 0.7591620329214332497, 1.000000000000000000),
 ( 1.000000000000000000, 0.7714254045351081057, 1.000000000000000000),
 ( 1.000000000000000000, 0.7777701343969748438, 1.000000000000000000),
 ( 1.000000000000000000, 0.7907122404558978301, 1.000000000000000000),
 ( 1.000000000000000000, 0.7973099250714466013, 1.000000000000000000),
 ( 1.000000000000000000, 0.8106168697337980955, 1.000000000000000000),
 ( 1.000000000000000000, 0.8173263696062088579, 1.000000000000000000),
 ( 1.000000000000000000, 0.8257094655992621712, 1.000000000000000000),
 ( 1.000000000000000000, 0.8273859438980323278, 1.000000000000000000),
 ( 1.000000000000000000, 0.8307369530721759876, 1.000000000000000000),
 ( 1.000000000000000000, 0.8324123895459457634, 1.000000000000000000),
 ( 1.000000000000000000, 0.8374135441766522581, 1.000000000000000000),
 ( 1.000000000000000000, 0.8407202818388762600, 1.000000000000000000),
 ( 1.000000000000000000, 0.8505444526494724267, 1.000000000000000000),
 ( 1.000000000000000000, 0.8569654199993556043, 1.000000000000000000),
 ( 1.000000000000000000, 0.8694887669978060840, 1.000000000000000000),
 ( 1.000000000000000000, 0.8755913412080665870, 1.000000000000000000),
 ( 1.000000000000000000, 0.8874280271013333943, 1.000000000000000000),
 ( 1.000000000000000000, 0.8931623555934222747, 1.000000000000000000),
 ( 1.000000000000000000, 0.8986904342161171622, 1.000000000000000000) ) ) 
 REPRESENTATION_ITEM ( '' )  SURFACE ( )  );
#4317 = B_SPLINE_CURVE_WITH_KNOTS ( 'NONE', 3,
 ( #5664, #2126, #3431, #1274, #3826, #4737, #5228, #5493, #3301, #2994, #770, #1242, #671, #805, #2372, #4158, #2529, #5035 ),
 .UNSPECIFIED., .F., .F.,
 ( 4, 2, 2, 2, 2, 2, 2, 2, 4 ),
 ( 3.576224061345498009E-18, 0.001469481189372012558, 0.002204221784058016994, 0.002938962378744021647, 0.003673702973430026299, 0.004408443568116030518, 0.005143184162802035171, 0.005510554460145037498, 0.005877924757488039824 ),
 .UNSPECIFIED. ) ;
#4318 = DIRECTION ( 'NONE',  ( -0.000000000000000000, -1.000000000000000000, -0.000000000000000000 ) ) ;
#4319 = CARTESIAN_POINT ( 'NONE',  ( -39.71693921803835536, -68.98066903375577397, 31.10385376623506559 ) ) ;
#4320 = VERTEX_POINT ( 'NONE', #3930 ) ;
#4321 = CARTESIAN_POINT ( 'NONE',  ( -30.06945642159671550, -90.16236946536912455, -9.598177407316786258 ) ) ;
#4322 = VERTEX_POINT ( 'NONE', #3869 ) ;
#4323 = DIRECTION ( 'NONE',  ( 0.000000000000000000, 1.000000000000000000, 0.000000000000000000 ) ) ;
#4324 = LINE ( 'NONE', #2648, #607 ) ;
#4325 = EDGE_CURVE ( 'NONE', #2564, #679, #3133, .T. ) ;
#4326 = CARTESIAN_POINT ( 'NONE',  ( 52.52778671192469062, -46.10013226824803212, 47.11456168647426779 ) ) ;
#4327 = ORIENTED_EDGE ( 'NONE', *, *, #1678, .T. ) ;
#4328 = CARTESIAN_POINT ( 'NONE',  ( -9.482270482206480722, -161.0000000000000000, -35.94324274506109163 ) ) ;
#4329 = CARTESIAN_POINT ( 'NONE',  ( 39.66692771825763941, -92.97102478593983221, -9.598177407314070209 ) ) ;
#4330 = EDGE_LOOP ( 'NONE', ( #5380, #4830, #3157, #2493, #1854 ) ) ;
#4331 = DIRECTION ( 'NONE',  ( -0.000000000000000000, -0.9999442121672829087, 0.01056279097359810390 ) ) ;
#4332 = ORIENTED_EDGE ( 'NONE', *, *, #1335, .F. ) ;
#4333 = LINE ( 'NONE', #2307, #5224 ) ;
#4334 = DIRECTION ( 'NONE',  ( -1.000000000000000000, -0.000000000000000000, -0.000000000000000000 ) ) ;
#4335 = EDGE_LOOP ( 'NONE', ( #4355, #164, #3386, #4603 ) ) ;
#4336 = EDGE_CURVE ( 'NONE', #2689, #3352, #2101, .T. ) ;
#4337 = PLANE ( 'NONE',  #533 ) ;
#4338 = CYLINDRICAL_SURFACE ( 'NONE', #2022, 3.750000000000003553 ) ;
#4339 = DIRECTION ( 'NONE',  ( -0.000000000000000000, -1.000000000000000000, -0.000000000000000000 ) ) ;
#4340 = VERTEX_POINT ( 'NONE', #2605 ) ;
#4341 = DIRECTION ( 'NONE',  ( 0.000000000000000000, 0.000000000000000000, 1.000000000000000000 ) ) ;
#4342 = CARTESIAN_POINT ( 'NONE',  ( -64.40728041847829388, -39.81698512543601254, -52.48304431709884454 ) ) ;
#4343 = EDGE_CURVE ( 'NONE', #4148, #58, #3473, .T. ) ;
#4344 = FACE_OUTER_BOUND ( 'NONE', #2485, .T. ) ;
#4345 = ORIENTED_EDGE ( 'NONE', *, *, #709, .T. ) ;
#4346 = CYLINDRICAL_SURFACE ( 'NONE', #3299, 3.600000000000002309 ) ;
#4347 = ORIENTED_EDGE ( 'NONE', *, *, #1239, .F. ) ;
#4348 = LINE ( 'NONE', #2149, #812 ) ;
#4349 = DIRECTION ( 'NONE',  ( 0.000000000000000000, 0.000000000000000000, 1.000000000000000000 ) ) ;
#4350 = CARTESIAN_POINT ( 'NONE',  ( -102.5000000000000000, -6.799999999999998046, -55.00000000000000711 ) ) ;
#4351 = ORIENTED_EDGE ( 'NONE', *, *, #1138, .F. ) ;
#4352 = FACE_OUTER_BOUND ( 'NONE', #4777, .T. ) ;
#4353 = EDGE_CURVE ( 'NONE', #3868, #516, #1252, .T. ) ;
#4354 = FACE_OUTER_BOUND ( 'NONE', #208, .T. ) ;
#4355 = ORIENTED_EDGE ( 'NONE', *, *, #3702, .F. ) ;
#4356 = CARTESIAN_POINT ( 'NONE',  ( -38.71220132465310115, -96.16158616233549594, -8.996333315060617508 ) ) ;
#4357 = ORIENTED_EDGE ( 'NONE', *, *, #4508, .T. ) ;
#4358 = EDGE_LOOP ( 'NONE', ( #4853, #1036 ) ) ;
#4359 = CARTESIAN_POINT ( 'NONE',  ( 16.68227048220673581, 0.001000000000084266816, 35.94324274506104899 ) ) ;
#4360 = LINE ( 'NONE', #925, #2547 ) ;
#4361 = ORIENTED_EDGE ( 'NONE', *, *, #7, .F. ) ;
#4362 = DIRECTION ( 'NONE',  ( 1.334402673828313093E-16, -1.000000000000000000, -0.000000000000000000 ) ) ;
#4363 = DIRECTION ( 'NONE',  ( 0.000000000000000000, 1.000000000000000000, 0.000000000000000000 ) ) ;
#4364 = FACE_BOUND ( 'NONE', #45, .T. ) ;
#4365 = ORIENTED_EDGE ( 'NONE', *, *, #4604, .F. ) ;
#4366 = CARTESIAN_POINT ( 'NONE',  ( -48.00000000000108002, -6.799999999999998046, 102.4999999999994884 ) ) ;
#4367 = CARTESIAN_POINT ( 'NONE',  ( -54.24999999999964473, -6.799999999999998046, -102.5000000000001847 ) ) ;
#4368 = VECTOR ( 'NONE', #4484, 1000.000000000000000 ) ;
#4369 = ADVANCED_FACE ( 'NONE', ( #2979 ), #5248, .T. ) ;
#4370 = DIRECTION ( 'NONE',  ( 0.2867288749506294865, 0.9580117704232794518, 6.908268203017705676E-18 ) ) ;
#4371 = ADVANCED_FACE ( 'NONE', ( #4398 ), #4338, .F. ) ;
#4372 = CARTESIAN_POINT ( 'NONE',  ( 39.71693921800033422, -68.98066903380008341, -31.10385376620711284 ) ) ;
#4373 = ORIENTED_EDGE ( 'NONE', *, *, #3848, .T. ) ;
#4374 = ADVANCED_FACE ( 'NONE', ( #3414, #3962 ), #5277, .T. ) ;
#4375 = CARTESIAN_POINT ( 'NONE',  ( 102.4999999999996732, -4.000000000000000000, 46.00000000000071054 ) ) ;
#4376 = DIRECTION ( 'NONE',  ( -0.000000000000000000, 1.000000000000000000, -0.000000000000000000 ) ) ;
#4377 = CARTESIAN_POINT ( 'NONE',  ( 34.14124661099901203, -82.02649215943958438, 23.97436819758305404 ) ) ;
#4378 = ORIENTED_EDGE ( 'NONE', *, *, #4939, .T. ) ;
#4379 = AXIS2_PLACEMENT_3D ( 'NONE', #4880, #4065, #4932 ) ;
#4380 = CYLINDRICAL_SURFACE ( 'NONE', #3935, 2.500000000000002220 ) ;
#4381 = CARTESIAN_POINT ( 'NONE',  ( 39.95629441795638570, -91.98222827031206350, -9.863243501736581820 ) ) ;
#4382 = ORIENTED_EDGE ( 'NONE', *, *, #5011, .T. ) ;
#4383 = CARTESIAN_POINT ( 'NONE',  ( -38.73569276425146768, -96.08309711712018952, 18.62429610175123784 ) ) ;
#4384 = ORIENTED_EDGE ( 'NONE', *, *, #4476, .T. ) ;
#4385 = AXIS2_PLACEMENT_3D ( 'NONE', #112, #1504, #199 ) ;
#4386 = VECTOR ( 'NONE', #683, 1000.000000000000000 ) ;
#4387 = VERTEX_POINT ( 'NONE', #4540 ) ;
#4388 = DIRECTION ( 'NONE',  ( -0.000000000000000000, 1.000000000000000000, -0.000000000000000000 ) ) ;
#4389 = DIRECTION ( 'NONE',  ( 5.551115123125777969E-15, 0.000000000000000000, -1.000000000000000000 ) ) ;
#4390 = CIRCLE ( 'NONE', #3373, 3.500000000000000000 ) ;
#4391 = AXIS2_PLACEMENT_3D ( 'NONE', #1840, #514, #4544 ) ;
#4392 = EDGE_LOOP ( 'NONE', ( #1098, #4507 ) ) ;
#4393 = ORIENTED_EDGE ( 'NONE', *, *, #950, .F. ) ;
#4394 = AXIS2_PLACEMENT_3D ( 'NONE', #5312, #4068, #4553 ) ;
#4395 = AXIS2_PLACEMENT_3D ( 'NONE', #1897, #4971, #4147 ) ;
#4396 = VECTOR ( 'NONE', #2634, 1000.000000000000000 ) ;
#4397 = CARTESIAN_POINT ( 'NONE',  ( 50.50000000000036238, 0.000000000000000000, -102.4999999999998153 ) ) ;
#4398 = FACE_OUTER_BOUND ( 'NONE', #1266, .T. ) ;
#4399 = FACE_BOUND ( 'NONE', #3189, .T. ) ;
#4400 = ORIENTED_EDGE ( 'NONE', *, *, #1820, .T. ) ;
#4401 = AXIS2_PLACEMENT_3D ( 'NONE', #5067, #1483, #1539 ) ;
#4402 = CYLINDRICAL_SURFACE ( 'NONE', #868, 9.999999999999998224 ) ;
#4403 = CIRCLE ( 'NONE', #2007, 3.750000000000003553 ) ;
#4404 = VECTOR ( 'NONE', #5357, 1000.000000000000000 ) ;
#4405 = VECTOR ( 'NONE', #4138, 1000.000000000000000 ) ;
#4406 = CARTESIAN_POINT ( 'NONE',  ( -21.99999999999998224, -152.0000000000000000, 111.7500000000000000 ) ) ;
#4407 = DIRECTION ( 'NONE',  ( 1.334402673828313093E-16, -1.000000000000000000, -0.000000000000000000 ) ) ;
#4408 = ORIENTED_EDGE ( 'NONE', *, *, #1311, .T. ) ;
#4409 = AXIS2_PLACEMENT_3D ( 'NONE', #5258, #742, #1758 ) ;
#4410 = EDGE_CURVE ( 'NONE', #1471, #801, #1749, .T. ) ;
#4411 = ADVANCED_FACE ( 'NONE', ( #5444 ), #2809, .F. ) ;
#4412 = ADVANCED_FACE ( 'NONE', ( #3987, #4078, #4052, #5005, #1452, #4566, #590, #5413, #1881, #113, #535, #618, #3613 ), #4981, .F. ) ;
#4413 = CARTESIAN_POINT ( 'NONE',  ( 86.51278580608639857, -6.799999999999972289, 90.50000000000001421 ) ) ;
#4414 = ORIENTED_EDGE ( 'NONE', *, *, #815, .F. ) ;
#4415 = DIRECTION ( 'NONE',  ( -1.000000000000000000, 0.000000000000000000, -1.110223024625155436E-14 ) ) ;
#4416 = CARTESIAN_POINT ( 'NONE',  ( 25.63262081801230252, -161.0000000000000000, 25.63262081801238423 ) ) ;
#4417 = ORIENTED_EDGE ( 'NONE', *, *, #1534, .T. ) ;
#4418 = CARTESIAN_POINT ( 'NONE',  ( -58.48558945827967648, -49.27215537797382439, -35.86139880389404766 ) ) ;
#4419 = VERTEX_POINT ( 'NONE', #4480 ) ;
#4420 = ADVANCED_FACE ( 'NONE', ( #55 ), #1801, .T. ) ;
#4421 = EDGE_CURVE ( 'NONE', #4153, #2564, #3148, .T. ) ;
#4422 = DIRECTION ( 'NONE',  ( -6.938893903907230744E-15, 0.000000000000000000, 1.000000000000000000 ) ) ;
#4423 = ORIENTED_EDGE ( 'NONE', *, *, #1973, .F. ) ;
#4424 = DIRECTION ( 'NONE',  ( 1.000000000000000000, 1.334402673828312846E-16, -0.000000000000000000 ) ) ;
#4425 = EDGE_LOOP ( 'NONE', ( #1294, #2881, #345, #2213 ) ) ;
#4426 = ORIENTED_EDGE ( 'NONE', *, *, #3561, .F. ) ;
#4427 = DIRECTION ( 'NONE',  ( 1.000000000000000000, 1.474128571797522189E-16, 0.000000000000000000 ) ) ;
#4428 = CARTESIAN_POINT ( 'NONE',  ( 102.4999999999996447, -6.799999999999998046, 50.50000000000071765 ) ) ;
#4429 = CARTESIAN_POINT ( 'NONE',  ( -57.85237879242106374, -38.44091845645358063, 53.74612756655203327 ) ) ;
#4430 = CARTESIAN_POINT ( 'NONE',  ( 111.7500000000000000, -6.799999999999972289, 90.50000000000001421 ) ) ;
#4431 = ORIENTED_EDGE ( 'NONE', *, *, #4890, .T. ) ;
#4432 = CARTESIAN_POINT ( 'NONE',  ( 0.000000000000000000, -80.42391024741301919, 24.85000000000001208 ) ) ;
#4433 = DIRECTION ( 'NONE',  ( -7.401486830834369573E-15, 0.000000000000000000, 1.000000000000000000 ) ) ;
#4434 = CARTESIAN_POINT ( 'NONE',  ( -30.98345492017520186, -87.12684035492095802, -10.63762474218124687 ) ) ;
#4435 = ORIENTED_EDGE ( 'NONE', *, *, #4196, .T. ) ;
#4436 = CARTESIAN_POINT ( 'NONE',  ( 39.01589699632608443, -95.14688532992235537, -18.64730982683276395 ) ) ;
#4437 = FACE_OUTER_BOUND ( 'NONE', #5165, .T. ) ;
#4438 = FACE_OUTER_BOUND ( 'NONE', #1220, .T. ) ;
#4439 = EDGE_LOOP ( 'NONE', ( #804, #3371, #2500, #585 ) ) ;
#4440 = DIRECTION ( 'NONE',  ( 1.000000000000000000, 0.000000000000000000, 1.110223024625155436E-14 ) ) ;
#4441 = DIRECTION ( 'NONE',  ( 0.000000000000000000, 0.000000000000000000, 1.000000000000000000 ) ) ;
#4442 = ADVANCED_FACE ( 'NONE', ( #4950, #3123 ), #1016, .T. ) ;
#4443 = VERTEX_POINT ( 'NONE', #563 ) ;
#4444 = ORIENTED_EDGE ( 'NONE', *, *, #1433, .T. ) ;
#4445 = EDGE_LOOP ( 'NONE', ( #4772, #3136 ) ) ;
#4446 = DIRECTION ( 'NONE',  ( -0.000000000000000000, -0.000000000000000000, -1.000000000000000000 ) ) ;
#4447 = VERTEX_POINT ( 'NONE', #83 ) ;
#4448 = CARTESIAN_POINT ( 'NONE',  ( -83.74626017908447295, -9.260547341090591189, -86.78936098891688289 ) ) ;
#4449 = EDGE_LOOP ( 'NONE', ( #2131, #4270, #2924, #1115 ) ) ;
#4450 = EDGE_CURVE ( 'NONE', #4311, #4729, #4228, .T. ) ;
#4451 = EDGE_LOOP ( 'NONE', ( #3953, #1162, #4128, #1951 ) ) ;
#4452 = CARTESIAN_POINT ( 'NONE',  ( 2.500000000000000000, -151.9999999999999716, 30.85000000000002274 ) ) ;
#4453 = CARTESIAN_POINT ( 'NONE',  ( -98.74999999999998579, -4.299999999999999822, 50.50000000000000000 ) ) ;
#4454 = CARTESIAN_POINT ( 'NONE',  ( -48.84149469130413479, -67.95007945767218871, 22.51575552563672744 ) ) ;
#4455 = CYLINDRICAL_SURFACE ( 'NONE', #2561, 3.600000000000000977 ) ;
#4456 = ORIENTED_EDGE ( 'NONE', *, *, #2960, .F. ) ;
#4457 = CARTESIAN_POINT ( 'NONE',  ( -2.298060508079055708, -83.01215792215191414, 23.55556514784908373 ) ) ;
#4458 = FACE_OUTER_BOUND ( 'NONE', #384, .T. ) ;
#4459 = VERTEX_POINT ( 'NONE', #138 ) ;
#4460 = CYLINDRICAL_SURFACE ( 'NONE', #5606, 2.500000000000000000 ) ;
#4461 = EDGE_LOOP ( 'NONE', ( #4081, #333 ) ) ;
#4462 = DIRECTION ( 'NONE',  ( -0.000000000000000000, 1.000000000000000000, -0.000000000000000000 ) ) ;
#4463 = CARTESIAN_POINT ( 'NONE',  ( -50.49999999999964473, -6.799999999999998046, -102.5000000000001705 ) ) ;
#4464 = CIRCLE ( 'NONE', #1426, 3.600000000000000977 ) ;
#4465 = CARTESIAN_POINT ( 'NONE',  ( -28.65399519163799980, -94.99730313167312090, -18.97890172748233795 ) ) ;
#4466 = EDGE_LOOP ( 'NONE', ( #2254, #2375, #2345 ) ) ;
#4467 = CARTESIAN_POINT ( 'NONE',  ( -39.64957412582953111, -93.02965821487541120, 111.7500000000000000 ) ) ;
#4468 = CYLINDRICAL_SURFACE ( 'NONE', #1176, 4.500000000000003553 ) ;
#4469 = CARTESIAN_POINT ( 'NONE',  ( 49.50000000000000000, -161.0000000000000000, 0.000000000000000000 ) ) ;
#4470 = EDGE_LOOP ( 'NONE', ( #1261, #4021 ) ) ;
#4471 = VECTOR ( 'NONE', #1846, 1000.000000000000000 ) ;
#4472 = CARTESIAN_POINT ( 'NONE',  ( 102.5000000000003268, -6.799999999999998046, -47.99999999999928946 ) ) ;
#4473 = CARTESIAN_POINT ( 'NONE',  ( -11.59332887541339474, -152.0000000000000000, 18.37676056338025887 ) ) ;
#4474 = ORIENTED_EDGE ( 'NONE', *, *, #3279, .T. ) ;
#4475 = ADVANCED_FACE ( 'NONE', ( #2758, #2312, #2783, #1422, #3587, #2337, #4104, #173, #987, #5361 ), #1394, .F. ) ;
#4476 = EDGE_CURVE ( 'NONE', #5553, #1309, #1680, .T. ) ;
#4477 = VECTOR ( 'NONE', #2859, 1000.000000000000000 ) ;
#4478 = FACE_OUTER_BOUND ( 'NONE', #3222, .T. ) ;
#4479 = CIRCLE ( 'NONE', #1723, 3.600000000000002309 ) ;
#4480 = CARTESIAN_POINT ( 'NONE',  ( 49.50000000000000000, -161.0000000000000000, 3.500000000000000000 ) ) ;
#4481 = CARTESIAN_POINT ( 'NONE',  ( -91.75544578113137106, -6.799999999999996270, 86.76237013790284891 ) ) ;
#4482 = CARTESIAN_POINT ( 'NONE',  ( -40.00000000000000000, -91.85882352941172257, -0.4519775087340837105 ) ) ;
#4483 = EDGE_LOOP ( 'NONE', ( #2919, #462 ) ) ;
#4484 = DIRECTION ( 'NONE',  ( 0.000000000000000000, 1.000000000000000000, 0.000000000000000000 ) ) ;
#4485 = CIRCLE ( 'NONE', #1996, 2.500000000000002220 ) ;
#4486 = VECTOR ( 'NONE', #428, 1000.000000000000000 ) ;
#4487 = EDGE_CURVE ( 'NONE', #391, #1788, #1659, .T. ) ;
#4488 = CARTESIAN_POINT ( 'NONE',  ( 2.500000000000000000, -151.9999999999999716, -28.34123169520962549 ) ) ;
#4489 = AXIS2_PLACEMENT_3D ( 'NONE', #481, #2690, #3958 ) ;
#4490 = AXIS2_PLACEMENT_3D ( 'NONE', #1087, #4612, #1031 ) ;
#4491 = CIRCLE ( 'NONE', #2457, 3.600000000000002309 ) ;
#4492 = CARTESIAN_POINT ( 'NONE',  ( 69.73375869111775671, -32.28305776735456334, -51.36048407330063981 ) ) ;
#4493 = ORIENTED_EDGE ( 'NONE', *, *, #4499, .F. ) ;
#4494 = DIRECTION ( 'NONE',  ( 0.000000000000000000, -1.000000000000000000, 0.000000000000000000 ) ) ;
#4495 = FACE_OUTER_BOUND ( 'NONE', #4810, .T. ) ;
#4496 =( BOUNDED_SURFACE ( )  B_SPLINE_SURFACE ( 3, 2, ( 
 ( #4627, #2893, #2507 ),
 ( #1540, #5068, #1971 ),
 ( #2483, #1599, #1102 ),
 ( #1073, #4274, #5530 ) ),
 .UNSPECIFIED., .F., .F., .T. ) 
 B_SPLINE_SURFACE_WITH_KNOTS ( ( 4, 4 ),
 ( 3, 3 ),
 ( -8.673617379884035472E-19, 0.003336207577135871100 ),
 ( 0.000000000000000000, 1.000000000000000000 ),
 .UNSPECIFIED. ) 
 GEOMETRIC_REPRESENTATION_ITEM ( )  RATIONAL_B_SPLINE_SURFACE ( (
 ( 1.000000000000000000, 0.7476445268308918868, 1.000000000000000000),
 ( 1.000000000000000000, 0.7421358679373084577, 1.000000000000000000),
 ( 1.000000000000000000, 0.7366484915346042106, 1.000000000000000000),
 ( 1.000000000000000000, 0.7312255714844461130, 1.000000000000000000) ) ) 
 REPRESENTATION_ITEM ( '' )  SURFACE ( )  );
#4497 = CIRCLE ( 'NONE', #5245, 3.500000000000000000 ) ;
#4498 = AXIS2_PLACEMENT_3D ( 'NONE', #4280, #1223, #335 ) ;
#4499 = EDGE_CURVE ( 'NONE', #2761, #1943, #2640, .T. ) ;
#4500 = DIRECTION ( 'NONE',  ( -7.930164461608261228E-15, 0.000000000000000000, 1.000000000000000000 ) ) ;
#4501 = CARTESIAN_POINT ( 'NONE',  ( 30.06945642159357845, -92.63265025339443071, -19.28826062823460319 ) ) ;
#4502 = ORIENTED_EDGE ( 'NONE', *, *, #4336, .F. ) ;
#4503 = CARTESIAN_POINT ( 'NONE',  ( -22.63262081801212844, 0.001000000000084266816, -25.63262081801252990 ) ) ;
#4504 = CIRCLE ( 'NONE', #2754, 4.500000000000003553 ) ;
#4505 = DIRECTION ( 'NONE',  ( -0.000000000000000000, -1.000000000000000000, -0.000000000000000000 ) ) ;
#4506 = CYLINDRICAL_SURFACE ( 'NONE', #959, 2.999999999999995559 ) ;
#4507 = ORIENTED_EDGE ( 'NONE', *, *, #3980, .F. ) ;
#4508 = EDGE_CURVE ( 'NONE', #3758, #1004, #4317, .T. ) ;
#4509 = VECTOR ( 'NONE', #820, 1000.000000000000000 ) ;
#4510 = CYLINDRICAL_SURFACE ( 'NONE', #3554, 3.600000000000000977 ) ;
#4511 = CARTESIAN_POINT ( 'NONE',  ( 39.18627661327735723, -94.57761696269689367, -9.203558221061802769 ) ) ;
#4512 = ORIENTED_EDGE ( 'NONE', *, *, #1590, .F. ) ;
#4513 = DIRECTION ( 'NONE',  ( 0.000000000000000000, -1.000000000000000000, 0.000000000000000000 ) ) ;
#4514 = DIRECTION ( 'NONE',  ( 0.000000000000000000, 1.000000000000000000, 0.000000000000000000 ) ) ;
#4515 = LINE ( 'NONE', #5445, #1268 ) ;
#4516 = ADVANCED_FACE ( 'NONE', ( #3885, #5195 ), #4264, .T. ) ;
#4517 = DIRECTION ( 'NONE',  ( 0.000000000000000000, 0.000000000000000000, -1.000000000000000000 ) ) ;
#4518 = ORIENTED_EDGE ( 'NONE', *, *, #4088, .T. ) ;
#4519 = FACE_OUTER_BOUND ( 'NONE', #5541, .T. ) ;
#4520 = CARTESIAN_POINT ( 'NONE',  ( 62.07976907949432643, -43.39183730626137958, -49.39244704217714599 ) ) ;
#4521 = ORIENTED_EDGE ( 'NONE', *, *, #1312, .T. ) ;
#4522 = LINE ( 'NONE', #2733, #3305 ) ;
#4523 = LINE ( 'NONE', #1867, #69 ) ;
#4524 = EDGE_CURVE ( 'NONE', #1231, #5553, #5133, .T. ) ;
#4525 = VERTEX_POINT ( 'NONE', #4328 ) ;
#4526 = DIRECTION ( 'NONE',  ( -0.000000000000000000, 1.000000000000000000, -0.000000000000000000 ) ) ;
#4527 = CARTESIAN_POINT ( 'NONE',  ( 86.51278580608645541, -6.799999999999949196, -90.50000000000000000 ) ) ;
#4528 = EDGE_LOOP ( 'NONE', ( #5041, #108 ) ) ;
#4529 = EDGE_CURVE ( 'NONE', #3399, #197, #1704, .T. ) ;
#4530 = CARTESIAN_POINT ( 'NONE',  ( -92.25000000000000000, -6.799999999999997158, -111.7500000000000000 ) ) ;
#4531 = VERTEX_POINT ( 'NONE', #2102 ) ;
#4532 = CARTESIAN_POINT ( 'NONE',  ( 102.5000000000003695, 0.000000000000000000, -54.99999999999928946 ) ) ;
#4533 = CARTESIAN_POINT ( 'NONE',  ( -49.49999999999997868, -161.0000000000000000, -3.500000000000345501 ) ) ;
#4534 = ADVANCED_FACE ( 'NONE', ( #2420 ), #3460, .F. ) ;
#4535 = DIRECTION ( 'NONE',  ( 0.000000000000000000, -1.000000000000000000, 0.000000000000000000 ) ) ;
#4536 = LINE ( 'NONE', #134, #3199 ) ;
#4537 = ORIENTED_EDGE ( 'NONE', *, *, #1155, .F. ) ;
#4538 = EDGE_CURVE ( 'NONE', #2147, #450, #347, .T. ) ;
#4539 = CARTESIAN_POINT ( 'NONE',  ( -89.77980979805916206, -6.799999999999998046, -89.54570289832186347 ) ) ;
#4540 = CARTESIAN_POINT ( 'NONE',  ( 102.5000000000003695, -4.299999999999999822, -54.24999999999928946 ) ) ;
#4541 = LINE ( 'NONE', #3240, #2921 ) ;
#4542 = CARTESIAN_POINT ( 'NONE',  ( 0.000000000000000000, -80.42391024741301919, -24.85000000000001208 ) ) ;
#4543 = ORIENTED_EDGE ( 'NONE', *, *, #4656, .F. ) ;
#4544 = DIRECTION ( 'NONE',  ( -1.000000000000000000, 0.000000000000000000, -3.491483361109382066E-15 ) ) ;
#4545 = CARTESIAN_POINT ( 'NONE',  ( 81.08542141072962295, -18.25984047254322107, -67.22694986712146203 ) ) ;
#4546 = VERTEX_POINT ( 'NONE', #3698 ) ;
#4547 = CARTESIAN_POINT ( 'NONE',  ( 50.50000000000036238, -4.000000000000000000, -102.4999999999998153 ) ) ;
#4548 = CARTESIAN_POINT ( 'NONE',  ( 29.60615890904457004, -93.40662962729982155, 19.09095103510846414 ) ) ;
#4549 = PLANE ( 'NONE',  #5214 ) ;
#4550 = EDGE_CURVE ( 'NONE', #3245, #3955, #5603, .T. ) ;
#4551 = EDGE_CURVE ( 'NONE', #2401, #4101, #2913, .T. ) ;
#4552 = CARTESIAN_POINT ( 'NONE',  ( -21.99999999999998224, -152.0000000000000000, 111.7500000000000000 ) ) ;
#4553 = DIRECTION ( 'NONE',  ( 0.000000000000000000, 0.000000000000000000, -1.000000000000000000 ) ) ;
#4554 = DIRECTION ( 'NONE',  ( 0.000000000000000000, 0.9986295347545739443, 0.05233595624294395260 ) ) ;
#4555 = ORIENTED_EDGE ( 'NONE', *, *, #3597, .F. ) ;
#4556 = FACE_OUTER_BOUND ( 'NONE', #332, .T. ) ;
#4557 = CARTESIAN_POINT ( 'NONE',  ( 35.94324274506098504, -152.0000000000000000, -16.68227048220686015 ) ) ;
#4558 = VECTOR ( 'NONE', #3534, 1000.000000000000000 ) ;
#4559 = DIRECTION ( 'NONE',  ( -7.709882115452474222E-15, 0.000000000000000000, 1.000000000000000000 ) ) ;
#4560 = DIRECTION ( 'NONE',  ( -6.938893903907230744E-15, 0.000000000000000000, 1.000000000000000000 ) ) ;
#4561 = ORIENTED_EDGE ( 'NONE', *, *, #4230, .F. ) ;
#4562 = AXIS2_PLACEMENT_3D ( 'NONE', #240, #317, #2884 ) ;
#4563 = ORIENTED_EDGE ( 'NONE', *, *, #5477, .T. ) ;
#4564 = ORIENTED_EDGE ( 'NONE', *, *, #4450, .T. ) ;
#4565 = CARTESIAN_POINT ( 'NONE',  ( 46.00000000000036238, -4.000000000000000000, -102.4999999999998295 ) ) ;
#4566 = FACE_BOUND ( 'NONE', #5591, .T. ) ;
#4567 = DIRECTION ( 'NONE',  ( 0.000000000000000000, 1.000000000000000000, 0.000000000000000000 ) ) ;
#4568 = CARTESIAN_POINT ( 'NONE',  ( -2.500000000000002220, -94.99730313167307827, 18.97890172748233795 ) ) ;
#4569 = EDGE_LOOP ( 'NONE', ( #2812, #1940, #2047, #2843 ) ) ;
#4570 = AXIS2_PLACEMENT_3D ( 'NONE', #4051, #4135, #617 ) ;
#4571 = AXIS2_PLACEMENT_3D ( 'NONE', #1870, #3624, #4089 ) ;
#4572 = EDGE_LOOP ( 'NONE', ( #4901, #1391, #5710, #1241, #854, #2141, #4327, #818, #5301, #5227, #1937, #3397, #2964, #4634, #5620, #231, #4400, #3465, #3196, #4247, #1043, #2872, #4800, #3590, #3413, #1827, #2616, #3964 ) ) ;
#4573 = DIRECTION ( 'NONE',  ( -0.05233595624294408444, 0.9986295347545739443, 0.000000000000000000 ) ) ;
#4574 = CARTESIAN_POINT ( 'NONE',  ( 64.30153062342968440, -40.04995675778859265, -43.86338670132415274 ) ) ;
#4575 = VERTEX_POINT ( 'NONE', #1210 ) ;
#4576 = AXIS2_PLACEMENT_3D ( 'NONE', #2069, #3825, #5601 ) ;
#4577 = CARTESIAN_POINT ( 'NONE',  ( -102.5000000000000000, 0.000000000000000000, 50.50000000000000000 ) ) ;
#4578 = CIRCLE ( 'NONE', #4770, 60.10000000000000853 ) ;
#4579 = CARTESIAN_POINT ( 'NONE',  ( 3.499999999999827249, 0.001000000000084266816, 49.50000000000001421 ) ) ;
#4580 = VECTOR ( 'NONE', #4198, 1000.000000000000000 ) ;
#4581 = CIRCLE ( 'NONE', #1166, 4.500000000000003553 ) ;
#4582 = DIRECTION ( 'NONE',  ( -1.000000000000000000, 0.000000000000000000, 0.000000000000000000 ) ) ;
#4583 = CARTESIAN_POINT ( 'NONE',  ( -50.49999999999964473, -4.299999999999999822, -102.5000000000001705 ) ) ;
#4584 = CARTESIAN_POINT ( 'NONE',  ( -39.64957412582953111, -93.02965821487541120, 1.276452536353861467 ) ) ;
#4585 = EDGE_LOOP ( 'NONE', ( #1327, #4107 ) ) ;
#4586 = CARTESIAN_POINT ( 'NONE',  ( 30.37374068244491099, -92.11276455629035809, 19.42079443834131069 ) ) ;
#4587 = ADVANCED_FACE ( 'NONE', ( #649 ), #3267, .T. ) ;
#4588 = CARTESIAN_POINT ( 'NONE',  ( -2.500000000000002220, -91.11488569816505390, -19.80798429566824126 ) ) ;
#4589 = EDGE_CURVE ( 'NONE', #3856, #390, #3720, .T. ) ;
#4590 = AXIS2_PLACEMENT_3D ( 'NONE', #4703, #2492, #1086 ) ;
#4591 = AXIS2_PLACEMENT_3D ( 'NONE', #5256, #2586, #1783 ) ;
#4592 = AXIS2_PLACEMENT_3D ( 'NONE', #2655, #4094, #3138 ) ;
#4593 = CARTESIAN_POINT ( 'NONE',  ( 102.5000000000003411, -4.299999999999999822, -50.49999999999928946 ) ) ;
#4594 = CIRCLE ( 'NONE', #4875, 3.750000000000003553 ) ;
#4595 = CARTESIAN_POINT ( 'NONE',  ( 102.4999999999996305, -6.799999999999998046, 53.00000000000071765 ) ) ;
#4596 = VERTEX_POINT ( 'NONE', #523 ) ;
#4597 = CARTESIAN_POINT ( 'NONE',  ( -11.59332887541340895, -152.0000000000000000, -18.37676056338029440 ) ) ;
#4598 = VERTEX_POINT ( 'NONE', #3948 ) ;
#4599 = DIRECTION ( 'NONE',  ( -0.000000000000000000, -1.000000000000000000, -0.000000000000000000 ) ) ;
#4600 = DIRECTION ( 'NONE',  ( -0.000000000000000000, -1.000000000000000000, 0.000000000000000000 ) ) ;
#4601 = LINE ( 'NONE', #650, #448 ) ;
#4602 = CARTESIAN_POINT ( 'NONE',  ( -39.64957412582953111, -93.02965821487541120, 1.276452536353861467 ) ) ;
#4603 = ORIENTED_EDGE ( 'NONE', *, *, #2551, .F. ) ;
#4604 = EDGE_CURVE ( 'NONE', #5639, #1565, #1449, .T. ) ;
#4605 = CARTESIAN_POINT ( 'NONE',  ( 73.62584690385398289, -19.28731040948945363, 73.62706509153512968 ) ) ;
#4606 = CARTESIAN_POINT ( 'NONE',  ( 94.21779216413418112, -4.956693540440277879, -86.27308516824921014 ) ) ;
#4607 = ORIENTED_EDGE ( 'NONE', *, *, #5321, .T. ) ;
#4608 = DIRECTION ( 'NONE',  ( 1.000000000000000000, 0.000000000000000000, 3.083952846180988111E-15 ) ) ;
#4609 = CARTESIAN_POINT ( 'NONE',  ( -40.53612236886952047, -90.08429612207216053, -10.63762474218123444 ) ) ;
#4610 = CARTESIAN_POINT ( 'NONE',  ( 21.99999999999998224, -152.0000000000000000, 2.500000000000000000 ) ) ;
#4611 = CARTESIAN_POINT ( 'NONE',  ( -21.99999999999998224, -80.01162596762468127, -2.500000000000000444 ) ) ;
#4612 = DIRECTION ( 'NONE',  ( 0.000000000000000000, 1.000000000000000000, 0.000000000000000000 ) ) ;
#4613 = ORIENTED_EDGE ( 'NONE', *, *, #3687, .F. ) ;
#4614 = CARTESIAN_POINT ( 'NONE',  ( -28.63262081801212133, -152.0000000000000000, -25.63262081801259384 ) ) ;
#4615 = CARTESIAN_POINT ( 'NONE',  ( 87.37904973333988323, -6.799999999999973177, 90.46272657736260214 ) ) ;
#4616 = DIRECTION ( 'NONE',  ( 0.000000000000000000, 1.000000000000000000, 0.000000000000000000 ) ) ;
#4617 = LINE ( 'NONE', #666, #1084 ) ;
#4618 = EDGE_CURVE ( 'NONE', #753, #758, #79, .T. ) ;
#4619 = VERTEX_POINT ( 'NONE', #413 ) ;
#4620 = DIRECTION ( 'NONE',  ( 0.000000000000000000, 0.000000000000000000, 1.000000000000000000 ) ) ;
#4621 = ORIENTED_EDGE ( 'NONE', *, *, #1486, .T. ) ;
#4622 = CARTESIAN_POINT ( 'NONE',  ( -16.68227048220648356, -152.0000000000000000, -35.94324274506115557 ) ) ;
#4623 = EDGE_CURVE ( 'NONE', #5488, #4798, #4917, .T. ) ;
#4624 = DIRECTION ( 'NONE',  ( 0.000000000000000000, 0.000000000000000000, -1.000000000000000000 ) ) ;
#4625 = CARTESIAN_POINT ( 'NONE',  ( -50.49999999999964473, -4.000000000000000000, -102.5000000000001705 ) ) ;
#4626 = ADVANCED_FACE ( 'NONE', ( #5348 ), #472, .F. ) ;
#4627 = CARTESIAN_POINT ( 'NONE',  ( -30.98345492017516634, -91.11488569816502547, -19.80798429566819152 ) ) ;
#4628 = ORIENTED_EDGE ( 'NONE', *, *, #3840, .F. ) ;
#4629 = EDGE_LOOP ( 'NONE', ( #1398, #1081, #4993, #2033 ) ) ;
#4630 = ADVANCED_FACE ( 'NONE', ( #3520 ), #890, .F. ) ;
#4631 = ORIENTED_EDGE ( 'NONE', *, *, #4746, .F. ) ;
#4632 = CARTESIAN_POINT ( 'NONE',  ( 88.96525773474185428, -9.898391798966564181, 85.84435368181719639 ) ) ;
#4633 = DIRECTION ( 'NONE',  ( 0.000000000000000000, -1.000000000000000000, 0.000000000000000000 ) ) ;
#4634 = ORIENTED_EDGE ( 'NONE', *, *, #337, .T. ) ;
#4635 = CARTESIAN_POINT ( 'NONE',  ( 102.4999999999996732, -4.299999999999999822, 46.75000000000071765 ) ) ;
#4636 = CARTESIAN_POINT ( 'NONE',  ( -39.52830301974811533, -93.33958169470815847, -18.84049894709492179 ) ) ;
#4637 = EDGE_CURVE ( 'NONE', #1927, #5320, #1726, .T. ) ;
#4638 = LINE ( 'NONE', #235, #3644 ) ;
#4639 = FACE_OUTER_BOUND ( 'NONE', #965, .T. ) ;
#4640 = DIRECTION ( 'NONE',  ( 0.000000000000000000, -0.3988045343244066565, -0.9170359553486946425 ) ) ;
#4641 = ORIENTED_EDGE ( 'NONE', *, *, #2112, .T. ) ;
#4642 = CARTESIAN_POINT ( 'NONE',  ( -92.25000000000000000, -6.799999999999997158, -111.7500000000000000 ) ) ;
#4643 = DIRECTION ( 'NONE',  ( 0.000000000000000000, -4.163336342344337815E-15, -1.000000000000000000 ) ) ;
#4644 = ADVANCED_BREP_SHAPE_REPRESENTATION ( '3HR0014-02 (Combine)', ( #3391, #4042 ), #5523 ) ;
#4645 = DIRECTION ( 'NONE',  ( 1.000000000000000000, 0.000000000000000000, 1.110223024625155436E-14 ) ) ;
#4646 = B_SPLINE_CURVE_WITH_KNOTS ( 'NONE', 3,
 ( #2260, #1806, #490, #1780 ),
 .UNSPECIFIED., .F., .F.,
 ( 4, 4 ),
 ( 0.000000000000000000, 0.003188910861314577481 ),
 .UNSPECIFIED. ) ;
#4647 = AXIS2_PLACEMENT_3D ( 'NONE', #5680, #338, #3846 ) ;
#4648 = VERTEX_POINT ( 'NONE', #2654 ) ;
#4649 = CARTESIAN_POINT ( 'NONE',  ( 102.5000000000003411, -6.799999999999998046, -50.49999999999928946 ) ) ;
#4650 = CARTESIAN_POINT ( 'NONE',  ( 102.4999999999996163, 0.000000000000000000, 55.00000000000072475 ) ) ;
#4651 = CARTESIAN_POINT ( 'NONE',  ( 89.23035914761088350, -6.799999999999974065, -89.88476645327374115 ) ) ;
#4652 = CARTESIAN_POINT ( 'NONE',  ( -102.5000000000000000, -4.299999999999999822, -50.50000000000000000 ) ) ;
#4653 = ORIENTED_EDGE ( 'NONE', *, *, #1629, .T. ) ;
#4654 = EDGE_CURVE ( 'NONE', #3458, #4745, #3109, .T. ) ;
#4655 = AXIS2_PLACEMENT_3D ( 'NONE', #3822, #3427, #3488 ) ;
#4656 = EDGE_CURVE ( 'NONE', #4180, #3657, #2179, .T. ) ;
#4657 = ADVANCED_FACE ( 'NONE', ( #5263 ), #4861, .T. ) ;
#4658 = ORIENTED_EDGE ( 'NONE', *, *, #3776, .F. ) ;
#4659 = ADVANCED_FACE ( 'NONE', ( #2707 ), #859, .F. ) ;
#4660 = ORIENTED_EDGE ( 'NONE', *, *, #5442, .T. ) ;
#4661 = CARTESIAN_POINT ( 'NONE',  ( 64.30316868813281417, -40.04749240542233935, 43.86564271742054189 ) ) ;
#4662 = CARTESIAN_POINT ( 'NONE',  ( 2.174903285192842262, -82.58267674723478535, 23.76699817050491959 ) ) ;
#4663 = ORIENTED_EDGE ( 'NONE', *, *, #4410, .T. ) ;
#4664 = DIRECTION ( 'NONE',  ( 0.2867141939519904370, 0.9579627186160626362, 0.01011932449242340486 ) ) ;
#4665 = CARTESIAN_POINT ( 'NONE',  ( -39.71749352138039768, -68.97948184095740487, -31.10455517019303784 ) ) ;
#4666 = EDGE_CURVE ( 'NONE', #1856, #4855, #2175, .T. ) ;
#4667 = AXIS2_PLACEMENT_3D ( 'NONE', #2808, #4513, #5034 ) ;
#4668 = CIRCLE ( 'NONE', #1533, 3.500000000000000000 ) ;
#4669 = CARTESIAN_POINT ( 'NONE',  ( -64.01775552416978599, -40.46333632785039924, 43.47234192835450273 ) ) ;
#4670 = DIRECTION ( 'NONE',  ( -7.930164461608261228E-15, 0.000000000000000000, 1.000000000000000000 ) ) ;
#4671 = CIRCLE ( 'NONE', #2174, 4.500000000000003553 ) ;
#4672 = DIRECTION ( 'NONE',  ( -0.000000000000000000, -0.000000000000000000, -1.000000000000000000 ) ) ;
#4673 = ORIENTED_EDGE ( 'NONE', *, *, #5571, .F. ) ;
#4674 = DIRECTION ( 'NONE',  ( 0.000000000000000000, 0.000000000000000000, -1.000000000000000000 ) ) ;
#4675 = CARTESIAN_POINT ( 'NONE',  ( 111.7500000000000000, -152.0000000000000000, -18.37676056338029440 ) ) ;
#4676 = AXIS2_PLACEMENT_3D ( 'NONE', #1817, #151, #3999 ) ;
#4677 = VECTOR ( 'NONE', #5374, 1000.000000000000000 ) ;
#4678 = AXIS2_PLACEMENT_3D ( 'NONE', #3042, #5247, #3122 ) ;
#4679 = LINE ( 'NONE', #5026, #700 ) ;
#4680 = CIRCLE ( 'NONE', #1075, 3.750000000000003553 ) ;
#4681 = AXIS2_PLACEMENT_3D ( 'NONE', #4758, #3423, #4640 ) ;
#4682 = ORIENTED_EDGE ( 'NONE', *, *, #4985, .T. ) ;
#4683 = CARTESIAN_POINT ( 'NONE',  ( -82.07241969672141124, -17.16950233217308863, -68.62473168998089079 ) ) ;
#4684 = EDGE_CURVE ( 'NONE', #1184, #2630, #4578, .T. ) ;
#4685 = ORIENTED_EDGE ( 'NONE', *, *, #1960, .F. ) ;
#4686 = AXIS2_PLACEMENT_3D ( 'NONE', #524, #3165, #4937 ) ;
#4687 = VECTOR ( 'NONE', #1202, 1000.000000000000000 ) ;
#4688 = DIRECTION ( 'NONE',  ( 0.000000000000000000, 1.000000000000000000, 0.000000000000000000 ) ) ;
#4689 = CARTESIAN_POINT ( 'NONE',  ( -58.00268410109696759, -38.23392607164348078, 53.93355870562798060 ) ) ;
#4690 = CARTESIAN_POINT ( 'NONE',  ( -102.5000000000000000, -6.799999999999998046, -50.50000000000000000 ) ) ;
#4691 = ORIENTED_EDGE ( 'NONE', *, *, #2683, .F. ) ;
#4692 = AXIS2_PLACEMENT_3D ( 'NONE', #4289, #2941, #855 ) ;
#4693 = TOROIDAL_SURFACE ( 'NONE', #3672, 9.271215684088122799, 2.500000000000000000 ) ;
#4694 = ORIENTED_EDGE ( 'NONE', *, *, #342, .T. ) ;
#4695 = ORIENTED_EDGE ( 'NONE', *, *, #5204, .F. ) ;
#4696 = CARTESIAN_POINT ( 'NONE',  ( 50.51973946939797599, -49.23243553826322483, 44.61858443535329144 ) ) ;
#4697 = CARTESIAN_POINT ( 'NONE',  ( 1.582903131302216826, -81.37303133502344110, 24.36964218910704716 ) ) ;
#4698 = ORIENTED_EDGE ( 'NONE', *, *, #4896, .T. ) ;
#4699 = EDGE_CURVE ( 'NONE', #1708, #1309, #1819, .T. ) ;
#4700 = DIRECTION ( 'NONE',  ( -1.000000000000000000, 0.000000000000000000, -5.551115123125777969E-15 ) ) ;
#4701 = CARTESIAN_POINT ( 'NONE',  ( -78.54092106928624162, -21.11129574099402717, -71.43409048677308704 ) ) ;
#4702 = DIRECTION ( 'NONE',  ( -0.000000000000000000, 1.000000000000000000, 0.000000000000000000 ) ) ;
#4703 = CARTESIAN_POINT ( 'NONE',  ( -50.50000000000108002, -4.000000000000000000, 102.4999999999994600 ) ) ;
#4704 = EDGE_LOOP ( 'NONE', ( #3923, #1898, #23, #3890, #913 ) ) ;
#4705 = DIRECTION ( 'NONE',  ( -0.2728184791566597434, 0.9322495016522495126, -0.2376571987123048679 ) ) ;
#4706 = ORIENTED_EDGE ( 'NONE', *, *, #342, .F. ) ;
#4707 = EDGE_CURVE ( 'NONE', #1250, #1856, #2218, .T. ) ;
#4708 = CARTESIAN_POINT ( 'NONE',  ( -13.08227048220648214, -152.0000000000000000, -35.94324274506112715 ) ) ;
#4709 = CARTESIAN_POINT ( 'NONE',  ( -55.00000000000108002, -6.799999999999998046, 102.4999999999994316 ) ) ;
#4710 = DIRECTION ( 'NONE',  ( 0.000000000000000000, -1.000000000000000000, 0.000000000000000000 ) ) ;
#4711 = ORIENTED_EDGE ( 'NONE', *, *, #4239, .F. ) ;
#4712 = CYLINDRICAL_SURFACE ( 'NONE', #3353, 2.500000000000002220 ) ;
#4713 = ORIENTED_EDGE ( 'NONE', *, *, #3998, .T. ) ;
#4714 = ADVANCED_FACE ( 'NONE', ( #4352 ), #4380, .F. ) ;
#4715 = EDGE_LOOP ( 'NONE', ( #2570, #267, #612, #3218 ) ) ;
#4716 = DIRECTION ( 'NONE',  ( 1.332573921340427876E-16, -0.9986295347545739443, -0.05233595624294395260 ) ) ;
#4717 = CARTESIAN_POINT ( 'NONE',  ( 91.88389868423708151, -6.799999999999970512, -86.34393463310959760 ) ) ;
#4718 = DIRECTION ( 'NONE',  ( 0.000000000000000000, -1.000000000000000000, 0.000000000000000000 ) ) ;
#4719 = ORIENTED_EDGE ( 'NONE', *, *, #5658, .T. ) ;
#4720 = EDGE_LOOP ( 'NONE', ( #5609, #3033, #5451, #4555 ) ) ;
#4721 = ORIENTED_EDGE ( 'NONE', *, *, #1647, .T. ) ;
#4722 = CARTESIAN_POINT ( 'NONE',  ( 61.37138488621095433, -44.51019818262924588, 39.82895612712864164 ) ) ;
#4723 = DIRECTION ( 'NONE',  ( 0.000000000000000000, 0.000000000000000000, 1.000000000000000000 ) ) ;
#4724 = ORIENTED_EDGE ( 'NONE', *, *, #4156, .F. ) ;
#4725 = CARTESIAN_POINT ( 'NONE',  ( -64.30316868812901987, -40.04749240542808053, -43.86564271743969812 ) ) ;
#4726 =( BOUNDED_CURVE ( )  B_SPLINE_CURVE ( 3, ( #71, #3576, #1383, #4912 ),
 .UNSPECIFIED., .F., .F. ) 
 B_SPLINE_CURVE_WITH_KNOTS ( ( 4, 4 ),
 ( 4.462776901768519267, 4.701825992981636837 ),
 .UNSPECIFIED. ) 
 CURVE ( )  GEOMETRIC_REPRESENTATION_ITEM ( )  RATIONAL_B_SPLINE_CURVE ( ( 1.000000000000000000, 0.9952436275540109678, 0.9952436275540109678, 1.000000000000000000 ) ) 
 REPRESENTATION_ITEM ( '' )  );
#4727 = CARTESIAN_POINT ( 'NONE',  ( -48.59715430910962652, -68.50338154357494602, 22.17368771320904131 ) ) ;
#4728 = CARTESIAN_POINT ( 'NONE',  ( -30.98345492017520542, -91.11488569816498284, 19.80798429566816665 ) ) ;
#4729 = VERTEX_POINT ( 'NONE', #5290 ) ;
#4730 = DIRECTION ( 'NONE',  ( 0.000000000000000000, 1.000000000000000000, 0.000000000000000000 ) ) ;
#4731 = ORIENTED_EDGE ( 'NONE', *, *, #5239, .F. ) ;
#4732 = DIRECTION ( 'NONE',  ( 0.000000000000000000, 1.000000000000000000, 0.000000000000000000 ) ) ;
#4733 = CARTESIAN_POINT ( 'NONE',  ( 91.88248238270313095, -6.799999999999972289, 86.34919791354451490 ) ) ;
#4734 = EDGE_CURVE ( 'NONE', #1019, #4546, #4851, .T. ) ;
#4735 = ADVANCED_FACE ( 'NONE', ( #5429 ), #605, .F. ) ;
#4736 = DIRECTION ( 'NONE',  ( 0.000000000000000000, -0.9999442121672829087, -0.01056279097359810390 ) ) ;
#4737 = CARTESIAN_POINT ( 'NONE',  ( 2.175277291140473857, -82.58384706907298778, -23.76642056200232034 ) ) ;
#4738 = CARTESIAN_POINT ( 'NONE',  ( 40.24644256073405302, -91.01997025943575181, -10.20974001386704444 ) ) ;
#4739 = VERTEX_POINT ( 'NONE', #2799 ) ;
#4740 = CARTESIAN_POINT ( 'NONE',  ( -43.49509476788575313, -81.12130750453782468, -14.95524214871601920 ) ) ;
#4741 = VERTEX_POINT ( 'NONE', #2328 ) ;
#4742 = CARTESIAN_POINT ( 'NONE',  ( 2.500000000000002220, -152.0000000000000000, -18.37676056338029440 ) ) ;
#4743 = CIRCLE ( 'NONE', #3633, 4.500000000000003553 ) ;
#4744 = CARTESIAN_POINT ( 'NONE',  ( 89.95762628993142584, -6.799999999999972289, -89.41199848014224472 ) ) ;
#4745 = VERTEX_POINT ( 'NONE', #636 ) ;
#4746 = EDGE_CURVE ( 'NONE', #5639, #5190, #1472, .T. ) ;
#4747 = CARTESIAN_POINT ( 'NONE',  ( -50.49999999999964473, 0.000000000000000000, -102.5000000000001705 ) ) ;
#4748 = AXIS2_PLACEMENT_3D ( 'NONE', #3740, #2045, #2473 ) ;
#4749 = CARTESIAN_POINT ( 'NONE',  ( -102.5000000000000000, -4.299999999999999822, -48.00000000000000000 ) ) ;
#4750 = ORIENTED_EDGE ( 'NONE', *, *, #2298, .T. ) ;
#4751 = DIRECTION ( 'NONE',  ( 0.000000000000000000, 0.9965049363970237550, -0.08353389573319150441 ) ) ;
#4752 = ORIENTED_EDGE ( 'NONE', *, *, #3529, .T. ) ;
#4753 = CARTESIAN_POINT ( 'NONE',  ( -50.93464427582560461, -63.35607397537343388, -34.56927362489188482 ) ) ;
#4754 = CIRCLE ( 'NONE', #2724, 10.00000000000000000 ) ;
#4755 = CYLINDRICAL_SURFACE ( 'NONE', #3922, 3.750000000000003553 ) ;
#4756 = CARTESIAN_POINT ( 'NONE',  ( -50.93388711842632688, -63.35766195273556178, 34.56825820379208380 ) ) ;
#4757 = EDGE_LOOP ( 'NONE', ( #3045, #2194, #3451, #2545 ) ) ;
#4758 = CARTESIAN_POINT ( 'NONE',  ( 30.98345492017520186, -87.12684035492095802, -10.63762474218123621 ) ) ;
#4759 = ORIENTED_EDGE ( 'NONE', *, *, #4896, .F. ) ;
#4760 = DIRECTION ( 'NONE',  ( -1.000000000000000000, 0.000000000000000000, -3.083952846180988111E-15 ) ) ;
#4761 = CARTESIAN_POINT ( 'NONE',  ( -102.5000000000000000, -6.799999999999998046, 50.50000000000000000 ) ) ;
#4762 = AXIS2_PLACEMENT_3D ( 'NONE', #2910, #275, #1118 ) ;
#4763 = CYLINDRICAL_SURFACE ( 'NONE', #3006, 2.500000000000002220 ) ;
#4764 = ORIENTED_EDGE ( 'NONE', *, *, #1598, .T. ) ;
#4765 = EDGE_CURVE ( 'NONE', #197, #1471, #1496, .T. ) ;
#4766 = CARTESIAN_POINT ( 'NONE',  ( -21.65138348864011775, -153.1647892850141375, -8.394186803201364455 ) ) ;
#4767 = CARTESIAN_POINT ( 'NONE',  ( -46.75000000000107292, -4.000000000000000000, 102.4999999999995026 ) ) ;
#4768 = CARTESIAN_POINT ( 'NONE',  ( 37.50000000000000000, -152.0000000000000000, -2.500000000000000000 ) ) ;
#4769 = LINE ( 'NONE', #2569, #3265 ) ;
#4770 = AXIS2_PLACEMENT_3D ( 'NONE', #2622, #4001, #3543 ) ;
#4771 = AXIS2_PLACEMENT_3D ( 'NONE', #851, #3906, #5282 ) ;
#4772 = ORIENTED_EDGE ( 'NONE', *, *, #1412, .T. ) ;
#4773 = DIRECTION ( 'NONE',  ( -0.000000000000000000, 1.000000000000000000, -0.000000000000000000 ) ) ;
#4774 = VECTOR ( 'NONE', #5594, 1000.000000000000000 ) ;
#4775 = AXIS2_PLACEMENT_3D ( 'NONE', #2532, #4296, #359 ) ;
#4776 = CARTESIAN_POINT ( 'NONE',  ( -45.75342456115466661, -57.27943891837444568, -38.67942313342497584 ) ) ;
#4777 = EDGE_LOOP ( 'NONE', ( #5566, #4518, #3056, #3470 ) ) ;
#4778 = ADVANCED_FACE ( 'NONE', ( #3627 ), #5699, .T. ) ;
#4779 = AXIS2_PLACEMENT_3D ( 'NONE', #971, #583, #5317 ) ;
#4780 = AXIS2_PLACEMENT_3D ( 'NONE', #1577, #3727, #3333 ) ;
#4781 = CARTESIAN_POINT ( 'NONE',  ( 97.99999999999964473, -4.000000000000000000, 50.50000000000068923 ) ) ;
#4782 = CARTESIAN_POINT ( 'NONE',  ( 102.5000000000003411, -4.299999999999999822, -50.49999999999928946 ) ) ;
#4783 = CIRCLE ( 'NONE', #4692, 193.9999999999999432 ) ;
#4784 = DIRECTION ( 'NONE',  ( -1.000000000000000000, -0.000000000000000000, -0.000000000000000000 ) ) ;
#4785 = ORIENTED_EDGE ( 'NONE', *, *, #1178, .T. ) ;
#4786 = FACE_OUTER_BOUND ( 'NONE', #1473, .T. ) ;
#4787 = VERTEX_POINT ( 'NONE', #3255 ) ;
#4788 = CARTESIAN_POINT ( 'NONE',  ( -84.64456704168053136, -8.436091369399777662, -87.98078627669951857 ) ) ;
#4789 = CIRCLE ( 'NONE', #1466, 3.600000000000000977 ) ;
#4790 = EDGE_CURVE ( 'NONE', #2887, #3820, #1909, .T. ) ;
#4791 = DIRECTION ( 'NONE',  ( -0.000000000000000000, 1.000000000000000000, -0.000000000000000000 ) ) ;
#4792 = CARTESIAN_POINT ( 'NONE',  ( -64.89339764493252005, -39.16505609420327971, 44.67864799859718516 ) ) ;
#4793 = CARTESIAN_POINT ( 'NONE',  ( -39.64957412582953111, -93.02965821487541120, 9.598177407316763166 ) ) ;
#4794 = ORIENTED_EDGE ( 'NONE', *, *, #1612, .T. ) ;
#4795 = EDGE_CURVE ( 'NONE', #4648, #5074, #2277, .T. ) ;
#4796 = CARTESIAN_POINT ( 'NONE',  ( -55.00000000000108002, 0.000000000000000000, 102.4999999999994316 ) ) ;
#4797 = CARTESIAN_POINT ( 'NONE',  ( 89.95550298848648652, -6.799999999999973177, 89.41369949549279283 ) ) ;
#4798 = VERTEX_POINT ( 'NONE', #4584 ) ;
#4799 = CARTESIAN_POINT ( 'NONE',  ( 75.55747261235990209, -17.26351306668719232, 76.10497105718238231 ) ) ;
#4800 = ORIENTED_EDGE ( 'NONE', *, *, #3855, .F. ) ;
#4801 = DIRECTION ( 'NONE',  ( 0.000000000000000000, 0.000000000000000000, 1.000000000000000000 ) ) ;
#4802 = CARTESIAN_POINT ( 'NONE',  ( -9.482270482206480722, -152.0000000000000000, -35.94324274506109163 ) ) ;
#4803 = LINE ( 'NONE', #1353, #1824 ) ;
#4804 = CARTESIAN_POINT ( 'NONE',  ( -22.63262081801212489, -152.0000000000000000, -25.63262081801252990 ) ) ;
#4805 = ORIENTED_EDGE ( 'NONE', *, *, #2478, .F. ) ;
#4806 = EDGE_LOOP ( 'NONE', ( #5653, #1901, #3285, #3546 ) ) ;
#4807 = ADVANCED_FACE ( 'NONE', ( #5458 ), #3284, .T. ) ;
#4808 = DIRECTION ( 'NONE',  ( -1.224646799147349509E-16, 0.000000000000000000, -1.000000000000000000 ) ) ;
#4809 = CARTESIAN_POINT ( 'NONE',  ( -102.5000000000000000, -6.799999999999998046, -53.00000000000000711 ) ) ;
#4810 = EDGE_LOOP ( 'NONE', ( #4663, #1300, #5343, #4361 ) ) ;
#4811 = ADVANCED_FACE ( 'NONE', ( #4170 ), #581, .F. ) ;
#4812 = CARTESIAN_POINT ( 'NONE',  ( 7.482591942790329227E-15, -161.0000000000000000, 61.10000000000000853 ) ) ;
#4813 = FACE_OUTER_BOUND ( 'NONE', #242, .T. ) ;
#4814 = FACE_BOUND ( 'NONE', #3514, .T. ) ;
#4815 = ORIENTED_EDGE ( 'NONE', *, *, #570, .F. ) ;
#4816 = CARTESIAN_POINT ( 'NONE',  ( -50.49999999999964473, -6.799999999999998046, -102.5000000000001705 ) ) ;
#4817 = CARTESIAN_POINT ( 'NONE',  ( 28.65399519163803888, -94.99730313167309248, 18.97890172748229887 ) ) ;
#4818 = EDGE_CURVE ( 'NONE', #1254, #4203, #532, .T. ) ;
#4819 = CARTESIAN_POINT ( 'NONE',  ( -3.500000000000173195, -152.0000000000000000, 49.49999999999998579 ) ) ;
#4820 = CARTESIAN_POINT ( 'NONE',  ( 41.98384719613266469, -85.40810316403346292, -12.77605250746198173 ) ) ;
#4821 = ORIENTED_EDGE ( 'NONE', *, *, #980, .F. ) ;
#4822 = FACE_OUTER_BOUND ( 'NONE', #5152, .T. ) ;
#4823 = CARTESIAN_POINT ( 'NONE',  ( 50.49999999999892708, -4.000000000000000000, 102.5000000000005258 ) ) ;
#4824 = FACE_OUTER_BOUND ( 'NONE', #4839, .T. ) ;
#4825 = DIRECTION ( 'NONE',  ( 0.000000000000000000, 0.3988045343244068786, -0.9170359553486946425 ) ) ;
#4826 = FACE_OUTER_BOUND ( 'NONE', #3484, .T. ) ;
#4827 = EDGE_LOOP ( 'NONE', ( #3678, #5386, #3115, #2056 ) ) ;
#4828 = CARTESIAN_POINT ( 'NONE',  ( -52.35719485845611842, -60.55176364418793611, -27.40704863943413017 ) ) ;
#4829 = EDGE_LOOP ( 'NONE', ( #582, #2774 ) ) ;
#4830 = ORIENTED_EDGE ( 'NONE', *, *, #5341, .T. ) ;
#4831 = CYLINDRICAL_SURFACE ( 'NONE', #968, 3.750000000000003553 ) ;
#4832 = ORIENTED_EDGE ( 'NONE', *, *, #4654, .T. ) ;
#4833 = CARTESIAN_POINT ( 'NONE',  ( -80.99653772037416388, -11.84350355043742020, -83.17080738592464684 ) ) ;
#4834 = ORIENTED_EDGE ( 'NONE', *, *, #881, .T. ) ;
#4835 = CARTESIAN_POINT ( 'NONE',  ( -99.75000000000000000, -2.369160109392640212, -99.75000000000001421 ) ) ;
#4836 = DIRECTION ( 'NONE',  ( 7.401486830834369573E-15, 0.000000000000000000, -1.000000000000000000 ) ) ;
#4837 = EDGE_CURVE ( 'NONE', #390, #1556, #1542, .T. ) ;
#4838 = CARTESIAN_POINT ( 'NONE',  ( -40.00000000000000000, -91.85882352941172257, -8.673617379884035472E-16 ) ) ;
#4839 = EDGE_LOOP ( 'NONE', ( #5615, #2060, #1633, #1450, #4258, #1986, #204, #4943, #3035 ) ) ;
#4840 = ADVANCED_FACE ( 'NONE', ( #2824 ), #2388, .F. ) ;
#4841 = CARTESIAN_POINT ( 'NONE',  ( 49.50000000000000000, -152.0000000000000000, 3.500000000000000000 ) ) ;
#4842 = EDGE_CURVE ( 'NONE', #2953, #3657, #5516, .T. ) ;
#4843 = CIRCLE ( 'NONE', #3077, 193.9999999999999432 ) ;
#4844 = CARTESIAN_POINT ( 'NONE',  ( -30.98345492017519476, -91.11488569816502547, -19.80798429566818442 ) ) ;
#4845 = CYLINDRICAL_SURFACE ( 'NONE', #3667, 2.500000000000002220 ) ;
#4846 = VERTEX_POINT ( 'NONE', #970 ) ;
#4847 = EDGE_CURVE ( 'NONE', #3643, #4311, #2742, .T. ) ;
#4848 = CARTESIAN_POINT ( 'NONE',  ( -3.499999999999481304, -161.0000000000000000, -49.50000000000003553 ) ) ;
#4849 = CARTESIAN_POINT ( 'NONE',  ( 88.84122069375132469, -6.799999999999974065, 90.06856403644339082 ) ) ;
#4850 = CARTESIAN_POINT ( 'NONE',  ( 39.59896361185671054, -69.23436064747049556, 30.95451261882950078 ) ) ;
#4851 = LINE ( 'NONE', #1985, #4301 ) ;
#4852 = CARTESIAN_POINT ( 'NONE',  ( -102.5000000000000000, -6.799999999999998046, 50.50000000000000000 ) ) ;
#4853 = ORIENTED_EDGE ( 'NONE', *, *, #5092, .F. ) ;
#4854 = LINE ( 'NONE', #893, #4181 ) ;
#4855 = VERTEX_POINT ( 'NONE', #266 ) ;
#4856 = CIRCLE ( 'NONE', #1344, 4.500000000000003553 ) ;
#4857 = AXIS2_PLACEMENT_3D ( 'NONE', #2350, #2820, #603 ) ;
#4858 = FACE_OUTER_BOUND ( 'NONE', #1890, .T. ) ;
#4859 = CARTESIAN_POINT ( 'NONE',  ( -67.57285206799164712, -26.04318549590332310, -65.92882766079942769 ) ) ;
#4860 = VECTOR ( 'NONE', #4710, 1000.000000000000000 ) ;
#4861 = TOROIDAL_SURFACE ( 'NONE', #4024, 9.271215684088122799, 2.500000000000000000 ) ;
#4862 = AXIS2_PLACEMENT_3D ( 'NONE', #2491, #2091, #1137 ) ;
#4863 = APPLICATION_PROTOCOL_DEFINITION ( 'draft international standard', 'automotive_design', 1998, #3540 ) ;
#4864 = EDGE_LOOP ( 'NONE', ( #1747, #1810 ) ) ;
#4865 = EDGE_CURVE ( 'NONE', #5074, #4648, #5047, .T. ) ;
#4866 = VECTOR ( 'NONE', #1857, 1000.000000000000000 ) ;
#4867 = VERTEX_POINT ( 'NONE', #1230 ) ;
#4868 = CARTESIAN_POINT ( 'NONE',  ( 29.13208362041923394, -94.19861422712099852, -18.98733858210785996 ) ) ;
#4869 = CARTESIAN_POINT ( 'NONE',  ( 102.5000000000003411, -6.799999999999998046, -50.49999999999928946 ) ) ;
#4870 = DIRECTION ( 'NONE',  ( -0.000000000000000000, -1.000000000000000000, -0.000000000000000000 ) ) ;
#4871 = ORIENTED_EDGE ( 'NONE', *, *, #1196, .F. ) ;
#4872 = CARTESIAN_POINT ( 'NONE',  ( -49.50000000000000000, -161.0000000000000000, -3.456568527498288751E-13 ) ) ;
#4873 = CIRCLE ( 'NONE', #5246, 11.99999999999999645 ) ;
#4874 = AXIS2_PLACEMENT_3D ( 'NONE', #1987, #5081, #4674 ) ;
#4875 = AXIS2_PLACEMENT_3D ( 'NONE', #4652, #2079, #2871 ) ;
#4876 = DIRECTION ( 'NONE',  ( 1.000000000000000000, 0.000000000000000000, 0.000000000000000000 ) ) ;
#4877 = DIRECTION ( 'NONE',  ( 0.000000000000000000, -1.000000000000000000, 0.000000000000000000 ) ) ;
#4878 = ORIENTED_EDGE ( 'NONE', *, *, #1912, .T. ) ;
#4879 = CARTESIAN_POINT ( 'NONE',  ( 38.20518561449361528, -97.85561512333907785, -18.94870829095063058 ) ) ;
#4880 = CARTESIAN_POINT ( 'NONE',  ( 25.63262081801229542, 0.001000000000084266816, -25.63262081801239134 ) ) ;
#4881 = AXIS2_PLACEMENT_3D ( 'NONE', #380, #1297, #2123 ) ;
#4882 = CIRCLE ( 'NONE', #5618, 3.750000000000003553 ) ;
#4883 = EDGE_CURVE ( 'NONE', #3085, #1048, #3852, .T. ) ;
#4884 = DIRECTION ( 'NONE',  ( 1.000000000000000000, 0.000000000000000000, 0.000000000000000000 ) ) ;
#4885 = EDGE_LOOP ( 'NONE', ( #2160, #4621, #1915, #4961 ) ) ;
#4886 = DIRECTION ( 'NONE',  ( 1.000000000000000000, 0.000000000000000000, 3.469446951953615372E-15 ) ) ;
#4887 = DIRECTION ( 'NONE',  ( -1.000000000000000000, -0.000000000000000000, -0.000000000000000000 ) ) ;
#4888 = DIRECTION ( 'NONE',  ( 0.000000000000000000, -1.000000000000000000, -0.000000000000000000 ) ) ;
#4889 = EDGE_LOOP ( 'NONE', ( #2095, #3407, #3537, #2972 ) ) ;
#4890 = EDGE_CURVE ( 'NONE', #962, #2444, #740, .T. ) ;
#4891 = LINE ( 'NONE', #866, #5696 ) ;
#4892 = ORIENTED_EDGE ( 'NONE', *, *, #4061, .T. ) ;
#4893 = DIRECTION ( 'NONE',  ( 0.000000000000000000, -1.000000000000000000, 0.000000000000000000 ) ) ;
#4894 = VERTEX_POINT ( 'NONE', #2939 ) ;
#4895 = EDGE_CURVE ( 'NONE', #3247, #5335, #2556, .T. ) ;
#4896 = EDGE_CURVE ( 'NONE', #2602, #49, #2643, .T. ) ;
#4897 = PLANE ( 'NONE',  #2089 ) ;
#4898 = CARTESIAN_POINT ( 'NONE',  ( 98.00000000000034106, -4.000000000000000000, -50.49999999999931788 ) ) ;
#4899 = CARTESIAN_POINT ( 'NONE',  ( -41.98384719611968308, -85.40810316407537073, 12.77605250755169131 ) ) ;
#4900 = LINE ( 'NONE', #1690, #5055 ) ;
#4901 = ORIENTED_EDGE ( 'NONE', *, *, #3676, .T. ) ;
#4902 = DIRECTION ( 'NONE',  ( -7.930164461608261228E-15, 0.000000000000000000, 1.000000000000000000 ) ) ;
#4903 = PLANE ( 'NONE',  #1558 ) ;
#4904 = CARTESIAN_POINT ( 'NONE',  ( 35.94324274506098504, 0.001000000000084266816, -13.08227048220685695 ) ) ;
#4905 = ORIENTED_EDGE ( 'NONE', *, *, #1273, .T. ) ;
#4906 = CARTESIAN_POINT ( 'NONE',  ( 28.65399519163802822, -94.99730313167312090, -18.97890172748230597 ) ) ;
#4907 = DIRECTION ( 'NONE',  ( 0.000000000000000000, 0.000000000000000000, -1.000000000000000000 ) ) ;
#4908 = ORIENTED_EDGE ( 'NONE', *, *, #404, .T. ) ;
#4909 = CARTESIAN_POINT ( 'NONE',  ( 50.49999999999892708, -4.299999999999999822, 102.5000000000005258 ) ) ;
#4910 = ORIENTED_EDGE ( 'NONE', *, *, #2075, .T. ) ;
#4911 = CARTESIAN_POINT ( 'NONE',  ( 50.49999999999892708, -6.799999999999998046, 102.5000000000005258 ) ) ;
#4912 = CARTESIAN_POINT ( 'NONE',  ( 38.23411289587082251, -97.75896397144340710, 8.979459605809473999 ) ) ;
#4913 = CARTESIAN_POINT ( 'NONE',  ( 37.50000000000000000, -80.01162596762468127, 0.000000000000000000 ) ) ;
#4914 = DIRECTION ( 'NONE',  ( -0.000000000000000000, -0.000000000000000000, -1.000000000000000000 ) ) ;
#4915 = EDGE_CURVE ( 'NONE', #1048, #4739, #3014, .T. ) ;
#4916 = ORIENTED_EDGE ( 'NONE', *, *, #953, .F. ) ;
#4917 =( BOUNDED_CURVE ( )  B_SPLINE_CURVE ( 3, ( #5698, #3057, #1351, #919 ),
 .UNSPECIFIED., .F., .T. ) 
 B_SPLINE_CURVE_WITH_KNOTS ( ( 4, 4 ),
 ( 3.141592653589792672, 3.677453040552530084 ),
 .UNSPECIFIED. ) 
 CURVE ( )  GEOMETRIC_REPRESENTATION_ITEM ( )  RATIONAL_B_SPLINE_CURVE ( ( 1.000000000000000000, 0.9762139426625570104, 0.9762139426625570104, 1.000000000000000000 ) ) 
 REPRESENTATION_ITEM ( '' )  );
#4918 = CARTESIAN_POINT ( 'NONE',  ( -29.13097945814998013, -94.20045882763456291, -18.98731909689116293 ) ) ;
#4919 = CARTESIAN_POINT ( 'NONE',  ( 99.75000000000000000, -6.799999999999972289, -99.75000000000000000 ) ) ;
#4920 = ORIENTED_EDGE ( 'NONE', *, *, #4033, .T. ) ;
#4921 = CARTESIAN_POINT ( 'NONE',  ( -88.64056863342507597, -6.799999999999998046, -90.14773907665394859 ) ) ;
#4922 = CARTESIAN_POINT ( 'NONE',  ( -92.25000000000000000, -6.799999999999997158, 111.7500000000000000 ) ) ;
#4923 = CARTESIAN_POINT ( 'NONE',  ( -61.68612404256127490, -33.31364734344452927, 58.53462503211021328 ) ) ;
#4924 = DIRECTION ( 'NONE',  ( -1.000000000000000000, -0.000000000000000000, -0.000000000000000000 ) ) ;
#4925 = ORIENTED_EDGE ( 'NONE', *, *, #1412, .F. ) ;
#4926 = CARTESIAN_POINT ( 'NONE',  ( 111.7500000000000000, -95.10293104140906451, 28.97834384915512729 ) ) ;
#4927 = DIRECTION ( 'NONE',  ( 1.000000000000000000, 0.000000000000000000, 0.000000000000000000 ) ) ;
#4928 = VECTOR ( 'NONE', #1197, 1000.000000000000114 ) ;
#4929 = CARTESIAN_POINT ( 'NONE',  ( 52.73907269192261538, -59.78717664282648769, -27.93622406605217279 ) ) ;
#4930 = ORIENTED_EDGE ( 'NONE', *, *, #1573, .T. ) ;
#4931 = CARTESIAN_POINT ( 'NONE',  ( 39.64957412582638341, -93.02965821488605513, -9.598177407314073761 ) ) ;
#4932 = DIRECTION ( 'NONE',  ( 0.000000000000000000, 0.000000000000000000, -1.000000000000000000 ) ) ;
#4933 = CARTESIAN_POINT ( 'NONE',  ( -52.99999999999964473, -6.799999999999998046, -102.5000000000001847 ) ) ;
#4934 = FACE_OUTER_BOUND ( 'NONE', #489, .T. ) ;
#4935 = ORIENTED_EDGE ( 'NONE', *, *, #501, .F. ) ;
#4936 = DIRECTION ( 'NONE',  ( -0.000000000000000000, -1.000000000000000000, 0.000000000000000000 ) ) ;
#4937 = DIRECTION ( 'NONE',  ( -1.000000000000000000, 0.000000000000000000, -9.251858538542964333E-15 ) ) ;
#4938 = CARTESIAN_POINT ( 'NONE',  ( 111.7500000000000000, -6.799999999999949196, -90.50000000000000000 ) ) ;
#4939 = EDGE_CURVE ( 'NONE', #4288, #2285, #378, .T. ) ;
#4940 = CARTESIAN_POINT ( 'NONE',  ( 49.50000000000000000, -161.0000000000000000, -3.500000000000000000 ) ) ;
#4941 = ORIENTED_EDGE ( 'NONE', *, *, #2310, .F. ) ;
#4942 = FACE_OUTER_BOUND ( 'NONE', #1343, .T. ) ;
#4943 = ORIENTED_EDGE ( 'NONE', *, *, #1469, .T. ) ;
#4944 = CIRCLE ( 'NONE', #5495, 4.500000000000003553 ) ;
#4945 = AXIS2_PLACEMENT_3D ( 'NONE', #3598, #4119, #4500 ) ;
#4946 =( BOUNDED_SURFACE ( )  B_SPLINE_SURFACE ( 3, 2, ( 
 ( #936, #2701, #515 ),
 ( #2212, #2264, #4820 ),
 ( #3450, #3536, #5217 ),
 ( #3023, #853, #2615 ),
 ( #4372, #466, #572 ),
 ( #144, #1926, #4929 ),
 ( #596, #4111, #3246 ),
 ( #547, #4062, #2815 ),
 ( #120, #2381, #627 ),
 ( #181, #4520, #4574 ),
 ( #2730, #3681, #2791 ),
 ( #1889, #4141, #207 ),
 ( #1462, #2319, #3704 ),
 ( #1950, #3646, #4987 ),
 ( #1864, #5422, #4492 ),
 ( #3221, #4083, #1401 ),
 ( #1488, #5474, #3156 ),
 ( #1021, #2849, #4545 ),
 ( #655, #1052, #3273 ),
 ( #1514, #1080, #2344 ),
 ( #5450, #5040, #5013 ),
 ( #4960, #3619, #4606 ) ),
 .UNSPECIFIED., .F., .F., .F. ) 
 B_SPLINE_SURFACE_WITH_KNOTS ( ( 4, 2, 2, 2, 2, 2, 2, 2, 2, 2, 4 ),
 ( 3, 3 ),
 ( 0.05074615827403433643, 0.06725972227946647175, 0.08377328628489859319, 0.1002868502903307146, 0.1168004142957628499, 0.1209288052971208699, 0.1250571962984788899, 0.1333139783011949575, 0.1498275423066270928, 0.1663411063120592281, 0.1828546703174913635 ),
 ( 0.000000000000000000, 1.000000000000000000 ),
 .UNSPECIFIED. ) 
 GEOMETRIC_REPRESENTATION_ITEM ( )  RATIONAL_B_SPLINE_SURFACE ( (
 ( 1.000000000000000000, 0.7476445268308915537, 1.000000000000000000),
 ( 1.000000000000000000, 0.7532434283849924750, 1.000000000000000000),
 ( 1.000000000000000000, 0.7591613623661356280, 1.000000000000000000),
 ( 1.000000000000000000, 0.7714239904614205168, 1.000000000000000000),
 ( 1.000000000000000000, 0.7777683300265378907, 1.000000000000000000),
 ( 1.000000000000000000, 0.7907096448157366897, 1.000000000000000000),
 ( 1.000000000000000000, 0.7973069283814899766, 1.000000000000000000),
 ( 1.000000000000000000, 0.8106130803477615832, 1.000000000000000000),
 ( 1.000000000000000000, 0.8173221885170727230, 1.000000000000000000),
 ( 1.000000000000000000, 0.8257048107488060840, 1.000000000000000000),
 ( 1.000000000000000000, 0.8273811950813667604, 1.000000000000000000),
 ( 1.000000000000000000, 0.8307320181175221752, 1.000000000000000000),
 ( 1.000000000000000000, 0.8324073692228108889, 1.000000000000000000),
 ( 1.000000000000000000, 0.8374082822539185011, 1.000000000000000000),
 ( 1.000000000000000000, 0.8407148644891860867, 1.000000000000000000),
 ( 1.000000000000000000, 0.8505385872880963927, 1.000000000000000000),
 ( 1.000000000000000000, 0.8569592803569519024, 1.000000000000000000),
 ( 1.000000000000000000, 0.8694821335743441182, 1.000000000000000000),
 ( 1.000000000000000000, 0.8755844882471389701, 1.000000000000000000),
 ( 1.000000000000000000, 0.8874207951787381754, 1.000000000000000000),
 ( 1.000000000000000000, 0.8931549642223252095, 1.000000000000000000),
 ( 1.000000000000000000, 0.8986829163271786713, 1.000000000000000000) ) ) 
 REPRESENTATION_ITEM ( '' )  SURFACE ( )  );
#4947 = ORIENTED_EDGE ( 'NONE', *, *, #4410, .F. ) ;
#4948 = AXIS2_PLACEMENT_3D ( 'NONE', #3343, #2474, #4240 ) ;
#4949 = CARTESIAN_POINT ( 'NONE',  ( -88.84122069375136732, -6.799999999999997158, -90.06856403644323450 ) ) ;
#4950 = FACE_OUTER_BOUND ( 'NONE', #2800, .T. ) ;
#4951 = CARTESIAN_POINT ( 'NONE',  ( -55.00000000000108002, -4.000000000000000000, 102.4999999999994316 ) ) ;
#4952 = EDGE_CURVE ( 'NONE', #285, #2395, #3295, .T. ) ;
#4953 = FACE_OUTER_BOUND ( 'NONE', #1611, .T. ) ;
#4954 = ORIENTED_EDGE ( 'NONE', *, *, #5543, .F. ) ;
#4955 = VECTOR ( 'NONE', #127, 1000.000000000000000 ) ;
#4956 = LINE ( 'NONE', #3244, #1654 ) ;
#4957 = VECTOR ( 'NONE', #4152, 1000.000000000000000 ) ;
#4958 = CIRCLE ( 'NONE', #2186, 4.500000000000003553 ) ;
#4959 = AXIS2_PLACEMENT_3D ( 'NONE', #5550, #3348, #223 ) ;
#4960 = CARTESIAN_POINT ( 'NONE',  ( 87.43222109663906849, -5.987283116533164140, -91.73582411261517677 ) ) ;
#4961 = ORIENTED_EDGE ( 'NONE', *, *, #1813, .F. ) ;
#4962 = CARTESIAN_POINT ( 'NONE',  ( 38.71110337916086053, -96.16525459198027193, -8.996294564037043529 ) ) ;
#4963 = DIRECTION ( 'NONE',  ( -1.000000000000000000, 0.000000000000000000, 0.000000000000000000 ) ) ;
#4964 = EDGE_CURVE ( 'NONE', #1565, #5639, #5421, .T. ) ;
#4965 = ORIENTED_EDGE ( 'NONE', *, *, #3738, .F. ) ;
#4966 = AXIS2_PLACEMENT_3D ( 'NONE', #2413, #1090, #4236 ) ;
#4967 = VECTOR ( 'NONE', #3593, 1000.000000000000000 ) ;
#4968 = CYLINDRICAL_SURFACE ( 'NONE', #5690, 2.500000000000002220 ) ;
#4969 = FACE_OUTER_BOUND ( 'NONE', #5014, .T. ) ;
#4970 = VERTEX_POINT ( 'NONE', #2494 ) ;
#4971 = DIRECTION ( 'NONE',  ( -0.000000000000000000, 1.000000000000000000, -0.000000000000000000 ) ) ;
#4972 = ORIENTED_EDGE ( 'NONE', *, *, #4343, .T. ) ;
#4973 = CIRCLE ( 'NONE', #191, 2.500000000000002220 ) ;
#4974 = DIRECTION ( 'NONE',  ( 7.401486830834369573E-15, 0.000000000000000000, -1.000000000000000000 ) ) ;
#4975 = CARTESIAN_POINT ( 'NONE',  ( -37.50000000000000000, -152.0000000000000000, 4.336808689942017736E-16 ) ) ;
#4976 = FACE_OUTER_BOUND ( 'NONE', #1103, .T. ) ;
#4977 = DIRECTION ( 'NONE',  ( 0.2867141939519904925, 0.9579627186160626362, -0.01011932449242317934 ) ) ;
#4978 = ORIENTED_EDGE ( 'NONE', *, *, #3417, .F. ) ;
#4979 = EDGE_CURVE ( 'NONE', #4619, #5115, #2456, .T. ) ;
#4980 = DIRECTION ( 'NONE',  ( 0.000000000000000000, 0.000000000000000000, 1.000000000000000000 ) ) ;
#4981 = PLANE ( 'NONE',  #5259 ) ;
#4982 = CARTESIAN_POINT ( 'NONE',  ( -88.64593197378871992, -6.799999999999998046, 90.16080904844525890 ) ) ;
#4983 = CARTESIAN_POINT ( 'NONE',  ( -102.5000000000000000, -6.799999999999998046, 50.50000000000000000 ) ) ;
#4984 = ORIENTED_EDGE ( 'NONE', *, *, #2762, .T. ) ;
#4985 = EDGE_CURVE ( 'NONE', #1497, #2592, #2745, .T. ) ;
#4986 = CARTESIAN_POINT ( 'NONE',  ( -30.98345492017519476, -91.11488569816499705, 19.80798429566818442 ) ) ;
#4987 = CARTESIAN_POINT ( 'NONE',  ( 68.50852887818294334, -33.96176948267854812, -49.66604580390536938 ) ) ;
#4988 = EDGE_LOOP ( 'NONE', ( #1699, #1895, #3263, #3728, #2387, #5029 ) ) ;
#4989 = CARTESIAN_POINT ( 'NONE',  ( 25.63262081801230252, -152.0000000000000000, 25.63262081801238423 ) ) ;
#4990 = DIRECTION ( 'NONE',  ( -0.000000000000000000, 1.000000000000000000, -0.000000000000000000 ) ) ;
#4991 = FACE_OUTER_BOUND ( 'NONE', #5244, .T. ) ;
#4992 = CARTESIAN_POINT ( 'NONE',  ( 58.00268410109695338, -38.23392607164348078, -53.93355870562797350 ) ) ;
#4993 = ORIENTED_EDGE ( 'NONE', *, *, #1562, .F. ) ;
#4994 = DIRECTION ( 'NONE',  ( 1.000000000000000000, 0.000000000000000000, 0.000000000000000000 ) ) ;
#4995 = ORIENTED_EDGE ( 'NONE', *, *, #1387, .F. ) ;
#4996 = DIRECTION ( 'NONE',  ( 0.000000000000000000, 0.000000000000000000, -1.000000000000000000 ) ) ;
#4997 = EDGE_CURVE ( 'NONE', #2875, #516, #4958, .T. ) ;
#4998 = CARTESIAN_POINT ( 'NONE',  ( -48.00000000000108002, -6.799999999999998046, 102.4999999999994884 ) ) ;
#4999 = ORIENTED_EDGE ( 'NONE', *, *, #4060, .F. ) ;
#5000 = DIRECTION ( 'NONE',  ( 0.000000000000000000, 0.000000000000000000, -1.000000000000000000 ) ) ;
#5001 = ORIENTED_EDGE ( 'NONE', *, *, #5354, .F. ) ;
#5002 = CARTESIAN_POINT ( 'NONE',  ( 38.71220132465202823, -96.16158616233919076, -8.996333315060578428 ) ) ;
#5003 = ORIENTED_EDGE ( 'NONE', *, *, #5071, .F. ) ;
#5004 = CARTESIAN_POINT ( 'NONE',  ( 102.4999999999996447, -4.000000000000000000, 50.50000000000071765 ) ) ;
#5005 = FACE_BOUND ( 'NONE', #2856, .T. ) ;
#5006 = CARTESIAN_POINT ( 'NONE',  ( -91.56334407698471978, -7.408807585631850046, 82.31943033528222031 ) ) ;
#5007 = CARTESIAN_POINT ( 'NONE',  ( 111.7500000000000000, -152.0000000000000000, 18.37676056338025887 ) ) ;
#5008 = EDGE_LOOP ( 'NONE', ( #77, #2029, #5466, #4112 ) ) ;
#5009 = EDGE_CURVE ( 'NONE', #3503, #979, #3398, .T. ) ;
#5010 = CARTESIAN_POINT ( 'NONE',  ( -102.5000000000000000, -6.799999999999998046, 46.00000000000000000 ) ) ;
#5011 = EDGE_CURVE ( 'NONE', #2911, #1231, #715, .T. ) ;
#5012 = ORIENTED_EDGE ( 'NONE', *, *, #1239, .T. ) ;
#5013 = CARTESIAN_POINT ( 'NONE',  ( 91.56334407697200106, -7.408807585643558014, -82.31943033530717457 ) ) ;
#5014 = EDGE_LOOP ( 'NONE', ( #2952, #1548, #1245, #4351 ) ) ;
#5015 = CARTESIAN_POINT ( 'NONE',  ( 92.25000000000000000, -6.799999999999974065, -83.35607285682024781 ) ) ;
#5016 = DIRECTION ( 'NONE',  ( 0.000000000000000000, 0.000000000000000000, -1.000000000000000000 ) ) ;
#5017 = FACE_BOUND ( 'NONE', #135, .T. ) ;
#5018 = AXIS2_PLACEMENT_3D ( 'NONE', #2234, #1754, #3562 ) ;
#5019 = CARTESIAN_POINT ( 'NONE',  ( -22.63262081801212489, -161.0000000000000000, -25.63262081801252990 ) ) ;
#5020 = DIRECTION ( 'NONE',  ( -0.000000000000000000, 1.000000000000000000, 0.000000000000000000 ) ) ;
#5021 = EDGE_CURVE ( 'NONE', #3424, #1972, #5655, .T. ) ;
#5022 = DIRECTION ( 'NONE',  ( 0.000000000000000000, 1.000000000000000000, 0.000000000000000000 ) ) ;
#5023 = VERTEX_POINT ( 'NONE', #5134 ) ;
#5024 = FACE_OUTER_BOUND ( 'NONE', #319, .T. ) ;
#5025 = CARTESIAN_POINT ( 'NONE',  ( 25.63262081801229542, -161.0000000000000000, -22.63262081801239134 ) ) ;
#5026 = CARTESIAN_POINT ( 'NONE',  ( -37.50000000000000000, -80.01162596762468127, -2.500000000000000000 ) ) ;
#5027 = AXIS2_PLACEMENT_3D ( 'NONE', #525, #2744, #4043 ) ;
#5028 = CARTESIAN_POINT ( 'NONE',  ( -21.99999999999998579, -151.9999999999999716, 14.25059709628104443 ) ) ;
#5029 = ORIENTED_EDGE ( 'NONE', *, *, #501, .T. ) ;
#5030 = DIRECTION ( 'NONE',  ( 0.000000000000000000, -1.000000000000000000, -0.000000000000000000 ) ) ;
#5031 = AXIS2_PLACEMENT_3D ( 'NONE', #1586, #4150, #1961 ) ;
#5032 = ORIENTED_EDGE ( 'NONE', *, *, #1091, .T. ) ;
#5033 = ADVANCED_FACE ( 'NONE', ( #2468 ), #2963, .F. ) ;
#5034 = DIRECTION ( 'NONE',  ( 1.000000000000000000, 0.000000000000000000, 3.854941057726235533E-15 ) ) ;
#5035 = CARTESIAN_POINT ( 'NONE',  ( 0.000000000000000000, -80.42391024741301919, -24.85000000000001208 ) ) ;
#5036 = CARTESIAN_POINT ( 'NONE',  ( 46.00000000000036238, -6.799999999999998046, -102.4999999999998295 ) ) ;
#5037 = FACE_OUTER_BOUND ( 'NONE', #941, .T. ) ;
#5038 = ORIENTED_EDGE ( 'NONE', *, *, #3456, .T. ) ;
#5039 = CARTESIAN_POINT ( 'NONE',  ( 65.59152461755709851, -28.38942778206025608, 63.43259507534880726 ) ) ;
#5040 = CARTESIAN_POINT ( 'NONE',  ( 88.96181427949451859, -9.901820378896175612, -85.83950241149291571 ) ) ;
#5041 = ORIENTED_EDGE ( 'NONE', *, *, #3561, .T. ) ;
#5042 = AXIS2_PLACEMENT_3D ( 'NONE', #2525, #3078, #5662 ) ;
#5043 = CARTESIAN_POINT ( 'NONE',  ( 87.12662495001266905, -11.80041662660352131, -75.86273749809950573 ) ) ;
#5044 = AXIS2_PLACEMENT_3D ( 'NONE', #3860, #5636, #1071 ) ;
#5045 = CARTESIAN_POINT ( 'NONE',  ( -12.07126578440732168, -150.2975005355078508, -8.394186803201364455 ) ) ;
#5046 = VECTOR ( 'NONE', #1341, 1000.000000000000000 ) ;
#5047 = CIRCLE ( 'NONE', #3200, 4.500000000000003553 ) ;
#5048 = VECTOR ( 'NONE', #54, 1000.000000000000000 ) ;
#5049 = DIRECTION ( 'NONE',  ( 0.000000000000000000, -1.000000000000000000, 0.000000000000000000 ) ) ;
#5050 = DIRECTION ( 'NONE',  ( 0.000000000000000000, 0.000000000000000000, -1.000000000000000000 ) ) ;
#5051 = DIRECTION ( 'NONE',  ( -6.983723994794599523E-18, 0.05233595624294395260, -0.9986295347545739443 ) ) ;
#5052 = ORIENTED_EDGE ( 'NONE', *, *, #4195, .T. ) ;
#5053 = DIRECTION ( 'NONE',  ( 1.000000000000000000, 0.000000000000000000, 3.854941057726235533E-15 ) ) ;
#5054 = AXIS2_PLACEMENT_3D ( 'NONE', #5060, #1095, #4176 ) ;
#5055 = VECTOR ( 'NONE', #3989, 1000.000000000000000 ) ;
#5056 = EDGE_CURVE ( 'NONE', #2540, #4598, #5520, .T. ) ;
#5057 = AXIS2_PLACEMENT_3D ( 'NONE', #4100, #3236, #4560 ) ;
#5058 = CARTESIAN_POINT ( 'NONE',  ( -1.728284263749144375E-13, -161.0000000000000000, 49.50000000000000000 ) ) ;
#5059 = AXIS2_PLACEMENT_3D ( 'NONE', #250, #5576, #5551 ) ;
#5060 = CARTESIAN_POINT ( 'NONE',  ( -50.50000000000108002, 0.000000000000000000, 102.4999999999994600 ) ) ;
#5061 = ORIENTED_EDGE ( 'NONE', *, *, #992, .F. ) ;
#5062 = CYLINDRICAL_SURFACE ( 'NONE', #5671, 2.500000000000000000 ) ;
#5063 = EDGE_CURVE ( 'NONE', #530, #5122, #3107, .T. ) ;
#5064 = VECTOR ( 'NONE', #1717, 1000.000000000000000 ) ;
#5065 = CARTESIAN_POINT ( 'NONE',  ( -99.75000000000000000, 0.000000000000000000, -109.0212156840881335 ) ) ;
#5066 = CARTESIAN_POINT ( 'NONE',  ( 111.7500000000000000, -91.11488569816502547, -19.80798429566818442 ) ) ;
#5067 = CARTESIAN_POINT ( 'NONE',  ( 50.50000000000036238, -4.299999999999999822, -102.4999999999998153 ) ) ;
#5068 = CARTESIAN_POINT ( 'NONE',  ( -39.36171888614460102, -93.93626417772935611, -18.72398897376251270 ) ) ;
#5069 = EDGE_LOOP ( 'NONE', ( #1530, #1669, #5284, #4965, #3063, #5434 ) ) ;
#5070 = VERTEX_POINT ( 'NONE', #3363 ) ;
#5071 = EDGE_CURVE ( 'NONE', #4787, #3955, #2370, .T. ) ;
#5072 = CARTESIAN_POINT ( 'NONE',  ( 81.08820101999080521, -18.25672083340834462, 67.23088496054280938 ) ) ;
#5073 = CARTESIAN_POINT ( 'NONE',  ( 1.823854247515998006, -81.75780413997478036, 24.17681723134265681 ) ) ;
#5074 = VERTEX_POINT ( 'NONE', #3968 ) ;
#5075 = CARTESIAN_POINT ( 'NONE',  ( 19.82671093110961635, -124.4908176021445030, -18.66735051828721836 ) ) ;
#5076 = LINE ( 'NONE', #2684, #3192 ) ;
#5077 = CARTESIAN_POINT ( 'NONE',  ( 2.500000000000000000, -84.76722369266676083, 22.70531809279860269 ) ) ;
#5078 = CARTESIAN_POINT ( 'NONE',  ( 68.66076058317123909, -33.75290588796413971, 49.87630634711646138 ) ) ;
#5079 = DIRECTION ( 'NONE',  ( -0.000000000000000000, -1.000000000000000000, 0.000000000000000000 ) ) ;
#5080 = ORIENTED_EDGE ( 'NONE', *, *, #3331, .F. ) ;
#5081 = DIRECTION ( 'NONE',  ( -0.000000000000000000, -1.000000000000000000, -0.000000000000000000 ) ) ;
#5082 = CARTESIAN_POINT ( 'NONE',  ( 46.75000000000036238, -4.000000000000000000, -102.4999999999998295 ) ) ;
#5083 = CARTESIAN_POINT ( 'NONE',  ( -2.500000000000000000, -151.9999999999999716, 30.85000000000002274 ) ) ;
#5084 = ADVANCED_FACE ( 'NONE', ( #912 ), #4460, .T. ) ;
#5085 = ADVANCED_FACE ( 'NONE', ( #1727, #1342 ), #3485, .T. ) ;
#5086 = EDGE_CURVE ( 'NONE', #2265, #782, #1458, .T. ) ;
#5087 = VERTEX_POINT ( 'NONE', #4793 ) ;
#5088 =( BOUNDED_CURVE ( )  B_SPLINE_CURVE ( 3, ( #2951, #2977, #817, #3867 ),
 .UNSPECIFIED., .F., .F. ) 
 B_SPLINE_CURVE_WITH_KNOTS ( ( 4, 4 ),
 ( 3.677453040555018315, 4.712388980384680792 ),
 .UNSPECIFIED. ) 
 CURVE ( )  GEOMETRIC_REPRESENTATION_ITEM ( )  RATIONAL_B_SPLINE_CURVE ( ( 1.000000000000000000, 0.9127163412810965770, 0.9127163412810965770, 1.000000000000000000 ) ) 
 REPRESENTATION_ITEM ( '' )  );
#5089 = ORIENTED_EDGE ( 'NONE', *, *, #2938, .T. ) ;
#5090 = CARTESIAN_POINT ( 'NONE',  ( 50.50000000000036238, -4.000000000000000000, -102.4999999999998153 ) ) ;
#5091 = CARTESIAN_POINT ( 'NONE',  ( 30.98345492017519476, -91.11488569816502547, -19.80798429566818442 ) ) ;
#5092 = EDGE_CURVE ( 'NONE', #493, #3626, #2927, .T. ) ;
#5093 = DIRECTION ( 'NONE',  ( 0.000000000000000000, 1.000000000000000000, 0.000000000000000000 ) ) ;
#5094 = ORIENTED_EDGE ( 'NONE', *, *, #3687, .T. ) ;
#5095 = EDGE_CURVE ( 'NONE', #1236, #2621, #957, .T. ) ;
#5096 = ORIENTED_EDGE ( 'NONE', *, *, #2797, .F. ) ;
#5097 = ORIENTED_EDGE ( 'NONE', *, *, #2844, .F. ) ;
#5098 = CARTESIAN_POINT ( 'NONE',  ( 50.93464427582842546, -63.35607397529184937, 34.56927362489567912 ) ) ;
#5099 =( BOUNDED_SURFACE ( )  B_SPLINE_SURFACE ( 3, 2, ( 
 ( #360, #810, #837 ),
 ( #1213, #1683, #3434 ),
 ( #2973, #4383, #1739 ),
 ( #3977, #5640, #1792 ) ),
 .UNSPECIFIED., .F., .F., .F. ) 
 B_SPLINE_SURFACE_WITH_KNOTS ( ( 4, 4 ),
 ( 3, 3 ),
 ( 4.722951967787742511, 4.962001059001408976 ),
 ( 0.000000000000000000, 1.000000000000000000 ),
 .UNSPECIFIED. ) 
 GEOMETRIC_REPRESENTATION_ITEM ( )  RATIONAL_B_SPLINE_SURFACE ( (
 ( 1.000000000000000000, 0.7081767636586919767, 1.000000000000000000),
 ( 1.000000000000000000, 0.7162424534219780092, 1.000000000000000000),
 ( 1.000000000000000000, 0.7241570338208628277, 1.000000000000000000),
 ( 1.000000000000000000, 0.7317206034806290615, 1.000000000000000000) ) ) 
 REPRESENTATION_ITEM ( '' )  SURFACE ( )  );
#5100 = DIRECTION ( 'NONE',  ( -0.000000000000000000, -1.000000000000000000, -0.000000000000000000 ) ) ;
#5101 = ORIENTED_EDGE ( 'NONE', *, *, #3848, .F. ) ;
#5102 = DIRECTION ( 'NONE',  ( -1.000000000000000000, 0.000000000000000000, -0.000000000000000000 ) ) ;
#5103 = CARTESIAN_POINT ( 'NONE',  ( -68.24417938125654359, -25.26128999451455925, -66.77708072377195947 ) ) ;
#5104 = CARTESIAN_POINT ( 'NONE',  ( -52.99999999999964473, -6.799999999999998046, -102.5000000000001847 ) ) ;
#5105 = FACE_OUTER_BOUND ( 'NONE', #4470, .T. ) ;
#5106 = DIRECTION ( 'NONE',  ( -0.000000000000000000, -1.000000000000000000, -0.000000000000000000 ) ) ;
#5107 = EDGE_LOOP ( 'NONE', ( #2900, #4000 ) ) ;
#5108 = CARTESIAN_POINT ( 'NONE',  ( 39.95629441795500725, -91.98222827031663940, 9.863243501728405249 ) ) ;
#5109 = CYLINDRICAL_SURFACE ( 'NONE', #331, 4.500000000000003553 ) ;
#5110 = CARTESIAN_POINT ( 'NONE',  ( 102.5000000000003411, 0.000000000000000000, -50.49999999999928946 ) ) ;
#5111 = AXIS2_PLACEMENT_3D ( 'NONE', #692, #2027, #5608 ) ;
#5112 = VERTEX_POINT ( 'NONE', #5306 ) ;
#5113 = CARTESIAN_POINT ( 'NONE',  ( 25.63262081801229542, 0.001000000000084266816, -25.63262081801239134 ) ) ;
#5114 = VERTEX_POINT ( 'NONE', #828 ) ;
#5115 = VERTEX_POINT ( 'NONE', #2645 ) ;
#5116 = CIRCLE ( 'NONE', #4279, 2.500000000000002220 ) ;
#5117 = FACE_OUTER_BOUND ( 'NONE', #5231, .T. ) ;
#5118 = DIRECTION ( 'NONE',  ( 1.000000000000000000, 0.000000000000000000, 0.000000000000000000 ) ) ;
#5119 = LINE ( 'NONE', #329, #3490 ) ;
#5120 = ORIENTED_EDGE ( 'NONE', *, *, #136, .F. ) ;
#5121 = AXIS2_PLACEMENT_3D ( 'NONE', #3453, #4376, #4349 ) ;
#5122 = VERTEX_POINT ( 'NONE', #5283 ) ;
#5123 = ADVANCED_FACE ( 'NONE', ( #3513 ), #4346, .F. ) ;
#5124 = EDGE_LOOP ( 'NONE', ( #3889, #4417, #5595, #4628 ) ) ;
#5125 = CARTESIAN_POINT ( 'NONE',  ( 54.79902172160382179, -55.83956139754804582, 30.78131544797343366 ) ) ;
#5126 = DIRECTION ( 'NONE',  ( 1.000000000000000000, -0.000000000000000000, -6.993308080469439450E-18 ) ) ;
#5127 = ORIENTED_EDGE ( 'NONE', *, *, #2847, .F. ) ;
#5128 = CYLINDRICAL_SURFACE ( 'NONE', #595, 2.500000000000002220 ) ;
#5129 = CARTESIAN_POINT ( 'NONE',  ( -60.39977423382551791, -34.98967284571716618, -56.92579251470428403 ) ) ;
#5130 = CARTESIAN_POINT ( 'NONE',  ( 25.63262081801229542, -152.0000000000000000, -22.63262081801239134 ) ) ;
#5131 = DIRECTION ( 'NONE',  ( 5.551115123125777969E-15, 0.000000000000000000, -1.000000000000000000 ) ) ;
#5132 = VECTOR ( 'NONE', #5567, 1000.000000000000000 ) ;
#5133 = CIRCLE ( 'NONE', #171, 10.00000000000000000 ) ;
#5134 = CARTESIAN_POINT ( 'NONE',  ( 3.499999999999827249, -152.0000000000000000, 49.50000000000001421 ) ) ;
#5135 = ORIENTED_EDGE ( 'NONE', *, *, #4353, .F. ) ;
#5136 = DIRECTION ( 'NONE',  ( -0.9597471296663858675, -0.2808655320560599078, 0.000000000000000000 ) ) ;
#5137 = ADVANCED_FACE ( 'NONE', ( #2238 ), #4845, .T. ) ;
#5138 = DIRECTION ( 'NONE',  ( 1.000000000000000000, 0.000000000000000000, 3.083952846180988111E-15 ) ) ;
#5139 = AXIS2_PLACEMENT_3D ( 'NONE', #1436, #101, #2740 ) ;
#5140 = AXIS2_PLACEMENT_3D ( 'NONE', #3880, #2066, #1583 ) ;
#5141 = VECTOR ( 'NONE', #4166, 999.9999999999998863 ) ;
#5142 = CARTESIAN_POINT ( 'NONE',  ( 102.4999999999996447, -6.799999999999998046, 50.50000000000071765 ) ) ;
#5143 = AXIS2_PLACEMENT_3D ( 'NONE', #2225, #5243, #3551 ) ;
#5144 = CIRCLE ( 'NONE', #2650, 2.999999999999999112 ) ;
#5145 = ORIENTED_EDGE ( 'NONE', *, *, #2367, .T. ) ;
#5146 = CARTESIAN_POINT ( 'NONE',  ( 40.00000000000000711, -91.85882352941173679, -0.4519775087362356558 ) ) ;
#5147 = ORIENTED_EDGE ( 'NONE', *, *, #2736, .T. ) ;
#5148 = AXIS2_PLACEMENT_3D ( 'NONE', #2708, #4505, #1790 ) ;
#5149 = DIRECTION ( 'NONE',  ( 1.000000000000000000, 0.000000000000000000, 3.700743415417184787E-15 ) ) ;
#5150 = CARTESIAN_POINT ( 'NONE',  ( 86.94841063252397362, -6.799999999999971401, -90.49999999999403144 ) ) ;
#5151 = CARTESIAN_POINT ( 'NONE',  ( -50.50000000000108002, -4.299999999999999822, 102.4999999999994600 ) ) ;
#5152 = EDGE_LOOP ( 'NONE', ( #3594, #5679, #1173, #3419 ) ) ;
#5153 = VECTOR ( 'NONE', #351, 1000.000000000000000 ) ;
#5154 = EDGE_LOOP ( 'NONE', ( #2133, #1325, #1805, #4954 ) ) ;
#5155 = CARTESIAN_POINT ( 'NONE',  ( 71.00032443209674682, -30.46576004432763085, 61.26725518108414548 ) ) ;
#5156 = DIRECTION ( 'NONE',  ( 0.000000000000000000, 0.000000000000000000, -1.000000000000000000 ) ) ;
#5157 = EDGE_LOOP ( 'NONE', ( #2587, #5274, #1407, #1477, #5381 ) ) ;
#5158 = CARTESIAN_POINT ( 'NONE',  ( -41.77446034002274189, -85.93003839333572103, 2.500000000000000000 ) ) ;
#5159 = CARTESIAN_POINT ( 'NONE',  ( -59.21742032293967384, -47.95118643670693359, -45.59389673054965186 ) ) ;
#5160 = EDGE_CURVE ( 'NONE', #3399, #4320, #4873, .T. ) ;
#5161 = CARTESIAN_POINT ( 'NONE',  ( -67.48511938328242366, -35.39537120914548041, 48.25239832157743791 ) ) ;
#5162 = CARTESIAN_POINT ( 'NONE',  ( -73.62292401570942957, -19.29043004862772293, 73.62332289492346149 ) ) ;
#5163 = ORIENTED_EDGE ( 'NONE', *, *, #4847, .T. ) ;
#5164 = DIRECTION ( 'NONE',  ( -0.000000000000000000, -1.000000000000000000, -0.000000000000000000 ) ) ;
#5165 = EDGE_LOOP ( 'NONE', ( #4930, #3438 ) ) ;
#5166 = CARTESIAN_POINT ( 'NONE',  ( -30.37382406979068250, -92.11262208443038446, -19.42083075851458318 ) ) ;
#5167 = CARTESIAN_POINT ( 'NONE',  ( 89.41756977740131163, -6.799999999999971401, 89.78075778008998498 ) ) ;
#5168 = FACE_OUTER_BOUND ( 'NONE', #3809, .T. ) ;
#5169 = ORIENTED_EDGE ( 'NONE', *, *, #132, .T. ) ;
#5170 = DIRECTION ( 'NONE',  ( -0.000000000000000000, -1.000000000000000000, -0.000000000000000000 ) ) ;
#5171 = DIRECTION ( 'NONE',  ( 0.000000000000000000, 1.000000000000000000, 0.000000000000000000 ) ) ;
#5172 = EDGE_LOOP ( 'NONE', ( #2781, #3206, #2004, #3701 ) ) ;
#5173 = CARTESIAN_POINT ( 'NONE',  ( 25.63262081801229542, -152.0000000000000000, -28.63262081801239134 ) ) ;
#5174 = ORIENTED_EDGE ( 'NONE', *, *, #3456, .F. ) ;
#5175 = CARTESIAN_POINT ( 'NONE',  ( -50.50000000000108002, -6.799999999999998046, 102.4999999999994600 ) ) ;
#5176 = SPHERICAL_SURFACE ( 'NONE', #3106, 10.00000000000000000 ) ;
#5177 = ORIENTED_EDGE ( 'NONE', *, *, #2148, .T. ) ;
#5178 = VERTEX_POINT ( 'NONE', #430 ) ;
#5179 = CARTESIAN_POINT ( 'NONE',  ( -111.7500000000000000, -6.799999999999999822, 111.7500000000000000 ) ) ;
#5180 = CARTESIAN_POINT ( 'NONE',  ( 1.116594086066626801, -80.85656560527750969, 24.63018065769950837 ) ) ;
#5181 = ORIENTED_EDGE ( 'NONE', *, *, #196, .T. ) ;
#5182 = CARTESIAN_POINT ( 'NONE',  ( 30.06945642159358556, -90.16236946537975427, -9.598177407314070209 ) ) ;
#5183 = CARTESIAN_POINT ( 'NONE',  ( -83.68351950353880397, -15.41093320392539212, -70.91706141049787959 ) ) ;
#5184 = EDGE_CURVE ( 'NONE', #5087, #3354, #1546, .T. ) ;
#5185 = PLANE ( 'NONE',  #172 ) ;
#5186 = ADVANCED_FACE ( 'NONE', ( #3051 ), #4946, .T. ) ;
#5187 = CARTESIAN_POINT ( 'NONE',  ( -81.86079789924228578, -11.01917745709109653, 84.30489303033893123 ) ) ;
#5188 = ORIENTED_EDGE ( 'NONE', *, *, #1011, .T. ) ;
#5189 = CARTESIAN_POINT ( 'NONE',  ( 35.94324274506098504, 0.001000000000084266816, -9.482270482206857309 ) ) ;
#5190 = VERTEX_POINT ( 'NONE', #2403 ) ;
#5191 = FACE_OUTER_BOUND ( 'NONE', #3782, .T. ) ;
#5192 = FILL_AREA_STYLE_COLOUR ( '', #1427 ) ;
#5193 = FACE_OUTER_BOUND ( 'NONE', #1332, .T. ) ;
#5194 = ORIENTED_EDGE ( 'NONE', *, *, #254, .F. ) ;
#5195 = FACE_BOUND ( 'NONE', #867, .T. ) ;
#5196 = CARTESIAN_POINT ( 'NONE',  ( 53.00000000000036948, -6.799999999999998046, -102.4999999999998010 ) ) ;
#5197 = EDGE_LOOP ( 'NONE', ( #864, #647, #303, #2417 ) ) ;
#5198 = CARTESIAN_POINT ( 'NONE',  ( 16.68227048220673581, -152.0000000000000000, 35.94324274506104899 ) ) ;
#5199 = ORIENTED_EDGE ( 'NONE', *, *, #4033, .F. ) ;
#5200 = LINE ( 'NONE', #5241, #2441 ) ;
#5201 = AXIS2_PLACEMENT_3D ( 'NONE', #1399, #464, #3264 ) ;
#5202 = CARTESIAN_POINT ( 'NONE',  ( 50.49999999999892708, -4.000000000000000000, 102.5000000000005258 ) ) ;
#5203 = VERTEX_POINT ( 'NONE', #2294 ) ;
#5204 = EDGE_CURVE ( 'NONE', #2753, #990, #5391, .T. ) ;
#5205 = AXIS2_PLACEMENT_3D ( 'NONE', #2709, #3604, #4124 ) ;
#5206 = DIRECTION ( 'NONE',  ( -0.000000000000000000, -1.000000000000000000, -0.000000000000000000 ) ) ;
#5207 = DIRECTION ( 'NONE',  ( -1.332573921340427876E-16, 0.9986295347545739443, 0.05233595624294395260 ) ) ;
#5208 = CIRCLE ( 'NONE', #3454, 3.750000000000003553 ) ;
#5209 = CARTESIAN_POINT ( 'NONE',  ( -25.63262081801247660, -161.0000000000000000, 25.63262081801221015 ) ) ;
#5210 = ORIENTED_EDGE ( 'NONE', *, *, #5287, .F. ) ;
#5211 = CARTESIAN_POINT ( 'NONE',  ( -2.500000000000000000, -168.4829653570998858, -197.7129596333149664 ) ) ;
#5212 = ORIENTED_EDGE ( 'NONE', *, *, #2204, .F. ) ;
#5213 = CARTESIAN_POINT ( 'NONE',  ( -69.73577825583802792, -32.28031863627100506, -51.36327944666948753 ) ) ;
#5214 = AXIS2_PLACEMENT_3D ( 'NONE', #2348, #1056, #600 ) ;
#5215 = DIRECTION ( 'NONE',  ( 1.000000000000000000, 0.000000000000000000, 3.965082230804130614E-15 ) ) ;
#5216 = CARTESIAN_POINT ( 'NONE',  ( -64.30153062342309056, -40.04995675779862552, 43.86338670134815487 ) ) ;
#5217 = CARTESIAN_POINT ( 'NONE',  ( 43.57408223453787599, -80.89612135043100238, -15.06923261736103825 ) ) ;
#5218 = ORIENTED_EDGE ( 'NONE', *, *, #4487, .T. ) ;
#5219 = VECTOR ( 'NONE', #5528, 1000.000000000000000 ) ;
#5220 = DIRECTION ( 'NONE',  ( 0.000000000000000000, 0.000000000000000000, -1.000000000000000000 ) ) ;
#5221 = AXIS2_PLACEMENT_3D ( 'NONE', #4852, #2567, #4265 ) ;
#5222 = CYLINDRICAL_SURFACE ( 'NONE', #4655, 2.500000000000002220 ) ;
#5223 = EDGE_CURVE ( 'NONE', #667, #417, #1429, .T. ) ;
#5224 = VECTOR ( 'NONE', #3203, 1000.000000000000000 ) ;
#5225 = AXIS2_PLACEMENT_3D ( 'NONE', #4406, #2211, #3535 ) ;
#5226 = DIRECTION ( 'NONE',  ( 0.000000000000000000, 0.000000000000000000, 1.000000000000000000 ) ) ;
#5227 = ORIENTED_EDGE ( 'NONE', *, *, #1774, .T. ) ;
#5228 = CARTESIAN_POINT ( 'NONE',  ( 2.101315608028475168, -82.37085567963879384, -23.87177375297072857 ) ) ;
#5229 = FACE_OUTER_BOUND ( 'NONE', #747, .T. ) ;
#5230 = EDGE_CURVE ( 'NONE', #5122, #2656, #998, .T. ) ;
#5231 = EDGE_LOOP ( 'NONE', ( #3918, #1976, #3585, #2850 ) ) ;
#5232 = DIRECTION ( 'NONE',  ( -0.000000000000000000, -1.000000000000000000, -0.000000000000000000 ) ) ;
#5233 = VECTOR ( 'NONE', #2099, 1000.000000000000000 ) ;
#5234 = AXIS2_PLACEMENT_3D ( 'NONE', #2840, #224, #1969 ) ;
#5235 = EDGE_CURVE ( 'NONE', #58, #2632, #2765, .T. ) ;
#5236 = AXIS2_PLACEMENT_3D ( 'NONE', #1, #1748, #3504 ) ;
#5237 = EDGE_LOOP ( 'NONE', ( #3079, #1602, #1280, #4731 ) ) ;
#5238 = EDGE_CURVE ( 'NONE', #1712, #4153, #2955, .T. ) ;
#5239 = EDGE_CURVE ( 'NONE', #4387, #1556, #4251, .T. ) ;
#5240 = ORIENTED_EDGE ( 'NONE', *, *, #4637, .F. ) ;
#5241 = CARTESIAN_POINT ( 'NONE',  ( -3.500000000000173195, 0.001000000000084266816, 49.49999999999998579 ) ) ;
#5242 = AXIS2_PLACEMENT_3D ( 'NONE', #2121, #4730, #763 ) ;
#5243 = DIRECTION ( 'NONE',  ( 0.000000000000000000, -1.000000000000000000, -0.000000000000000000 ) ) ;
#5244 = EDGE_LOOP ( 'NONE', ( #1738, #307, #371, #580 ) ) ;
#5245 = AXIS2_PLACEMENT_3D ( 'NONE', #2390, #3793, #1116 ) ;
#5246 = AXIS2_PLACEMENT_3D ( 'NONE', #2675, #4407, #407 ) ;
#5247 = DIRECTION ( 'NONE',  ( 0.000000000000000000, 1.000000000000000000, 0.000000000000000000 ) ) ;
#5248 = PLANE ( 'NONE',  #551 ) ;
#5249 = EDGE_CURVE ( 'NONE', #283, #1972, #1277, .T. ) ;
#5250 = PRODUCT_DEFINITION_FORMATION_WITH_SPECIFIED_SOURCE ( 'ANY', '', #1310, .NOT_KNOWN. ) ;
#5251 = CARTESIAN_POINT ( 'NONE',  ( -111.7500000000000000, -6.799999999999999822, -99.75000000000001421 ) ) ;
#5252 = EDGE_LOOP ( 'NONE', ( #4834, #3120 ) ) ;
#5253 = CYLINDRICAL_SURFACE ( 'NONE', #5390, 2.999999999999995559 ) ;
#5254 = CARTESIAN_POINT ( 'NONE',  ( 38.20518561449362949, -97.85561512333902101, 18.94870829095062348 ) ) ;
#5255 = FACE_OUTER_BOUND ( 'NONE', #1575, .T. ) ;
#5256 = CARTESIAN_POINT ( 'NONE',  ( -13.08227048220648214, -152.0000000000000000, -35.94324274506112715 ) ) ;
#5257 = ORIENTED_EDGE ( 'NONE', *, *, #1770, .F. ) ;
#5258 = CARTESIAN_POINT ( 'NONE',  ( -102.5000000000000000, -4.000000000000000000, -50.50000000000000000 ) ) ;
#5259 = AXIS2_PLACEMENT_3D ( 'NONE', #1918, #1366, #929 ) ;
#5260 = DIRECTION ( 'NONE',  ( 0.000000000000000000, 1.000000000000000000, 0.000000000000000000 ) ) ;
#5261 = PLANE ( 'NONE',  #5042 ) ;
#5262 = ORIENTED_EDGE ( 'NONE', *, *, #1196, .T. ) ;
#5263 = FACE_OUTER_BOUND ( 'NONE', #5546, .T. ) ;
#5264 = CARTESIAN_POINT ( 'NONE',  ( 30.98345492017523384, -91.11488569816502547, -19.80798429566818442 ) ) ;
#5265 = VERTEX_POINT ( 'NONE', #1604 ) ;
#5266 = CARTESIAN_POINT ( 'NONE',  ( -65.16090464949340344, -38.75449253936991312, -45.04667740999259706 ) ) ;
#5267 = ORIENTED_EDGE ( 'NONE', *, *, #3632, .F. ) ;
#5268 = VERTEX_POINT ( 'NONE', #5622 ) ;
#5269 = EDGE_CURVE ( 'NONE', #1489, #990, #5712, .T. ) ;
#5270 = EDGE_CURVE ( 'NONE', #753, #3307, #4224, .T. ) ;
#5271 = DIRECTION ( 'NONE',  ( 0.000000000000000000, -1.000000000000000000, 0.000000000000000000 ) ) ;
#5272 = ADVANCED_FACE ( 'NONE', ( #1131 ), #2008, .F. ) ;
#5273 = CARTESIAN_POINT ( 'NONE',  ( -2.500000000000000000, -152.0000000000000000, 29.81083414330406356 ) ) ;
#5274 = ORIENTED_EDGE ( 'NONE', *, *, #4025, .F. ) ;
#5275 = EDGE_CURVE ( 'NONE', #4846, #3862, #1564, .T. ) ;
#5276 = CYLINDRICAL_SURFACE ( 'NONE', #4678, 2.500000000000002220 ) ;
#5277 = PLANE ( 'NONE',  #1286 ) ;
#5278 = DIRECTION ( 'NONE',  ( -6.938893903907230744E-15, 0.000000000000000000, 1.000000000000000000 ) ) ;
#5279 = ORIENTED_EDGE ( 'NONE', *, *, #4623, .T. ) ;
#5280 = CARTESIAN_POINT ( 'NONE',  ( 13.08227048220673261, -161.0000000000000000, 35.94324274506103478 ) ) ;
#5281 =( BOUNDED_CURVE ( )  B_SPLINE_CURVE ( 3, ( #1925, #3592, #5473, #4488 ),
 .UNSPECIFIED., .F., .T. ) 
 B_SPLINE_CURVE_WITH_KNOTS ( ( 4, 4 ),
 ( 0.000000000000000000, 1.570796326794896558 ),
 .UNSPECIFIED. ) 
 CURVE ( )  GEOMETRIC_REPRESENTATION_ITEM ( )  RATIONAL_B_SPLINE_CURVE ( ( 1.000000000000000000, 0.8047378541243649375, 0.8047378541243649375, 1.000000000000000000 ) ) 
 REPRESENTATION_ITEM ( '' )  );
#5282 = DIRECTION ( 'NONE',  ( 1.000000000000000000, 0.000000000000000000, 3.854941057726235533E-15 ) ) ;
#5283 = CARTESIAN_POINT ( 'NONE',  ( -102.5000000000000000, -4.000000000000000000, 55.00000000000000711 ) ) ;
#5284 = ORIENTED_EDGE ( 'NONE', *, *, #2651, .T. ) ;
#5285 = CARTESIAN_POINT ( 'NONE',  ( 0.000000000000000000, -153.0000000000000000, 0.000000000000000000 ) ) ;
#5286 = PRESENTATION_STYLE_ASSIGNMENT (( #3517 ) ) ;
#5287 = EDGE_CURVE ( 'NONE', #1574, #4072, #808, .T. ) ;
#5288 = CARTESIAN_POINT ( 'NONE',  ( 59.87504795234063693, -35.68524150750744894, 56.27011603915118343 ) ) ;
#5289 = ORIENTED_EDGE ( 'NONE', *, *, #1868, .F. ) ;
#5290 = CARTESIAN_POINT ( 'NONE',  ( -35.94324274506110584, -161.0000000000000000, 16.68227048220660791 ) ) ;
#5291 = ORIENTED_EDGE ( 'NONE', *, *, #2960, .T. ) ;
#5292 = DIRECTION ( 'NONE',  ( -0.9580117704232792297, 0.2867288749506299861, 0.000000000000000000 ) ) ;
#5293 = ORIENTED_EDGE ( 'NONE', *, *, #1588, .F. ) ;
#5294 = DIRECTION ( 'NONE',  ( 0.000000000000000000, 0.08353389573318986683, -0.9965049363970239771 ) ) ;
#5295 = ORIENTED_EDGE ( 'NONE', *, *, #202, .F. ) ;
#5296 = CARTESIAN_POINT ( 'NONE',  ( 2.500000000000002220, -95.10293104140906451, 28.97834384915512729 ) ) ;
#5297 = ORIENTED_EDGE ( 'NONE', *, *, #1204, .F. ) ;
#5298 = PLANE ( 'NONE',  #894 ) ;
#5299 = DIRECTION ( 'NONE',  ( -1.000000000000000000, 0.000000000000000000, -9.637352644315591989E-15 ) ) ;
#5300 = DIRECTION ( 'NONE',  ( -0.000000000000000000, -0.000000000000000000, -1.000000000000000000 ) ) ;
#5301 = ORIENTED_EDGE ( 'NONE', *, *, #5543, .T. ) ;
#5302 = CARTESIAN_POINT ( 'NONE',  ( -102.5000000000000000, -6.799999999999998046, -46.00000000000000000 ) ) ;
#5303 = CIRCLE ( 'NONE', #1051, 2.999999999999995559 ) ;
#5304 = EDGE_CURVE ( 'NONE', #4055, #2226, #3749, .T. ) ;
#5305 = DIRECTION ( 'NONE',  ( 0.000000000000000000, 1.000000000000000000, 0.000000000000000000 ) ) ;
#5306 = CARTESIAN_POINT ( 'NONE',  ( 54.25000000000036948, -4.000000000000000000, -102.4999999999998010 ) ) ;
#5307 = EDGE_LOOP ( 'NONE', ( #2672, #503, #1578, #4393 ) ) ;
#5308 = CARTESIAN_POINT ( 'NONE',  ( 35.94324274506098504, -161.0000000000000000, -16.68227048220686015 ) ) ;
#5309 = EDGE_CURVE ( 'NONE', #453, #3069, #757, .T. ) ;
#5310 = DIRECTION ( 'NONE',  ( 0.000000000000000000, -1.000000000000000000, 0.000000000000000000 ) ) ;
#5311 = VECTOR ( 'NONE', #1614, 1000.000000000000000 ) ;
#5312 = CARTESIAN_POINT ( 'NONE',  ( 49.50000000000000000, -152.0000000000000000, 0.000000000000000000 ) ) ;
#5313 = EDGE_LOOP ( 'NONE', ( #482, #548, #3229 ) ) ;
#5314 = VECTOR ( 'NONE', #4990, 1000.000000000000000 ) ;
#5315 = CARTESIAN_POINT ( 'NONE',  ( -25.63262081801212489, -161.0000000000000000, -25.63262081801256187 ) ) ;
#5316 = EDGE_CURVE ( 'NONE', #2630, #1574, #899, .T. ) ;
#5317 = DIRECTION ( 'NONE',  ( 0.000000000000000000, 0.000000000000000000, -1.000000000000000000 ) ) ;
#5318 = EDGE_LOOP ( 'NONE', ( #2001, #1430, #1815, #3838 ) ) ;
#5319 = DIRECTION ( 'NONE',  ( -0.000000000000000000, -1.000000000000000000, -0.000000000000000000 ) ) ;
#5320 = VERTEX_POINT ( 'NONE', #2084 ) ;
#5321 = EDGE_CURVE ( 'NONE', #628, #5115, #2280, .T. ) ;
#5322 = CIRCLE ( 'NONE', #2446, 2.500000000000002220 ) ;
#5323 =( BOUNDED_SURFACE ( )  B_SPLINE_SURFACE ( 3, 2, ( 
 ( #4906, #4879, #4085 ),
 ( #914, #3538, #4962 ),
 ( #3075, #2241, #2677 ),
 ( #1321, #4436, #4931 ) ),
 .UNSPECIFIED., .F., .F., .F. ) 
 B_SPLINE_SURFACE_WITH_KNOTS ( ( 4, 4 ),
 ( 3, 3 ),
 ( 1.581359314197949173, 1.820408405411068964 ),
 ( 0.000000000000000000, 1.000000000000000000 ),
 .UNSPECIFIED. ) 
 GEOMETRIC_REPRESENTATION_ITEM ( )  RATIONAL_B_SPLINE_SURFACE ( (
 ( 1.000000000000000000, 0.7081767636586919767, 1.000000000000000000),
 ( 1.000000000000000000, 0.7162424534219600236, 1.000000000000000000),
 ( 1.000000000000000000, 0.7241570338208261903, 1.000000000000000000),
 ( 1.000000000000000000, 0.7317206034805772141, 1.000000000000000000) ) ) 
 REPRESENTATION_ITEM ( '' )  SURFACE ( )  );
#5324 = DIRECTION ( 'NONE',  ( -2.409338161078896346E-17, 0.000000000000000000, 1.000000000000000000 ) ) ;
#5325 = CARTESIAN_POINT ( 'NONE',  ( -30.98345492017519476, -91.11488569816502547, -19.80798429566818442 ) ) ;
#5326 = CIRCLE ( 'NONE', #5500, 2.500000000000002220 ) ;
#5327 = ORIENTED_EDGE ( 'NONE', *, *, #2739, .F. ) ;
#5328 = PRODUCT_DEFINITION_SHAPE ( 'NONE', 'NONE',  #4278 ) ;
#5329 = VECTOR ( 'NONE', #233, 1000.000000000000000 ) ;
#5330 = DIRECTION ( 'NONE',  ( -1.000000000000000000, -0.000000000000000000, -0.000000000000000000 ) ) ;
#5331 = DIRECTION ( 'NONE',  ( -0.000000000000000000, -0.000000000000000000, -1.000000000000000000 ) ) ;
#5332 = CARTESIAN_POINT ( 'NONE',  ( -67.37379160497688702, -35.48192477907495856, 56.42856977664513352 ) ) ;
#5333 = UNCERTAINTY_MEASURE_WITH_UNIT (LENGTH_MEASURE( 1.000000000000000082E-05 ), #2663, 'distance_accuracy_value', 'NONE');
#5334 = DIRECTION ( 'NONE',  ( 1.000000000000000000, 0.000000000000000000, 0.000000000000000000 ) ) ;
#5335 = VERTEX_POINT ( 'NONE', #4749 ) ;
#5336 = CIRCLE ( 'NONE', #3011, 4.500000000000003553 ) ;
#5337 = LINE ( 'NONE', #4366, #4558 ) ;
#5338 = VECTOR ( 'NONE', #961, 1000.000000000000000 ) ;
#5339 = AXIS2_PLACEMENT_3D ( 'NONE', #129, #1352, #3628 ) ;
#5340 = DIRECTION ( 'NONE',  ( 1.000000000000000000, 0.000000000000000000, 0.000000000000000000 ) ) ;
#5341 = EDGE_CURVE ( 'NONE', #3862, #5532, #230, .T. ) ;
#5342 = DIRECTION ( 'NONE',  ( -0.000000000000000000, -0.000000000000000000, -1.000000000000000000 ) ) ;
#5343 = ORIENTED_EDGE ( 'NONE', *, *, #4818, .F. ) ;
#5344 = CARTESIAN_POINT ( 'NONE',  ( 48.59715430910959100, -68.50338154357500287, -22.17368771320905552 ) ) ;
#5345 = DIRECTION ( 'NONE',  ( 0.000000000000000000, 1.000000000000000000, 0.000000000000000000 ) ) ;
#5346 = AXIS2_PLACEMENT_3D ( 'NONE', #4747, #5645, #2169 ) ;
#5347 = CARTESIAN_POINT ( 'NONE',  ( 67.57285206799160449, -26.04318549590335508, -65.92882766079944190 ) ) ;
#5348 = FACE_OUTER_BOUND ( 'NONE', #1272, .T. ) ;
#5349 = DIRECTION ( 'NONE',  ( 1.334402673828313093E-16, -1.000000000000000000, -0.000000000000000000 ) ) ;
#5350 = CARTESIAN_POINT ( 'NONE',  ( 2.500000000000000000, -151.9999999999999716, -30.85000000000002274 ) ) ;
#5351 = DIRECTION ( 'NONE',  ( -6.167905692361976222E-15, 0.000000000000000000, 1.000000000000000000 ) ) ;
#5352 = ORIENTED_EDGE ( 'NONE', *, *, #2920, .T. ) ;
#5353 = EDGE_LOOP ( 'NONE', ( #4916, #3227 ) ) ;
#5354 = EDGE_CURVE ( 'NONE', #3881, #121, #3760, .T. ) ;
#5355 = CARTESIAN_POINT ( 'NONE',  ( -38.73569276423829422, -96.08309711709433998, -18.62429610173414574 ) ) ;
#5356 = ORIENTED_EDGE ( 'NONE', *, *, #5548, .F. ) ;
#5357 = DIRECTION ( 'NONE',  ( -0.000000000000000000, -1.000000000000000000, -0.000000000000000000 ) ) ;
#5358 = ORIENTED_EDGE ( 'NONE', *, *, #945, .F. ) ;
#5359 = ORIENTED_EDGE ( 'NONE', *, *, #3597, .T. ) ;
#5360 = CARTESIAN_POINT ( 'NONE',  ( -92.24999999999998579, -6.799999999999996270, -84.22372036179588406 ) ) ;
#5361 = FACE_BOUND ( 'NONE', #4445, .T. ) ;
#5362 = CARTESIAN_POINT ( 'NONE',  ( -55.97388421878034848, -41.08054633387951071, 51.40503243328928562 ) ) ;
#5363 = FACE_BOUND ( 'NONE', #4483, .T. ) ;
#5364 = VERTEX_POINT ( 'NONE', #29 ) ;
#5365 = CARTESIAN_POINT ( 'NONE',  ( -1.822124468884714243, -81.75455691446414619, 24.17843954714222932 ) ) ;
#5366 = CARTESIAN_POINT ( 'NONE',  ( 3.500000000000518696, -161.0000000000000000, -49.49999999999996447 ) ) ;
#5367 = CARTESIAN_POINT ( 'NONE',  ( -102.5000000000000000, -6.799999999999998046, 55.00000000000000711 ) ) ;
#5368 = ORIENTED_EDGE ( 'NONE', *, *, #766, .T. ) ;
#5369 = CARTESIAN_POINT ( 'NONE',  ( 64.01775552416975756, -40.46333632785037793, -43.47234192835449562 ) ) ;
#5370 = EDGE_CURVE ( 'NONE', #1049, #2731, #425, .T. ) ;
#5371 = CARTESIAN_POINT ( 'NONE',  ( -102.5000000000000000, 0.000000000000000000, -50.50000000000000000 ) ) ;
#5372 = CARTESIAN_POINT ( 'NONE',  ( 30.37382406978859350, -92.11262208443382349, -19.42083075851340013 ) ) ;
#5373 = ORIENTED_EDGE ( 'NONE', *, *, #1619, .F. ) ;
#5374 = DIRECTION ( 'NONE',  ( 0.000000000000000000, 0.000000000000000000, -1.000000000000000000 ) ) ;
#5375 = CARTESIAN_POINT ( 'NONE',  ( -35.94324274506107741, -152.0000000000000000, 13.08227048220660649 ) ) ;
#5376 = CYLINDRICAL_SURFACE ( 'NONE', #5674, 194.0000000000000568 ) ;
#5377 = EDGE_CURVE ( 'NONE', #166, #1236, #567, .T. ) ;
#5378 = CARTESIAN_POINT ( 'NONE',  ( -28.65399519163800335, -94.99730313167312090, -18.97890172748230597 ) ) ;
#5379 = DIRECTION ( 'NONE',  ( 0.000000000000000000, 0.000000000000000000, 1.000000000000000000 ) ) ;
#5380 = ORIENTED_EDGE ( 'NONE', *, *, #2240, .F. ) ;
#5381 = ORIENTED_EDGE ( 'NONE', *, *, #4550, .F. ) ;
#5382 = CARTESIAN_POINT ( 'NONE',  ( -91.10216469812719708, -6.799999999999998046, -88.12528463110145083 ) ) ;
#5383 = DIRECTION ( 'NONE',  ( 0.000000000000000000, 0.000000000000000000, -1.000000000000000000 ) ) ;
#5384 = CARTESIAN_POINT ( 'NONE',  ( -80.99653772037417809, -11.84350355043743619, 83.17080738592467526 ) ) ;
#5385 = DIRECTION ( 'NONE',  ( -1.000000000000000000, 0.000000000000000000, -3.491483361109382066E-15 ) ) ;
#5386 = ORIENTED_EDGE ( 'NONE', *, *, #4865, .F. ) ;
#5387 = EDGE_CURVE ( 'NONE', #3868, #408, #3204, .T. ) ;
#5388 = CARTESIAN_POINT ( 'NONE',  ( -1.114511564567094881, -80.85465487150229080, 24.63114710579100475 ) ) ;
#5389 = CARTESIAN_POINT ( 'NONE',  ( 22.00000000000001776, -152.0000000000000000, -8.406490915367006878 ) ) ;
#5390 = AXIS2_PLACEMENT_3D ( 'NONE', #1670, #402, #1225 ) ;
#5391 = LINE ( 'NONE', #95, #1169 ) ;
#5392 = ORIENTED_EDGE ( 'NONE', *, *, #981, .T. ) ;
#5393 = CARTESIAN_POINT ( 'NONE',  ( 74.64826564694718058, -25.85974269180782770, -58.18198335666919974 ) ) ;
#5394 = CARTESIAN_POINT ( 'NONE',  ( 109.0212156840881192, -2.500000000000000444, 90.50000000000000000 ) ) ;
#5395 = ORIENTED_EDGE ( 'NONE', *, *, #3347, .T. ) ;
#5396 = FACE_OUTER_BOUND ( 'NONE', #4298, .T. ) ;
#5397 = DIRECTION ( 'NONE',  ( -0.000000000000000000, -1.000000000000000000, 0.000000000000000000 ) ) ;
#5398 = CARTESIAN_POINT ( 'NONE',  ( -39.66692771826055264, -92.97102478592969987, 9.598177407316770271 ) ) ;
#5399 = CARTESIAN_POINT ( 'NONE',  ( -102.5000000000000000, -6.799999999999998046, 50.50000000000000000 ) ) ;
#5400 = CARTESIAN_POINT ( 'NONE',  ( -102.5000000000000000, -6.799999999999998046, -50.50000000000000000 ) ) ;
#5401 = EDGE_CURVE ( 'NONE', #5115, #1224, #4900, .T. ) ;
#5402 = ORIENTED_EDGE ( 'NONE', *, *, #4353, .T. ) ;
#5403 = CYLINDRICAL_SURFACE ( 'NONE', #4015, 10.00000000000000178 ) ;
#5404 = VERTEX_POINT ( 'NONE', #2607 ) ;
#5405 = CARTESIAN_POINT ( 'NONE',  ( 0.000000000000000000, 60.25251283491153487, -61.10000000000000853 ) ) ;
#5406 = EDGE_CURVE ( 'NONE', #1861, #5265, #875, .T. ) ;
#5407 = ORIENTED_EDGE ( 'NONE', *, *, #5377, .F. ) ;
#5408 = AXIS2_PLACEMENT_3D ( 'NONE', #3796, #2831, #665 ) ;
#5409 = CARTESIAN_POINT ( 'NONE',  ( -90.73264753370762037, -6.799999999999998046, -88.66368574108538780 ) ) ;
#5410 = EDGE_CURVE ( 'NONE', #2395, #285, #4403, .T. ) ;
#5411 = AXIS2_PLACEMENT_3D ( 'NONE', #1408, #3164, #70 ) ;
#5412 = AXIS2_PLACEMENT_3D ( 'NONE', #465, #5684, #2177 ) ;
#5413 = FACE_BOUND ( 'NONE', #2726, .T. ) ;
#5414 = CARTESIAN_POINT ( 'NONE',  ( -64.96703223102080926, -29.14874573023289628, 62.64715494272122953 ) ) ;
#5415 = CARTESIAN_POINT ( 'NONE',  ( 11.59332887541343560, -152.0000000000000000, -18.37676056338029440 ) ) ;
#5416 = ORIENTED_EDGE ( 'NONE', *, *, #2425, .T. ) ;
#5417 = AXIS2_PLACEMENT_3D ( 'NONE', #3162, #5397, #496 ) ;
#5418 = AXIS2_PLACEMENT_3D ( 'NONE', #1505, #4600, #2970 ) ;
#5419 = CARTESIAN_POINT ( 'NONE',  ( -28.63262081801212133, -161.0000000000000000, -25.63262081801259384 ) ) ;
#5420 = CIRCLE ( 'NONE', #4401, 2.500000000000002220 ) ;
#5421 = CIRCLE ( 'NONE', #5242, 3.750000000000003553 ) ;
#5422 = CARTESIAN_POINT ( 'NONE',  ( 67.37379160491943253, -35.48192477906505360, -56.42856977667427287 ) ) ;
#5423 = ORIENTED_EDGE ( 'NONE', *, *, #4895, .F. ) ;
#5424 = CARTESIAN_POINT ( 'NONE',  ( -46.00000000000107292, -4.000000000000000000, 102.4999999999995026 ) ) ;
#5425 = CYLINDRICAL_SURFACE ( 'NONE', #4379, 2.999999999999999112 ) ;
#5426 = CARTESIAN_POINT ( 'NONE',  ( -1.728284263749144375E-13, -152.0000000000000000, 49.50000000000000000 ) ) ;
#5427 = SPHERICAL_SURFACE ( 'NONE', #1816, 10.00000000000000000 ) ;
#5428 = VERTEX_POINT ( 'NONE', #57 ) ;
#5429 = FACE_OUTER_BOUND ( 'NONE', #1190, .T. ) ;
#5430 = ORIENTED_EDGE ( 'NONE', *, *, #2762, .F. ) ;
#5431 = AXIS2_PLACEMENT_3D ( 'NONE', #209, #3729, #183 ) ;
#5432 = CARTESIAN_POINT ( 'NONE',  ( 102.5000000000003411, -4.000000000000000000, -50.49999999999928946 ) ) ;
#5433 = DIRECTION ( 'NONE',  ( 0.000000000000000000, 1.000000000000000000, 0.000000000000000000 ) ) ;
#5434 = ORIENTED_EDGE ( 'NONE', *, *, #2687, .T. ) ;
#5435 = AXIS2_PLACEMENT_3D ( 'NONE', #4140, #2317, #569 ) ;
#5436 = DIRECTION ( 'NONE',  ( 0.000000000000000000, -1.000000000000000000, 0.000000000000000000 ) ) ;
#5437 = VERTEX_POINT ( 'NONE', #3093 ) ;
#5438 = CYLINDRICAL_SURFACE ( 'NONE', #5057, 2.999999999999999112 ) ;
#5439 = EDGE_LOOP ( 'NONE', ( #2633, #3170, #4521, #635, #3853, #5177, #2608, #4131 ) ) ;
#5440 = ADVANCED_FACE ( 'NONE', ( #461, #3441, #1752, #4364, #4399, #1777, #2207, #399, #1804, #3507, #3898, #4814, #1253, #3009 ), #1718, .F. ) ;
#5441 = EDGE_CURVE ( 'NONE', #4011, #4894, #5144, .T. ) ;
#5442 = EDGE_CURVE ( 'NONE', #2598, #3710, #276, .T. ) ;
#5443 = CARTESIAN_POINT ( 'NONE',  ( 25.63262081801230252, -152.0000000000000000, 25.63262081801238423 ) ) ;
#5444 = FACE_OUTER_BOUND ( 'NONE', #505, .T. ) ;
#5445 = CARTESIAN_POINT ( 'NONE',  ( 102.4999999999996163, -6.799999999999998046, 54.25000000000072475 ) ) ;
#5446 = CARTESIAN_POINT ( 'NONE',  ( -2.297886794856712100, -83.01141820486425615, -23.55592784911548065 ) ) ;
#5447 = ORIENTED_EDGE ( 'NONE', *, *, #3581, .F. ) ;
#5448 = EDGE_CURVE ( 'NONE', #4443, #4192, #2671, .T. ) ;
#5449 = CARTESIAN_POINT ( 'NONE',  ( 111.7500000000000000, -91.11488569816499705, 19.80798429566818442 ) ) ;
#5450 = CARTESIAN_POINT ( 'NONE',  ( 84.64093898690495621, -8.439403136876931555, -87.97596672749378399 ) ) ;
#5451 = ORIENTED_EDGE ( 'NONE', *, *, #1447, .F. ) ;
#5452 = CARTESIAN_POINT ( 'NONE',  ( 102.4999999999996447, -4.299999999999999822, 50.50000000000071765 ) ) ;
#5453 = CARTESIAN_POINT ( 'NONE',  ( 50.49999999999892708, 0.000000000000000000, 102.5000000000005258 ) ) ;
#5454 = FACE_BOUND ( 'NONE', #4829, .T. ) ;
#5455 = EDGE_CURVE ( 'NONE', #758, #753, #1460, .T. ) ;
#5456 = DIRECTION ( 'NONE',  ( 0.000000000000000000, 1.000000000000000000, -0.000000000000000000 ) ) ;
#5457 = CARTESIAN_POINT ( 'NONE',  ( 50.50000000000034106, -4.000000000000000000, -97.99999999999981526 ) ) ;
#5458 = FACE_OUTER_BOUND ( 'NONE', #3767, .T. ) ;
#5459 = ORIENTED_EDGE ( 'NONE', *, *, #549, .F. ) ;
#5460 = CARTESIAN_POINT ( 'NONE',  ( 102.4999999999996163, -4.000000000000000000, 55.00000000000072475 ) ) ;
#5461 = PLANE ( 'NONE',  #4186 ) ;
#5462 = VERTEX_POINT ( 'NONE', #2170 ) ;
#5463 = CARTESIAN_POINT ( 'NONE',  ( -39.01589699632796027, -95.14688532991594627, -18.64730982683292382 ) ) ;
#5464 = CARTESIAN_POINT ( 'NONE',  ( -28.63262081801212133, 0.001000000000084266816, -25.63262081801259384 ) ) ;
#5465 = ORIENTED_EDGE ( 'NONE', *, *, #159, .T. ) ;
#5466 = ORIENTED_EDGE ( 'NONE', *, *, #2210, .T. ) ;
#5467 = CARTESIAN_POINT ( 'NONE',  ( -50.49999999999964473, -6.799999999999998046, -102.5000000000001705 ) ) ;
#5468 = DIRECTION ( 'NONE',  ( -1.000000000000000000, -0.000000000000000000, -0.000000000000000000 ) ) ;
#5469 = CARTESIAN_POINT ( 'NONE',  ( -86.51278580608644120, -6.799999999999972289, 90.50000000000001421 ) ) ;
#5470 = DIRECTION ( 'NONE',  ( 0.000000000000000000, -1.000000000000000000, 0.000000000000000000 ) ) ;
#5471 = VERTEX_POINT ( 'NONE', #1315 ) ;
#5472 = EDGE_CURVE ( 'NONE', #1224, #4546, #3474, .T. ) ;
#5473 = CARTESIAN_POINT ( 'NONE',  ( 2.500000000000000000, -152.0000000000000000, -29.81083414330406356 ) ) ;
#5474 = CARTESIAN_POINT ( 'NONE',  ( 73.48145117236443014, -27.25673109982583142, -64.59231351604310589 ) ) ;
#5475 = ORIENTED_EDGE ( 'NONE', *, *, #4551, .F. ) ;
#5476 = DIRECTION ( 'NONE',  ( -1.000000000000000000, 0.000000000000000000, -1.040834085586085834E-14 ) ) ;
#5477 = EDGE_CURVE ( 'NONE', #166, #2285, #3931, .T. ) ;
#5478 = AXIS2_PLACEMENT_3D ( 'NONE', #222, #5489, #1966 ) ;
#5479 = CYLINDRICAL_SURFACE ( 'NONE', #75, 4.500000000000003553 ) ;
#5480 = DIRECTION ( 'NONE',  ( 1.000000000000000000, 0.000000000000000000, 3.491483361109382066E-15 ) ) ;
#5481 = DIRECTION ( 'NONE',  ( -1.000000000000000000, 0.000000000000000000, -3.083952846180988111E-15 ) ) ;
#5482 = ORIENTED_EDGE ( 'NONE', *, *, #709, .F. ) ;
#5483 = FACE_OUTER_BOUND ( 'NONE', #4222, .T. ) ;
#5484 = CARTESIAN_POINT ( 'NONE',  ( -38.23411289587080120, -97.75896397144340710, 8.979459605809473999 ) ) ;
#5485 = DIRECTION ( 'NONE',  ( 5.551115123125777969E-15, 0.000000000000000000, -1.000000000000000000 ) ) ;
#5486 = AXIS2_PLACEMENT_3D ( 'NONE', #4761, #1677, #2619 ) ;
#5487 = CARTESIAN_POINT ( 'NONE',  ( 48.00000000000036238, -4.299999999999999822, -102.4999999999998295 ) ) ;
#5488 = VERTEX_POINT ( 'NONE', #4838 ) ;
#5489 = DIRECTION ( 'NONE',  ( 0.9580117704232794518, 0.2867288749506295420, -0.000000000000000000 ) ) ;
#5490 = ADVANCED_FACE ( 'NONE', ( #3180, #5363 ), #115, .T. ) ;
#5491 = ORIENTED_EDGE ( 'NONE', *, *, #5223, .F. ) ;
#5492 = FACE_OUTER_BOUND ( 'NONE', #3526, .T. ) ;
#5493 = CARTESIAN_POINT ( 'NONE',  ( 1.925081969945332983, -81.95718351887953190, -24.07729964760758889 ) ) ;
#5494 = DIRECTION ( 'NONE',  ( -1.000000000000000000, 0.000000000000000000, 0.000000000000000000 ) ) ;
#5495 = AXIS2_PLACEMENT_3D ( 'NONE', #1187, #1662, #3410 ) ;
#5496 = VECTOR ( 'NONE', #2017, 1000.000000000000000 ) ;
#5497 = CARTESIAN_POINT ( 'NONE',  ( -38.40331314844755184, -97.19363606871637273, 2.499999999999998668 ) ) ;
#5498 = VERTEX_POINT ( 'NONE', #3151 ) ;
#5499 = ORIENTED_EDGE ( 'NONE', *, *, #484, .F. ) ;
#5500 = AXIS2_PLACEMENT_3D ( 'NONE', #5707, #3891, #2572 ) ;
#5501 = CIRCLE ( 'NONE', #5221, 2.500000000000002220 ) ;
#5502 = CARTESIAN_POINT ( 'NONE',  ( 66.17735924587049112, -37.19377925679697938, 54.83604155196755414 ) ) ;
#5503 =( BOUNDED_SURFACE ( )  B_SPLINE_SURFACE ( 3, 2, ( 
 ( #296, #2356, #2438 ),
 ( #2826, #192, #4204 ),
 ( #4586, #5542, #5108 ),
 ( #2044, #239, #4172 ) ),
 .UNSPECIFIED., .F., .F., .F. ) 
 B_SPLINE_SURFACE_WITH_KNOTS ( ( 4, 4 ),
 ( 3, 3 ),
 ( 0.000000000000000000, 0.003336207577147299892 ),
 ( 0.000000000000000000, 1.000000000000000000 ),
 .UNSPECIFIED. ) 
 GEOMETRIC_REPRESENTATION_ITEM ( )  RATIONAL_B_SPLINE_SURFACE ( (
 ( 1.000000000000000000, 0.7476445268308917758, 1.000000000000000000),
 ( 1.000000000000000000, 0.7421358679372886957, 1.000000000000000000),
 ( 1.000000000000000000, 0.7366484915345665740, 1.000000000000000000),
 ( 1.000000000000000000, 0.7312255714843903798, 1.000000000000000000) ) ) 
 REPRESENTATION_ITEM ( '' )  SURFACE ( )  );
#5504 = CARTESIAN_POINT ( 'NONE',  ( -109.0212156840881192, -2.500000000000000000, 99.75000000000000000 ) ) ;
#5505 = EDGE_LOOP ( 'NONE', ( #5423, #1761, #4721, #5482 ) ) ;
#5506 = AXIS2_PLACEMENT_3D ( 'NONE', #1733, #354, #768 ) ;
#5507 = DIRECTION ( 'NONE',  ( -0.000000000000000000, -1.000000000000000000, -0.000000000000000000 ) ) ;
#5508 = VECTOR ( 'NONE', #2593, 1000.000000000000000 ) ;
#5509 = CYLINDRICAL_SURFACE ( 'NONE', #3927, 2.499999999999998224 ) ;
#5510 = ADVANCED_FACE ( 'NONE', ( #1455 ), #4693, .T. ) ;
#5511 = AXIS2_PLACEMENT_3D ( 'NONE', #4611, #56, #4019 ) ;
#5512 = ADVANCED_FACE ( 'NONE', ( #4953 ), #4455, .F. ) ;
#5513 = DIRECTION ( 'NONE',  ( -5.947623346206195527E-15, 0.000000000000000000, 1.000000000000000000 ) ) ;
#5514 = CARTESIAN_POINT ( 'NONE',  ( 67.48511938328243787, -35.39537120914543777, 48.25239832157744502 ) ) ;
#5515 = ORIENTED_EDGE ( 'NONE', *, *, #2713, .F. ) ;
#5516 = LINE ( 'NONE', #4503, #3653 ) ;
#5517 = ORIENTED_EDGE ( 'NONE', *, *, #2424, .T. ) ;
#5518 = CARTESIAN_POINT ( 'NONE',  ( 49.50000000000000000, 0.001000000000084266816, 0.000000000000000000 ) ) ;
#5519 = FACE_OUTER_BOUND ( 'NONE', #1402, .T. ) ;
#5520 = CIRCLE ( 'NONE', #3019, 3.750000000000003553 ) ;
#5521 = AXIS2_PLACEMENT_3D ( 'NONE', #3970, #37, #1785 ) ;
#5522 = CARTESIAN_POINT ( 'NONE',  ( 0.000000000000000000, -80.42391024741301919, -24.85000000000001208 ) ) ;
#5523 =( GEOMETRIC_REPRESENTATION_CONTEXT ( 3 ) GLOBAL_UNCERTAINTY_ASSIGNED_CONTEXT ( ( #5333 ) ) GLOBAL_UNIT_ASSIGNED_CONTEXT ( ( #2663, #394, #1219 ) ) REPRESENTATION_CONTEXT ( 'NONE', 'WORKASPACE' ) );
#5524 = ORIENTED_EDGE ( 'NONE', *, *, #1413, .T. ) ;
#5525 = DIRECTION ( 'NONE',  ( 0.000000000000000000, 1.000000000000000000, 0.000000000000000000 ) ) ;
#5526 = VECTOR ( 'NONE', #5207, 1000.000000000000000 ) ;
#5527 = ORIENTED_EDGE ( 'NONE', *, *, #202, .T. ) ;
#5528 = DIRECTION ( 'NONE',  ( -0.000000000000000000, -0.000000000000000000, -1.000000000000000000 ) ) ;
#5529 = CARTESIAN_POINT ( 'NONE',  ( 92.17483548255019343, -6.799999999999974065, -85.08088527991030503 ) ) ;
#5530 = CARTESIAN_POINT ( 'NONE',  ( -39.66692771826056685, -92.97102478592969987, -9.598177407316786258 ) ) ;
#5531 = EDGE_LOOP ( 'NONE', ( #2499, #2437 ) ) ;
#5532 = VERTEX_POINT ( 'NONE', #1484 ) ;
#5533 = CARTESIAN_POINT ( 'NONE',  ( 43.57426241141809697, -80.89560995013748368, 15.06949245737587262 ) ) ;
#5534 = CARTESIAN_POINT ( 'NONE',  ( 111.7500000000000000, -91.11488569816499705, 19.80798429566818442 ) ) ;
#5535 = ORIENTED_EDGE ( 'NONE', *, *, #2755, .T. ) ;
#5536 = DIRECTION ( 'NONE',  ( 0.000000000000000000, 0.000000000000000000, -1.000000000000000000 ) ) ;
#5537 = CARTESIAN_POINT ( 'NONE',  ( -40.84613010469667671, -88.79436546315992018, -20.74812106561181224 ) ) ;
#5538 = DIRECTION ( 'NONE',  ( -0.000000000000000000, 1.000000000000000000, 0.000000000000000000 ) ) ;
#5539 = DIRECTION ( 'NONE',  ( 1.000000000000000000, 0.000000000000000000, 9.251858538542964333E-15 ) ) ;
#5540 = CARTESIAN_POINT ( 'NONE',  ( -50.49999999999964473, -4.000000000000000000, -102.5000000000001705 ) ) ;
#5541 = EDGE_LOOP ( 'NONE', ( #1214, #4142, #521, #538 ) ) ;
#5542 = CARTESIAN_POINT ( 'NONE',  ( 39.20030347954723737, -94.52391874229499535, 18.66625222857566513 ) ) ;
#5543 = EDGE_CURVE ( 'NONE', #3670, #2510, #3241, .T. ) ;
#5544 = FACE_OUTER_BOUND ( 'NONE', #4827, .T. ) ;
#5545 = CARTESIAN_POINT ( 'NONE',  ( -38.23411289587079409, -97.75896397144346395, -8.979459605809477551 ) ) ;
#5546 = EDGE_LOOP ( 'NONE', ( #1541, #2698, #3083, #3647 ) ) ;
#5547 = FACE_OUTER_BOUND ( 'NONE', #2526, .T. ) ;
#5548 = EDGE_CURVE ( 'NONE', #5268, #3519, #3112, .T. ) ;
#5549 = ORIENTED_EDGE ( 'NONE', *, *, #1702, .T. ) ;
#5550 = CARTESIAN_POINT ( 'NONE',  ( 50.49999999999892708, -6.799999999999998046, 102.5000000000005258 ) ) ;
#5551 = DIRECTION ( 'NONE',  ( 1.000000000000000000, 0.000000000000000000, 3.083952846180988111E-15 ) ) ;
#5552 = ORIENTED_EDGE ( 'NONE', *, *, #3233, .T. ) ;
#5553 = VERTEX_POINT ( 'NONE', #989 ) ;
#5554 = EDGE_CURVE ( 'NONE', #3458, #5488, #1560, .T. ) ;
#5555 = CARTESIAN_POINT ( 'NONE',  ( 47.00323954530963277, -72.16610031005319570, 19.93959772632453209 ) ) ;
#5556 = CARTESIAN_POINT ( 'NONE',  ( 0.4875557908765725812, -80.50009338479672749, 24.81120896839977874 ) ) ;
#5557 = EDGE_LOOP ( 'NONE', ( #895, #5352, #1965, #3813 ) ) ;
#5558 = FACE_OUTER_BOUND ( 'NONE', #2637, .T. ) ;
#5559 = CARTESIAN_POINT ( 'NONE',  ( -52.89270004152932358, -45.54078775873760776, -47.56836806365915038 ) ) ;
#5560 = PLANE ( 'NONE',  #1628 ) ;
#5561 = CARTESIAN_POINT ( 'NONE',  ( 65.16090464949347449, -38.75449253936980654, 45.04667740999263970 ) ) ;
#5562 = CARTESIAN_POINT ( 'NONE',  ( -1.453886946583465845, -185.8776647975023479, -18.01889790706864858 ) ) ;
#5563 = ORIENTED_EDGE ( 'NONE', *, *, #1167, .T. ) ;
#5564 = CARTESIAN_POINT ( 'NONE',  ( 102.4999999999996732, 0.000000000000000000, 46.00000000000071054 ) ) ;
#5565 = PLANE ( 'NONE',  #4748 ) ;
#5566 = ORIENTED_EDGE ( 'NONE', *, *, #404, .F. ) ;
#5567 = DIRECTION ( 'NONE',  ( 0.000000000000000000, 1.000000000000000000, 0.000000000000000000 ) ) ;
#5568 = CIRCLE ( 'NONE', #3715, 2.500000000000002220 ) ;
#5569 = ORIENTED_EDGE ( 'NONE', *, *, #4231, .T. ) ;
#5570 = CARTESIAN_POINT ( 'NONE',  ( -1.728284263749144375E-13, 0.001000000000084266816, 49.50000000000000000 ) ) ;
#5571 = EDGE_CURVE ( 'NONE', #1004, #330, #2712, .T. ) ;
#5572 = CIRCLE ( 'NONE', #5027, 2.500000000000002220 ) ;
#5573 = ADVANCED_FACE ( 'NONE', ( #1860, #2811 ), #3615, .T. ) ;
#5574 = CARTESIAN_POINT ( 'NONE',  ( 92.25000000000000000, -6.799999999999974065, 83.35607285682031886 ) ) ;
#5575 = DIRECTION ( 'NONE',  ( -0.9580117704232797848, -0.2867288749506286538, 0.000000000000000000 ) ) ;
#5576 = DIRECTION ( 'NONE',  ( 0.000000000000000000, 1.000000000000000000, 0.000000000000000000 ) ) ;
#5577 = ORIENTED_EDGE ( 'NONE', *, *, #2896, .T. ) ;
#5578 = B_SPLINE_CURVE_WITH_KNOTS ( 'NONE', 3,
 ( #3147, #1015, #2782, #562, #1916, #4921, #4949, #2286, #1044, #4539, #2720, #589, #5409, #5382, #648, #4077, #1421, #3612, #3266, #1944, #5360, #2336 ),
 .UNSPECIFIED., .F., .F.,
 ( 4, 2, 2, 2, 2, 2, 2, 2, 2, 2, 4 ),
 ( 0.000000000000000000, 0.001294973063413136114, 0.001942459595119724446, 0.002589946126826312995, 0.003237432658532901110, 0.003884919190239489659, 0.005179892253652634664, 0.005827378785359207600, 0.006474865317065779668, 0.007769838380478902122, 0.01035978450730519647 ),
 .UNSPECIFIED. ) ;
#5579 = ORIENTED_EDGE ( 'NONE', *, *, #3832, .F. ) ;
#5580 = ORIENTED_EDGE ( 'NONE', *, *, #4325, .F. ) ;
#5581 = AXIS2_PLACEMENT_3D ( 'NONE', #3596, #964, #2735 ) ;
#5582 = CARTESIAN_POINT ( 'NONE',  ( 56.59802839707966626, -40.19314533047741378, 52.18253350480417652 ) ) ;
#5583 = CARTESIAN_POINT ( 'NONE',  ( 0.000000000000000000, -153.0000000000000000, 0.000000000000000000 ) ) ;
#5584 = ORIENTED_EDGE ( 'NONE', *, *, #3331, .T. ) ;
#5585 = DIRECTION ( 'NONE',  ( 0.000000000000000000, 0.08353389573318997785, 0.9965049363970239771 ) ) ;
#5586 = CARTESIAN_POINT ( 'NONE',  ( -86.32653138536275605, -12.57126252837000813, -82.14908465862700382 ) ) ;
#5587 = EDGE_CURVE ( 'NONE', #1284, #3501, #1424, .T. ) ;
#5588 = EDGE_CURVE ( 'NONE', #3611, #4091, #2137, .T. ) ;
#5589 = CARTESIAN_POINT ( 'NONE',  ( -65.16090464949346028, -38.75449253936985627, 45.04667740999261838 ) ) ;
#5590 = CARTESIAN_POINT ( 'NONE',  ( -66.08794212972424020, -37.41032888035275050, 46.32515684145708690 ) ) ;
#5591 = EDGE_LOOP ( 'NONE', ( #80, #3806 ) ) ;
#5592 = CIRCLE ( 'NONE', #253, 2.999999999999999112 ) ;
#5593 = AXIS2_PLACEMENT_3D ( 'NONE', #491, #5340, #2554 ) ;
#5594 = DIRECTION ( 'NONE',  ( 0.000000000000000000, 1.000000000000000000, 0.000000000000000000 ) ) ;
#5595 = ORIENTED_EDGE ( 'NONE', *, *, #3924, .T. ) ;
#5596 = DIRECTION ( 'NONE',  ( 0.000000000000000000, 0.000000000000000000, 1.000000000000000000 ) ) ;
#5597 = B_SPLINE_CURVE_WITH_KNOTS ( 'NONE', 3,
 ( #718, #1525, #4615, #664, #2414, #1267, #4849, #3883, #5167, #3026, #4797, #2559, #3909, #1206, #1233, #4290, #1298, #832, #4733, #2589, #1701, #352 ),
 .UNSPECIFIED., .F., .F.,
 ( 4, 2, 2, 2, 2, 2, 2, 2, 2, 2, 4 ),
 ( 0.000000000000000000, 0.001294973063413104022, 0.001942459595119680211, 0.002589946126826256616, 0.003237432658532833456, 0.003884919190239409428, 0.005179892253652589561, 0.005827378785359150354, 0.006474865317065712014, 0.007769838380478856152, 0.01035978450730513749 ),
 .UNSPECIFIED. ) ;
#5598 = LINE ( 'NONE', #2124, #2813 ) ;
#5599 = VECTOR ( 'NONE', #3276, 1000.000000000000000 ) ;
#5600 = VERTEX_POINT ( 'NONE', #4568 ) ;
#5601 = DIRECTION ( 'NONE',  ( 1.000000000000000000, 1.474128571797522189E-16, 0.000000000000000000 ) ) ;
#5602 = VERTEX_POINT ( 'NONE', #3269 ) ;
#5603 = LINE ( 'NONE', #5066, #4115 ) ;
#5604 = AXIS2_PLACEMENT_3D ( 'NONE', #1072, #1970, #5494 ) ;
#5605 = DIRECTION ( 'NONE',  ( -0.000000000000000000, 1.000000000000000000, -0.000000000000000000 ) ) ;
#5606 = AXIS2_PLACEMENT_3D ( 'NONE', #3101, #4877, #1375 ) ;
#5607 = ORIENTED_EDGE ( 'NONE', *, *, #5661, .T. ) ;
#5608 = DIRECTION ( 'NONE',  ( 0.000000000000000000, 0.000000000000000000, -1.000000000000000000 ) ) ;
#5609 = ORIENTED_EDGE ( 'NONE', *, *, #1410, .T. ) ;
#5610 = AXIS2_PLACEMENT_3D ( 'NONE', #1498, #3257, #1935 ) ;
#5611 = AXIS2_PLACEMENT_3D ( 'NONE', #565, #2697, #2291 ) ;
#5612 = FACE_OUTER_BOUND ( 'NONE', #2495, .T. ) ;
#5613 = CARTESIAN_POINT ( 'NONE',  ( 92.25000000000001421, -6.799999999999974065, -84.22337545214909937 ) ) ;
#5614 = DIRECTION ( 'NONE',  ( 0.000000000000000000, 1.000000000000000000, 0.000000000000000000 ) ) ;
#5615 = ORIENTED_EDGE ( 'NONE', *, *, #2609, .F. ) ;
#5616 = VECTOR ( 'NONE', #122, 1000.000000000000000 ) ;
#5617 = EDGE_CURVE ( 'NONE', #4798, #1132, #3894, .T. ) ;
#5618 = AXIS2_PLACEMENT_3D ( 'NONE', #4782, #2113, #4836 ) ;
#5619 = EDGE_CURVE ( 'NONE', #2719, #4894, #1664, .T. ) ;
#5620 = ORIENTED_EDGE ( 'NONE', *, *, #3344, .F. ) ;
#5621 = CARTESIAN_POINT ( 'NONE',  ( -99.75000000000000000, -6.799999999999998046, -111.7500000000000000 ) ) ;
#5622 = CARTESIAN_POINT ( 'NONE',  ( -102.5000000000000000, -6.799999999999998046, 48.00000000000000000 ) ) ;
#5623 = VERTEX_POINT ( 'NONE', #2053 ) ;
#5624 = FACE_OUTER_BOUND ( 'NONE', #1911, .T. ) ;
#5625 = CARTESIAN_POINT ( 'NONE',  ( -61.68824770856320328, -33.31090821238809951, -58.53728337738942855 ) ) ;
#5626 = ADVANCED_FACE ( 'NONE', ( #3303 ), #752, .F. ) ;
#5627 = CARTESIAN_POINT ( 'NONE',  ( -60.64968566072273148, -45.67788673920352949, 38.83652446017389792 ) ) ;
#5628 = CARTESIAN_POINT ( 'NONE',  ( -76.35184316582729025, -16.44470283981269532, 77.12854604197029573 ) ) ;
#5629 = ORIENTED_EDGE ( 'NONE', *, *, #5275, .F. ) ;
#5630 = DIRECTION ( 'NONE',  ( -0.9597471296663867557, -0.2808655320560570212, 0.000000000000000000 ) ) ;
#5631 = ORIENTED_EDGE ( 'NONE', *, *, #2797, .T. ) ;
#5632 = CARTESIAN_POINT ( 'NONE',  ( -102.5000000000000000, -4.299999999999999822, 48.00000000000000000 ) ) ;
#5633 = FACE_OUTER_BOUND ( 'NONE', #838, .T. ) ;
#5634 = ORIENTED_EDGE ( 'NONE', *, *, #1510, .T. ) ;
#5635 = DIRECTION ( 'NONE',  ( -1.000000000000000000, -0.000000000000000000, -0.000000000000000000 ) ) ;
#5636 = DIRECTION ( 'NONE',  ( 0.000000000000000000, -1.000000000000000000, 0.000000000000000000 ) ) ;
#5637 = ADVANCED_FACE ( 'NONE', ( #5037 ), #4184, .F. ) ;
#5638 = DIRECTION ( 'NONE',  ( -0.9580117704232804510, -0.2867288749506258783, 0.000000000000000000 ) ) ;
#5639 = VERTEX_POINT ( 'NONE', #3351 ) ;
#5640 = CARTESIAN_POINT ( 'NONE',  ( -39.01589699632795316, -95.14688532991596048, 18.64730982683290961 ) ) ;
#5641 = ORIENTED_EDGE ( 'NONE', *, *, #5654, .F. ) ;
#5642 = DIRECTION ( 'NONE',  ( 0.000000000000000000, 0.000000000000000000, -1.000000000000000000 ) ) ;
#5643 = DIRECTION ( 'NONE',  ( -0.9580117704232792297, -0.2867288749506298751, 0.000000000000000000 ) ) ;
#5644 = ORIENTED_EDGE ( 'NONE', *, *, #2379, .F. ) ;
#5645 = DIRECTION ( 'NONE',  ( 0.000000000000000000, 1.000000000000000000, 0.000000000000000000 ) ) ;
#5646 = CARTESIAN_POINT ( 'NONE',  ( -102.5000000000000000, -6.799999999999998046, -46.75000000000000000 ) ) ;
#5647 = ORIENTED_EDGE ( 'NONE', *, *, #4273, .F. ) ;
#5648 = EDGE_CURVE ( 'NONE', #4970, #3247, #2014, .T. ) ;
#5649 = CARTESIAN_POINT ( 'NONE',  ( -38.23411289587080120, -97.75896397144340710, 8.979459605809473999 ) ) ;
#5650 = CARTESIAN_POINT ( 'NONE',  ( -42.31418226470737665, -84.35173617685408942, -22.81589140252043890 ) ) ;
#5651 = FACE_OUTER_BOUND ( 'NONE', #4096, .T. ) ;
#5652 = CARTESIAN_POINT ( 'NONE',  ( -43.81542330104939964, -60.81776621897436286, 36.25861306440344123 ) ) ;
#5653 = ORIENTED_EDGE ( 'NONE', *, *, #3875, .T. ) ;
#5654 = EDGE_CURVE ( 'NONE', #962, #395, #1743, .T. ) ;
#5655 = LINE ( 'NONE', #3316, #4687 ) ;
#5656 = ORIENTED_EDGE ( 'NONE', *, *, #1567, .F. ) ;
#5657 = ADVANCED_FACE ( 'NONE', ( #226 ), #4496, .T. ) ;
#5658 = EDGE_CURVE ( 'NONE', #4340, #2458, #93, .T. ) ;
#5659 = DIRECTION ( 'NONE',  ( 1.000000000000000000, 0.000000000000000000, 1.110223024625155594E-14 ) ) ;
#5660 = CARTESIAN_POINT ( 'NONE',  ( -39.66692771826055264, -92.97102478592969987, 9.598177407316763166 ) ) ;
#5661 = EDGE_CURVE ( 'NONE', #758, #5112, #5119, .T. ) ;
#5662 = DIRECTION ( 'NONE',  ( -0.2867288749506293200, -0.9580117704232794518, 0.000000000000000000 ) ) ;
#5663 = EDGE_LOOP ( 'NONE', ( #2779, #1797, #5291, #4794 ) ) ;
#5664 = CARTESIAN_POINT ( 'NONE',  ( 2.500000000000000000, -84.76722369266681767, -22.70531809279854940 ) ) ;
#5665 = DIRECTION ( 'NONE',  ( 0.000000000000000000, -1.000000000000000000, -0.000000000000000000 ) ) ;
#5666 = ORIENTED_EDGE ( 'NONE', *, *, #4666, .F. ) ;
#5667 = CARTESIAN_POINT ( 'NONE',  ( -64.01775552416977177, -40.46333632785042766, -43.47234192835446009 ) ) ;
#5668 = ORIENTED_EDGE ( 'NONE', *, *, #1106, .T. ) ;
#5669 = ORIENTED_EDGE ( 'NONE', *, *, #5056, .T. ) ;
#5670 = DIRECTION ( 'NONE',  ( -1.000000000000000000, 0.000000000000000000, -2.409338161078896346E-17 ) ) ;
#5671 = AXIS2_PLACEMENT_3D ( 'NONE', #3346, #1148, #300 ) ;
#5672 = CARTESIAN_POINT ( 'NONE',  ( -52.52778671192466220, -46.10013226824802501, -47.11456168647430331 ) ) ;
#5673 = ORIENTED_EDGE ( 'NONE', *, *, #4952, .T. ) ;
#5674 = AXIS2_PLACEMENT_3D ( 'NONE', #1411, #4914, #944 ) ;
#5675 = LINE ( 'NONE', #4452, #4396 ) ;
#5676 = CARTESIAN_POINT ( 'NONE',  ( 37.50000000000000000, -152.0000000000000000, 2.500000000000000000 ) ) ;
#5677 = CIRCLE ( 'NONE', #1981, 3.600000000000002309 ) ;
#5678 = DIRECTION ( 'NONE',  ( 1.000000000000000000, 0.000000000000000000, 3.700743415417184787E-15 ) ) ;
#5679 = ORIENTED_EDGE ( 'NONE', *, *, #5693, .T. ) ;
#5680 = CARTESIAN_POINT ( 'NONE',  ( 102.5000000000003411, -4.000000000000000000, -50.49999999999928946 ) ) ;
#5681 = CARTESIAN_POINT ( 'NONE',  ( 39.01589699632609154, -95.14688532992232695, 18.64730982683276039 ) ) ;
#5682 =( BOUNDED_SURFACE ( )  B_SPLINE_SURFACE ( 3, 2, ( 
 ( #195, #5463, #924 ),
 ( #76, #5355, #1388 ),
 ( #4918, #2714, #4046 ),
 ( #5378, #1415, #5545 ) ),
 .UNSPECIFIED., .F., .F., .F. ) 
 B_SPLINE_SURFACE_WITH_KNOTS ( ( 4, 4 ),
 ( 3, 3 ),
 ( 1.321184248178174814, 1.560233339391843499 ),
 ( 0.000000000000000000, 1.000000000000000000 ),
 .UNSPECIFIED. ) 
 GEOMETRIC_REPRESENTATION_ITEM ( )  RATIONAL_B_SPLINE_SURFACE ( (
 ( 1.000000000000000000, 0.7317206034806293946, 1.000000000000000000),
 ( 1.000000000000000000, 0.7241570338208622726, 1.000000000000000000),
 ( 1.000000000000000000, 0.7162424534219783423, 1.000000000000000000),
 ( 1.000000000000000000, 0.7081767636586919767, 1.000000000000000000) ) ) 
 REPRESENTATION_ITEM ( '' )  SURFACE ( )  );
#5683 = AXIS2_PLACEMENT_3D ( 'NONE', #387, #3406, #3461 ) ;
#5684 = DIRECTION ( 'NONE',  ( -1.000000000000000000, -0.000000000000000000, -0.000000000000000000 ) ) ;
#5685 = ORIENTED_EDGE ( 'NONE', *, *, #273, .T. ) ;
#5686 = DIRECTION ( 'NONE',  ( 0.000000000000000000, -0.3988045343244065455, -0.9170359553486946425 ) ) ;
#5687 = ORIENTED_EDGE ( 'NONE', *, *, #2863, .T. ) ;
#5688 = VECTOR ( 'NONE', #3525, 1000.000000000000000 ) ;
#5689 = DIRECTION ( 'NONE',  ( 0.000000000000000000, 0.000000000000000000, 1.000000000000000000 ) ) ;
#5690 = AXIS2_PLACEMENT_3D ( 'NONE', #3688, #1002, #1893 ) ;
#5691 = DIRECTION ( 'NONE',  ( 0.000000000000000000, 0.000000000000000000, 1.000000000000000000 ) ) ;
#5692 = EDGE_CURVE ( 'NONE', #1861, #5070, #4594, .T. ) ;
#5693 = EDGE_CURVE ( 'NONE', #3626, #4525, #1624, .T. ) ;
#5694 = EDGE_CURVE ( 'NONE', #4235, #1179, #3306, .T. ) ;
#5695 = ADVANCED_FACE ( 'NONE', ( #3837 ), #1151, .F. ) ;
#5696 = VECTOR ( 'NONE', #1710, 1000.000000000000000 ) ;
#5697 = CARTESIAN_POINT ( 'NONE',  ( -3.499999999999481304, 0.001000000000084266816, -49.50000000000003553 ) ) ;
#5698 = CARTESIAN_POINT ( 'NONE',  ( -40.00000000000000000, -91.85882352941172257, -8.673617379884035472E-16 ) ) ;
#5699 =( BOUNDED_SURFACE ( )  B_SPLINE_SURFACE ( 3, 2, ( 
 ( #1957, #555, #5398 ),
 ( #3736, #1933, #2773 ),
 ( #215, #2411, #3691 ),
 ( #237, #4121, #1438 ) ),
 .UNSPECIFIED., .F., .F., .F. ) 
 B_SPLINE_SURFACE_WITH_KNOTS ( ( 4, 4 ),
 ( 3, 3 ),
 ( -8.673617379884035472E-19, 0.003336207577135905360 ),
 ( 0.000000000000000000, 1.000000000000000000 ),
 .UNSPECIFIED. ) 
 GEOMETRIC_REPRESENTATION_ITEM ( )  RATIONAL_B_SPLINE_SURFACE ( (
 ( 1.000000000000000000, 0.7312255714844460019, 1.000000000000000000),
 ( 1.000000000000000000, 0.7366484915346018791, 1.000000000000000000),
 ( 1.000000000000000000, 0.7421358679373101230, 1.000000000000000000),
 ( 1.000000000000000000, 0.7476445268308917758, 1.000000000000000000) ) ) 
 REPRESENTATION_ITEM ( '' )  SURFACE ( )  );
#5700 = DIRECTION ( 'NONE',  ( 0.000000000000000000, 0.000000000000000000, 1.000000000000000000 ) ) ;
#5701 = VERTEX_POINT ( 'NONE', #2918 ) ;
#5702 = DIRECTION ( 'NONE',  ( 1.332573921340427876E-16, -0.9986295347545739443, 0.05233595624294395260 ) ) ;
#5703 = CIRCLE ( 'NONE', #1448, 3.600000000000000977 ) ;
#5704 = EDGE_CURVE ( 'NONE', #4322, #4307, #5088, .T. ) ;
#5705 = EDGE_LOOP ( 'NONE', ( #1125, #5267, #2327, #2301 ) ) ;
#5706 = AXIS2_PLACEMENT_3D ( 'NONE', #2950, #2506, #5643 ) ;
#5707 = CARTESIAN_POINT ( 'NONE',  ( 50.49999999999892708, -4.299999999999999822, 102.5000000000005258 ) ) ;
#5708 = CIRCLE ( 'NONE', #3277, 3.750000000000003553 ) ;
#5709 = CARTESIAN_POINT ( 'NONE',  ( 0.000000000000000000, -151.9999999999999716, 30.85000000000002274 ) ) ;
#5710 = ORIENTED_EDGE ( 'NONE', *, *, #3702, .T. ) ;
#5711 = CIRCLE ( 'NONE', #5148, 2.500000000000002220 ) ;
#5712 = CIRCLE ( 'NONE', #2553, 2.500000000000002220 ) ;
#5713 = ORIENTED_EDGE ( 'NONE', *, *, #1573, .F. ) ;
ENDSEC;
END-ISO-10303-21;
