ISO-10303-21;
HEADER;
FILE_DESCRIPTION (( 'STEP AP214' ),
    '1' );
FILE_NAME ('3HR0015-01 (Combine).STEP',
    '2023-09-19T03:52:31',
    ( '' ),
    ( '' ),
    'SwSTEP 2.0',
    'SolidWorks 2023',
    '' );
FILE_SCHEMA (( 'AUTOMOTIVE_DESIGN' ));
ENDSEC;

DATA;
#1 = CARTESIAN_POINT ( 'NONE',  ( 46.45216118914181891, 98.20127347965569697, 45.43546958861362839 ) ) ;
#2 = AXIS2_PLACEMENT_3D ( 'NONE', #851, #898, #3593 ) ;
#3 = CYLINDRICAL_SURFACE ( 'NONE', #697, 2.649999999999985700 ) ;
#4 = CARTESIAN_POINT ( 'NONE',  ( -124.5779949544927945, 148.0523359562429562, -111.0000000000003979 ) ) ;
#5 = EDGE_CURVE ( 'NONE', #1051, #2789, #1192, .T. ) ;
#6 = DIRECTION ( 'NONE',  ( -1.000000000000000000, 0.000000000000000000, 0.000000000000000000 ) ) ;
#7 = DIRECTION ( 'NONE',  ( 0.000000000000000000, -0.9986295347545739443, 0.05233595624294257870 ) ) ;
#8 = PLANE ( 'NONE',  #1826 ) ;
#9 = EDGE_CURVE ( 'NONE', #1103, #842, #4037, .T. ) ;
#10 = DIRECTION ( 'NONE',  ( 0.000000000000000000, 0.05233595624294395954, 0.9986295347545739443 ) ) ;
#11 = ORIENTED_EDGE ( 'NONE', *, *, #424, .T. ) ;
#12 = CARTESIAN_POINT ( 'NONE',  ( 117.4999999999999432, 140.0000000000000000, 82.49999999999998579 ) ) ;
#13 = DIRECTION ( 'NONE',  ( 0.000000000000000000, 0.000000000000000000, 1.000000000000000000 ) ) ;
#14 = FACE_OUTER_BOUND ( 'NONE', #3859, .T. ) ;
#15 = EDGE_LOOP ( 'NONE', ( #816, #4304, #4076, #2622 ) ) ;
#16 = ORIENTED_EDGE ( 'NONE', *, *, #1112, .T. ) ;
#17 = ORIENTED_EDGE ( 'NONE', *, *, #3678, .T. ) ;
#18 = CARTESIAN_POINT ( 'NONE',  ( -28.99302625988343607, 50.63167043973024306, 22.02425588186053673 ) ) ;
#19 = LINE ( 'NONE', #1688, #2740 ) ;
#20 = CARTESIAN_POINT ( 'NONE',  ( -35.59231196801007968, 68.91461937329543730, -19.88932736443730320 ) ) ;
#21 = VERTEX_POINT ( 'NONE', #105 ) ;
#22 = CARTESIAN_POINT ( 'NONE',  ( 96.40810621499075239, 138.4674399986440676, 98.76961625080339502 ) ) ;
#23 = EDGE_CURVE ( 'NONE', #3921, #1505, #3890, .T. ) ;
#24 = CARTESIAN_POINT ( 'NONE',  ( 111.0000000000004405, 149.0000000000000284, 123.5793654197382097 ) ) ;
#25 = AXIS2_PLACEMENT_3D ( 'NONE', #1693, #3334, #2327 ) ;
#26 = EDGE_CURVE ( 'NONE', #3608, #4063, #1506, .T. ) ;
#27 = DIRECTION ( 'NONE',  ( 0.000000000000000000, 0.000000000000000000, -1.000000000000000000 ) ) ;
#28 = EDGE_CURVE ( 'NONE', #3921, #471, #1443, .T. ) ;
#29 = DIRECTION ( 'NONE',  ( -0.000000000000000000, 1.000000000000000000, -0.000000000000000000 ) ) ;
#30 = CARTESIAN_POINT ( 'NONE',  ( 120.1499999999999062, 146.0000000000000284, -82.50000000000001421 ) ) ;
#31 = AXIS2_PLACEMENT_3D ( 'NONE', #1450, #836, #1091 ) ;
#32 = FACE_OUTER_BOUND ( 'NONE', #2442, .T. ) ;
#33 = ORIENTED_EDGE ( 'NONE', *, *, #3269, .F. ) ;
#34 = LINE ( 'NONE', #1391, #3101 ) ;
#35 = CARTESIAN_POINT ( 'NONE',  ( 31.15767095939391851, 57.56838032975726094, 23.35445943089256104 ) ) ;
#36 = CARTESIAN_POINT ( 'NONE',  ( -100.0805973336709656, 140.0000000000000284, 102.6331121852107771 ) ) ;
#37 = ORIENTED_EDGE ( 'NONE', *, *, #399, .F. ) ;
#38 = EDGE_LOOP ( 'NONE', ( #345, #1726 ) ) ;
#39 = DIRECTION ( 'NONE',  ( 0.000000000000000000, 0.000000000000000000, -1.000000000000000000 ) ) ;
#40 = CARTESIAN_POINT ( 'NONE',  ( -25.11760832970491464, 32.79488490836931902, 105.0000000000000284 ) ) ;
#41 = DIRECTION ( 'NONE',  ( -0.05233595624294395260, 0.9986295347545739443, 0.000000000000000000 ) ) ;
#42 = DIRECTION ( 'NONE',  ( -0.000000000000000000, 0.9986295347545740553, 0.05233595624294281462 ) ) ;
#43 = ADVANCED_FACE ( 'NONE', ( #456 ), #87, .F. ) ;
#44 = AXIS2_PLACEMENT_3D ( 'NONE', #613, #1985, #3339 ) ;
#45 = CARTESIAN_POINT ( 'NONE',  ( 18.13301624013294955, 9.000000000000000000, -20.29991528752059082 ) ) ;
#46 = ORIENTED_EDGE ( 'NONE', *, *, #2172, .T. ) ;
#47 = CARTESIAN_POINT ( 'NONE',  ( 22.46696356582579313, 55.08811580042762301, 22.83253204511560952 ) ) ;
#48 = CIRCLE ( 'NONE', #2665, 53.50000000000000000 ) ;
#49 = CIRCLE ( 'NONE', #2380, 4.900000000000001243 ) ;
#50 = DIRECTION ( 'NONE',  ( -0.000000000000000000, 1.000000000000000000, -0.000000000000000000 ) ) ;
#51 = DIRECTION ( 'NONE',  ( -0.000000000000000000, 1.000000000000000000, -0.000000000000000000 ) ) ;
#52 = CARTESIAN_POINT ( 'NONE',  ( 27.92593424724394069, 46.68322728561814472, -13.74816777465848538 ) ) ;
#53 = EDGE_CURVE ( 'NONE', #1949, #3989, #2534, .T. ) ;
#54 = CARTESIAN_POINT ( 'NONE',  ( 67.30809185027260355, 119.3584983192728544, -66.90670448024437178 ) ) ;
#55 = VERTEX_POINT ( 'NONE', #3551 ) ;
#56 = DIRECTION ( 'NONE',  ( 0.000000000000000000, -0.000000000000000000, -1.000000000000000000 ) ) ;
#57 = DIRECTION ( 'NONE',  ( -0.000000000000000000, -0.000000000000000000, -1.000000000000000000 ) ) ;
#58 = B_SPLINE_CURVE_WITH_KNOTS ( 'NONE', 3,
 ( #2658, #1715, #3354, #675, #3715, #2325, #3689, #3379, #3068, #4066, #1016, #2726 ),
 .UNSPECIFIED., .F., .F.,
 ( 4, 2, 2, 2, 2, 4 ),
 ( 7.949501638480626889E-18, 0.008029445358960067905, 0.01605889071792012540, 0.02408833607688018463, 0.02810305875636021425, 0.03211778143584024386 ),
 .UNSPECIFIED. ) ;
#59 = EDGE_CURVE ( 'NONE', #2297, #4191, #1554, .T. ) ;
#60 = VECTOR ( 'NONE', #2132, 1000.000000000000000 ) ;
#61 = ORIENTED_EDGE ( 'NONE', *, *, #722, .F. ) ;
#62 = CARTESIAN_POINT ( 'NONE',  ( -30.11938709423413130, 54.37566549680543204, 15.00792500828756104 ) ) ;
#63 = DIRECTION ( 'NONE',  ( -0.000000000000000000, -1.000000000000000000, -0.000000000000000000 ) ) ;
#64 = FACE_OUTER_BOUND ( 'NONE', #2281, .T. ) ;
#65 = CARTESIAN_POINT ( 'NONE',  ( -30.98791153127242026, 70.34614824384919984, -27.67430555218442478 ) ) ;
#66 = ORIENTED_EDGE ( 'NONE', *, *, #480, .F. ) ;
#67 = ORIENTED_EDGE ( 'NONE', *, *, #1788, .T. ) ;
#68 = ORIENTED_EDGE ( 'NONE', *, *, #3550, .F. ) ;
#69 = ADVANCED_FACE ( 'NONE', ( #435 ), #1842, .F. ) ;
#70 = CARTESIAN_POINT ( 'NONE',  ( 6.686636875649011540E-15, 9.000000000000000000, 51.50000000000000000 ) ) ;
#71 = AXIS2_PLACEMENT_3D ( 'NONE', #631, #388, #1757 ) ;
#72 = DIRECTION ( 'NONE',  ( -0.2110933456733740388, 0.9769372296910463493, 0.03214418541517993777 ) ) ;
#73 = PLANE ( 'NONE',  #137 ) ;
#74 = CARTESIAN_POINT ( 'NONE',  ( 125.0000000000004405, 140.0000000000000000, 125.0000000000004690 ) ) ;
#75 = EDGE_CURVE ( 'NONE', #1748, #2048, #3216, .T. ) ;
#76 = CARTESIAN_POINT ( 'NONE',  ( 33.72101921797957402, 79.38225486658681973, -32.57735403599638602 ) ) ;
#77 = ORIENTED_EDGE ( 'NONE', *, *, #567, .F. ) ;
#78 = DIRECTION ( 'NONE',  ( 0.000000000000000000, 0.000000000000000000, 1.000000000000000000 ) ) ;
#79 = PRODUCT_RELATED_PRODUCT_CATEGORY ( 'part', '', ( #2540 ) ) ;
#80 = ADVANCED_FACE ( 'NONE', ( #2841 ), #3173, .F. ) ;
#81 = EDGE_LOOP ( 'NONE', ( #1545, #2203 ) ) ;
#82 = LINE ( 'NONE', #165, #133 ) ;
#83 = CARTESIAN_POINT ( 'NONE',  ( -101.4513763216579321, 139.9999999999999716, -102.1167662453132436 ) ) ;
#84 = DIRECTION ( 'NONE',  ( 0.000000000000000000, -0.9994591347499238720, 0.03288522411256204064 ) ) ;
#85 = FACE_OUTER_BOUND ( 'NONE', #990, .T. ) ;
#86 = ORIENTED_EDGE ( 'NONE', *, *, #2711, .F. ) ;
#87 = CYLINDRICAL_SURFACE ( 'NONE', #1339, 4.900000000000001243 ) ;
#88 = CARTESIAN_POINT ( 'NONE',  ( -26.87005768508856463, 9.000000000000000000, -26.87005768508904069 ) ) ;
#89 = DIRECTION ( 'NONE',  ( -0.9774423306857495941, -0.2112024862155034155, 0.000000000000000000 ) ) ;
#90 = CARTESIAN_POINT ( 'NONE',  ( 102.6400071844729354, 140.0000000000000000, 98.92839852658539712 ) ) ;
#91 = FACE_OUTER_BOUND ( 'NONE', #1615, .T. ) ;
#92 = EDGE_LOOP ( 'NONE', ( #1053, #1686, #591, #3014 ) ) ;
#93 = CARTESIAN_POINT ( 'NONE',  ( 102.4358134705660461, 139.9084357588225771, 102.3996727028875284 ) ) ;
#94 = EDGE_LOOP ( 'NONE', ( #4163, #213 ) ) ;
#95 = DIRECTION ( 'NONE',  ( -0.000000000000000000, 1.000000000000000000, -0.000000000000000000 ) ) ;
#96 = AXIS2_PLACEMENT_3D ( 'NONE', #3848, #1807, #2806 ) ;
#97 = VERTEX_POINT ( 'NONE', #2173 ) ;
#98 = EDGE_CURVE ( 'NONE', #2947, #1203, #193, .T. ) ;
#99 = ORIENTED_EDGE ( 'NONE', *, *, #2046, .T. ) ;
#100 = CYLINDRICAL_SURFACE ( 'NONE', #2055, 4.899999999999987921 ) ;
#101 = CARTESIAN_POINT ( 'NONE',  ( -101.0632216961259502, 139.9999999999999716, -102.3541798406766219 ) ) ;
#102 = CARTESIAN_POINT ( 'NONE',  ( -2.000000000000000888, 8.999999999999996447, -20.29991528752059082 ) ) ;
#103 = DIRECTION ( 'NONE',  ( 0.000000000000000000, 1.000000000000000000, 0.000000000000000000 ) ) ;
#104 = ORIENTED_EDGE ( 'NONE', *, *, #4016, .F. ) ;
#105 = CARTESIAN_POINT ( 'NONE',  ( 117.4999999999999147, 149.0000000000000284, -77.60000000000003695 ) ) ;
#106 = DIRECTION ( 'NONE',  ( -0.000000000000000000, 1.000000000000000000, -0.000000000000000000 ) ) ;
#107 = CARTESIAN_POINT ( 'NONE',  ( 19.49759063121598857, 45.37314375149921375, -21.49670157157994765 ) ) ;
#108 = VECTOR ( 'NONE', #1336, 1000.000000000000000 ) ;
#109 = CARTESIAN_POINT ( 'NONE',  ( -26.87005768508894832, 9.000000000000000000, 30.12005768508865700 ) ) ;
#110 = CARTESIAN_POINT ( 'NONE',  ( -123.5793654197382381, 148.0000000000000284, 125.0000000000004690 ) ) ;
#111 = ORIENTED_EDGE ( 'NONE', *, *, #1052, .T. ) ;
#112 = ADVANCED_FACE ( 'NONE', ( #1576 ), #235, .T. ) ;
#113 = CIRCLE ( 'NONE', #962, 13.57799495449232907 ) ;
#114 = CARTESIAN_POINT ( 'NONE',  ( -102.6400071844727648, 139.9999999999999432, -98.92839852658499922 ) ) ;
#115 = ORIENTED_EDGE ( 'NONE', *, *, #3739, .T. ) ;
#116 = CARTESIAN_POINT ( 'NONE',  ( 105.0000000000004690, 140.0000000000000000, 125.0000000000004690 ) ) ;
#117 = CARTESIAN_POINT ( 'NONE',  ( -69.89654119208748284, 117.1780879988785671, 58.78125103178074795 ) ) ;
#118 = VECTOR ( 'NONE', #986, 1000.000000000000000 ) ;
#119 = ORIENTED_EDGE ( 'NONE', *, *, #3720, .T. ) ;
#120 = EDGE_LOOP ( 'NONE', ( #626, #3158 ) ) ;
#121 = AXIS2_PLACEMENT_3D ( 'NONE', #4176, #2866, #2505 ) ;
#122 = EDGE_LOOP ( 'NONE', ( #67, #415, #712, #1061 ) ) ;
#123 = DIRECTION ( 'NONE',  ( -0.000000000000000000, 1.000000000000000000, -0.000000000000000000 ) ) ;
#124 = DIRECTION ( 'NONE',  ( -0.05233595624294395260, -0.9986295347545739443, 0.000000000000000000 ) ) ;
#125 = DIRECTION ( 'NONE',  ( -0.000000000000000000, 1.000000000000000000, -0.000000000000000000 ) ) ;
#126 = CARTESIAN_POINT ( 'NONE',  ( -36.04978176102230947, 70.45418827689501029, -22.59077055559342639 ) ) ;
#127 = EDGE_LOOP ( 'NONE', ( #3415, #954 ) ) ;
#128 = ORIENTED_EDGE ( 'NONE', *, *, #144, .T. ) ;
#129 = DIRECTION ( 'NONE',  ( 0.000000000000000000, 0.000000000000000000, 1.000000000000000000 ) ) ;
#130 = FACE_OUTER_BOUND ( 'NONE', #1839, .T. ) ;
#131 = B_SPLINE_CURVE_WITH_KNOTS ( 'NONE', 3,
 ( #2939, #1939, #4288, #2009, #3030, #933, #4339, #2313, #4003, #3342, #290, #1226 ),
 .UNSPECIFIED., .F., .F.,
 ( 4, 2, 2, 2, 2, 4 ),
 ( 0.000000000000000000, 0.004075549431683826197, 0.008151098863367652395, 0.01630219772673530826, 0.02445329659010296239, 0.03260439545347062346 ),
 .UNSPECIFIED. ) ;
#132 = CARTESIAN_POINT ( 'NONE',  ( 18.88925619532808042, 42.83931635415304839, 21.41333099750923452 ) ) ;
#133 = VECTOR ( 'NONE', #757, 1000.000000000000000 ) ;
#134 = DIRECTION ( 'NONE',  ( -0.000000000000000000, 0.03288522411256204758, 0.9994591347499239831 ) ) ;
#135 = CARTESIAN_POINT ( 'NONE',  ( 67.92444513532696249, 115.3165354049509261, -56.49541165165867795 ) ) ;
#136 = DIRECTION ( 'NONE',  ( -0.000000000000000000, 1.000000000000000000, -0.000000000000000000 ) ) ;
#137 = AXIS2_PLACEMENT_3D ( 'NONE', #1044, #1407, #2415 ) ;
#138 = CARTESIAN_POINT ( 'NONE',  ( 100.9684629952121924, 139.1812678498841080, 96.64858570408142668 ) ) ;
#139 = ORIENTED_EDGE ( 'NONE', *, *, #2574, .T. ) ;
#140 = B_SPLINE_CURVE_WITH_KNOTS ( 'NONE', 3,
 ( #3191, #3858, #433, #454, #1816, #126, #1479, #4189, #3521, #1143, #2496, #149, #2408, #802, #2749, #4107, #3779, #717, #2089, #1758, #65, #1424, #2257 ),
 .UNSPECIFIED., .F., .F.,
 ( 4, 2, 1, 2, 2, 2, 2, 2, 2, 2, 2, 4 ),
 ( -0.0001535339414457467138, 0.0005398616946499540815, 0.001233257330745655012, 0.001926652966841355943, 0.002620048602937056440, 0.004006839875128474782, 0.004700235511224193710, 0.005393631147319913506, 0.006780422419511359169, 0.007473818055607096313, 0.008167213691702833456, 0.01094079623608579591 ),
 .UNSPECIFIED. ) ;
#141 = DIRECTION ( 'NONE',  ( 0.000000000000000000, 1.000000000000000000, 0.000000000000000000 ) ) ;
#142 = CARTESIAN_POINT ( 'NONE',  ( -41.61159599893537830, 81.11270869954891793, 26.58439662459938901 ) ) ;
#143 = VECTOR ( 'NONE', #3287, 1000.000000000000000 ) ;
#144 = EDGE_CURVE ( 'NONE', #444, #3608, #2237, .T. ) ;
#145 = ORIENTED_EDGE ( 'NONE', *, *, #2843, .T. ) ;
#146 = CARTESIAN_POINT ( 'NONE',  ( 17.21028008360597639, 33.74595302731918167, -21.11413188016391018 ) ) ;
#147 = DIRECTION ( 'NONE',  ( 0.000000000000000000, 0.000000000000000000, -1.000000000000000000 ) ) ;
#148 = DIRECTION ( 'NONE',  ( 0.000000000000000000, -0.9994591347499238720, 0.03288522411256204064 ) ) ;
#149 = CARTESIAN_POINT ( 'NONE',  ( -34.63785358058954245, 69.98855745800825900, -24.92336469264844112 ) ) ;
#150 = ORIENTED_EDGE ( 'NONE', *, *, #3984, .T. ) ;
#151 = EDGE_LOOP ( 'NONE', ( #68, #402 ) ) ;
#152 = FACE_OUTER_BOUND ( 'NONE', #3242, .T. ) ;
#153 = DIRECTION ( 'NONE',  ( -1.000000000000000000, -0.000000000000000000, -0.000000000000000000 ) ) ;
#154 = CARTESIAN_POINT ( 'NONE',  ( -18.88925619532805911, 43.10239814705356309, 13.41765791950984621 ) ) ;
#155 = PLANE ( 'NONE',  #764 ) ;
#156 = DIRECTION ( 'NONE',  ( -1.000000000000000000, 0.000000000000000000, 0.000000000000000000 ) ) ;
#157 = DIRECTION ( 'NONE',  ( 0.000000000000000000, 0.000000000000000000, -1.000000000000000000 ) ) ;
#158 = EDGE_CURVE ( 'NONE', #3710, #2240, #2685, .T. ) ;
#159 = ADVANCED_FACE ( 'NONE', ( #4277 ), #3618, .F. ) ;
#160 = CARTESIAN_POINT ( 'NONE',  ( 67.60268088001602393, 119.6040614408479286, 67.21514093868729844 ) ) ;
#161 = VERTEX_POINT ( 'NONE', #1238 ) ;
#162 = FACE_BOUND ( 'NONE', #94, .T. ) ;
#163 = CARTESIAN_POINT ( 'NONE',  ( -43.53943203716228538, 84.64443308191789583, 35.64816225138289241 ) ) ;
#164 = ORIENTED_EDGE ( 'NONE', *, *, #774, .F. ) ;
#165 = CARTESIAN_POINT ( 'NONE',  ( 26.87005768508875292, 18.19238815542511389, 30.12005768508885239 ) ) ;
#166 = DIRECTION ( 'NONE',  ( -0.000000000000000000, 1.000000000000000000, -0.000000000000000000 ) ) ;
#167 = DIRECTION ( 'NONE',  ( -0.000000000000000000, 1.000000000000000000, -0.000000000000000000 ) ) ;
#168 = DIRECTION ( 'NONE',  ( 0.000000000000000000, -1.000000000000000000, 0.000000000000000000 ) ) ;
#169 = ORIENTED_EDGE ( 'NONE', *, *, #3780, .T. ) ;
#170 = CARTESIAN_POINT ( 'NONE',  ( 82.50000000000002842, 149.0000000000000284, -117.4999999999999716 ) ) ;
#171 = DIRECTION ( 'NONE',  ( -0.9884160307623646169, 0.1517687389812944765, 0.000000000000000000 ) ) ;
#172 = EDGE_CURVE ( 'NONE', #2315, #1919, #2586, .T. ) ;
#173 = CARTESIAN_POINT ( 'NONE',  ( -117.5000000000000995, 140.0000000000000000, -82.49999999999998579 ) ) ;
#174 = CARTESIAN_POINT ( 'NONE',  ( 38.58451886303467404, 75.32128414627646862, 23.18956756152761400 ) ) ;
#175 = DIRECTION ( 'NONE',  ( 0.000000000000000000, -1.000000000000000000, -0.000000000000000000 ) ) ;
#176 = CYLINDRICAL_SURFACE ( 'NONE', #177, 3.249999999999999556 ) ;
#177 = AXIS2_PLACEMENT_3D ( 'NONE', #3891, #3866, #834 ) ;
#178 = CARTESIAN_POINT ( 'NONE',  ( 69.83781961045148989, 117.1237258983986465, 58.71304460129022118 ) ) ;
#179 = VERTEX_POINT ( 'NONE', #254 ) ;
#180 = FACE_BOUND ( 'NONE', #380, .T. ) ;
#181 = CARTESIAN_POINT ( 'NONE',  ( -61.99421631534855237, 109.3126360395709042, 55.55707303558075694 ) ) ;
#182 = ORIENTED_EDGE ( 'NONE', *, *, #1875, .T. ) ;
#183 = AXIS2_PLACEMENT_3D ( 'NONE', #916, #574, #2316 ) ;
#184 = CARTESIAN_POINT ( 'NONE',  ( -30.98637812482317955, 56.96276258151237926, 105.0000000000000284 ) ) ;
#185 = FACE_OUTER_BOUND ( 'NONE', #669, .T. ) ;
#186 = CARTESIAN_POINT ( 'NONE',  ( 82.50000000000000000, 146.0000000000000284, 117.5000000000000000 ) ) ;
#187 = VECTOR ( 'NONE', #1264, 1000.000000000000000 ) ;
#188 = ORIENTED_EDGE ( 'NONE', *, *, #1784, .T. ) ;
#189 = CYLINDRICAL_SURFACE ( 'NONE', #2260, 4.899999999999987921 ) ;
#190 = DIRECTION ( 'NONE',  ( -0.000000000000000000, 1.000000000000000000, -0.000000000000000000 ) ) ;
#191 = AXIS2_PLACEMENT_3D ( 'NONE', #1623, #612, #4284 ) ;
#192 = DIRECTION ( 'NONE',  ( -0.000000000000000000, 1.000000000000000000, -0.000000000000000000 ) ) ;
#193 = B_SPLINE_CURVE_WITH_KNOTS ( 'NONE', 3,
 ( #2882, #478, #3948, #922, #3569, #4300, #580, #1909, #3264, #1257, #2994, #3972, #2972, #2927, #896, #1280, #2948, #2610, #1950, #1213, #2303, #2283, #4348, #1975, #1594, #560 ),
 .UNSPECIFIED., .F., .F.,
 ( 4, 2, 2, 2, 2, 2, 2, 2, 2, 2, 2, 2, 4 ),
 ( 0.000000000000000000, 0.003961830360062025720, 0.007923660720124051440, 0.01584732144024810288, 0.03169464288049623352, 0.04754196432074436068, 0.05546562504086842427, 0.06338928576099249479, 0.07131294648111655143, 0.07923660720124062196, 0.09508392864148880463, 0.1109312500817369873, 0.1267785715219851839 ),
 .UNSPECIFIED. ) ;
#194 = ORIENTED_EDGE ( 'NONE', *, *, #4253, .T. ) ;
#195 = ADVANCED_FACE ( 'NONE', ( #1616 ), #2906, .F. ) ;
#196 = CARTESIAN_POINT ( 'NONE',  ( 27.20965497226359986, 66.73739468948096487, -26.32555387156389060 ) ) ;
#197 = CARTESIAN_POINT ( 'NONE',  ( 91.49862284864551043, 133.7066120252511894, -84.60557033088495871 ) ) ;
#198 = FACE_OUTER_BOUND ( 'NONE', #741, .T. ) ;
#199 = DIRECTION ( 'NONE',  ( -0.000000000000000000, -1.000000000000000000, -0.000000000000000000 ) ) ;
#200 = B_SPLINE_CURVE_WITH_KNOTS ( 'NONE', 3,
 ( #3096, #3453, #52, #3433, #3074, #398, #1787, #355, #684, #3138, #376, #2713 ),
 .UNSPECIFIED., .F., .F.,
 ( 4, 2, 2, 2, 2, 4 ),
 ( 0.000000000000000000, 0.008029445358960819040, 0.01605889071792163808, 0.02408833607688245712, 0.02810305875636286838, 0.03211778143584327616 ),
 .UNSPECIFIED. ) ;
#201 = AXIS2_PLACEMENT_3D ( 'NONE', #2148, #495, #1159 ) ;
#202 = CARTESIAN_POINT ( 'NONE',  ( 40.20862207347659734, 78.58047221958466366, 32.09251900738762942 ) ) ;
#203 = ORIENTED_EDGE ( 'NONE', *, *, #1738, .T. ) ;
#204 = PLANE ( 'NONE',  #743 ) ;
#205 = CARTESIAN_POINT ( 'NONE',  ( -89.71442022796246363, 132.6336753601877660, 86.76645999244655627 ) ) ;
#206 = EDGE_CURVE ( 'NONE', #1154, #362, #3255, .T. ) ;
#207 = VECTOR ( 'NONE', #2517, 1000.000000000000114 ) ;
#208 = ORIENTED_EDGE ( 'NONE', *, *, #894, .F. ) ;
#209 = CARTESIAN_POINT ( 'NONE',  ( -30.34184661850991560, 73.08705933143401978, -29.18117650483295478 ) ) ;
#210 = CARTESIAN_POINT ( 'NONE',  ( 26.70879484081404698, 41.41277825732954909, 13.41765791950984799 ) ) ;
#211 = DIRECTION ( 'NONE',  ( 0.000000000000000000, 7.264969697733247879E-16, -1.000000000000000000 ) ) ;
#212 = EDGE_CURVE ( 'NONE', #1919, #3802, #1121, .T. ) ;
#213 = ORIENTED_EDGE ( 'NONE', *, *, #1216, .T. ) ;
#214 = ADVANCED_FACE ( 'NONE', ( #3329 ), #189, .F. ) ;
#215 = CARTESIAN_POINT ( 'NONE',  ( 14.01352707304467060, 13.18971495741114630, 12.43344029990141308 ) ) ;
#216 = CARTESIAN_POINT ( 'NONE',  ( 102.6400071844729354, 140.0000000000000000, -98.92839852658524080 ) ) ;
#217 = CARTESIAN_POINT ( 'NONE',  ( -26.70879484081406474, 41.41277825732953488, -13.41765791950986397 ) ) ;
#218 = ORIENTED_EDGE ( 'NONE', *, *, #1773, .F. ) ;
#219 = DIRECTION ( 'NONE',  ( 0.000000000000000000, 0.000000000000000000, -1.000000000000000000 ) ) ;
#220 = CARTESIAN_POINT ( 'NONE',  ( 68.24797288538179885, 115.6122419577695410, -56.87142555607128713 ) ) ;
#221 = DIRECTION ( 'NONE',  ( 0.000000000000000000, 0.000000000000000000, -1.000000000000000000 ) ) ;
#222 = CARTESIAN_POINT ( 'NONE',  ( 21.65882751081410262, 52.70436138569376538, -22.37877525811194701 ) ) ;
#223 = DIRECTION ( 'NONE',  ( 1.000000000000000000, 0.000000000000000000, 0.000000000000000000 ) ) ;
#224 = ORIENTED_EDGE ( 'NONE', *, *, #53, .F. ) ;
#225 = DIRECTION ( 'NONE',  ( -0.000000000000000000, 1.000000000000000000, -0.000000000000000000 ) ) ;
#226 = CARTESIAN_POINT ( 'NONE',  ( -61.95023676998772544, 114.6617864524589123, -61.32704170501595087 ) ) ;
#227 = ORIENTED_EDGE ( 'NONE', *, *, #23, .F. ) ;
#228 = CARTESIAN_POINT ( 'NONE',  ( 82.50000000000000000, 149.0000000000000284, 112.5999999999999943 ) ) ;
#229 = CARTESIAN_POINT ( 'NONE',  ( 26.09173885771979329, 38.55705127661676812, 13.31851176425015559 ) ) ;
#230 = PLANE ( 'NONE',  #3045 ) ;
#231 = ADVANCED_FACE ( 'NONE', ( #3923, #3591 ), #542, .F. ) ;
#232 = ORIENTED_EDGE ( 'NONE', *, *, #2509, .T. ) ;
#233 = ORIENTED_EDGE ( 'NONE', *, *, #4311, .F. ) ;
#234 = ORIENTED_EDGE ( 'NONE', *, *, #4311, .T. ) ;
#235 = CYLINDRICAL_SURFACE ( 'NONE', #3682, 7.999999999999998224 ) ;
#236 = CARTESIAN_POINT ( 'NONE',  ( -21.46396496056324210, 9.000000000000000000, 105.0000000000000284 ) ) ;
#237 = CARTESIAN_POINT ( 'NONE',  ( -27.93001563844057600, 46.70012947831580163, -13.74956306422106067 ) ) ;
#238 = CARTESIAN_POINT ( 'NONE',  ( 34.10364677684503221, 65.38663230412048222, -18.39529021937595843 ) ) ;
#239 = CARTESIAN_POINT ( 'NONE',  ( 68.54631400616342773, 115.9301285139039237, -62.74941024941676915 ) ) ;
#240 = CARTESIAN_POINT ( 'NONE',  ( 82.50000000000002842, 149.0000000000000284, -117.4999999999999716 ) ) ;
#241 = CARTESIAN_POINT ( 'NONE',  ( 19.49607084475984564, 45.36681355495156964, -21.49649328899495515 ) ) ;
#242 = CARTESIAN_POINT ( 'NONE',  ( 38.84127990687805720, 75.83556313681847882, 23.47735108847325591 ) ) ;
#243 = ORIENTED_EDGE ( 'NONE', *, *, #2116, .T. ) ;
#244 = CARTESIAN_POINT ( 'NONE',  ( 82.50000000000000000, 146.0000000000000284, 117.5000000000000000 ) ) ;
#245 = CARTESIAN_POINT ( 'NONE',  ( -77.29037220690186416, 127.0417116532580053, -77.46574484860124699 ) ) ;
#246 = EDGE_CURVE ( 'NONE', #837, #477, #3404, .T. ) ;
#247 = ORIENTED_EDGE ( 'NONE', *, *, #4123, .F. ) ;
#248 = ADVANCED_FACE ( 'NONE', ( #3352 ), #3962, .T. ) ;
#249 = DIRECTION ( 'NONE',  ( 1.000000000000000000, 0.000000000000000000, 0.000000000000000000 ) ) ;
#250 = CYLINDRICAL_SURFACE ( 'NONE', #3767, 72.00000000000005684 ) ;
#251 = FACE_OUTER_BOUND ( 'NONE', #4402, .T. ) ;
#252 = ORIENTED_EDGE ( 'NONE', *, *, #2461, .T. ) ;
#253 = EDGE_LOOP ( 'NONE', ( #883, #698 ) ) ;
#254 = CARTESIAN_POINT ( 'NONE',  ( 26.70879484081406474, 41.41277825732952778, 13.41765791950984621 ) ) ;
#255 = CARTESIAN_POINT ( 'NONE',  ( 33.33008578975326230, 69.96168189395436343, 26.23458368857263068 ) ) ;
#256 = CARTESIAN_POINT ( 'NONE',  ( -19.44052550009901026, 8.999999999999998224, 2.000000000000000000 ) ) ;
#257 = AXIS2_PLACEMENT_3D ( 'NONE', #1455, #3130, #4165 ) ;
#258 = ORIENTED_EDGE ( 'NONE', *, *, #4260, .F. ) ;
#259 = DIRECTION ( 'NONE',  ( 0.000000000000000000, 0.000000000000000000, 1.000000000000000000 ) ) ;
#260 = CARTESIAN_POINT ( 'NONE',  ( 86.75719817159489367, 130.6088786899379102, -78.77742671051071000 ) ) ;
#261 = LINE ( 'NONE', #3314, #2114 ) ;
#262 = FACE_OUTER_BOUND ( 'NONE', #1475, .T. ) ;
#263 = VECTOR ( 'NONE', #4167, 1000.000000000000000 ) ;
#264 = EDGE_CURVE ( 'NONE', #1349, #3171, #1999, .T. ) ;
#265 = CARTESIAN_POINT ( 'NONE',  ( 66.37562606987188474, 113.8416822600485006, 60.35611470128614542 ) ) ;
#266 = ORIENTED_EDGE ( 'NONE', *, *, #3121, .T. ) ;
#267 = ADVANCED_FACE ( 'NONE', ( #1397 ), #1415, .T. ) ;
#268 = VECTOR ( 'NONE', #276, 1000.000000000000000 ) ;
#269 = DIRECTION ( 'NONE',  ( 1.000000000000000000, 0.000000000000000000, 0.000000000000000000 ) ) ;
#270 = CARTESIAN_POINT ( 'NONE',  ( -86.49509223439454786, 130.4507009180935313, -83.02226394168812362 ) ) ;
#271 = VERTEX_POINT ( 'NONE', #2366 ) ;
#272 = EDGE_CURVE ( 'NONE', #1095, #1496, #1555, .T. ) ;
#273 = DIRECTION ( 'NONE',  ( 0.000000000000000000, 0.000000000000000000, 1.000000000000000000 ) ) ;
#274 = AXIS2_PLACEMENT_3D ( 'NONE', #2274, #225, #1587 ) ;
#275 = CARTESIAN_POINT ( 'NONE',  ( 82.50000000000000000, 140.0000000000000000, 117.5000000000000000 ) ) ;
#276 = DIRECTION ( 'NONE',  ( -1.286205900627087718E-16, 1.000000000000000000, 0.000000000000000000 ) ) ;
#277 = EDGE_LOOP ( 'NONE', ( #657, #434, #718, #3854 ) ) ;
#278 = COLOUR_RGB ( '',0.7921568627450980005, 0.8196078431372548767, 0.9333333333333333481 ) ;
#279 = VERTEX_POINT ( 'NONE', #2044 ) ;
#280 = CARTESIAN_POINT ( 'NONE',  ( -111.0000000000004832, 140.0000000000000000, 111.0000000000004690 ) ) ;
#281 = CARTESIAN_POINT ( 'NONE',  ( 36.34598928980374666, 70.71730104708113629, 21.75401816127197208 ) ) ;
#282 = LINE ( 'NONE', #3641, #1487 ) ;
#283 = DIRECTION ( 'NONE',  ( -0.000000000000000000, 1.000000000000000000, -0.000000000000000000 ) ) ;
#284 = CARTESIAN_POINT ( 'NONE',  ( 93.93559397134220035, 137.1993168021335521, -95.90457501090337189 ) ) ;
#285 = CARTESIAN_POINT ( 'NONE',  ( -2.000000000000000000, 28.27228698533834716, 181.2337787489541370 ) ) ;
#286 = CARTESIAN_POINT ( 'NONE',  ( 82.50000000000000000, 146.0000000000000284, 122.3999999999999915 ) ) ;
#287 = EDGE_CURVE ( 'NONE', #749, #1075, #3470, .T. ) ;
#288 = FACE_OUTER_BOUND ( 'NONE', #551, .T. ) ;
#289 = ORIENTED_EDGE ( 'NONE', *, *, #2550, .F. ) ;
#290 = CARTESIAN_POINT ( 'NONE',  ( -27.28378832221369521, 44.07384053296433990, -13.51004563560604055 ) ) ;
#291 = CARTESIAN_POINT ( 'NONE',  ( -70.52237699912268454, 117.7397396124985107, -59.51072191630055386 ) ) ;
#292 = EDGE_CURVE ( 'NONE', #1654, #578, #1421, .T. ) ;
#293 = EDGE_CURVE ( 'NONE', #619, #2556, #967, .T. ) ;
#294 = ORIENTED_EDGE ( 'NONE', *, *, #3097, .F. ) ;
#295 = CARTESIAN_POINT ( 'NONE',  ( -78.28010986578172492, 124.4180933588762485, -68.59911343353459756 ) ) ;
#296 = CARTESIAN_POINT ( 'NONE',  ( -34.34813691370098354, 69.95594193797104765, 25.26984150615006186 ) ) ;
#297 = CARTESIAN_POINT ( 'NONE',  ( -73.72469128187442777, 124.4661250469583251, 73.66405704665015719 ) ) ;
#298 = VERTEX_POINT ( 'NONE', #3798 ) ;
#299 = ORIENTED_EDGE ( 'NONE', *, *, #348, .T. ) ;
#300 = ORIENTED_EDGE ( 'NONE', *, *, #3963, .F. ) ;
#301 = CARTESIAN_POINT ( 'NONE',  ( 82.50000000000000000, 146.0000000000000284, 114.8499999999999943 ) ) ;
#302 = AXIS2_PLACEMENT_3D ( 'NONE', #173, #3310, #259 ) ;
#303 = CARTESIAN_POINT ( 'NONE',  ( -34.10364677684299295, 65.38663230411533789, -18.39529021936849063 ) ) ;
#304 = CARTESIAN_POINT ( 'NONE',  ( 117.4999999999999147, 146.0000000000000284, -77.60000000000002274 ) ) ;
#305 =( NAMED_UNIT ( * ) PLANE_ANGLE_UNIT ( ) SI_UNIT ( $, .RADIAN. ) );
#306 = EDGE_CURVE ( 'NONE', #2142, #1251, #2011, .T. ) ;
#307 = CARTESIAN_POINT ( 'NONE',  ( -117.5000000000000853, 149.0000000000000284, 87.40000000000001990 ) ) ;
#308 = CARTESIAN_POINT ( 'NONE',  ( 26.70879484081406474, 41.41277825732952067, -13.41765791950986753 ) ) ;
#309 = VECTOR ( 'NONE', #3362, 1000.000000000000000 ) ;
#310 = DIRECTION ( 'NONE',  ( 0.000000000000000000, 0.000000000000000000, 1.000000000000000000 ) ) ;
#311 = CIRCLE ( 'NONE', #2801, 7.999999999999998224 ) ;
#312 = DIRECTION ( 'NONE',  ( -0.000000000000000000, 1.000000000000000000, -0.000000000000000000 ) ) ;
#313 = DIRECTION ( 'NONE',  ( -0.000000000000000000, 1.000000000000000000, -0.000000000000000000 ) ) ;
#314 = CARTESIAN_POINT ( 'NONE',  ( -99.28599183401362893, 138.2994914314767527, -98.34566074914577882 ) ) ;
#315 = CARTESIAN_POINT ( 'NONE',  ( 26.87005768508913306, 9.000000000000000000, -23.62005768508847225 ) ) ;
#316 = ORIENTED_EDGE ( 'NONE', *, *, #1210, .F. ) ;
#317 = CYLINDRICAL_SURFACE ( 'NONE', #4378, 2.649999999999985700 ) ;
#318 = CARTESIAN_POINT ( 'NONE',  ( 27.28532067294532126, 44.08093223201299082, 13.51029184790071902 ) ) ;
#319 = CARTESIAN_POINT ( 'NONE',  ( -86.64378960174562394, 133.0985124476432588, 87.65958100549509879 ) ) ;
#320 = ORIENTED_EDGE ( 'NONE', *, *, #3245, .T. ) ;
#321 = ORIENTED_EDGE ( 'NONE', *, *, #3083, .T. ) ;
#322 = CIRCLE ( 'NONE', #959, 2.000000000000001776 ) ;
#323 = DIRECTION ( 'NONE',  ( 0.000000000000000000, 0.000000000000000000, 1.000000000000000000 ) ) ;
#324 = CARTESIAN_POINT ( 'NONE',  ( 15.51802098675178421, 22.72486903623266485, -20.75150493083803127 ) ) ;
#325 = EDGE_CURVE ( 'NONE', #476, #2925, #2791, .T. ) ;
#326 = CARTESIAN_POINT ( 'NONE',  ( -34.58732889784522513, 66.61591297413308155, -26.23023684949793477 ) ) ;
#327 = CARTESIAN_POINT ( 'NONE',  ( 29.81561842528939721, 71.99818172973529329, 28.65278588855858288 ) ) ;
#328 = DIRECTION ( 'NONE',  ( 0.000000000000000000, 1.000000000000000000, 0.000000000000000000 ) ) ;
#329 = AXIS2_PLACEMENT_3D ( 'NONE', #4319, #1995, #1367 ) ;
#330 = CARTESIAN_POINT ( 'NONE',  ( 26.61947469463660809, 65.44477026561295929, 25.83354007821020559 ) ) ;
#331 = CARTESIAN_POINT ( 'NONE',  ( -17.21028008360595152, 33.74595302731918167, -21.11413188016391373 ) ) ;
#332 = CARTESIAN_POINT ( 'NONE',  ( 82.50000000000002842, 140.0000000000000000, -120.1499999999999488 ) ) ;
#333 = CARTESIAN_POINT ( 'NONE',  ( -2.000000000000000000, 70.54147162334945165, 24.62474813841003396 ) ) ;
#334 = CARTESIAN_POINT ( 'NONE',  ( -28.96975992231715580, 70.24349280962216824, -27.80346404416183148 ) ) ;
#335 = VECTOR ( 'NONE', #4257, 1000.000000000000000 ) ;
#336 = DIRECTION ( 'NONE',  ( 0.000000000000000000, 0.000000000000000000, 1.000000000000000000 ) ) ;
#337 = ORIENTED_EDGE ( 'NONE', *, *, #726, .F. ) ;
#338 = CARTESIAN_POINT ( 'NONE',  ( -40.18527210196311472, 78.44655757670396667, -24.98434765263276347 ) ) ;
#339 = CARTESIAN_POINT ( 'NONE',  ( -29.72098083415913194, 70.74787084473251753, 28.04605787979941312 ) ) ;
#340 = CARTESIAN_POINT ( 'NONE',  ( 26.87005768508913306, 18.19238815542511389, -26.87005768508847225 ) ) ;
#341 = AXIS2_PLACEMENT_3D ( 'NONE', #4013, #629, #1687 ) ;
#342 = ORIENTED_EDGE ( 'NONE', *, *, #2930, .F. ) ;
#343 = ORIENTED_EDGE ( 'NONE', *, *, #4399, .T. ) ;
#344 = AXIS2_PLACEMENT_3D ( 'NONE', #2208, #514, #1881 ) ;
#345 = ORIENTED_EDGE ( 'NONE', *, *, #875, .T. ) ;
#346 = LINE ( 'NONE', #3044, #1107 ) ;
#347 = LINE ( 'NONE', #696, #1711 ) ;
#348 = EDGE_CURVE ( 'NONE', #2206, #2065, #820, .T. ) ;
#349 = CARTESIAN_POINT ( 'NONE',  ( 38.53935219025709102, 87.34234563596353951, 37.42898965527864164 ) ) ;
#350 = B_SPLINE_CURVE_WITH_KNOTS ( 'NONE', 3,
 ( #1393, #4100, #1730, #3772, #2401, #1050, #2742, #3081, #710, #361, #3418, #36, #3195, #3592 ),
 .UNSPECIFIED., .F., .F.,
 ( 4, 2, 2, 2, 2, 2, 4 ),
 ( 0.000000000000000000, 0.001358666457122933600, 0.002717332914245867200, 0.003396666142807334109, 0.004075999371368800583, 0.004755332599930267926, 0.005434665828491734400 ),
 .UNSPECIFIED. ) ;
#351 = AXIS2_PLACEMENT_3D ( 'NONE', #736, #2837, #2451 ) ;
#352 = CARTESIAN_POINT ( 'NONE',  ( 36.99812070689542054, 72.25328687977830100, -28.67006193081774867 ) ) ;
#353 = CARTESIAN_POINT ( 'NONE',  ( 6.809101555563747477E-15, 7.000000000000006217, 53.50000000000000000 ) ) ;
#354 = CARTESIAN_POINT ( 'NONE',  ( 123.5793654197381954, 149.0000000000000284, 111.0000000000004690 ) ) ;
#355 = CARTESIAN_POINT ( 'NONE',  ( 34.04968401140408218, 65.25341786835444680, -18.34329066297091160 ) ) ;
#356 = B_SPLINE_CURVE_WITH_KNOTS ( 'NONE', 3,
 ( #4271, #209, #1570, #2188, #3231, #1835, #1590, #2944, #3856, #2921, #1499, #3940, #496, #800, #473, #1524, #2255, #2209, #3564, #3609, #515, #821, #1923, #2875, #4293, #1253 ),
 .UNSPECIFIED., .F., .F.,
 ( 4, 2, 2, 2, 2, 2, 2, 2, 2, 2, 2, 2, 4 ),
 ( -9.573469910674584047E-06, 0.007903338500267455269, 0.01185979448535652049, 0.01581625047044558571, 0.03164207441080185007, 0.04746789835115811096, 0.06329372229151436491, 0.07120663426169249188, 0.07911954623187063274, 0.09494537017222687281, 0.1028582821424049859, 0.1107711941125830990, 0.1265970180529393252 ),
 .UNSPECIFIED. ) ;
#357 = DIRECTION ( 'NONE',  ( 0.000000000000000000, -1.000000000000000000, 0.000000000000000000 ) ) ;
#358 = EDGE_LOOP ( 'NONE', ( #1433, #448 ) ) ;
#359 = DIRECTION ( 'NONE',  ( 0.000000000000000000, 0.000000000000000000, -1.000000000000000000 ) ) ;
#360 = CARTESIAN_POINT ( 'NONE',  ( 27.73749198458156329, 45.92988196062591300, 21.51649612944514800 ) ) ;
#361 = CARTESIAN_POINT ( 'NONE',  ( -100.7489331885121970, 140.0000000000000284, 102.4911031721767927 ) ) ;
#362 = VERTEX_POINT ( 'NONE', #1794 ) ;
#363 = EDGE_LOOP ( 'NONE', ( #3732, #3133, #2560, #1092, #407 ) ) ;
#364 = ORIENTED_EDGE ( 'NONE', *, *, #1442, .T. ) ;
#365 = DIRECTION ( 'NONE',  ( -0.000000000000000000, 1.000000000000000000, -0.000000000000000000 ) ) ;
#366 = LINE ( 'NONE', #4126, #1820 ) ;
#367 = FACE_OUTER_BOUND ( 'NONE', #4131, .T. ) ;
#368 = CARTESIAN_POINT ( 'NONE',  ( 99.62547606142190659, 139.9999999999999716, 102.6500000000000199 ) ) ;
#369 = ADVANCED_FACE ( 'NONE', ( #1858 ), #2493, .T. ) ;
#370 = ORIENTED_EDGE ( 'NONE', *, *, #894, .T. ) ;
#371 = EDGE_CURVE ( 'NONE', #1528, #1083, #799, .T. ) ;
#372 = CARTESIAN_POINT ( 'NONE',  ( 34.34803928964927167, 69.95593587096973920, -25.26994791654485795 ) ) ;
#373 = AXIS2_PLACEMENT_3D ( 'NONE', #4261, #1243, #831 ) ;
#374 = CARTESIAN_POINT ( 'NONE',  ( 2.572411801254072884E-16, 7.000000000000006217, 0.000000000000000000 ) ) ;
#375 = DIRECTION ( 'NONE',  ( -1.000000000000000000, -0.000000000000000000, -0.000000000000000000 ) ) ;
#376 = CARTESIAN_POINT ( 'NONE',  ( 36.02942804590183101, 69.90293607277851606, -20.34764860702827960 ) ) ;
#377 = EDGE_CURVE ( 'NONE', #3456, #4061, #549, .T. ) ;
#378 = CIRCLE ( 'NONE', #4280, 13.57799495449232907 ) ;
#379 = CARTESIAN_POINT ( 'NONE',  ( 76.86450895532703953, 126.7393206291868637, -77.01017754856454189 ) ) ;
#380 = EDGE_LOOP ( 'NONE', ( #3677, #3939 ) ) ;
#381 = CARTESIAN_POINT ( 'NONE',  ( 82.50000000000000000, 146.0000000000000284, 120.1499999999999915 ) ) ;
#382 = CARTESIAN_POINT ( 'NONE',  ( -21.46396496056324210, 8.999999999999998224, -2.000000000000000000 ) ) ;
#383 = ORIENTED_EDGE ( 'NONE', *, *, #3311, .F. ) ;
#384 = ADVANCED_FACE ( 'NONE', ( #451 ), #100, .F. ) ;
#385 = ORIENTED_EDGE ( 'NONE', *, *, #2126, .T. ) ;
#386 = CARTESIAN_POINT ( 'NONE',  ( -29.34600250330128901, 71.12024411568998516, 28.22333804573912275 ) ) ;
#387 = CARTESIAN_POINT ( 'NONE',  ( 111.0000000000004405, 140.0000000000000000, 111.0000000000004690 ) ) ;
#388 = DIRECTION ( 'NONE',  ( -0.000000000000000000, 1.000000000000000000, -0.000000000000000000 ) ) ;
#389 = CARTESIAN_POINT ( 'NONE',  ( 111.0000000000004405, 140.0000000000000000, 125.0000000000004690 ) ) ;
#390 = VERTEX_POINT ( 'NONE', #2770 ) ;
#391 = AXIS2_PLACEMENT_3D ( 'NONE', #1494, #3850, #2851 ) ;
#392 = DIRECTION ( 'NONE',  ( 1.000000000000000000, -0.000000000000000000, -0.000000000000000000 ) ) ;
#393 = VERTEX_POINT ( 'NONE', #734 ) ;
#394 = FACE_OUTER_BOUND ( 'NONE', #940, .T. ) ;
#395 = AXIS2_PLACEMENT_3D ( 'NONE', #1077, #695, #124 ) ;
#396 = CARTESIAN_POINT ( 'NONE',  ( 27.28532067294548824, 44.08093223201358768, -13.51029184783968518 ) ) ;
#397 = CARTESIAN_POINT ( 'NONE',  ( -17.21028008360599770, 34.00903482021967505, 13.11845880216452898 ) ) ;
#398 = CARTESIAN_POINT ( 'NONE',  ( 31.75437436594379648, 59.25885387253519099, -16.26024991098909211 ) ) ;
#399 = EDGE_CURVE ( 'NONE', #1505, #3921, #1342, .T. ) ;
#400 = EDGE_CURVE ( 'NONE', #3989, #1949, #3541, .T. ) ;
#401 = DIRECTION ( 'NONE',  ( 0.000000000000000000, -0.9986295347545739443, 0.05233595624294395954 ) ) ;
#402 = ORIENTED_EDGE ( 'NONE', *, *, #1292, .F. ) ;
#403 = AXIS2_PLACEMENT_3D ( 'NONE', #3725, #357, #729 ) ;
#404 = B_SPLINE_CURVE_WITH_KNOTS ( 'NONE', 3,
 ( #2815, #1059, #2794, #3446 ),
 .UNSPECIFIED., .F., .F.,
 ( 4, 4 ),
 ( 0.000000000000000000, 4.738929967915013046E-05 ),
 .UNSPECIFIED. ) ;
#405 = DIRECTION ( 'NONE',  ( 0.000000000000000000, -1.000000000000000000, 0.000000000000000000 ) ) ;
#406 = AXIS2_PLACEMENT_3D ( 'NONE', #2301, #964, #3013 ) ;
#407 = ORIENTED_EDGE ( 'NONE', *, *, #3862, .T. ) ;
#408 = LINE ( 'NONE', #4125, #3685 ) ;
#409 = DIRECTION ( 'NONE',  ( 0.000000000000000000, 0.000000000000000000, 1.000000000000000000 ) ) ;
#410 = AXIS2_PLACEMENT_3D ( 'NONE', #4327, #2632, #2214 ) ;
#411 = CARTESIAN_POINT ( 'NONE',  ( -111.0000000000003837, 148.0523359562429562, 124.5779949544927945 ) ) ;
#412 = DIRECTION ( 'NONE',  ( -0.000000000000000000, 1.000000000000000000, -0.000000000000000000 ) ) ;
#413 = VERTEX_POINT ( 'NONE', #3166 ) ;
#414 = CIRCLE ( 'NONE', #2760, 4.900000000000001243 ) ;
#415 = ORIENTED_EDGE ( 'NONE', *, *, #1448, .T. ) ;
#416 = CARTESIAN_POINT ( 'NONE',  ( 82.50000000000002842, 149.0000000000000284, -117.4999999999999716 ) ) ;
#417 = CARTESIAN_POINT ( 'NONE',  ( 36.54474198220498238, 71.03114527130296096, -20.90424406778643984 ) ) ;
#418 = PRESENTATION_LAYER_ASSIGNMENT (  '', '', ( #4177 ) ) ;
#419 = EDGE_CURVE ( 'NONE', #2767, #2453, #408, .T. ) ;
#420 = VECTOR ( 'NONE', #1321, 1000.000000000000000 ) ;
#421 = DIRECTION ( 'NONE',  ( -0.000000000000000000, -0.000000000000000000, -1.000000000000000000 ) ) ;
#422 = DIRECTION ( 'NONE',  ( 0.000000000000000000, 0.000000000000000000, 1.000000000000000000 ) ) ;
#423 = CARTESIAN_POINT ( 'NONE',  ( -38.28608957162088444, 74.75032178243674252, -22.85487330010046847 ) ) ;
#424 = EDGE_CURVE ( 'NONE', #579, #362, #82, .T. ) ;
#425 = CARTESIAN_POINT ( 'NONE',  ( 69.22329798481051455, 120.9275987496690448, 68.91566353055097238 ) ) ;
#426 = ORIENTED_EDGE ( 'NONE', *, *, #2378, .T. ) ;
#427 = CARTESIAN_POINT ( 'NONE',  ( -39.14681757432398257, 76.53270044714355436, 30.96021381996845534 ) ) ;
#428 = ORIENTED_EDGE ( 'NONE', *, *, #4016, .T. ) ;
#429 = ORIENTED_EDGE ( 'NONE', *, *, #4018, .F. ) ;
#430 = CARTESIAN_POINT ( 'NONE',  ( 117.4999999999999147, 149.0000000000000284, -77.60000000000003695 ) ) ;
#431 = CARTESIAN_POINT ( 'NONE',  ( -99.85456695244886305, 140.0000000000000284, -102.6499999999999631 ) ) ;
#432 = FACE_OUTER_BOUND ( 'NONE', #2499, .T. ) ;
#433 = CARTESIAN_POINT ( 'NONE',  ( -36.45866427304017776, 70.86717574318660695, -21.33116972137815281 ) ) ;
#434 = ORIENTED_EDGE ( 'NONE', *, *, #2595, .T. ) ;
#435 = FACE_OUTER_BOUND ( 'NONE', #15, .T. ) ;
#436 = CARTESIAN_POINT ( 'NONE',  ( 36.45879219361941637, 70.86740030694639358, -21.33057539980688588 ) ) ;
#437 = ADVANCED_FACE ( 'NONE', ( #1076 ), #2835, .F. ) ;
#438 = CARTESIAN_POINT ( 'NONE',  ( 96.08337175431803701, 136.5169482237884893, -94.40549889205504996 ) ) ;
#439 = FACE_OUTER_BOUND ( 'NONE', #1927, .T. ) ;
#440 = AXIS2_PLACEMENT_3D ( 'NONE', #504, #3908, #1868 ) ;
#441 =( BOUNDED_CURVE ( )  B_SPLINE_CURVE ( 3, ( #2861, #3239, #3905, #3949 ),
 .UNSPECIFIED., .F., .T. ) 
 B_SPLINE_CURVE_WITH_KNOTS ( ( 4, 4 ),
 ( 2.932980942203298635, 4.498786299282881096 ),
 .UNSPECIFIED. ) 
 CURVE ( )  GEOMETRIC_REPRESENTATION_ITEM ( )  RATIONAL_B_SPLINE_CURVE ( ( 1.000000000000000000, 0.8059127679248293541, 0.8059127679248293541, 1.000000000000000000 ) ) 
 REPRESENTATION_ITEM ( '' )  );
#442 = ORIENTED_EDGE ( 'NONE', *, *, #98, .T. ) ;
#443 = CARTESIAN_POINT ( 'NONE',  ( 77.39693635226551294, 127.1156507591970666, 77.58028522914757730 ) ) ;
#444 = VERTEX_POINT ( 'NONE', #1097 ) ;
#445 = LINE ( 'NONE', #861, #2880 ) ;
#446 = CARTESIAN_POINT ( 'NONE',  ( -28.96754895549073083, 70.23885592281656898, 27.80124416330721360 ) ) ;
#447 = CIRCLE ( 'NONE', #947, 3.249999999999999556 ) ;
#448 = ORIENTED_EDGE ( 'NONE', *, *, #2584, .T. ) ;
#449 = B_SPLINE_CURVE_WITH_KNOTS ( 'NONE', 3,
 ( #2714, #3747, #706, #2078, #3435, #1343, #2671, #379, #1747, #3098, #54, #3705, #1678, #1411, #3559, #1852, #2826, #1827, #4198, #2122, #4178, #1789, #76, #2485, #3202, #1769 ),
 .UNSPECIFIED., .F., .F.,
 ( 4, 2, 2, 2, 2, 2, 2, 2, 2, 2, 2, 2, 4 ),
 ( 5.721958498152796815E-17, 0.01578273523437631956, 0.02367410285156446373, 0.03156547046875261137, 0.04734820570312892746, 0.05523957332031707163, 0.05918525712891115759, 0.06313094093750523661, 0.07891367617188163597, 0.09469641140625803533, 0.1104791466406344486, 0.1183705142578226344, 0.1262618818750108340 ),
 .UNSPECIFIED. ) ;
#450 = ORIENTED_EDGE ( 'NONE', *, *, #3308, .F. ) ;
#451 = FACE_OUTER_BOUND ( 'NONE', #2920, .T. ) ;
#452 = PLANE ( 'NONE',  #395 ) ;
#453 = LINE ( 'NONE', #2495, #2694 ) ;
#454 = CARTESIAN_POINT ( 'NONE',  ( -36.34564770310328896, 70.71690414503841282, -21.75517941001713140 ) ) ;
#455 = VERTEX_POINT ( 'NONE', #3855 ) ;
#456 = FACE_OUTER_BOUND ( 'NONE', #1181, .T. ) ;
#457 = B_SPLINE_CURVE_WITH_KNOTS ( 'NONE', 3,
 ( #3347, #4057, #3965, #666, #3392, #1611, #3632, #4389, #295, #3010, #2015, #2966, #2359, #1318, #1633, #1680, #1345, #2989, #3654, #4343, #596, #3323, #338, #2697, #4006, #3059 ),
 .UNSPECIFIED., .F., .F.,
 ( 4, 2, 2, 2, 2, 2, 2, 2, 2, 2, 2, 2, 4 ),
 ( 1.962615573354718958E-17, 0.01574271966226076583, 0.02361407949339112619, 0.03148543932452148308, 0.04722815898678216218, 0.05509951881791249478, 0.06297087864904282739, 0.07871359831130353424, 0.09445631797356422721, 0.1101990376358249341, 0.1141347175513901108, 0.1180703974669552736, 0.1259417572980856548 ),
 .UNSPECIFIED. ) ;
#458 =( NAMED_UNIT ( * ) PLANE_ANGLE_UNIT ( ) SI_UNIT ( $, .RADIAN. ) );
#459 = CARTESIAN_POINT ( 'NONE',  ( 26.65485930189112906, 41.16316529198849850, -21.35818056523111963 ) ) ;
#460 = AXIS2_PLACEMENT_3D ( 'NONE', #2698, #1681, #1008 ) ;
#461 = CARTESIAN_POINT ( 'NONE',  ( 100.9717463146291010, 139.1828005666260424, -96.65317065381046291 ) ) ;
#462 = CARTESIAN_POINT ( 'NONE',  ( -79.85000000000003695, 146.0000000000000284, -117.4999999999999716 ) ) ;
#463 = CARTESIAN_POINT ( 'NONE',  ( 29.34600250330092308, 71.12024411568926041, 28.22333804573878879 ) ) ;
#464 = VECTOR ( 'NONE', #4200, 1000.000000000000000 ) ;
#465 = DIRECTION ( 'NONE',  ( -0.000000000000000000, 1.000000000000000000, -0.000000000000000000 ) ) ;
#466 = ORIENTED_EDGE ( 'NONE', *, *, #567, .T. ) ;
#467 = CARTESIAN_POINT ( 'NONE',  ( -25.56102076386738986, 35.68267300694220978, -13.21871806683629913 ) ) ;
#468 = DIRECTION ( 'NONE',  ( -0.000000000000000000, -1.000000000000000000, -0.000000000000000000 ) ) ;
#469 =( BOUNDED_CURVE ( )  B_SPLINE_CURVE ( 3, ( #1037, #45, #1062, #3783 ),
 .UNSPECIFIED., .F., .F. ) 
 B_SPLINE_CURVE_WITH_KNOTS ( ( 4, 4 ),
 ( 4.925991661486495587, 6.491797018566078492 ),
 .UNSPECIFIED. ) 
 CURVE ( )  GEOMETRIC_REPRESENTATION_ITEM ( )  RATIONAL_B_SPLINE_CURVE ( ( 1.000000000000000000, 0.8059127679248293541, 0.8059127679248293541, 1.000000000000000000 ) ) 
 REPRESENTATION_ITEM ( '' )  );
#470 = ORIENTED_EDGE ( 'NONE', *, *, #3902, .T. ) ;
#471 = VERTEX_POINT ( 'NONE', #3518 ) ;
#472 = DIRECTION ( 'NONE',  ( 0.000000000000000000, 0.000000000000000000, -1.000000000000000000 ) ) ;
#473 = CARTESIAN_POINT ( 'NONE',  ( -64.17846637540593235, 116.6778079773421126, -63.63967293070970044 ) ) ;
#474 = DIRECTION ( 'NONE',  ( -2.010773395782446296E-16, 1.000000000000000000, 0.000000000000000000 ) ) ;
#475 = CARTESIAN_POINT ( 'NONE',  ( -13.41060265127030959, 9.000000000000017764, -20.29991528752059082 ) ) ;
#476 = VERTEX_POINT ( 'NONE', #2129 ) ;
#477 = VERTEX_POINT ( 'NONE', #1834 ) ;
#478 = CARTESIAN_POINT ( 'NONE',  ( -37.04236046667850957, 72.12061270462420737, 21.46159957684971076 ) ) ;
#479 = SURFACE_SIDE_STYLE ('',( #3506 ) ) ;
#480 = EDGE_CURVE ( 'NONE', #1966, #524, #2596, .T. ) ;
#481 = EDGE_CURVE ( 'NONE', #559, #21, #1498, .T. ) ;
#482 = CARTESIAN_POINT ( 'NONE',  ( 31.15767095938433684, 57.56838032973826813, -23.35445943088288701 ) ) ;
#483 = VECTOR ( 'NONE', #1607, 1000.000000000000000 ) ;
#484 = CARTESIAN_POINT ( 'NONE',  ( -123.5793654197382381, 149.0000000000000284, 111.0000000000004690 ) ) ;
#485 = CARTESIAN_POINT ( 'NONE',  ( 52.76038820616621194, 98.32522840400015696, -39.14797479005776637 ) ) ;
#486 = DIRECTION ( 'NONE',  ( 0.000000000000000000, 0.000000000000000000, 1.000000000000000000 ) ) ;
#487 = ADVANCED_FACE ( 'NONE', ( #3898 ), #2330, .T. ) ;
#488 = VECTOR ( 'NONE', #153, 1000.000000000000000 ) ;
#489 = LINE ( 'NONE', #2180, #1874 ) ;
#490 = VERTEX_POINT ( 'NONE', #3230 ) ;
#491 = CARTESIAN_POINT ( 'NONE',  ( -13.41060265127030959, 9.000000000000017764, 20.29991528752059082 ) ) ;
#492 = CARTESIAN_POINT ( 'NONE',  ( -50.92255303119764420, 95.89500037674825705, 43.56337681383308080 ) ) ;
#493 = AXIS2_PLACEMENT_3D ( 'NONE', #557, #2606, #1924 ) ;
#494 = ORIENTED_EDGE ( 'NONE', *, *, #3479, .F. ) ;
#495 = DIRECTION ( 'NONE',  ( 0.1516885418044136291, -0.9878937349603241769, 0.03250468752951551910 ) ) ;
#496 = CARTESIAN_POINT ( 'NONE',  ( -58.02589222559448245, 111.0076748400140332, -57.26440561234310422 ) ) ;
#497 = LINE ( 'NONE', #3520, #2270 ) ;
#498 = FACE_OUTER_BOUND ( 'NONE', #3099, .T. ) ;
#499 = ORIENTED_EDGE ( 'NONE', *, *, #3511, .T. ) ;
#500 = ORIENTED_EDGE ( 'NONE', *, *, #2259, .F. ) ;
#501 = CARTESIAN_POINT ( 'NONE',  ( -26.70879484081405408, 41.41277825732953488, 13.41765791950984621 ) ) ;
#502 = CARTESIAN_POINT ( 'NONE',  ( -26.09173885771983237, 38.55705127661686049, 13.31851176424189553 ) ) ;
#503 = FACE_OUTER_BOUND ( 'NONE', #595, .T. ) ;
#504 = CARTESIAN_POINT ( 'NONE',  ( -26.87005768508894832, 0.000000000000000000, 26.87005768508865700 ) ) ;
#505 = DIRECTION ( 'NONE',  ( -0.000000000000000000, 1.000000000000000000, -0.000000000000000000 ) ) ;
#506 = CARTESIAN_POINT ( 'NONE',  ( 81.30574847055423504, 126.7492651343759604, -72.19235246467577838 ) ) ;
#507 = CARTESIAN_POINT ( 'NONE',  ( 111.0000000000004405, 140.0000000000000000, -111.0000000000004547 ) ) ;
#508 = CARTESIAN_POINT ( 'NONE',  ( 40.86049847669952584, 90.74969658907723158, 39.77128002198244161 ) ) ;
#509 = VERTEX_POINT ( 'NONE', #4227 ) ;
#510 = EDGE_CURVE ( 'NONE', #2320, #2412, #414, .T. ) ;
#511 = FACE_BOUND ( 'NONE', #2776, .T. ) ;
#512 = CARTESIAN_POINT ( 'NONE',  ( -83.99811259719774625, 131.4864241337172643, 84.74498343459335103 ) ) ;
#513 = ORIENTED_EDGE ( 'NONE', *, *, #2323, .T. ) ;
#514 = DIRECTION ( 'NONE',  ( 0.000000000000000000, -1.000000000000000000, 0.000000000000000000 ) ) ;
#515 = CARTESIAN_POINT ( 'NONE',  ( -83.35239221684999222, 131.0341344877716665, -84.05185862642024119 ) ) ;
#516 = AXIS2_PLACEMENT_3D ( 'NONE', #3721, #3053, #2393 ) ;
#517 = CARTESIAN_POINT ( 'NONE',  ( 30.98637812482312270, 56.96276258151238636, -2.000000000000001776 ) ) ;
#518 = CYLINDRICAL_SURFACE ( 'NONE', #1544, 4.899999999999987921 ) ;
#519 = ADVANCED_FACE ( 'NONE', ( #2874 ), #1182, .F. ) ;
#520 = EDGE_LOOP ( 'NONE', ( #227, #2277, #2331, #913 ) ) ;
#521 = CARTESIAN_POINT ( 'NONE',  ( 26.87005768508875292, 0.000000000000000000, 26.87005768508885239 ) ) ;
#522 = CARTESIAN_POINT ( 'NONE',  ( -17.67815665201914754, 36.79306736583004067, 21.21439114483471755 ) ) ;
#523 = DIRECTION ( 'NONE',  ( 0.000000000000000000, 0.000000000000000000, -1.000000000000000000 ) ) ;
#524 = VERTEX_POINT ( 'NONE', #2659 ) ;
#525 = DIRECTION ( 'NONE',  ( 0.000000000000000000, -1.000000000000000000, 0.000000000000000000 ) ) ;
#526 = FACE_OUTER_BOUND ( 'NONE', #3702, .T. ) ;
#527 = CARTESIAN_POINT ( 'NONE',  ( 105.0000000000000284, 9.000000000000017764, 20.29991528752059082 ) ) ;
#528 = DIRECTION ( 'NONE',  ( 0.000000000000000000, 0.000000000000000000, -1.000000000000000000 ) ) ;
#529 = EDGE_CURVE ( 'NONE', #4233, #1103, #2900, .T. ) ;
#530 = CARTESIAN_POINT ( 'NONE',  ( 46.29129189693417601, 98.00405637115561319, 45.27202536787285680 ) ) ;
#531 = ORIENTED_EDGE ( 'NONE', *, *, #1372, .T. ) ;
#532 = DIRECTION ( 'NONE',  ( 1.000000000000000000, 0.000000000000000000, 0.000000000000000000 ) ) ;
#533 = CARTESIAN_POINT ( 'NONE',  ( -40.22126179911023769, 78.60455285225155819, 32.10600094764384949 ) ) ;
#534 = ORIENTED_EDGE ( 'NONE', *, *, #3886, .T. ) ;
#535 = VECTOR ( 'NONE', #1183, 1000.000000000000000 ) ;
#536 = PLANE ( 'NONE',  #3241 ) ;
#537 = CARTESIAN_POINT ( 'NONE',  ( -25.11760832970491464, 32.79488490836931902, -13.11845880216451476 ) ) ;
#538 = LINE ( 'NONE', #891, #1186 ) ;
#539 = ORIENTED_EDGE ( 'NONE', *, *, #4185, .T. ) ;
#540 = ORIENTED_EDGE ( 'NONE', *, *, #1906, .T. ) ;
#541 = ORIENTED_EDGE ( 'NONE', *, *, #2717, .F. ) ;
#542 = PLANE ( 'NONE',  #341 ) ;
#543 = CARTESIAN_POINT ( 'NONE',  ( 12.97810345588099956, 6.446367752288323594, -12.21156381050920992 ) ) ;
#544 = VECTOR ( 'NONE', #1602, 1000.000000000000000 ) ;
#545 = CARTESIAN_POINT ( 'NONE',  ( 35.52335648591906647, 68.80246728205871420, -27.13299855848782016 ) ) ;
#546 = CARTESIAN_POINT ( 'NONE',  ( 33.33492469688564341, 78.81996803841057897, -32.18763018439607748 ) ) ;
#547 = LINE ( 'NONE', #1915, #3602 ) ;
#548 = CARTESIAN_POINT ( 'NONE',  ( 26.87005768508875292, 9.000000000000000000, 23.62005768508885239 ) ) ;
#549 = CIRCLE ( 'NONE', #4243, 4.900000000000001243 ) ;
#550 = CARTESIAN_POINT ( 'NONE',  ( 61.95627333720688057, 109.2716679821151189, 55.51566400170985105 ) ) ;
#551 = EDGE_LOOP ( 'NONE', ( #2302, #3439, #3395, #3374, #4225 ) ) ;
#552 = EDGE_CURVE ( 'NONE', #645, #4142, #813, .T. ) ;
#553 = CARTESIAN_POINT ( 'NONE',  ( 124.5779949544927661, 148.0523359562429562, 125.0000000000004690 ) ) ;
#554 = CARTESIAN_POINT ( 'NONE',  ( -100.9602379338702747, 139.1771492399655301, 96.63749098302494644 ) ) ;
#555 = VERTEX_POINT ( 'NONE', #4108 ) ;
#556 = FACE_BOUND ( 'NONE', #3934, .T. ) ;
#557 = CARTESIAN_POINT ( 'NONE',  ( -82.50000000000002842, 146.0000000000000284, -117.4999999999999716 ) ) ;
#558 = FACE_BOUND ( 'NONE', #3034, .T. ) ;
#559 = VERTEX_POINT ( 'NONE', #304 ) ;
#560 = CARTESIAN_POINT ( 'NONE',  ( -102.6400071844727648, 139.9999999999999432, 98.92839852658515554 ) ) ;
#561 = CARTESIAN_POINT ( 'NONE',  ( 2.000000000000001776, 9.000000000000000000, 27.84999999999998721 ) ) ;
#562 = CARTESIAN_POINT ( 'NONE',  ( -26.65485930189104025, 41.16316529198819296, -21.35818056523110542 ) ) ;
#563 = DIRECTION ( 'NONE',  ( 0.000000000000000000, 0.000000000000000000, -1.000000000000000000 ) ) ;
#564 = CARTESIAN_POINT ( 'NONE',  ( 83.91572824341695025, 131.3894961880855590, -84.66945289192837265 ) ) ;
#565 = CARTESIAN_POINT ( 'NONE',  ( -125.0000000000004690, 140.0000000000000000, -105.0000000000004690 ) ) ;
#566 = CARTESIAN_POINT ( 'NONE',  ( 82.50000000000002842, 149.0000000000000284, -122.3999999999999631 ) ) ;
#567 = EDGE_CURVE ( 'NONE', #2805, #3944, #2410, .T. ) ;
#568 = DIRECTION ( 'NONE',  ( -0.000000000000000000, 0.000000000000000000, 1.000000000000000000 ) ) ;
#569 = ORIENTED_EDGE ( 'NONE', *, *, #3135, .F. ) ;
#570 = LINE ( 'NONE', #1991, #4248 ) ;
#571 = CARTESIAN_POINT ( 'NONE',  ( -68.26588412933377015, 115.6293699071154464, -56.89216431398744334 ) ) ;
#572 = ORIENTED_EDGE ( 'NONE', *, *, #2602, .T. ) ;
#573 = ORIENTED_EDGE ( 'NONE', *, *, #510, .F. ) ;
#574 = DIRECTION ( 'NONE',  ( 0.000000000000000000, 1.000000000000000000, 0.000000000000000000 ) ) ;
#575 = CARTESIAN_POINT ( 'NONE',  ( 25.07833924772959833, 32.53913928909216935, 21.07442406334193663 ) ) ;
#576 = CARTESIAN_POINT ( 'NONE',  ( 117.4999999999999147, 149.0000000000000284, -82.50000000000001421 ) ) ;
#577 = EDGE_CURVE ( 'NONE', #2873, #393, #982, .T. ) ;
#578 = VERTEX_POINT ( 'NONE', #4047 ) ;
#579 = VERTEX_POINT ( 'NONE', #2349 ) ;
#580 = CARTESIAN_POINT ( 'NONE',  ( -41.84833119468351015, 81.53639487597460800, 26.85016023477463065 ) ) ;
#581 = CARTESIAN_POINT ( 'NONE',  ( -26.65485930189101893, 41.16316529198815743, 21.35818056523108766 ) ) ;
#582 = CARTESIAN_POINT ( 'NONE',  ( 29.28886028646980932, 70.90820755833459543, 28.12386314898613193 ) ) ;
#583 = VECTOR ( 'NONE', #50, 1000.000000000000000 ) ;
#584 = ORIENTED_EDGE ( 'NONE', *, *, #2156, .F. ) ;
#585 = ADVANCED_FACE ( 'NONE', ( #2707 ), #1379, .F. ) ;
#586 = CARTESIAN_POINT ( 'NONE',  ( 6.564172195734276392E-15, 7.000000000000006217, 51.50000000000000000 ) ) ;
#587 = CARTESIAN_POINT ( 'NONE',  ( 61.93409621897495043, 114.6469614216535149, -61.31031179367878536 ) ) ;
#588 = CARTESIAN_POINT ( 'NONE',  ( 2.000000000000000888, 8.999999999999996447, -20.29991528752059082 ) ) ;
#589 = DIRECTION ( 'NONE',  ( 0.000000000000000000, 0.000000000000000000, 1.000000000000000000 ) ) ;
#590 = CARTESIAN_POINT ( 'NONE',  ( 57.67752142639874080, 104.4361717479971361, 50.86117391555879408 ) ) ;
#591 = ORIENTED_EDGE ( 'NONE', *, *, #2636, .F. ) ;
#592 = CARTESIAN_POINT ( 'NONE',  ( 32.63914457951279502, 61.68281537303975881, 17.01886269215176739 ) ) ;
#593 = FACE_OUTER_BOUND ( 'NONE', #670, .T. ) ;
#594 = CIRCLE ( 'NONE', #3094, 145.0000000000000284 ) ;
#595 = EDGE_LOOP ( 'NONE', ( #3795, #2993, #466, #1598 ) ) ;
#596 = CARTESIAN_POINT ( 'NONE',  ( -41.84715940269338574, 81.50701239214386362, -26.84920517539810092 ) ) ;
#597 = CIRCLE ( 'NONE', #3028, 4.900000000000001243 ) ;
#598 = CARTESIAN_POINT ( 'NONE',  ( 25.11760832970486845, 32.79488490836929770, 13.11845880216453253 ) ) ;
#599 = CARTESIAN_POINT ( 'NONE',  ( -49.27825362849902291, 101.6133031863382001, 48.30825899405672175 ) ) ;
#600 = VERTEX_POINT ( 'NONE', #3380 ) ;
#601 = AXIS2_PLACEMENT_3D ( 'NONE', #1414, #2420, #2808 ) ;
#602 = ORIENTED_EDGE ( 'NONE', *, *, #985, .T. ) ;
#603 = DIRECTION ( 'NONE',  ( -1.387778780781444413E-14, 0.000000000000000000, 1.000000000000000000 ) ) ;
#604 = DIRECTION ( 'NONE',  ( -0.000000000000000000, 1.000000000000000000, -0.000000000000000000 ) ) ;
#605 = EDGE_CURVE ( 'NONE', #1748, #1083, #2369, .T. ) ;
#606 = CARTESIAN_POINT ( 'NONE',  ( -75025.39455052065023, 488483.0287002871628, 2.000000000000000000 ) ) ;
#607 =( BOUNDED_CURVE ( )  B_SPLINE_CURVE ( 3, ( #653, #2704, #4065, #1014 ),
 .UNSPECIFIED., .F., .F. ) 
 B_SPLINE_CURVE_WITH_KNOTS ( ( 4, 4 ),
 ( 4.864746476463866820, 4.925194014488397443 ),
 .UNSPECIFIED. ) 
 CURVE ( )  GEOMETRIC_REPRESENTATION_ITEM ( )  RATIONAL_B_SPLINE_CURVE ( ( 1.000000000000000000, 0.9996955311070472305, 0.9996955311070472305, 1.000000000000000000 ) ) 
 REPRESENTATION_ITEM ( '' )  );
#608 = AXIS2_PLACEMENT_3D ( 'NONE', #3222, #2890, #2159 ) ;
#609 = PLANE ( 'NONE',  #2087 ) ;
#610 = EDGE_LOOP ( 'NONE', ( #3964, #3351, #1218, #77 ) ) ;
#611 = CARTESIAN_POINT ( 'NONE',  ( 50.89371388496479653, 95.85506707159446194, -43.53235761847245300 ) ) ;
#612 = DIRECTION ( 'NONE',  ( -0.000000000000000000, 1.000000000000000000, -0.000000000000000000 ) ) ;
#613 = CARTESIAN_POINT ( 'NONE',  ( 105.0000000000000284, 40.47158021804850137, -93.37438869950383946 ) ) ;
#614 = CIRCLE ( 'NONE', #2319, 4.900000000000001243 ) ;
#615 = FACE_OUTER_BOUND ( 'NONE', #1395, .T. ) ;
#616 = VERTEX_POINT ( 'NONE', #3090 ) ;
#617 = LINE ( 'NONE', #1920, #2975 ) ;
#618 = CARTESIAN_POINT ( 'NONE',  ( -46.29217298477668407, 98.00510256165436829, -45.27292149327075066 ) ) ;
#619 = VERTEX_POINT ( 'NONE', #678 ) ;
#620 = AXIS2_PLACEMENT_3D ( 'NONE', #3734, #365, #652 ) ;
#621 = ORIENTED_EDGE ( 'NONE', *, *, #3554, .F. ) ;
#622 = DIRECTION ( 'NONE',  ( 0.000000000000000000, 0.000000000000000000, 1.000000000000000000 ) ) ;
#623 = CIRCLE ( 'NONE', #1346, 3.249999999999999556 ) ;
#624 = CARTESIAN_POINT ( 'NONE',  ( -30.98534963430052258, 70.36461920471263909, 27.63796267742176838 ) ) ;
#625 = CARTESIAN_POINT ( 'NONE',  ( -29.28886028647005801, 70.90820755833510702, 28.12386314898636996 ) ) ;
#626 = ORIENTED_EDGE ( 'NONE', *, *, #2809, .F. ) ;
#627 = VECTOR ( 'NONE', #167, 1000.000000000000000 ) ;
#628 = ORIENTED_EDGE ( 'NONE', *, *, #325, .F. ) ;
#629 = DIRECTION ( 'NONE',  ( 0.000000000000000000, -1.000000000000000000, 0.000000000000000000 ) ) ;
#630 = CARTESIAN_POINT ( 'NONE',  ( 29.24229335221807702, 70.91611563613430746, -28.12770094313626856 ) ) ;
#631 = CARTESIAN_POINT ( 'NONE',  ( 117.4999999999999147, 146.0000000000000284, -82.50000000000001421 ) ) ;
#632 = CARTESIAN_POINT ( 'NONE',  ( 83.39088802823737012, 131.1027593811820964, 84.07991304704223978 ) ) ;
#633 = DIRECTION ( 'NONE',  ( 1.000000000000000000, -0.000000000000000000, -0.000000000000000000 ) ) ;
#634 = DIRECTION ( 'NONE',  ( 0.000000000000000000, -0.000000000000000000, -1.000000000000000000 ) ) ;
#635 = VERTEX_POINT ( 'NONE', #2049 ) ;
#636 = CARTESIAN_POINT ( 'NONE',  ( -20.17339482731299682, 47.84369672272175222, 21.71079988861213295 ) ) ;
#637 = EDGE_CURVE ( 'NONE', #1806, #2805, #469, .T. ) ;
#638 = LINE ( 'NONE', #2008, #3366 ) ;
#639 = ORIENTED_EDGE ( 'NONE', *, *, #3479, .T. ) ;
#640 = DIRECTION ( 'NONE',  ( 0.000000000000000000, 0.000000000000000000, 1.000000000000000000 ) ) ;
#641 = CARTESIAN_POINT ( 'NONE',  ( -52.67887937985245372, 98.22216180750463366, -39.05552279080828981 ) ) ;
#642 = ORIENTED_EDGE ( 'NONE', *, *, #424, .F. ) ;
#643 = EDGE_CURVE ( 'NONE', #3802, #2282, #719, .T. ) ;
#644 = CARTESIAN_POINT ( 'NONE',  ( 117.4999999999999432, 149.0000000000000284, 82.49999999999998579 ) ) ;
#645 = VERTEX_POINT ( 'NONE', #1760 ) ;
#646 = DIRECTION ( 'NONE',  ( -0.000000000000000000, 1.000000000000000000, -0.000000000000000000 ) ) ;
#647 = CARTESIAN_POINT ( 'NONE',  ( -32.59695100722394301, 70.03804664199880392, 26.77761669416613799 ) ) ;
#648 = CARTESIAN_POINT ( 'NONE',  ( -96.40397516101388931, 138.4654722148981136, 98.76463389705355667 ) ) ;
#649 = VERTEX_POINT ( 'NONE', #1628 ) ;
#650 = ORIENTED_EDGE ( 'NONE', *, *, #5, .F. ) ;
#651 = ORIENTED_EDGE ( 'NONE', *, *, #4342, .T. ) ;
#652 = DIRECTION ( 'NONE',  ( 0.000000000000000000, 0.000000000000000000, 1.000000000000000000 ) ) ;
#653 = CARTESIAN_POINT ( 'NONE',  ( -17.21028008360597639, 33.74595302731918167, -21.11413188016391018 ) ) ;
#654 = CARTESIAN_POINT ( 'NONE',  ( 53.50000000000000000, 1.075763766743608751E-14, 6.551860375438338315E-15 ) ) ;
#655 = EDGE_CURVE ( 'NONE', #4103, #3187, #2467, .T. ) ;
#656 = CARTESIAN_POINT ( 'NONE',  ( -19.44052550009901026, 8.999999999999998224, -2.000000000000000000 ) ) ;
#657 = ORIENTED_EDGE ( 'NONE', *, *, #3928, .T. ) ;
#658 = CARTESIAN_POINT ( 'NONE',  ( 36.06045453383552513, 70.45099863926103012, -22.58722770114215095 ) ) ;
#659 = FACE_OUTER_BOUND ( 'NONE', #2672, .T. ) ;
#660 = DIRECTION ( 'NONE',  ( 0.000000000000000000, 1.000000000000000000, 0.000000000000000000 ) ) ;
#661 = CARTESIAN_POINT ( 'NONE',  ( -124.0000000000000142, 139.9999999999999716, 102.6500000000000199 ) ) ;
#662 = CARTESIAN_POINT ( 'NONE',  ( -67.81166471214588398, 115.2276783205441291, -61.93886076498887405 ) ) ;
#663 = CARTESIAN_POINT ( 'NONE',  ( 26.87005768508875292, 9.000000000000000000, 26.87005768508885239 ) ) ;
#664 = ORIENTED_EDGE ( 'NONE', *, *, #1897, .F. ) ;
#665 = ADVANCED_FACE ( 'NONE', ( #3004 ), #3650, .F. ) ;
#666 = CARTESIAN_POINT ( 'NONE',  ( -91.98930249097145406, 134.0109889032025308, -85.21552957844380671 ) ) ;
#667 = CARTESIAN_POINT ( 'NONE',  ( 18.88925619532805911, 42.83931635415303418, 21.41333099750925584 ) ) ;
#668 = CARTESIAN_POINT ( 'NONE',  ( -32.02021148890516855, 76.27651102437150143, 30.86754082188996406 ) ) ;
#669 = EDGE_LOOP ( 'NONE', ( #2938, #3726, #1158, #16, #4160, #540, #2480, #1793 ) ) ;
#670 = EDGE_LOOP ( 'NONE', ( #4005, #3649, #1146, #1885 ) ) ;
#671 = ORIENTED_EDGE ( 'NONE', *, *, #2848, .F. ) ;
#672 = AXIS2_PLACEMENT_3D ( 'NONE', #3580, #199, #528 ) ;
#673 = CARTESIAN_POINT ( 'NONE',  ( -19.49759063124179193, 45.37314375150526047, 21.49670157158013595 ) ) ;
#674 = CARTESIAN_POINT ( 'NONE',  ( 111.0000000000004405, 148.0523359562429562, -111.0000000000004547 ) ) ;
#675 = CARTESIAN_POINT ( 'NONE',  ( -29.33524450591240296, 51.80672096064927956, 14.49135393865876686 ) ) ;
#676 = EDGE_CURVE ( 'NONE', #4118, #1326, #2614, .T. ) ;
#677 = CIRCLE ( 'NONE', #4375, 13.99999999999999822 ) ;
#678 = CARTESIAN_POINT ( 'NONE',  ( 117.4999999999999147, 140.0000000000000000, -79.85000000000003695 ) ) ;
#679 = DIRECTION ( 'NONE',  ( 0.000000000000000000, 0.9986295347545739443, 0.05233595624294394566 ) ) ;
#680 = CARTESIAN_POINT ( 'NONE',  ( 24.20583331332834121, 59.76792442537094985, 23.96655230539237280 ) ) ;
#681 = VECTOR ( 'NONE', #3157, 1000.000000000000000 ) ;
#682 = EDGE_CURVE ( 'NONE', #1648, #2048, #3959, .T. ) ;
#683 = CARTESIAN_POINT ( 'NONE',  ( -18.88925619532809463, 42.83931635415305550, -21.41333099750922386 ) ) ;
#684 = CARTESIAN_POINT ( 'NONE',  ( 34.53448137420687658, 66.43426756147741230, -18.81668972695079844 ) ) ;
#685 = AXIS2_PLACEMENT_3D ( 'NONE', #240, #1285, #1245 ) ;
#686 = CARTESIAN_POINT ( 'NONE',  ( -25.07833924772954504, 32.53913928909185671, 21.07442406334192597 ) ) ;
#687 = EDGE_LOOP ( 'NONE', ( #869, #150, #1521, #1857 ) ) ;
#688 = FACE_OUTER_BOUND ( 'NONE', #3642, .T. ) ;
#689 = CARTESIAN_POINT ( 'NONE',  ( 33.68353962854440908, 64.39145944157759516, 25.40690862665411842 ) ) ;
#690 = CARTESIAN_POINT ( 'NONE',  ( -82.50000000000000000, 146.0000000000000284, 117.5000000000000000 ) ) ;
#691 = ORIENTED_EDGE ( 'NONE', *, *, #3935, .F. ) ;
#692 = AXIS2_PLACEMENT_3D ( 'NONE', #3675, #2668, #884 ) ;
#693 = ORIENTED_EDGE ( 'NONE', *, *, #985, .F. ) ;
#694 = CARTESIAN_POINT ( 'NONE',  ( -27.28532067294898766, 44.08093223202988042, 13.51029184782115422 ) ) ;
#695 = DIRECTION ( 'NONE',  ( -0.9986295347545739443, 0.05233595624294395260, 0.000000000000000000 ) ) ;
#696 = CARTESIAN_POINT ( 'NONE',  ( -117.5000000000000995, 149.0000000000000284, -87.39999999999997726 ) ) ;
#697 = AXIS2_PLACEMENT_3D ( 'NONE', #1041, #2779, #3762 ) ;
#698 = ORIENTED_EDGE ( 'NONE', *, *, #4269, .T. ) ;
#699 = DIRECTION ( 'NONE',  ( -1.000000000000000000, -1.233846596463490407E-16, 0.000000000000000000 ) ) ;
#700 = VECTOR ( 'NONE', #1836, 1000.000000000000000 ) ;
#701 = CARTESIAN_POINT ( 'NONE',  ( 32.21014005134456681, 70.09785867290361239, -27.02312463488560823 ) ) ;
#702 = CARTESIAN_POINT ( 'NONE',  ( 33.49999999993569588, 500000.0000000000582, -2.000000000000000000 ) ) ;
#703 = LINE ( 'NONE', #3411, #987 ) ;
#704 = CARTESIAN_POINT ( 'NONE',  ( -26.09164514596918139, 38.55661757986631955, -13.31849670700811572 ) ) ;
#705 = EDGE_CURVE ( 'NONE', #2767, #1932, #4320, .T. ) ;
#706 = CARTESIAN_POINT ( 'NONE',  ( 93.15086100366180233, 136.7809127171443038, -95.00314148356866895 ) ) ;
#707 = VERTEX_POINT ( 'NONE', #3297 ) ;
#708 = CARTESIAN_POINT ( 'NONE',  ( -36.09007955274654478, 70.13500159325316474, 27.70309494418916074 ) ) ;
#709 = FACE_OUTER_BOUND ( 'NONE', #1012, .T. ) ;
#710 = CARTESIAN_POINT ( 'NONE',  ( -101.1663436305012311, 140.0000000000000284, 102.3093951734225584 ) ) ;
#711 = EDGE_LOOP ( 'NONE', ( #1575, #4346, #4081, #2432 ) ) ;
#712 = ORIENTED_EDGE ( 'NONE', *, *, #1649, .T. ) ;
#713 = DIRECTION ( 'NONE',  ( -0.000000000000000000, 1.000000000000000000, -0.000000000000000000 ) ) ;
#714 = CARTESIAN_POINT ( 'NONE',  ( -100.0815758661333632, 140.0000000000000284, -102.6331003339086720 ) ) ;
#715 = CARTESIAN_POINT ( 'NONE',  ( -35.52335648591904516, 68.80246728205868578, -27.13299855848782016 ) ) ;
#716 = EDGE_CURVE ( 'NONE', #161, #2941, #955, .T. ) ;
#717 = CARTESIAN_POINT ( 'NONE',  ( -32.58487983972989355, 70.04447881251734032, -26.77568837425904036 ) ) ;
#718 = ORIENTED_EDGE ( 'NONE', *, *, #2981, .F. ) ;
#719 = LINE ( 'NONE', #2091, #4394 ) ;
#720 = ORIENTED_EDGE ( 'NONE', *, *, #480, .T. ) ;
#721 = CARTESIAN_POINT ( 'NONE',  ( 35.06166517570364505, 70.05778400267413986, -24.37133796752114279 ) ) ;
#722 = EDGE_CURVE ( 'NONE', #3318, #2564, #617, .T. ) ;
#723 = CARTESIAN_POINT ( 'NONE',  ( -82.50000000000002842, 149.0000000000000284, -117.4999999999999716 ) ) ;
#724 = CARTESIAN_POINT ( 'NONE',  ( -117.5000000000000995, 146.0000000000000284, -77.59999999999999432 ) ) ;
#725 = LINE ( 'NONE', #74, #3597 ) ;
#726 = EDGE_CURVE ( 'NONE', #1828, #179, #3207, .T. ) ;
#727 = AXIS2_PLACEMENT_3D ( 'NONE', #1129, #1488, #2802 ) ;
#728 = ORIENTED_EDGE ( 'NONE', *, *, #1216, .F. ) ;
#729 = DIRECTION ( 'NONE',  ( 0.000000000000000000, -0.000000000000000000, -1.000000000000000000 ) ) ;
#730 = ORIENTED_EDGE ( 'NONE', *, *, #875, .F. ) ;
#731 = DIRECTION ( 'NONE',  ( 0.000000000000000000, 0.000000000000000000, -1.000000000000000000 ) ) ;
#732 = ORIENTED_EDGE ( 'NONE', *, *, #3678, .F. ) ;
#733 = ORIENTED_EDGE ( 'NONE', *, *, #1292, .T. ) ;
#734 = CARTESIAN_POINT ( 'NONE',  ( -82.50000000000000000, 149.0000000000000284, 112.5999999999999943 ) ) ;
#735 = CARTESIAN_POINT ( 'NONE',  ( 111.0000000000004405, 149.0000000000000284, -123.5793654197382097 ) ) ;
#736 = CARTESIAN_POINT ( 'NONE',  ( 1.157585310564369825E-15, 0.000000000000000000, 0.000000000000000000 ) ) ;
#737 = CARTESIAN_POINT ( 'NONE',  ( -29.24229335221804860, 70.91611563613430746, -28.12770094313626856 ) ) ;
#738 = AXIS2_PLACEMENT_3D ( 'NONE', #2201, #1536, #2422 ) ;
#739 = EDGE_LOOP ( 'NONE', ( #4337, #3127, #3635, #450 ) ) ;
#740 = ADVANCED_FACE ( 'NONE', ( #910 ), #4315, .F. ) ;
#741 = EDGE_LOOP ( 'NONE', ( #3237, #1073 ) ) ;
#742 = CARTESIAN_POINT ( 'NONE',  ( -117.5000000000000853, 149.0000000000000284, 82.50000000000001421 ) ) ;
#743 = AXIS2_PLACEMENT_3D ( 'NONE', #116, #141, #1809 ) ;
#744 = CARTESIAN_POINT ( 'NONE',  ( -102.6400071844727648, 139.9999999999999432, -124.0000000000000142 ) ) ;
#745 = CARTESIAN_POINT ( 'NONE',  ( -117.5000000000000995, 146.0000000000000284, -85.14999999999999147 ) ) ;
#746 = CARTESIAN_POINT ( 'NONE',  ( -38.26592877267599846, 86.93179885394498285, -37.15316696868746504 ) ) ;
#747 =( BOUNDED_SURFACE ( )  B_SPLINE_SURFACE ( 3, 2, ( 
 ( #217, #562, #1952 ),
 ( #4279, #2908, #2264 ),
 ( #237, #1240, #1977 ),
 ( #4302, #4258, #946 ),
 ( #924, #3309, #1215 ),
 ( #2285, #2568, #4329 ),
 ( #3331, #1282, #2407 ),
 ( #303, #969, #1735 ),
 ( #3402, #2388, #1665 ),
 ( #20, #326, #3423 ),
 ( #1690, #2683, #3046 ),
 ( #2348, #715, #4085 ) ),
 .UNSPECIFIED., .F., .F., .F. ) 
 B_SPLINE_SURFACE_WITH_KNOTS ( ( 4, 2, 2, 2, 2, 4 ),
 ( 3, 3 ),
 ( 0.04865746300679148900, 0.05718261693774888410, 0.06570777086870628614, 0.07423292479966368818, 0.07849550176514238919, 0.08275807873062109021 ),
 ( 0.000000000000000000, 1.000000000000000000 ),
 .UNSPECIFIED. ) 
 GEOMETRIC_REPRESENTATION_ITEM ( )  RATIONAL_B_SPLINE_SURFACE ( (
 ( 1.000000000000000000, 0.7095581163979195471, 1.000000000000000000),
 ( 1.000000000000000000, 0.7123902603179365078, 1.000000000000000000),
 ( 1.000000000000000000, 0.7158370914236700244, 1.000000000000000000),
 ( 1.000000000000000000, 0.7237793910993752799, 1.000000000000000000),
 ( 1.000000000000000000, 0.7282746848200580825, 1.000000000000000000),
 ( 1.000000000000000000, 0.7381418156295900257, 1.000000000000000000),
 ( 1.000000000000000000, 0.7435136423623071034, 1.000000000000000000),
 ( 1.000000000000000000, 0.7521078368566288530, 1.000000000000000000),
 ( 1.000000000000000000, 0.7550673467503765668, 1.000000000000000000),
 ( 1.000000000000000000, 0.7610808902998642544, 1.000000000000000000),
 ( 1.000000000000000000, 0.7641416289639300086, 1.000000000000000000),
 ( 1.000000000000000000, 0.7672448872757037241, 1.000000000000000000) ) ) 
 REPRESENTATION_ITEM ( '' )  SURFACE ( )  );
#748 = VECTOR ( 'NONE', #769, 1000.000000000000000 ) ;
#749 = VERTEX_POINT ( 'NONE', #3319 ) ;
#750 = CARTESIAN_POINT ( 'NONE',  ( 84.00349915607098694, 131.4901163354842879, 84.75078805174383945 ) ) ;
#751 = ORIENTED_EDGE ( 'NONE', *, *, #1132, .F. ) ;
#752 = EDGE_CURVE ( 'NONE', #2065, #915, #3327, .T. ) ;
#753 = VECTOR ( 'NONE', #2618, 1000.000000000000000 ) ;
#754 = CYLINDRICAL_SURFACE ( 'NONE', #2956, 3.249999999999999556 ) ;
#755 = AXIS2_PLACEMENT_3D ( 'NONE', #2695, #2357, #3076 ) ;
#756 = VERTEX_POINT ( 'NONE', #3364 ) ;
#757 = DIRECTION ( 'NONE',  ( -0.000000000000000000, -1.000000000000000000, -0.000000000000000000 ) ) ;
#758 = CARTESIAN_POINT ( 'NONE',  ( -26.87005768508856463, 18.19238815542511389, -23.62005768508904069 ) ) ;
#759 = PLANE ( 'NONE',  #766 ) ;
#760 = CARTESIAN_POINT ( 'NONE',  ( 26098.18394846491356, 498631.2333011711598, 2.000000000000000000 ) ) ;
#761 = VECTOR ( 'NONE', #3065, 1000.000000000000000 ) ;
#762 = ORIENTED_EDGE ( 'NONE', *, *, #577, .F. ) ;
#763 = CARTESIAN_POINT ( 'NONE',  ( -26.87005768508894832, 18.19238815542511389, 30.12005768508865700 ) ) ;
#764 = AXIS2_PLACEMENT_3D ( 'NONE', #1149, #134, #2483 ) ;
#765 = B_SPLINE_CURVE_WITH_KNOTS ( 'NONE', 3,
 ( #2651, #648, #2382, #319, #3729, #2318, #297, #4036, #3394, #2342, #3988, #3709, #2699, #1682, #1658, #599, #939, #3038, #1296, #4008, #4391, #668, #2040, #3681, #2991, #625 ),
 .UNSPECIFIED., .F., .F.,
 ( 4, 2, 2, 2, 2, 2, 2, 2, 2, 2, 2, 2, 4 ),
 ( 1.962615573354718958E-17, 0.01568333547212538356, 0.03136667094425074631, 0.04705000641637610559, 0.05489167415243881298, 0.06273334188850152038, 0.07057500962456422777, 0.07841667736062693517, 0.09410001283275230832, 0.1097833483048776537, 0.1176250160409403334, 0.1215458499089716593, 0.1254666837770029852 ),
 .UNSPECIFIED. ) ;
#766 = AXIS2_PLACEMENT_3D ( 'NONE', #3857, #801, #84 ) ;
#767 = FACE_OUTER_BOUND ( 'NONE', #2343, .T. ) ;
#768 = CARTESIAN_POINT ( 'NONE',  ( 100.4976786787533314, 140.4121743194223484, -103.7061054674105662 ) ) ;
#769 = DIRECTION ( 'NONE',  ( -1.286205900627087718E-16, 1.000000000000000000, 0.000000000000000000 ) ) ;
#770 = DIRECTION ( 'NONE',  ( -0.000000000000000000, 1.000000000000000000, -0.000000000000000000 ) ) ;
#771 = EDGE_LOOP ( 'NONE', ( #2452, #383, #2721, #3759 ) ) ;
#772 = CARTESIAN_POINT ( 'NONE',  ( 2.000000000000000000, 70.54147162334945165, 24.62474813841003396 ) ) ;
#773 = CARTESIAN_POINT ( 'NONE',  ( 123.5793654197381812, 148.0000000000000284, -111.0000000000004547 ) ) ;
#774 = EDGE_CURVE ( 'NONE', #3712, #2640, #570, .T. ) ;
#775 = ORIENTED_EDGE ( 'NONE', *, *, #419, .T. ) ;
#776 = EDGE_LOOP ( 'NONE', ( #2722, #364, #3791, #2171, #3586 ) ) ;
#777 = CARTESIAN_POINT ( 'NONE',  ( 2.000000000000001776, 9.000000000000017764, -20.29991528752059082 ) ) ;
#778 = CARTESIAN_POINT ( 'NONE',  ( 111.0000000000004405, 148.0523359562429562, -124.5779949544927945 ) ) ;
#779 = CARTESIAN_POINT ( 'NONE',  ( -26.87005768508856463, 18.19238815542511389, -26.87005768508904069 ) ) ;
#780 = CARTESIAN_POINT ( 'NONE',  ( -117.5000000000000995, 149.0000000000000284, -77.60000000000000853 ) ) ;
#781 = EDGE_CURVE ( 'NONE', #2409, #2165, #131, .T. ) ;
#782 = ORIENTED_EDGE ( 'NONE', *, *, #3308, .T. ) ;
#783 = EDGE_LOOP ( 'NONE', ( #2786, #3803, #321, #3789 ) ) ;
#784 = LINE ( 'NONE', #1819, #3763 ) ;
#785 = CARTESIAN_POINT ( 'NONE',  ( -18.88925619532805911, 43.10239814705355599, -13.41765791950986753 ) ) ;
#786 = CARTESIAN_POINT ( 'NONE',  ( -24.20583331332838384, 59.76792442537094985, -23.96655230539236570 ) ) ;
#787 = CARTESIAN_POINT ( 'NONE',  ( 78.28604422314218425, 124.4228863555302667, -68.60612172596046321 ) ) ;
#788 = PRODUCT_DEFINITION_FORMATION_WITH_SPECIFIED_SOURCE ( 'ANY', '', #2540, .NOT_KNOWN. ) ;
#789 = CARTESIAN_POINT ( 'NONE',  ( 117.4999999999999432, 146.0000000000000284, 82.49999999999998579 ) ) ;
#790 = CARTESIAN_POINT ( 'NONE',  ( -29.28886028647005801, 70.90820755833510702, 28.12386314898636996 ) ) ;
#791 = ORIENTED_EDGE ( 'NONE', *, *, #2046, .F. ) ;
#792 = EDGE_CURVE ( 'NONE', #1799, #2885, #2336, .T. ) ;
#793 = DIRECTION ( 'NONE',  ( 0.000000000000000000, 0.000000000000000000, 1.000000000000000000 ) ) ;
#794 = CARTESIAN_POINT ( 'NONE',  ( -104.0518711599046213, 140.7092977859429936, 100.8301338212233560 ) ) ;
#795 = AXIS2_PLACEMENT_3D ( 'NONE', #3790, #2099, #336 ) ;
#796 = ORIENTED_EDGE ( 'NONE', *, *, #1596, .F. ) ;
#797 = EDGE_CURVE ( 'NONE', #842, #707, #2692, .T. ) ;
#798 = ORIENTED_EDGE ( 'NONE', *, *, #158, .F. ) ;
#799 = LINE ( 'NONE', #1437, #2539 ) ;
#800 = CARTESIAN_POINT ( 'NONE',  ( -62.62413427915068809, 115.2905310396297125, -62.02456093704303441 ) ) ;
#801 = DIRECTION ( 'NONE',  ( -0.000000000000000000, 0.03288522411256204758, 0.9994591347499239831 ) ) ;
#802 = CARTESIAN_POINT ( 'NONE',  ( -34.17351535150624642, 69.95271779788193101, -25.44415857124110758 ) ) ;
#803 = ORIENTED_EDGE ( 'NONE', *, *, #899, .T. ) ;
#804 = ORIENTED_EDGE ( 'NONE', *, *, #3550, .T. ) ;
#805 = DIRECTION ( 'NONE',  ( 0.000000000000000000, 1.000000000000000000, 0.000000000000000000 ) ) ;
#806 = SURFACE_STYLE_USAGE ( .BOTH. , #479 ) ;
#807 = ORIENTED_EDGE ( 'NONE', *, *, #2116, .F. ) ;
#808 = CARTESIAN_POINT ( 'NONE',  ( 22.48801905582121208, 55.14958927055202764, -22.84457137738571220 ) ) ;
#809 = AXIS2_PLACEMENT_3D ( 'NONE', #1246, #1309, #2663 ) ;
#810 = CARTESIAN_POINT ( 'NONE',  ( -28.16916576924098692, 68.76314129940712405, -27.15505947026679223 ) ) ;
#811 = CARTESIAN_POINT ( 'NONE',  ( 63.61099138353351634, 111.0514053158012473, -51.51635719114914735 ) ) ;
#812 = DIRECTION ( 'NONE',  ( -1.000000000000000000, -0.000000000000000000, -0.000000000000000000 ) ) ;
#813 = B_SPLINE_CURVE_WITH_KNOTS ( 'NONE', 3,
 ( #3405, #327, #1737, #4019, #1305, #2326, #1691, #349, #2389, #1, #2071, #4086, #2003, #1716, #1357, #2025, #2751, #3049, #3356, #3737, #3760, #632, #971, #3692, #22, #368 ),
 .UNSPECIFIED., .F., .F.,
 ( 4, 2, 2, 2, 2, 2, 2, 2, 2, 2, 2, 2, 4 ),
 ( -9.582191721853356326E-06, 0.003952471295083089843, 0.007914524781888032656, 0.01583863175549787491, 0.03168684570271758372, 0.04753505964993728905, 0.05545916662354716253, 0.06338327359715703602, 0.07130738057076690950, 0.07923148754437676911, 0.09507970149159652995, 0.1109279154388162908, 0.1267761293860360516 ),
 .UNSPECIFIED. ) ;
#814 = VECTOR ( 'NONE', #1898, 1000.000000000000114 ) ;
#815 = CARTESIAN_POINT ( 'NONE',  ( 91.56347332184874688, 133.7867636974544610, 84.65981332816029692 ) ) ;
#816 = ORIENTED_EDGE ( 'NONE', *, *, #3781, .F. ) ;
#817 = CARTESIAN_POINT ( 'NONE',  ( -26.04236631129207069, 38.30418473238049160, -21.26411147010436409 ) ) ;
#818 = CARTESIAN_POINT ( 'NONE',  ( -65.40396695407885375, 112.8343328672750658, 53.58493991557701008 ) ) ;
#819 = VERTEX_POINT ( 'NONE', #2439 ) ;
#820 = LINE ( 'NONE', #2166, #3610 ) ;
#821 = CARTESIAN_POINT ( 'NONE',  ( -86.61830088017710239, 133.0446046346860385, -87.65443644800923551 ) ) ;
#822 = PLANE ( 'NONE',  #2064 ) ;
#823 = CARTESIAN_POINT ( 'NONE',  ( -111.0000000000003837, 149.0000000000000284, 123.5793654197382239 ) ) ;
#824 = VECTOR ( 'NONE', #3566, 1000.000000000000114 ) ;
#825 = ORIENTED_EDGE ( 'NONE', *, *, #797, .T. ) ;
#826 = DIRECTION ( 'NONE',  ( 0.000000000000000000, 0.000000000000000000, -1.000000000000000000 ) ) ;
#827 = CARTESIAN_POINT ( 'NONE',  ( -2.000000000000000000, 8.999999999999996447, -27.85000000000000142 ) ) ;
#828 = CARTESIAN_POINT ( 'NONE',  ( 36.34608089395442931, 70.71742592915413184, -21.75366801498579861 ) ) ;
#829 = AXIS2_PLACEMENT_3D ( 'NONE', #997, #3069, #2686 ) ;
#830 = ADVANCED_FACE ( 'NONE', ( #1722 ), #73, .F. ) ;
#831 = DIRECTION ( 'NONE',  ( 0.000000000000000000, 0.000000000000000000, 1.000000000000000000 ) ) ;
#832 = CARTESIAN_POINT ( 'NONE',  ( -22.46696356582582865, 55.08811580042762301, -22.83253204511560952 ) ) ;
#833 = CARTESIAN_POINT ( 'NONE',  ( 105.0000000000000284, 70.91611563613429325, 28.12770094313626856 ) ) ;
#834 = DIRECTION ( 'NONE',  ( 0.000000000000000000, 0.000000000000000000, -1.000000000000000000 ) ) ;
#835 = AXIS2_PLACEMENT_3D ( 'NONE', #397, #1765, #1362 ) ;
#836 = DIRECTION ( 'NONE',  ( 0.000000000000000000, 1.000000000000000000, 0.000000000000000000 ) ) ;
#837 = VERTEX_POINT ( 'NONE', #3431 ) ;
#838 = CARTESIAN_POINT ( 'NONE',  ( -82.50000000000002842, 146.0000000000000284, -114.8499999999999659 ) ) ;
#839 = CARTESIAN_POINT ( 'NONE',  ( -64.45977475911350041, 116.9256961785831663, 63.93239415361095013 ) ) ;
#840 = EDGE_CURVE ( 'NONE', #4095, #3016, #703, .T. ) ;
#841 = VERTEX_POINT ( 'NONE', #3787 ) ;
#842 = VERTEX_POINT ( 'NONE', #354 ) ;
#843 = DIRECTION ( 'NONE',  ( 0.000000000000000000, 0.000000000000000000, 1.000000000000000000 ) ) ;
#844 = CARTESIAN_POINT ( 'NONE',  ( 168.4379327902477712, 10.78841775608150932, 105.0000000000000284 ) ) ;
#845 = DIRECTION ( 'NONE',  ( 0.000000000000000000, 0.000000000000000000, 1.000000000000000000 ) ) ;
#846 = FACE_OUTER_BOUND ( 'NONE', #2042, .T. ) ;
#847 = ORIENTED_EDGE ( 'NONE', *, *, #3316, .F. ) ;
#848 = ORIENTED_EDGE ( 'NONE', *, *, #1649, .F. ) ;
#849 = DIRECTION ( 'NONE',  ( -0.1516885418044136291, -0.9878937349603241769, -0.03250468752951592849 ) ) ;
#850 = CARTESIAN_POINT ( 'NONE',  ( -18.23815574413662688, 39.82603202251513608, 21.31418484223839016 ) ) ;
#851 = CARTESIAN_POINT ( 'NONE',  ( -117.5000000000000853, 146.0000000000000284, 82.50000000000001421 ) ) ;
#852 = ORIENTED_EDGE ( 'NONE', *, *, #1064, .T. ) ;
#853 = EDGE_CURVE ( 'NONE', #3821, #2512, #2146, .T. ) ;
#854 = FACE_OUTER_BOUND ( 'NONE', #1527, .T. ) ;
#855 = CARTESIAN_POINT ( 'NONE',  ( -20.17339482731300393, 47.84369672272174512, -21.71079988861211163 ) ) ;
#856 = FACE_OUTER_BOUND ( 'NONE', #3773, .T. ) ;
#857 = DIRECTION ( 'NONE',  ( -0.000000000000000000, -0.000000000000000000, -1.000000000000000000 ) ) ;
#858 = CARTESIAN_POINT ( 'NONE',  ( 53.52297161807211978, 99.37296892365796452, 46.36321020757321065 ) ) ;
#859 = ORIENTED_EDGE ( 'NONE', *, *, #3993, .T. ) ;
#860 = VECTOR ( 'NONE', #1533, 1000.000000000000227 ) ;
#861 = CARTESIAN_POINT ( 'NONE',  ( 105.0000000000000284, 42.83931635415305550, -21.41333099750922386 ) ) ;
#862 = CARTESIAN_POINT ( 'NONE',  ( -74.45798049055355250, 121.2272732510690787, 64.10442268501377328 ) ) ;
#863 = EDGE_CURVE ( 'NONE', #1932, #3143, #2118, .T. ) ;
#864 = ORIENTED_EDGE ( 'NONE', *, *, #752, .T. ) ;
#865 = FACE_OUTER_BOUND ( 'NONE', #2213, .T. ) ;
#866 = CIRCLE ( 'NONE', #2936, 2.649999999999985700 ) ;
#867 = DIRECTION ( 'NONE',  ( -0.1517687389812944765, -0.9884160307623647279, 0.000000000000000000 ) ) ;
#868 = LINE ( 'NONE', #2583, #3112 ) ;
#869 = ORIENTED_EDGE ( 'NONE', *, *, #3432, .F. ) ;
#870 = ORIENTED_EDGE ( 'NONE', *, *, #1655, .T. ) ;
#871 = DIRECTION ( 'NONE',  ( 0.000000000000000000, 0.000000000000000000, 1.000000000000000000 ) ) ;
#872 = CARTESIAN_POINT ( 'NONE',  ( 101.3623258408908328, 140.0000000000000284, -102.1906938417431832 ) ) ;
#873 = DIRECTION ( 'NONE',  ( 0.1516885418044136291, 0.9878937349603240659, 0.03250468752951592155 ) ) ;
#874 = EDGE_LOOP ( 'NONE', ( #762, #4102 ) ) ;
#875 = EDGE_CURVE ( 'NONE', #1326, #4118, #1706, .T. ) ;
#876 = CARTESIAN_POINT ( 'NONE',  ( 32.67789237011415082, 61.78717408779223064, -17.05277823165333473 ) ) ;
#877 = CARTESIAN_POINT ( 'NONE',  ( 37.02819219746623247, 84.89661680712934810, -35.90675049675449060 ) ) ;
#878 = LINE ( 'NONE', #2639, #544 ) ;
#879 = DIRECTION ( 'NONE',  ( -0.000000000000000000, 0.000000000000000000, -1.000000000000000000 ) ) ;
#880 = ADVANCED_FACE ( 'NONE', ( #2394 ), #3122, .T. ) ;
#881 = CIRCLE ( 'NONE', #2375, 145.0000000000000284 ) ;
#882 = CARTESIAN_POINT ( 'NONE',  ( 68.33436810110430315, 115.7103749140319451, 56.96980299373915102 ) ) ;
#883 = ORIENTED_EDGE ( 'NONE', *, *, #2579, .T. ) ;
#884 = DIRECTION ( 'NONE',  ( 0.000000000000000000, 0.000000000000000000, 1.000000000000000000 ) ) ;
#885 = CARTESIAN_POINT ( 'NONE',  ( -97.82674022342709463, 137.4862068477800392, 92.57535992416653414 ) ) ;
#886 = AXIS2_PLACEMENT_3D ( 'NONE', #3538, #3226, #793 ) ;
#887 = VERTEX_POINT ( 'NONE', #724 ) ;
#888 = AXIS2_PLACEMENT_3D ( 'NONE', #2058, #405, #56 ) ;
#889 = FACE_BOUND ( 'NONE', #2894, .T. ) ;
#890 = CARTESIAN_POINT ( 'NONE',  ( -36.34614682921252182, 70.71750183899570175, 21.75344533904085509 ) ) ;
#891 = CARTESIAN_POINT ( 'NONE',  ( 75025.71839294326492, 488485.1377712598769, 2.000000000000000000 ) ) ;
#892 =( BOUNDED_SURFACE ( )  B_SPLINE_SURFACE ( 3, 2, ( 
 ( #1258, #581, #3973 ),
 ( #502, #1530, #850 ),
 ( #2215, #3570, #522 ),
 ( #1887, #686, #4387 ) ),
 .UNSPECIFIED., .F., .F., .T. ) 
 B_SPLINE_SURFACE_WITH_KNOTS ( ( 4, 4 ),
 ( 3, 3 ),
 ( 4.499583946280981905, 4.560031484305512528 ),
 ( 0.000000000000000000, 1.000000000000000000 ),
 .UNSPECIFIED. ) 
 GEOMETRIC_REPRESENTATION_ITEM ( )  RATIONAL_B_SPLINE_SURFACE ( (
 ( 1.000000000000000000, 0.7095581163979195471, 1.000000000000000000),
 ( 1.000000000000000000, 0.7093299240211833334, 1.000000000000000000),
 ( 1.000000000000000000, 0.7091001306688585748, 1.000000000000000000),
 ( 1.000000000000000000, 0.7088691518872438646, 1.000000000000000000) ) ) 
 REPRESENTATION_ITEM ( '' )  SURFACE ( )  );
#893 = AXIS2_PLACEMENT_3D ( 'NONE', #4217, #1870, #156 ) ;
#894 = EDGE_CURVE ( 'NONE', #2236, #3296, #1988, .T. ) ;
#895 = ORIENTED_EDGE ( 'NONE', *, *, #1742, .F. ) ;
#896 = CARTESIAN_POINT ( 'NONE',  ( -65.09633330891605851, 112.5216729961478279, 53.23073550321434055 ) ) ;
#897 = CARTESIAN_POINT ( 'NONE',  ( -117.5000000000000853, 146.0000000000000284, 87.40000000000001990 ) ) ;
#898 = DIRECTION ( 'NONE',  ( -0.000000000000000000, 1.000000000000000000, -0.000000000000000000 ) ) ;
#899 = EDGE_CURVE ( 'NONE', #756, #4122, #1002, .T. ) ;
#900 = VERTEX_POINT ( 'NONE', #3452 ) ;
#901 = VECTOR ( 'NONE', #3008, 1000.000000000000114 ) ;
#902 = CARTESIAN_POINT ( 'NONE',  ( 31.95383607456117048, 59.85168520052514651, -23.94789159581925375 ) ) ;
#903 = CARTESIAN_POINT ( 'NONE',  ( 88.92895325748234825, 134.4005455575538406, -90.23303609625133959 ) ) ;
#904 = CARTESIAN_POINT ( 'NONE',  ( 26.87005768508875292, 18.19238815542511389, 23.62005768508885239 ) ) ;
#905 = CARTESIAN_POINT ( 'NONE',  ( 99.62547606142200607, 140.0000000000000000, -102.6500000000000199 ) ) ;
#906 = AXIS2_PLACEMENT_3D ( 'NONE', #1332, #4376, #3426 ) ;
#907 = PRODUCT_DEFINITION_SHAPE ( 'NONE', 'NONE',  #1652 ) ;
#908 = CARTESIAN_POINT ( 'NONE',  ( 82.50000000000000000, 140.0000000000000000, 114.8500000000000085 ) ) ;
#909 = ORIENTED_EDGE ( 'NONE', *, *, #2070, .T. ) ;
#910 = FACE_OUTER_BOUND ( 'NONE', #3328, .T. ) ;
#911 = CARTESIAN_POINT ( 'NONE',  ( -73.99874699069729900, 124.6728329480783515, -73.95472461293019251 ) ) ;
#912 = VECTOR ( 'NONE', #3024, 1000.000000000000000 ) ;
#913 = ORIENTED_EDGE ( 'NONE', *, *, #3052, .F. ) ;
#914 = AXIS2_PLACEMENT_3D ( 'NONE', #1911, #2304, #523 ) ;
#915 = VERTEX_POINT ( 'NONE', #1786 ) ;
#916 = CARTESIAN_POINT ( 'NONE',  ( -117.5000000000000995, 140.0000000000000000, -82.49999999999998579 ) ) ;
#917 = CARTESIAN_POINT ( 'NONE',  ( 21.46396496056324210, 9.000000000000000000, 12.33553522306277195 ) ) ;
#918 = DIRECTION ( 'NONE',  ( -0.000000000000000000, -0.9986295347545739443, -0.05233595624294394566 ) ) ;
#919 = EDGE_CURVE ( 'NONE', #2297, #616, #3616, .T. ) ;
#920 = VERTEX_POINT ( 'NONE', #745 ) ;
#921 = ORIENTED_EDGE ( 'NONE', *, *, #26, .T. ) ;
#922 = CARTESIAN_POINT ( 'NONE',  ( -38.58891859015481884, 75.33018146240841872, 23.19449859964359106 ) ) ;
#923 = DIRECTION ( 'NONE',  ( 0.1516885418044136291, 0.9878937349603241769, -0.03250468752951551910 ) ) ;
#924 = CARTESIAN_POINT ( 'NONE',  ( -30.11938709423190375, 54.37566549679885952, -15.00792500827299847 ) ) ;
#925 =( BOUNDED_SURFACE ( )  B_SPLINE_SURFACE ( 3, 2, ( 
 ( #2158, #1110, #768 ),
 ( #461, #1489, #2845 ),
 ( #2138, #438, #284 ),
 ( #950, #3977, #903 ),
 ( #197, #3695, #2913 ),
 ( #928, #2978, #564 ),
 ( #260, #2571, #2288 ),
 ( #2592, #1981, #2267 ),
 ( #4307, #4333, #3336 ),
 ( #1581, #3644, #2242 ),
 ( #4283, #1244, #2307 ),
 ( #3954, #239, #1622 ),
 ( #2998, #3667, #1284 ),
 ( #220, #1263, #4262 ),
 ( #4020, #1892, #587 ),
 ( #2617, #2933, #3246 ),
 ( #3624, #1955, #1601 ),
 ( #3313, #2953, #1934 ),
 ( #2638, #611, #1914 ),
 ( #3997, #3290, #1643 ),
 ( #4354, #1307, #2661 ),
 ( #1560, #1221, #972 ),
 ( #2328, #3930, #877 ),
 ( #3599, #3270, #546 ),
 ( #1694, #352, #3051 ),
 ( #3358, #3407, #2434 ) ),
 .UNSPECIFIED., .F., .F., .F. ) 
 B_SPLINE_SURFACE_WITH_KNOTS ( ( 4, 2, 2, 2, 2, 2, 2, 2, 2, 2, 2, 2, 4 ),
 ( 3, 3 ),
 ( 0.03908813002043359103, 0.05563856207261441700, 0.06391377809870482651, 0.07218899412479524991, 0.08873942617697608282, 0.09701464220306649233, 0.1011522502161116971, 0.1052898582291569018, 0.1218402902813377348, 0.1383907223335185677, 0.1466659383596089772, 0.1549411543856993867, 0.1714915864378802057 ),
 ( 0.000000000000000000, 1.000000000000000000 ),
 .UNSPECIFIED. ) 
 GEOMETRIC_REPRESENTATION_ITEM ( )  RATIONAL_B_SPLINE_SURFACE ( (
 ( 1.000000000000000000, 0.9581221689329710856, 1.000000000000000000),
 ( 1.000000000000000000, 0.9530174351935669641, 1.000000000000000000),
 ( 1.000000000000000000, 0.9474001262289005743, 1.000000000000000000),
 ( 1.000000000000000000, 0.9382232833110301096, 1.000000000000000000),
 ( 1.000000000000000000, 0.9350386850797054450, 1.000000000000000000),
 ( 1.000000000000000000, 0.9284591464267857308, 1.000000000000000000),
 ( 1.000000000000000000, 0.9250600396334470732, 1.000000000000000000),
 ( 1.000000000000000000, 0.9145458497272351828, 1.000000000000000000),
 ( 1.000000000000000000, 0.9071135042210776156, 1.000000000000000000),
 ( 1.000000000000000000, 0.8953791477700737689, 1.000000000000000000),
 ( 1.000000000000000000, 0.8913701324684710769, 1.000000000000000000),
 ( 1.000000000000000000, 0.8852174631471048105, 1.000000000000000000),
 ( 1.000000000000000000, 0.8831424608518066988, 1.000000000000000000),
 ( 1.000000000000000000, 0.8789611683299801692, 1.000000000000000000),
 ( 1.000000000000000000, 0.8768533657986059549, 1.000000000000000000),
 ( 1.000000000000000000, 0.8662341652738684283, 1.000000000000000000),
 ( 1.000000000000000000, 0.8574806344651597634, 1.000000000000000000),
 ( 1.000000000000000000, 0.8396229283450324932, 1.000000000000000000),
 ( 1.000000000000000000, 0.8305178443602972971, 1.000000000000000000),
 ( 1.000000000000000000, 0.8167609588261952602, 1.000000000000000000),
 ( 1.000000000000000000, 0.8121592895279654556, 1.000000000000000000),
 ( 1.000000000000000000, 0.8029591081198019786, 1.000000000000000000),
 ( 1.000000000000000000, 0.7983570481913180306, 1.000000000000000000),
 ( 1.000000000000000000, 0.7846405882604978732, 1.000000000000000000),
 ( 1.000000000000000000, 0.7757519559194273606, 1.000000000000000000),
 ( 1.000000000000000000, 0.7673196654671485817, 1.000000000000000000) ) ) 
 REPRESENTATION_ITEM ( '' )  SURFACE ( )  );
#926 = ORIENTED_EDGE ( 'NONE', *, *, #1266, .T. ) ;
#927 = FACE_OUTER_BOUND ( 'NONE', #3730, .T. ) ;
#928 = CARTESIAN_POINT ( 'NONE',  ( 88.33518991906211681, 131.6688979056738731, -80.70328455512036214 ) ) ;
#929 = DIRECTION ( 'NONE',  ( -0.000000000000000000, 1.000000000000000000, -0.000000000000000000 ) ) ;
#930 = CYLINDRICAL_SURFACE ( 'NONE', #2033, 3.249999999999999556 ) ;
#931 = CARTESIAN_POINT ( 'NONE',  ( 62.81141280790436809, 115.4607188124438721, 62.21886222576883796 ) ) ;
#932 = ORIENTED_EDGE ( 'NONE', *, *, #4101, .T. ) ;
#933 = CARTESIAN_POINT ( 'NONE',  ( -32.63914457951347714, 61.68281537304159201, -17.01886269215233582 ) ) ;
#934 = CARTESIAN_POINT ( 'NONE',  ( -64.32414008172598585, 116.7921394279414642, -63.79315812971557165 ) ) ;
#935 = ORIENTED_EDGE ( 'NONE', *, *, #3377, .F. ) ;
#936 = EDGE_CURVE ( 'NONE', #3160, #3341, #1060, .T. ) ;
#937 = ORIENTED_EDGE ( 'NONE', *, *, #1947, .F. ) ;
#938 = CARTESIAN_POINT ( 'NONE',  ( -26.87005768508856463, 18.19238815542511389, -30.12005768508904069 ) ) ;
#939 = CARTESIAN_POINT ( 'NONE',  ( -46.48267365887035396, 98.23947563184752596, 45.46644850439921726 ) ) ;
#940 = EDGE_LOOP ( 'NONE', ( #728, #232, #2335, #164 ) ) ;
#941 = ADVANCED_FACE ( 'NONE', ( #3722 ), #3690, .T. ) ;
#942 = EDGE_CURVE ( 'NONE', #2569, #4142, #2712, .T. ) ;
#943 = ORIENTED_EDGE ( 'NONE', *, *, #2081, .T. ) ;
#944 = DIRECTION ( 'NONE',  ( -1.000000000000000000, 0.000000000000000000, -1.389683293437288014E-14 ) ) ;
#945 = DIRECTION ( 'NONE',  ( 0.000000000000000000, 0.000000000000000000, 1.000000000000000000 ) ) ;
#946 = CARTESIAN_POINT ( 'NONE',  ( -21.67305304103633645, 52.74869656238806925, -22.38594160175104619 ) ) ;
#947 = AXIS2_PLACEMENT_3D ( 'NONE', #4026, #3430, #4382 ) ;
#948 = B_SPLINE_CURVE_WITH_KNOTS ( 'NONE', 3,
 ( #1883, #3302, #4272, #890, #1233, #2582, #1612, #3348, #2016, #3037, #3417, #4344, #296, #2990, #1392, #2400, #1295, #647, #3060, #3012, #624, #4366, #339, #2381 ),
 .UNSPECIFIED., .F., .F.,
 ( 4, 2, 2, 2, 2, 2, 2, 2, 2, 2, 2, 4 ),
 ( -0.0001535339413470123522, 0.0005364613634830193035, 0.001226456668313051068, 0.002606447277973108958, 0.003296442582803142240, 0.003986437887633175088, 0.005366428497293240785, 0.006056423802123277536, 0.006746419106953312553, 0.008126409716613387790, 0.009506400326273463028, 0.01088639093593353827 ),
 .UNSPECIFIED. ) ;
#949 = CARTESIAN_POINT ( 'NONE',  ( -82.50000000000002842, 140.0000000000000000, -120.1499999999999488 ) ) ;
#950 = CARTESIAN_POINT ( 'NONE',  ( 93.08628552063616723, 134.6855701497828193, -86.58478679969630321 ) ) ;
#951 = LINE ( 'NONE', #565, #753 ) ;
#952 = FACE_OUTER_BOUND ( 'NONE', #1539, .T. ) ;
#953 = CARTESIAN_POINT ( 'NONE',  ( -82.50000000000002842, 149.0000000000000284, -112.5999999999999659 ) ) ;
#954 = ORIENTED_EDGE ( 'NONE', *, *, #1599, .F. ) ;
#955 = LINE ( 'NONE', #553, #483 ) ;
#956 = CARTESIAN_POINT ( 'NONE',  ( -60.92925985962448721, 108.1807130107251282, -48.44381980536883248 ) ) ;
#957 = EDGE_CURVE ( 'NONE', #1117, #2073, #3387, .T. ) ;
#958 = ORIENTED_EDGE ( 'NONE', *, *, #4290, .F. ) ;
#959 = AXIS2_PLACEMENT_3D ( 'NONE', #2506, #3248, #2221 ) ;
#960 = ORIENTED_EDGE ( 'NONE', *, *, #2252, .T. ) ;
#961 = CARTESIAN_POINT ( 'NONE',  ( -99.62547606142192080, 139.9999999999999716, 102.6500000000000199 ) ) ;
#962 = AXIS2_PLACEMENT_3D ( 'NONE', #674, #1328, #2045 ) ;
#963 = CARTESIAN_POINT ( 'NONE',  ( 20.17785469214929961, 47.86047678954246010, 21.71204562771604074 ) ) ;
#964 = DIRECTION ( 'NONE',  ( -0.000000000000000000, 1.000000000000000000, -0.000000000000000000 ) ) ;
#965 = ORIENTED_EDGE ( 'NONE', *, *, #3083, .F. ) ;
#966 = ORIENTED_EDGE ( 'NONE', *, *, #2121, .T. ) ;
#967 = LINE ( 'NONE', #3129, #3259 ) ;
#968 = CARTESIAN_POINT ( 'NONE',  ( 82.50000000000002842, 146.0000000000000284, -117.4999999999999716 ) ) ;
#969 = CARTESIAN_POINT ( 'NONE',  ( -33.24117158540077810, 63.26238238185037943, -25.02084087800159296 ) ) ;
#970 = EDGE_CURVE ( 'NONE', #3563, #2789, #623, .T. ) ;
#971 = CARTESIAN_POINT ( 'NONE',  ( 86.64657061509036851, 133.1002183130577805, 87.66263997333878422 ) ) ;
#972 = CARTESIAN_POINT ( 'NONE',  ( 38.29553833824124354, 86.86828240492326358, -37.18433566917669708 ) ) ;
#973 = CYLINDRICAL_SURFACE ( 'NONE', #2516, 4.900000000000001243 ) ;
#974 = EDGE_CURVE ( 'NONE', #1880, #3658, #3409, .T. ) ;
#975 = AXIS2_PLACEMENT_3D ( 'NONE', #1047, #1725, #1703 ) ;
#976 = DIRECTION ( 'NONE',  ( 0.000000000000000000, 0.000000000000000000, 1.000000000000000000 ) ) ;
#977 = ORIENTED_EDGE ( 'NONE', *, *, #2104, .F. ) ;
#978 = VECTOR ( 'NONE', #4172, 1000.000000000000000 ) ;
#979 = CARTESIAN_POINT ( 'NONE',  ( 27.28378832221363837, 44.07384053296408410, 13.51004563560604588 ) ) ;
#980 = CARTESIAN_POINT ( 'NONE',  ( -68.56483578218708885, 115.9476994525543603, -62.76986335966739716 ) ) ;
#981 = ORIENTED_EDGE ( 'NONE', *, *, #2911, .T. ) ;
#982 = CIRCLE ( 'NONE', #829, 4.900000000000001243 ) ;
#983 = CARTESIAN_POINT ( 'NONE',  ( -10.68604410665442650, -8.744084587675313713, -19.71608131367436556 ) ) ;
#984 = VERTEX_POINT ( 'NONE', #4090 ) ;
#985 = EDGE_CURVE ( 'NONE', #3171, #3194, #1717, .T. ) ;
#986 = DIRECTION ( 'NONE',  ( -0.000000000000000000, -1.000000000000000000, -0.000000000000000000 ) ) ;
#987 = VECTOR ( 'NONE', #375, 1000.000000000000000 ) ;
#988 = FACE_OUTER_BOUND ( 'NONE', #3622, .T. ) ;
#989 = LINE ( 'NONE', #4059, #268 ) ;
#990 = EDGE_LOOP ( 'NONE', ( #1753, #2478, #3000, #4255 ) ) ;
#991 = B_SPLINE_CURVE_WITH_KNOTS ( 'NONE', 3,
 ( #2139, #1805, #2846, #2527, #3531, #485, #2200, #1849, #811, #135, #3557, #3509, #1150, #787, #506, #3200, #1222, #3579, #1535, #2553 ),
 .UNSPECIFIED., .F., .F.,
 ( 4, 2, 2, 2, 2, 2, 2, 2, 2, 4 ),
 ( 0.000000000000000000, 0.01578765539224862013, 0.03157531078449724027, 0.04736296617674586734, 0.06315062156899448054, 0.07104444926511876979, 0.07893827696124307292, 0.09472593235349167917, 0.1105135877457403132, 0.1263012431379889333 ),
 .UNSPECIFIED. ) ;
#992 = CIRCLE ( 'NONE', #2, 2.649999999999999467 ) ;
#993 = ORIENTED_EDGE ( 'NONE', *, *, #936, .F. ) ;
#994 = CARTESIAN_POINT ( 'NONE',  ( -28.79975494126295388, 70.04738981510823237, 27.71864087601252180 ) ) ;
#995 = CARTESIAN_POINT ( 'NONE',  ( 105.0000000000000284, 63.07925486862298214, 25.01582634705395236 ) ) ;
#996 = DIRECTION ( 'NONE',  ( -0.000000000000000000, 1.000000000000000000, -0.000000000000000000 ) ) ;
#997 = CARTESIAN_POINT ( 'NONE',  ( -82.50000000000000000, 149.0000000000000284, 117.5000000000000000 ) ) ;
#998 = DIRECTION ( 'NONE',  ( 0.000000000000000000, 0.000000000000000000, -1.000000000000000000 ) ) ;
#999 = CARTESIAN_POINT ( 'NONE',  ( 33.68118087074802958, 69.95018714204014998, -25.92185767815521658 ) ) ;
#1000 = DIRECTION ( 'NONE',  ( -0.000000000000000000, -0.000000000000000000, -1.000000000000000000 ) ) ;
#1001 = DIRECTION ( 'NONE',  ( 0.2110933456733734004, 0.9769372296910465714, 0.03214418541517915368 ) ) ;
#1002 = LINE ( 'NONE', #2097, #1197 ) ;
#1003 = CARTESIAN_POINT ( 'NONE',  ( -96.09481276484852685, 136.5232302201121399, -94.41964318409408463 ) ) ;
#1004 = B_SPLINE_CURVE_WITH_KNOTS ( 'NONE', 3,
 ( #3571, #2929, #1597, #582 ),
 .UNSPECIFIED., .F., .F.,
 ( 4, 4 ),
 ( 0.000000000000000000, 4.738929967867476202E-05 ),
 .UNSPECIFIED. ) ;
#1005 = PLANE ( 'NONE',  #403 ) ;
#1006 = ORIENTED_EDGE ( 'NONE', *, *, #3663, .T. ) ;
#1007 = CARTESIAN_POINT ( 'NONE',  ( 117.4999999999999147, 146.0000000000000284, -79.85000000000002274 ) ) ;
#1008 = DIRECTION ( 'NONE',  ( 0.000000000000000000, 0.000000000000000000, 1.000000000000000000 ) ) ;
#1009 = CARTESIAN_POINT ( 'NONE',  ( -82.50000000000002842, 146.0000000000000284, -122.3999999999999631 ) ) ;
#1010 = ORIENTED_EDGE ( 'NONE', *, *, #2207, .T. ) ;
#1011 = EDGE_LOOP ( 'NONE', ( #650, #2019, #1503, #3893 ) ) ;
#1012 = EDGE_LOOP ( 'NONE', ( #3912, #513, #1298, #2020 ) ) ;
#1013 = CARTESIAN_POINT ( 'NONE',  ( -31.78480675967677271, 59.34551193545281933, 16.28513244763213308 ) ) ;
#1014 = CARTESIAN_POINT ( 'NONE',  ( -18.88925619532809463, 42.83931635415305550, -21.41333099750922386 ) ) ;
#1015 = CIRCLE ( 'NONE', #2859, 4.900000000000001243 ) ;
#1016 = CARTESIAN_POINT ( 'NONE',  ( -36.02942804590073678, 69.90293607277604337, 20.34764860702714628 ) ) ;
#1017 = ADVANCED_FACE ( 'NONE', ( #3556 ), #3156, .F. ) ;
#1018 = CARTESIAN_POINT ( 'NONE',  ( 26.87005768508913306, 18.19238815542511389, -26.87005768508847225 ) ) ;
#1019 = CARTESIAN_POINT ( 'NONE',  ( -117.5000000000000995, 149.0000000000000284, -77.60000000000000853 ) ) ;
#1020 = CARTESIAN_POINT ( 'NONE',  ( 18.88925619532808042, 42.83931635415304839, 21.41333099750923452 ) ) ;
#1021 = DIRECTION ( 'NONE',  ( 0.000000000000000000, 0.000000000000000000, 1.000000000000000000 ) ) ;
#1022 = CARTESIAN_POINT ( 'NONE',  ( -29.25808978542243821, 70.91611563607646929, 28.12770094310710078 ) ) ;
#1023 = CARTESIAN_POINT ( 'NONE',  ( 2.000000000000000000, 28.27228698533838980, -181.2337787489541370 ) ) ;
#1024 = EDGE_CURVE ( 'NONE', #1436, #3631, #4194, .T. ) ;
#1025 = CARTESIAN_POINT ( 'NONE',  ( 117.4999999999999432, 146.0000000000000284, 82.49999999999998579 ) ) ;
#1026 = ORIENTED_EDGE ( 'NONE', *, *, #4338, .T. ) ;
#1027 = FACE_BOUND ( 'NONE', #1453, .T. ) ;
#1028 = CARTESIAN_POINT ( 'NONE',  ( 33.24117158539995387, 63.26238238183826468, 25.02084087800337997 ) ) ;
#1029 = DIRECTION ( 'NONE',  ( -1.286205900627087718E-16, 1.000000000000000000, 0.000000000000000000 ) ) ;
#1030 = ORIENTED_EDGE ( 'NONE', *, *, #3486, .F. ) ;
#1031 = ORIENTED_EDGE ( 'NONE', *, *, #2490, .T. ) ;
#1032 = CIRCLE ( 'NONE', #1396, 2.649999999999985700 ) ;
#1033 = CARTESIAN_POINT ( 'NONE',  ( -34.10364677684437851, 65.38663230411889060, 18.39529021936789377 ) ) ;
#1034 = CARTESIAN_POINT ( 'NONE',  ( 31.99693048249455174, 70.14090447381531135, 27.13727891590765395 ) ) ;
#1035 = CARTESIAN_POINT ( 'NONE',  ( 101.3572397810056600, 140.0000000000000000, 102.1839561536228302 ) ) ;
#1036 = EDGE_CURVE ( 'NONE', #4103, #2236, #3888, .T. ) ;
#1037 = CARTESIAN_POINT ( 'NONE',  ( 13.41060265127030959, 9.000000000000017764, -20.29991528752059082 ) ) ;
#1038 = APPLICATION_PROTOCOL_DEFINITION ( 'draft international standard', 'automotive_design', 1998, #1689 ) ;
#1039 = ADVANCED_FACE ( 'NONE', ( #1130 ), #155, .F. ) ;
#1040 = CIRCLE ( 'NONE', #1610, 2.649999999999999467 ) ;
#1041 = CARTESIAN_POINT ( 'NONE',  ( 82.50000000000000000, 149.0000000000000284, 117.5000000000000000 ) ) ;
#1042 = CIRCLE ( 'NONE', #4096, 4.900000000000001243 ) ;
#1043 = PLANE ( 'NONE',  #1087 ) ;
#1044 = CARTESIAN_POINT ( 'NONE',  ( 2.000000000000000000, 70.54147162334945165, -24.62474813841001975 ) ) ;
#1045 = CARTESIAN_POINT ( 'NONE',  ( -33.39850891551976986, 78.78265168548709596, -32.25320244254739066 ) ) ;
#1046 = CIRCLE ( 'NONE', #3528, 2.649999999999999467 ) ;
#1047 = CARTESIAN_POINT ( 'NONE',  ( -82.50000000000000000, 149.0000000000000284, 117.5000000000000000 ) ) ;
#1048 = EDGE_LOOP ( 'NONE', ( #3420, #3368, #2425, #3350 ) ) ;
#1049 = FACE_OUTER_BOUND ( 'NONE', #1279, .T. ) ;
#1050 = CARTESIAN_POINT ( 'NONE',  ( -101.8662516236478837, 140.0000000000000000, 101.7287220598426387 ) ) ;
#1051 = VERTEX_POINT ( 'NONE', #109 ) ;
#1052 = EDGE_CURVE ( 'NONE', #413, #1828, #3614, .T. ) ;
#1053 = ORIENTED_EDGE ( 'NONE', *, *, #3902, .F. ) ;
#1054 = EDGE_LOOP ( 'NONE', ( #3543, #429, #4204, #203 ) ) ;
#1055 = CARTESIAN_POINT ( 'NONE',  ( -34.59414008693078557, 66.57778449278355026, 18.87568333514726504 ) ) ;
#1056 = CARTESIAN_POINT ( 'NONE',  ( -25.11760832970491464, 32.79488490836931902, 13.11845880216452898 ) ) ;
#1057 = ADVANCED_FACE ( 'NONE', ( #526 ), #925, .T. ) ;
#1058 = DIRECTION ( 'NONE',  ( -0.000000000000000000, 1.000000000000000000, -0.000000000000000000 ) ) ;
#1059 = CARTESIAN_POINT ( 'NONE',  ( -29.25808978546710648, 70.91611563613430746, -28.12770094313626856 ) ) ;
#1060 = CIRCLE ( 'NONE', #2543, 4.899999999999987921 ) ;
#1061 = ORIENTED_EDGE ( 'NONE', *, *, #1187, .F. ) ;
#1062 = CARTESIAN_POINT ( 'NONE',  ( 21.46396496056323855, 9.000000000000000000, -17.00577048614812270 ) ) ;
#1063 = VERTEX_POINT ( 'NONE', #70 ) ;
#1064 = EDGE_CURVE ( 'NONE', #3341, #3160, #2333, .T. ) ;
#1065 = LINE ( 'NONE', #24, #1128 ) ;
#1066 = DIRECTION ( 'NONE',  ( -0.9774423306857497051, 0.2112024862155025273, 0.000000000000000000 ) ) ;
#1067 = DIRECTION ( 'NONE',  ( -0.000000000000000000, 1.000000000000000000, -0.000000000000000000 ) ) ;
#1068 = CARTESIAN_POINT ( 'NONE',  ( -42.16020691544547105, 82.06464616410201529, -27.20066748473198359 ) ) ;
#1069 = CARTESIAN_POINT ( 'NONE',  ( 82.50000000000000000, 140.0000000000000000, 120.1499999999999773 ) ) ;
#1070 = ORIENTED_EDGE ( 'NONE', *, *, #212, .T. ) ;
#1071 = CARTESIAN_POINT ( 'NONE',  ( -168.4379327902477712, 10.78841775608150932, 2.000000000000001776 ) ) ;
#1072 = CARTESIAN_POINT ( 'NONE',  ( 2.000000000000001776, 63.07925486862299636, -25.01582634705393104 ) ) ;
#1073 = ORIENTED_EDGE ( 'NONE', *, *, #377, .T. ) ;
#1074 = EDGE_CURVE ( 'NONE', #3658, #3524, #1428, .T. ) ;
#1075 = VERTEX_POINT ( 'NONE', #2004 ) ;
#1076 = FACE_OUTER_BOUND ( 'NONE', #1011, .T. ) ;
#1077 = CARTESIAN_POINT ( 'NONE',  ( -33.50000000000000000, 8.999999999999996447, 2.000000000000000000 ) ) ;
#1078 = DIRECTION ( 'NONE',  ( 0.000000000000000000, 0.000000000000000000, 1.000000000000000000 ) ) ;
#1079 = DIRECTION ( 'NONE',  ( -0.1516885418044133793, -0.9878937349603242879, 0.03250468752951518603 ) ) ;
#1080 = ORIENTED_EDGE ( 'NONE', *, *, #4342, .F. ) ;
#1081 = ADVANCED_FACE ( 'NONE', ( #394 ), #3, .F. ) ;
#1082 = ORIENTED_EDGE ( 'NONE', *, *, #1368, .F. ) ;
#1083 = VERTEX_POINT ( 'NONE', #1740 ) ;
#1084 = ORIENTED_EDGE ( 'NONE', *, *, #2287, .F. ) ;
#1085 = CARTESIAN_POINT ( 'NONE',  ( 21.65882751081407065, 52.70436138569373696, 22.37877525811196833 ) ) ;
#1086 = DIRECTION ( 'NONE',  ( -0.000000000000000000, 1.000000000000000000, -0.000000000000000000 ) ) ;
#1087 = AXIS2_PLACEMENT_3D ( 'NONE', #3029, #6, #1021 ) ;
#1088 = CARTESIAN_POINT ( 'NONE',  ( 111.0000000000004405, 140.0000000000000000, 111.0000000000004690 ) ) ;
#1089 = CARTESIAN_POINT ( 'NONE',  ( -30.01257749841036215, 72.43040954214116312, -28.85048624783360083 ) ) ;
#1090 = VECTOR ( 'NONE', #2952, 1000.000000000000000 ) ;
#1091 = DIRECTION ( 'NONE',  ( 0.000000000000000000, 0.000000000000000000, 1.000000000000000000 ) ) ;
#1092 = ORIENTED_EDGE ( 'NONE', *, *, #1242, .T. ) ;
#1093 = CARTESIAN_POINT ( 'NONE',  ( -31.12123953842795387, 74.60844981955082744, 29.96399285037808369 ) ) ;
#1094 = EDGE_CURVE ( 'NONE', #3296, #1103, #1065, .T. ) ;
#1095 = VERTEX_POINT ( 'NONE', #307 ) ;
#1096 = ORIENTED_EDGE ( 'NONE', *, *, #172, .F. ) ;
#1097 = CARTESIAN_POINT ( 'NONE',  ( 2.000000000000001776, 63.07925486862298214, 25.01582634705395236 ) ) ;
#1098 = CARTESIAN_POINT ( 'NONE',  ( -102.6053271122397206, 140.0000000000000284, -99.83724493475470751 ) ) ;
#1099 = FACE_BOUND ( 'NONE', #2881, .T. ) ;
#1100 = CARTESIAN_POINT ( 'NONE',  ( -117.5000000000000995, 146.0000000000000284, -87.39999999999999147 ) ) ;
#1101 = ORIENTED_EDGE ( 'NONE', *, *, #1557, .F. ) ;
#1102 = CIRCLE ( 'NONE', #1532, 3.249999999999999556 ) ;
#1103 = VERTEX_POINT ( 'NONE', #3092 ) ;
#1104 = ADVANCED_FACE ( 'NONE', ( #4069, #1762 ), #4132, .F. ) ;
#1105 = DIRECTION ( 'NONE',  ( -0.000000000000000000, 1.000000000000000000, -0.000000000000000000 ) ) ;
#1106 = CYLINDRICAL_SURFACE ( 'NONE', #3896, 2.649999999999985700 ) ;
#1107 = VECTOR ( 'NONE', #1639, 1000.000000000000000 ) ;
#1108 = AXIS2_PLACEMENT_3D ( 'NONE', #844, #2627, #3727 ) ;
#1109 = CARTESIAN_POINT ( 'NONE',  ( 18.88925619532807687, 43.10239814705356309, -13.41765791950985864 ) ) ;
#1110 = CARTESIAN_POINT ( 'NONE',  ( 102.4325582955530081, 139.9067729900034465, -102.3954831068741811 ) ) ;
#1111 = DIRECTION ( 'NONE',  ( 0.000000000000000000, 0.000000000000000000, 1.000000000000000000 ) ) ;
#1112 = EDGE_CURVE ( 'NONE', #4095, #4317, #3293, .T. ) ;
#1113 = EDGE_LOOP ( 'NONE', ( #3575, #104 ) ) ;
#1114 = CARTESIAN_POINT ( 'NONE',  ( 82.15724989149725843, 127.3870714395703772, 73.20902159730032110 ) ) ;
#1115 = EDGE_LOOP ( 'NONE', ( #1480, #3958, #1145, #3820 ) ) ;
#1116 = CARTESIAN_POINT ( 'NONE',  ( 2.000000000000000000, 8.999999999999989342, 27.85000000000000142 ) ) ;
#1117 = VERTEX_POINT ( 'NONE', #3071 ) ;
#1118 = EDGE_LOOP ( 'NONE', ( #1896, #294, #4326, #66 ) ) ;
#1119 = DIRECTION ( 'NONE',  ( 0.000000000000000000, 1.000000000000000000, 0.000000000000000000 ) ) ;
#1120 = LINE ( 'NONE', #758, #2523 ) ;
#1121 = CIRCLE ( 'NONE', #3607, 1.000000000000000888 ) ;
#1122 = CARTESIAN_POINT ( 'NONE',  ( -17.67822770767661922, 36.79353012582575388, 21.21440637103621185 ) ) ;
#1123 = CARTESIAN_POINT ( 'NONE',  ( 105.0000000000000284, 9.000000000000017764, -20.29991528752059082 ) ) ;
#1124 = AXIS2_PLACEMENT_3D ( 'NONE', #1289, #3936, #269 ) ;
#1125 = ORIENTED_EDGE ( 'NONE', *, *, #1383, .T. ) ;
#1126 = EDGE_LOOP ( 'NONE', ( #2111, #1609, #33, #1783 ) ) ;
#1127 = CARTESIAN_POINT ( 'NONE',  ( 105.0000000000000284, 9.000000000000017764, 20.29991528752059082 ) ) ;
#1128 = VECTOR ( 'NONE', #633, 1000.000000000000000 ) ;
#1129 = CARTESIAN_POINT ( 'NONE',  ( 105.0000000000000284, 9.000000000000017764, 20.29991528752059082 ) ) ;
#1130 = FACE_OUTER_BOUND ( 'NONE', #3775, .T. ) ;
#1131 = DIRECTION ( 'NONE',  ( 0.000000000000000000, 0.000000000000000000, -1.000000000000000000 ) ) ;
#1132 = EDGE_CURVE ( 'NONE', #55, #2992, #1486, .T. ) ;
#1133 = DIRECTION ( 'NONE',  ( -0.000000000000000000, 1.000000000000000000, -0.000000000000000000 ) ) ;
#1134 = ORIENTED_EDGE ( 'NONE', *, *, #3214, .F. ) ;
#1135 = CARTESIAN_POINT ( 'NONE',  ( 29.28886028646980932, 70.90820755833459543, 28.12386314898613193 ) ) ;
#1136 = CARTESIAN_POINT ( 'NONE',  ( -96.07929484562714606, 136.5136648050764165, 94.40109387413801301 ) ) ;
#1137 = MANIFOLD_SOLID_BREP ( 'Boss-Extrude1', #2825 ) ;
#1138 = ADVANCED_FACE ( 'NONE', ( #2115 ), #3487, .F. ) ;
#1139 = EDGE_LOOP ( 'NONE', ( #2898, #2489, #1941, #2643, #2816, #4184, #1709, #3084 ) ) ;
#1140 = DIRECTION ( 'NONE',  ( 0.000000000000000000, 0.000000000000000000, 1.000000000000000000 ) ) ;
#1141 = CARTESIAN_POINT ( 'NONE',  ( -101.8663216738656700, 139.9999999999999716, -101.7286489035921448 ) ) ;
#1142 = FACE_OUTER_BOUND ( 'NONE', #776, .T. ) ;
#1143 = CARTESIAN_POINT ( 'NONE',  ( -35.19494792259486360, 70.08145095366097621, -24.19375119227219884 ) ) ;
#1144 = EDGE_LOOP ( 'NONE', ( #2103, #1974, #2576, #4393 ) ) ;
#1145 = ORIENTED_EDGE ( 'NONE', *, *, #3928, .F. ) ;
#1146 = ORIENTED_EDGE ( 'NONE', *, *, #2574, .F. ) ;
#1147 = CARTESIAN_POINT ( 'NONE',  ( 102.6400071844729354, 140.0000000000000000, -124.0000000000000142 ) ) ;
#1148 = CARTESIAN_POINT ( 'NONE',  ( 30.11938709423636595, 54.37566549681212535, -15.00792500827792608 ) ) ;
#1149 = CARTESIAN_POINT ( 'NONE',  ( 105.0000000000000284, 9.000000000000017764, -20.29991528752059082 ) ) ;
#1150 = CARTESIAN_POINT ( 'NONE',  ( 73.81040985379632957, 120.6720870133241590, -63.34566218969607831 ) ) ;
#1151 = CIRCLE ( 'NONE', #2424, 2.649999999999985700 ) ;
#1152 = DIRECTION ( 'NONE',  ( -0.000000000000000000, 1.000000000000000000, -0.000000000000000000 ) ) ;
#1153 = CARTESIAN_POINT ( 'NONE',  ( 117.4999999999999432, 149.0000000000000284, 82.49999999999998579 ) ) ;
#1154 = VERTEX_POINT ( 'NONE', #1484 ) ;
#1155 = CARTESIAN_POINT ( 'NONE',  ( -26.87005768508856463, 0.000000000000000000, -26.87005768508904069 ) ) ;
#1156 = CARTESIAN_POINT ( 'NONE',  ( -52.71201711996291550, 98.26628385602391802, 39.09304265492460218 ) ) ;
#1157 = AXIS2_PLACEMENT_3D ( 'NONE', #3386, #1698, #1785 ) ;
#1158 = ORIENTED_EDGE ( 'NONE', *, *, #840, .F. ) ;
#1159 = DIRECTION ( 'NONE',  ( 0.9884160307623646169, 0.1517687389812944210, 0.000000000000000000 ) ) ;
#1160 = LINE ( 'NONE', #3519, #535 ) ;
#1161 = CARTESIAN_POINT ( 'NONE',  ( -10.68604410665444071, -8.744084587675317266, 19.71608131367435846 ) ) ;
#1162 = LINE ( 'NONE', #4080, #2324 ) ;
#1163 = ORIENTED_EDGE ( 'NONE', *, *, #2602, .F. ) ;
#1164 = CARTESIAN_POINT ( 'NONE',  ( -26.87005768508856463, 9.000000000000000000, -30.12005768508904069 ) ) ;
#1165 = DIRECTION ( 'NONE',  ( -0.000000000000000000, -0.000000000000000000, 1.000000000000000000 ) ) ;
#1166 = EDGE_CURVE ( 'NONE', #3537, #2904, #3542, .T. ) ;
#1167 = VECTOR ( 'NONE', #1000, 1000.000000000000000 ) ;
#1168 = EDGE_CURVE ( 'NONE', #649, #3631, #1508, .T. ) ;
#1169 = LINE ( 'NONE', #2525, #860 ) ;
#1170 = AXIS2_PLACEMENT_3D ( 'NONE', #2067, #1734, #3816 ) ;
#1171 = CARTESIAN_POINT ( 'NONE',  ( 55.34019250500229248, 101.6265385804640289, 42.07282927982364384 ) ) ;
#1172 = DIRECTION ( 'NONE',  ( 0.000000000000000000, 0.05233595624294395954, -0.9986295347545739443 ) ) ;
#1173 = CARTESIAN_POINT ( 'NONE',  ( 26.87005768508913306, 9.000000000000000000, -26.87005768508847225 ) ) ;
#1174 = CARTESIAN_POINT ( 'NONE',  ( 86.53689787626811381, 130.5262981539818554, 83.05609826619800629 ) ) ;
#1175 = EDGE_LOOP ( 'NONE', ( #3193, #909, #1344, #1817 ) ) ;
#1176 = LINE ( 'NONE', #3894, #464 ) ;
#1177 = CARTESIAN_POINT ( 'NONE',  ( -79.06437391174314655, 125.0392642412285227, 69.52771326103385263 ) ) ;
#1178 = AXIS2_PLACEMENT_3D ( 'NONE', #2164, #468, #1830 ) ;
#1179 = EDGE_CURVE ( 'NONE', #1550, #3944, #3844, .T. ) ;
#1180 = AXIS2_PLACEMENT_3D ( 'NONE', #110, #1131, #2178 ) ;
#1181 = EDGE_LOOP ( 'NONE', ( #4287, #2585, #169, #2423 ) ) ;
#1182 = CYLINDRICAL_SURFACE ( 'NONE', #906, 4.899999999999987921 ) ;
#1183 = DIRECTION ( 'NONE',  ( -0.000000000000000000, 1.000000000000000000, -0.000000000000000000 ) ) ;
#1184 = CARTESIAN_POINT ( 'NONE',  ( 105.0000000000000284, 40.47158021804848005, 93.37438869950383946 ) ) ;
#1185 = CARTESIAN_POINT ( 'NONE',  ( -2.000000000000000000, 8.999999999999989342, 27.85000000000000142 ) ) ;
#1186 = VECTOR ( 'NONE', #4252, 999.9999999999998863 ) ;
#1187 = EDGE_CURVE ( 'NONE', #1922, #3021, #784, .T. ) ;
#1188 = EDGE_CURVE ( 'NONE', #2152, #413, #3174, .T. ) ;
#1189 = ORIENTED_EDGE ( 'NONE', *, *, #3554, .T. ) ;
#1190 = ADVANCED_FACE ( 'NONE', ( #130 ), #2862, .F. ) ;
#1191 = CIRCLE ( 'NONE', #3822, 53.50000000000000000 ) ;
#1192 = LINE ( 'NONE', #763, #2970 ) ;
#1193 = CYLINDRICAL_SURFACE ( 'NONE', #1620, 7.999999999999998224 ) ;
#1194 = FACE_OUTER_BOUND ( 'NONE', #3697, .T. ) ;
#1195 = ORIENTED_EDGE ( 'NONE', *, *, #974, .T. ) ;
#1196 = CARTESIAN_POINT ( 'NONE',  ( 25.18768324348410914, 62.18796673935823804, -24.68493927844401625 ) ) ;
#1197 = VECTOR ( 'NONE', #3807, 1000.000000000000000 ) ;
#1198 = CARTESIAN_POINT ( 'NONE',  ( 36.54474198220380288, 71.03114527130040301, 20.90424406778521416 ) ) ;
#1199 = CARTESIAN_POINT ( 'NONE',  ( -26.87005768508856463, 0.000000000000000000, -26.87005768508904069 ) ) ;
#1200 = DIRECTION ( 'NONE',  ( -0.000000000000000000, -1.000000000000000000, -0.000000000000000000 ) ) ;
#1201 = CIRCLE ( 'NONE', #3836, 3.249999999999999556 ) ;
#1202 = CARTESIAN_POINT ( 'NONE',  ( 29.49213846734533817, 71.33905054986016125, 28.32794864304129945 ) ) ;
#1203 = VERTEX_POINT ( 'NONE', #1843 ) ;
#1204 = FACE_OUTER_BOUND ( 'NONE', #3860, .T. ) ;
#1205 = CARTESIAN_POINT ( 'NONE',  ( -45.91018669893774273, 88.51150519279757134, 38.18339864333353972 ) ) ;
#1206 = ORIENTED_EDGE ( 'NONE', *, *, #1926, .F. ) ;
#1207 = FACE_BOUND ( 'NONE', #4292, .T. ) ;
#1208 = CARTESIAN_POINT ( 'NONE',  ( 25.56102076386741473, 35.68267300694233768, 13.21871806683063433 ) ) ;
#1209 = FACE_BOUND ( 'NONE', #1113, .T. ) ;
#1210 = EDGE_CURVE ( 'NONE', #2147, #3194, #4151, .T. ) ;
#1211 = ORIENTED_EDGE ( 'NONE', *, *, #5, .T. ) ;
#1212 = ORIENTED_EDGE ( 'NONE', *, *, #3121, .F. ) ;
#1213 = CARTESIAN_POINT ( 'NONE',  ( -78.35447924806150866, 124.4769344349355578, 68.68716916879658640 ) ) ;
#1214 = DIRECTION ( 'NONE',  ( 0.000000000000000000, 0.000000000000000000, 1.000000000000000000 ) ) ;
#1215 = CARTESIAN_POINT ( 'NONE',  ( -22.48801905583103888, 55.14958927053341853, -22.84457137738117893 ) ) ;
#1216 = EDGE_CURVE ( 'NONE', #3853, #3712, #1630, .T. ) ;
#1217 = ADVANCED_FACE ( 'NONE', ( #503 ), #1865, .F. ) ;
#1218 = ORIENTED_EDGE ( 'NONE', *, *, #3228, .T. ) ;
#1219 = ORIENTED_EDGE ( 'NONE', *, *, #2744, .T. ) ;
#1220 = CARTESIAN_POINT ( 'NONE',  ( 36.61878317190064536, 71.19298541363384913, -20.98433241754393919 ) ) ;
#1221 = CARTESIAN_POINT ( 'NONE',  ( 43.56479645622215457, 84.58118771384596357, -35.67634814239136887 ) ) ;
#1222 = CARTESIAN_POINT ( 'NONE',  ( 90.45222309189476562, 133.0832719996458309, -83.28565643638505378 ) ) ;
#1223 = CARTESIAN_POINT ( 'NONE',  ( -28.16916576924098692, 68.76314129940708142, 27.15505947026679934 ) ) ;
#1224 = CARTESIAN_POINT ( 'NONE',  ( 35.62641784326000050, 69.05309990078630733, 27.20934503837775509 ) ) ;
#1225 = ORIENTED_EDGE ( 'NONE', *, *, #144, .F. ) ;
#1226 = CARTESIAN_POINT ( 'NONE',  ( -26.70879484081405408, 41.41277825732952778, -13.41765791950986753 ) ) ;
#1227 = CARTESIAN_POINT ( 'NONE',  ( -91.55377014630995802, 133.7806769067031780, 84.64778789848483598 ) ) ;
#1228 = ADVANCED_FACE ( 'NONE', ( #1194 ), #1106, .F. ) ;
#1229 = ORIENTED_EDGE ( 'NONE', *, *, #2002, .F. ) ;
#1230 = ADVANCED_FACE ( 'NONE', ( #2547 ), #3925, .F. ) ;
#1231 = CARTESIAN_POINT ( 'NONE',  ( -25.11760832970491464, 32.79488490836931902, 1.999999999999988010 ) ) ;
#1232 = AXIS2_PLACEMENT_3D ( 'NONE', #1647, #2731, #3764 ) ;
#1233 = CARTESIAN_POINT ( 'NONE',  ( -36.28113043591459075, 70.64733439735840648, 21.96318077370597521 ) ) ;
#1234 = CARTESIAN_POINT ( 'NONE',  ( 21.92085531914359109, 11.97556504556079204, 12.43344029990138466 ) ) ;
#1235 = ORIENTED_EDGE ( 'NONE', *, *, #1168, .F. ) ;
#1236 = ORIENTED_EDGE ( 'NONE', *, *, #1368, .T. ) ;
#1237 = ORIENTED_EDGE ( 'NONE', *, *, #1277, .F. ) ;
#1238 = CARTESIAN_POINT ( 'NONE',  ( 124.5779949544927661, 148.0523359562429562, -111.0000000000004547 ) ) ;
#1239 = CARTESIAN_POINT ( 'NONE',  ( -117.5000000000000853, 146.0000000000000284, 82.50000000000001421 ) ) ;
#1240 = CARTESIAN_POINT ( 'NONE',  ( -27.73749198459145759, 45.92988196060599648, -21.51649612943522882 ) ) ;
#1241 = ORIENTED_EDGE ( 'NONE', *, *, #942, .T. ) ;
#1242 = EDGE_CURVE ( 'NONE', #635, #1880, #282, .T. ) ;
#1243 = DIRECTION ( 'NONE',  ( -0.000000000000000000, 1.000000000000000000, -0.000000000000000000 ) ) ;
#1244 = CARTESIAN_POINT ( 'NONE',  ( 70.81470076470500885, 118.0532906942319187, -65.25801176747323495 ) ) ;
#1245 = DIRECTION ( 'NONE',  ( 0.000000000000000000, 0.000000000000000000, 1.000000000000000000 ) ) ;
#1246 = CARTESIAN_POINT ( 'NONE',  ( -117.5000000000000995, 146.0000000000000284, -82.49999999999998579 ) ) ;
#1247 = CARTESIAN_POINT ( 'NONE',  ( 52.67804436192754025, 98.22111366336746130, 39.05457545824132382 ) ) ;
#1248 = ORIENTED_EDGE ( 'NONE', *, *, #4386, .F. ) ;
#1249 = CARTESIAN_POINT ( 'NONE',  ( 36.54474198220380288, 71.03114527130040301, 20.90424406778521416 ) ) ;
#1250 = CARTESIAN_POINT ( 'NONE',  ( -80.11280848774916308, 125.8753231711610994, -75.67451824453128495 ) ) ;
#1251 = VERTEX_POINT ( 'NONE', #3950 ) ;
#1252 = AXIS2_PLACEMENT_3D ( 'NONE', #773, #359, #2379 ) ;
#1253 = CARTESIAN_POINT ( 'NONE',  ( -99.62547606142199186, 140.0000000000000000, -102.6500000000000199 ) ) ;
#1254 = CARTESIAN_POINT ( 'NONE',  ( 17.21028008360592310, 33.74595302731912483, -21.11413188016391373 ) ) ;
#1255 = DIRECTION ( 'NONE',  ( 0.000000000000000000, -0.000000000000000000, -1.000000000000000000 ) ) ;
#1256 = ORIENTED_EDGE ( 'NONE', *, *, #2879, .F. ) ;
#1257 = CARTESIAN_POINT ( 'NONE',  ( -52.73933314067573264, 98.29733950610648208, 39.12413053843992827 ) ) ;
#1258 = CARTESIAN_POINT ( 'NONE',  ( -26.70879484081405053, 41.41277825732948514, 13.41765791950984621 ) ) ;
#1259 = AXIS2_PLACEMENT_3D ( 'NONE', #3483, #1079, #3502 ) ;
#1260 = LINE ( 'NONE', #2612, #2403 ) ;
#1261 = AXIS2_PLACEMENT_3D ( 'NONE', #340, #1708, #3061 ) ;
#1262 = DIRECTION ( 'NONE',  ( -0.9884160307623646169, 0.1517687389812944765, 0.000000000000000000 ) ) ;
#1263 = CARTESIAN_POINT ( 'NONE',  ( 66.29576157294138739, 113.7464412870914430, -60.26983658123265997 ) ) ;
#1264 = DIRECTION ( 'NONE',  ( -0.000000000000000000, -1.000000000000000000, -0.000000000000000000 ) ) ;
#1265 = CARTESIAN_POINT ( 'NONE',  ( -25.13658830302299307, 62.06396467928551886, 24.64684874772614265 ) ) ;
#1266 = EDGE_CURVE ( 'NONE', #2604, #271, #1640, .T. ) ;
#1267 = AXIS2_PLACEMENT_3D ( 'NONE', #2600, #2248, #640 ) ;
#1268 = VERTEX_POINT ( 'NONE', #1888 ) ;
#1269 = DIRECTION ( 'NONE',  ( 0.1516885418044136014, -0.9878937349603240659, 0.03250468752951551910 ) ) ;
#1270 = EDGE_CURVE ( 'NONE', #4317, #645, #1004, .T. ) ;
#1271 = VECTOR ( 'NONE', #2884, 1000.000000000000000 ) ;
#1272 = VECTOR ( 'NONE', #3611, 1000.000000000000000 ) ;
#1273 = ORIENTED_EDGE ( 'NONE', *, *, #3197, .T. ) ;
#1274 = DIRECTION ( 'NONE',  ( -0.000000000000000000, 1.000000000000000000, -0.000000000000000000 ) ) ;
#1275 = DIRECTION ( 'NONE',  ( 0.05233595624294395260, -0.9986295347545739443, -0.000000000000000000 ) ) ;
#1276 = DIRECTION ( 'NONE',  ( -0.000000000000000000, -0.000000000000000000, -1.000000000000000000 ) ) ;
#1277 = EDGE_CURVE ( 'NONE', #3021, #509, #1201, .T. ) ;
#1278 = ORIENTED_EDGE ( 'NONE', *, *, #2435, .T. ) ;
#1279 = EDGE_LOOP ( 'NONE', ( #2508, #1418, #4041, #2784 ) ) ;
#1280 = CARTESIAN_POINT ( 'NONE',  ( -67.99208372308712001, 115.3817866198753705, 56.57365791929272092 ) ) ;
#1281 = CARTESIAN_POINT ( 'NONE',  ( 82.50000000000002842, 146.0000000000000284, -117.4999999999999716 ) ) ;
#1282 = CARTESIAN_POINT ( 'NONE',  ( -31.95383607458175490, 59.85168520052660313, -23.94789159582973426 ) ) ;
#1283 = CARTESIAN_POINT ( 'NONE',  ( 125.0000000000004405, 140.0000000000000000, 111.0000000000004690 ) ) ;
#1284 = CARTESIAN_POINT ( 'NONE',  ( 64.30319000520267991, 116.7737219307293941, -63.77134948585528917 ) ) ;
#1285 = DIRECTION ( 'NONE',  ( -0.000000000000000000, 1.000000000000000000, -0.000000000000000000 ) ) ;
#1286 = CARTESIAN_POINT ( 'NONE',  ( 82.50000000000000000, 149.0000000000000284, 117.5000000000000000 ) ) ;
#1287 = CARTESIAN_POINT ( 'NONE',  ( 39.13710732639150081, 76.51336328302600975, 30.94986193817936027 ) ) ;
#1288 = ORIENTED_EDGE ( 'NONE', *, *, #212, .F. ) ;
#1289 = CARTESIAN_POINT ( 'NONE',  ( -123.5793654197382381, 148.0000000000000284, -111.0000000000004690 ) ) ;
#1290 = CARTESIAN_POINT ( 'NONE',  ( -72.79484444449157365, 119.7910090214507903, -62.15779590115214859 ) ) ;
#1291 = VECTOR ( 'NONE', #3761, 1000.000000000000000 ) ;
#1292 = EDGE_CURVE ( 'NONE', #2339, #3493, #992, .T. ) ;
#1293 = ORIENTED_EDGE ( 'NONE', *, *, #3097, .T. ) ;
#1294 = CARTESIAN_POINT ( 'NONE',  ( 125.0000000000004405, 140.0000000000000000, -111.0000000000004547 ) ) ;
#1295 = CARTESIAN_POINT ( 'NONE',  ( -33.15036899990970198, 69.98054063080959963, 26.36740779002864699 ) ) ;
#1296 = CARTESIAN_POINT ( 'NONE',  ( -38.56005786047725081, 87.37422358401502720, 37.44986781102966944 ) ) ;
#1297 = ORIENTED_EDGE ( 'NONE', *, *, #3780, .F. ) ;
#1298 = ORIENTED_EDGE ( 'NONE', *, *, #2143, .T. ) ;
#1299 = CIRCLE ( 'NONE', #1232, 53.50000000000000000 ) ;
#1300 = DIRECTION ( 'NONE',  ( 0.000000000000000000, -1.000000000000000000, 0.000000000000000000 ) ) ;
#1301 = DIRECTION ( 'NONE',  ( -1.000000000000000000, -0.000000000000000000, -0.000000000000000000 ) ) ;
#1302 = ADVANCED_FACE ( 'NONE', ( #3240 ), #2216, .F. ) ;
#1303 = CARTESIAN_POINT ( 'NONE',  ( 102.4131271325025381, 140.0000000000000284, 100.7280523255229099 ) ) ;
#1304 = AXIS2_PLACEMENT_3D ( 'NONE', #3136, #1086, #3805 ) ;
#1305 = CARTESIAN_POINT ( 'NONE',  ( 32.01423114397248071, 76.26532196178537504, 30.86153073356458520 ) ) ;
#1306 = CARTESIAN_POINT ( 'NONE',  ( 2.000000000000000000, 28.27228698533834716, 181.2337787489541370 ) ) ;
#1307 = CARTESIAN_POINT ( 'NONE',  ( 45.93887207069125367, 88.45842926317556021, -38.21660357776677586 ) ) ;
#1308 = LINE ( 'NONE', #3600, #3396 ) ;
#1309 = DIRECTION ( 'NONE',  ( -0.000000000000000000, 1.000000000000000000, -0.000000000000000000 ) ) ;
#1310 = ADVANCED_FACE ( 'NONE', ( #3974 ), #1917, .T. ) ;
#1311 = PLANE ( 'NONE',  #2365 ) ;
#1312 = ORIENTED_EDGE ( 'NONE', *, *, #1188, .T. ) ;
#1313 = CARTESIAN_POINT ( 'NONE',  ( 34.04968401140319401, 65.25341786835231517, 18.34329066297012290 ) ) ;
#1314 = CARTESIAN_POINT ( 'NONE',  ( -97.84227671609329491, 137.4954853699097725, -92.59492706369488246 ) ) ;
#1315 = CIRCLE ( 'NONE', #1960, 4.900000000000001243 ) ;
#1316 = DIRECTION ( 'NONE',  ( 0.000000000000000000, 1.000000000000000000, 0.000000000000000000 ) ) ;
#1317 = EDGE_LOOP ( 'NONE', ( #2811, #2963, #1288, #1096 ) ) ;
#1318 = CARTESIAN_POINT ( 'NONE',  ( -63.60131698063337069, 111.0416404000407624, -51.50521071735965961 ) ) ;
#1319 = VECTOR ( 'NONE', #1301, 1000.000000000000000 ) ;
#1320 = B_SPLINE_CURVE_WITH_KNOTS ( 'NONE', 3,
 ( #3601, #1936, #2641, #4285, #2619, #1671, #2935, #1603, #222, #2980, #241, #2290 ),
 .UNSPECIFIED., .F., .F.,
 ( 4, 2, 2, 2, 2, 4 ),
 ( 0.000000000000000000, 0.003891038003328221688, 0.007782076006656443376, 0.01556415201331282430, 0.02334622801996920349, 0.03112830402662558615 ),
 .UNSPECIFIED. ) ;
#1321 = DIRECTION ( 'NONE',  ( 1.000000000000000000, 0.000000000000000000, 0.000000000000000000 ) ) ;
#1322 = CARTESIAN_POINT ( 'NONE',  ( 21.46396496056324210, 9.000000000000000000, 105.0000000000000284 ) ) ;
#1323 = ORIENTED_EDGE ( 'NONE', *, *, #781, .T. ) ;
#1324 = EDGE_CURVE ( 'NONE', #984, #3062, #1260, .T. ) ;
#1325 = ORIENTED_EDGE ( 'NONE', *, *, #1659, .T. ) ;
#1326 = VERTEX_POINT ( 'NONE', #3662 ) ;
#1327 = CARTESIAN_POINT ( 'NONE',  ( -26.69209996231278481, 65.60621085238629746, 25.89320006738764945 ) ) ;
#1328 = DIRECTION ( 'NONE',  ( -0.000000000000000000, -1.000000000000000000, -0.000000000000000000 ) ) ;
#1329 = CARTESIAN_POINT ( 'NONE',  ( 101.4513763216577615, 140.0000000000000000, 102.1167662453133858 ) ) ;
#1330 = AXIS2_PLACEMENT_3D ( 'NONE', #1071, #3770, #2465 ) ;
#1331 = EDGE_CURVE ( 'NONE', #2447, #271, #2974, .T. ) ;
#1332 = CARTESIAN_POINT ( 'NONE',  ( -117.5000000000000995, 149.0000000000000284, -82.49999999999998579 ) ) ;
#1333 = AXIS2_PLACEMENT_3D ( 'NONE', #1956, #1400, #1982 ) ;
#1334 = DIRECTION ( 'NONE',  ( 1.000000000000000000, 0.000000000000000000, 0.000000000000000000 ) ) ;
#1335 = CARTESIAN_POINT ( 'NONE',  ( 28.16916576924096915, 68.76314129940712405, 27.15505947026679223 ) ) ;
#1336 = DIRECTION ( 'NONE',  ( -0.000000000000000000, -1.000000000000000000, -0.000000000000000000 ) ) ;
#1337 = AXIS2_PLACEMENT_3D ( 'NONE', #236, #3884, #2883 ) ;
#1338 = CARTESIAN_POINT ( 'NONE',  ( 25.11760832970491464, 32.79488490836931902, 13.11845880216452898 ) ) ;
#1339 = AXIS2_PLACEMENT_3D ( 'NONE', #3904, #2113, #3467 ) ;
#1340 = CARTESIAN_POINT ( 'NONE',  ( -111.0000000000004832, 149.0000000000000284, 111.0000000000004690 ) ) ;
#1341 = DIRECTION ( 'NONE',  ( -0.000000000000000000, 1.000000000000000000, -0.000000000000000000 ) ) ;
#1342 = CIRCLE ( 'NONE', #1983, 2.649999999999985700 ) ;
#1343 = CARTESIAN_POINT ( 'NONE',  ( 83.35211939589702013, 131.0339200732849747, -84.05157792015694440 ) ) ;
#1344 = ORIENTED_EDGE ( 'NONE', *, *, #1187, .T. ) ;
#1345 = CARTESIAN_POINT ( 'NONE',  ( -52.74462952299747798, 98.30422039607235263, -39.13013257808390222 ) ) ;
#1346 = AXIS2_PLACEMENT_3D ( 'NONE', #1385, #2053, #1700 ) ;
#1347 = CARTESIAN_POINT ( 'NONE',  ( 30.11938709423597516, 54.37566549681093164, 15.00792500827270715 ) ) ;
#1348 = CARTESIAN_POINT ( 'NONE',  ( -117.5000000000000995, 149.0000000000000284, -82.49999999999998579 ) ) ;
#1349 = VERTEX_POINT ( 'NONE', #3266 ) ;
#1350 = ORIENTED_EDGE ( 'NONE', *, *, #792, .F. ) ;
#1351 = AXIS2_PLACEMENT_3D ( 'NONE', #2949, #192, #1931 ) ;
#1352 = ORIENTED_EDGE ( 'NONE', *, *, #529, .T. ) ;
#1353 = CARTESIAN_POINT ( 'NONE',  ( -35.04942255621043046, 67.71389775840495417, 26.66771159104410316 ) ) ;
#1354 = CARTESIAN_POINT ( 'NONE',  ( 29.25808978542341166, 70.91611563607861513, -28.12770094310809910 ) ) ;
#1355 = ADVANCED_FACE ( 'NONE', ( #1553 ), #747, .T. ) ;
#1356 = CARTESIAN_POINT ( 'NONE',  ( 125.0000000000004405, 140.0000000000000000, 125.0000000000004690 ) ) ;
#1357 = CARTESIAN_POINT ( 'NONE',  ( 59.58531192005877841, 112.4608950135485372, 58.87865935132269612 ) ) ;
#1358 = EDGE_CURVE ( 'NONE', #4142, #413, #2222, .T. ) ;
#1359 = DIRECTION ( 'NONE',  ( 0.000000000000000000, 0.000000000000000000, 1.000000000000000000 ) ) ;
#1360 =( BOUNDED_CURVE ( )  B_SPLINE_CURVE ( 3, ( #3696, #2005, #3359, #308 ),
 .UNSPECIFIED., .F., .T. ) 
 B_SPLINE_CURVE_WITH_KNOTS ( ( 4, 4 ),
 ( 4.864746476463866820, 4.925194014488397443 ),
 .UNSPECIFIED. ) 
 CURVE ( )  GEOMETRIC_REPRESENTATION_ITEM ( )  RATIONAL_B_SPLINE_CURVE ( ( 1.000000000000000000, 0.9996955311070472305, 0.9996955311070472305, 1.000000000000000000 ) ) 
 REPRESENTATION_ITEM ( '' )  );
#1361 = DIRECTION ( 'NONE',  ( 0.000000000000000000, 0.000000000000000000, 1.000000000000000000 ) ) ;
#1362 = DIRECTION ( 'NONE',  ( -0.9884160307623646169, -0.1517687389812946153, 0.000000000000000000 ) ) ;
#1363 = CARTESIAN_POINT ( 'NONE',  ( -45.07230806775952203, 87.12817966149034987, -30.47178229335056798 ) ) ;
#1364 = EDGE_CURVE ( 'NONE', #4191, #2947, #58, .T. ) ;
#1365 = DIRECTION ( 'NONE',  ( 0.000000000000000000, 0.000000000000000000, 1.000000000000000000 ) ) ;
#1366 = VERTEX_POINT ( 'NONE', #654 ) ;
#1367 = DIRECTION ( 'NONE',  ( 0.000000000000000000, 0.000000000000000000, 1.000000000000000000 ) ) ;
#1368 = EDGE_CURVE ( 'NONE', #3172, #3341, #347, .T. ) ;
#1369 = CARTESIAN_POINT ( 'NONE',  ( 29.67564278456721283, 52.95586224896363348, 22.39057183647311788 ) ) ;
#1370 = CYLINDRICAL_SURFACE ( 'NONE', #3116, 53.50000000000000000 ) ;
#1371 = ORIENTED_EDGE ( 'NONE', *, *, #3079, .F. ) ;
#1372 = EDGE_CURVE ( 'NONE', #707, #2315, #2839, .T. ) ;
#1373 = B_SPLINE_CURVE_WITH_KNOTS ( 'NONE', 3,
 ( #3462, #431, #714, #4187, #3839, #101, #2792, #3444, #83, #3087, #1141, #2494, #3422, #1098, #2406, #4145 ),
 .UNSPECIFIED., .F., .F.,
 ( 4, 2, 2, 2, 2, 2, 2, 4 ),
 ( 1.387778780781445521E-17, 0.0006821158134059999555, 0.001364231626811986033, 0.001705289533514970507, 0.002046347440217954981, 0.002728463253623923928, 0.004092694880435828429, 0.005456926507247732497 ),
 .UNSPECIFIED. ) ;
#1374 = ORIENTED_EDGE ( 'NONE', *, *, #1926, .T. ) ;
#1375 = CARTESIAN_POINT ( 'NONE',  ( -29.67564278461193439, 52.95586224895404115, 22.39057183648806770 ) ) ;
#1376 = CARTESIAN_POINT ( 'NONE',  ( 35.87570503094077878, 70.33687553977992479, 23.00415783167587946 ) ) ;
#1377 = CIRCLE ( 'NONE', #2788, 2.000000000000001776 ) ;
#1378 = CARTESIAN_POINT ( 'NONE',  ( 100.5299604021471822, 140.0000000000000000, 102.5535748831194667 ) ) ;
#1379 = CYLINDRICAL_SURFACE ( 'NONE', #4112, 3.249999999999999556 ) ;
#1380 = DIRECTION ( 'NONE',  ( 0.000000000000000000, 0.000000000000000000, 1.000000000000000000 ) ) ;
#1381 = CARTESIAN_POINT ( 'NONE',  ( 29.28886028647081119, 70.90820755833668443, -28.12386314898709827 ) ) ;
#1382 = CIRCLE ( 'NONE', #1663, 4.899999999999987921 ) ;
#1383 = EDGE_CURVE ( 'NONE', #1799, #559, #2909, .T. ) ;
#1384 = CARTESIAN_POINT ( 'NONE',  ( 25.56108810415097565, 35.68311157035267911, 13.21873329303681466 ) ) ;
#1385 = CARTESIAN_POINT ( 'NONE',  ( -26.87005768508894832, 0.000000000000000000, 26.87005768508865700 ) ) ;
#1386 = CARTESIAN_POINT ( 'NONE',  ( 82.50000000000000000, 146.0000000000000284, 112.5999999999999943 ) ) ;
#1387 =( BOUNDED_CURVE ( )  B_SPLINE_CURVE ( 3, ( #1478, #2189, #1122, #3546 ),
 .UNSPECIFIED., .F., .T. ) 
 B_SPLINE_CURVE_WITH_KNOTS ( ( 4, 4 ),
 ( 4.499583946280981905, 4.560031484305512528 ),
 .UNSPECIFIED. ) 
 CURVE ( )  GEOMETRIC_REPRESENTATION_ITEM ( )  RATIONAL_B_SPLINE_CURVE ( ( 1.000000000000000000, 0.9996955311070472305, 0.9996955311070472305, 1.000000000000000000 ) ) 
 REPRESENTATION_ITEM ( '' )  );
#1388 = ADVANCED_FACE ( 'NONE', ( #367 ), #2001, .F. ) ;
#1389 = DIRECTION ( 'NONE',  ( -1.000000000000000000, 0.000000000000000000, 0.000000000000000000 ) ) ;
#1390 = ORIENTED_EDGE ( 'NONE', *, *, #2196, .T. ) ;
#1391 = CARTESIAN_POINT ( 'NONE',  ( 82.50000000000002842, 149.0000000000000284, -122.3999999999999631 ) ) ;
#1392 = CARTESIAN_POINT ( 'NONE',  ( -33.68127196587005301, 69.95018460876492838, 25.92177559501867989 ) ) ;
#1393 = CARTESIAN_POINT ( 'NONE',  ( -102.6400071844727648, 139.9999999999999432, 98.92839852658515554 ) ) ;
#1394 = ORIENTED_EDGE ( 'NONE', *, *, #400, .F. ) ;
#1395 = EDGE_LOOP ( 'NONE', ( #3151, #1206, #3203, #3183 ) ) ;
#1396 = AXIS2_PLACEMENT_3D ( 'NONE', #3979, #3999, #3646 ) ;
#1397 = FACE_OUTER_BOUND ( 'NONE', #3947, .T. ) ;
#1398 = DIRECTION ( 'NONE',  ( -0.000000000000000000, 1.000000000000000000, -0.000000000000000000 ) ) ;
#1399 = CARTESIAN_POINT ( 'NONE',  ( 99.85456695244870673, 140.0000000000000000, 102.6499999999999915 ) ) ;
#1400 = DIRECTION ( 'NONE',  ( -0.000000000000000000, 1.000000000000000000, -0.000000000000000000 ) ) ;
#1401 = VECTOR ( 'NONE', #2108, 1000.000000000000000 ) ;
#1402 = DIRECTION ( 'NONE',  ( 0.000000000000000000, 0.000000000000000000, 1.000000000000000000 ) ) ;
#1403 = ORIENTED_EDGE ( 'NONE', *, *, #1987, .T. ) ;
#1404 = AXIS2_PLACEMENT_3D ( 'NONE', #3189, #3917, #3258 ) ;
#1405 = CARTESIAN_POINT ( 'NONE',  ( 31.39970173389797381, 70.26202977028836472, -27.45588886379711724 ) ) ;
#1406 = DIRECTION ( 'NONE',  ( 0.000000000000000000, -1.069746143519029990E-14, 1.000000000000000000 ) ) ;
#1407 = DIRECTION ( 'NONE',  ( 0.000000000000000000, -0.05233595624294281462, 0.9986295347545740553 ) ) ;
#1408 = DIRECTION ( 'NONE',  ( -0.000000000000000000, 1.000000000000000000, -0.000000000000000000 ) ) ;
#1409 = ADVANCED_FACE ( 'NONE', ( #2024 ), #4398, .T. ) ;
#1410 = AXIS2_PLACEMENT_3D ( 'NONE', #3504, #1483, #826 ) ;
#1411 = CARTESIAN_POINT ( 'NONE',  ( 62.62896679135500477, 115.2799655458333490, -62.03107514496673502 ) ) ;
#1412 = ORIENTED_EDGE ( 'NONE', *, *, #4260, .T. ) ;
#1413 = ADVANCED_FACE ( 'NONE', ( #1796, #4166, #2773, #1099, #64 ), #3463, .F. ) ;
#1414 = CARTESIAN_POINT ( 'NONE',  ( -2.000000000000001776, 40.47158021804848005, 93.37438869950383946 ) ) ;
#1415 =( BOUNDED_SURFACE ( )  B_SPLINE_SURFACE ( 3, 2, ( 
 ( #3443, #1755, #4042 ),
 ( #673, #3107, #694 ),
 ( #2066, #2724, #4064 ),
 ( #1664, #18, #3755 ),
 ( #3376, #1375, #62 ),
 ( #1733, #3043, #1013 ),
 ( #2746, #1713, #4372 ),
 ( #1327, #4104, #1033 ),
 ( #3421, #2680, #1055 ),
 ( #4396, #3086, #2405 ),
 ( #994, #1353, #2346 ),
 ( #386, #2386, #3713 ) ),
 .UNSPECIFIED., .F., .F., .T. ) 
 B_SPLINE_SURFACE_WITH_KNOTS ( ( 4, 2, 2, 2, 2, 4 ),
 ( 3, 3 ),
 ( 0.04865746300679146819, 0.05718261693774830123, 0.06570777086870513428, 0.07423292479966195345, 0.07849550176514036304, 0.08275807873061878650 ),
 ( 0.000000000000000000, 1.000000000000000000 ),
 .UNSPECIFIED. ) 
 GEOMETRIC_REPRESENTATION_ITEM ( )  RATIONAL_B_SPLINE_SURFACE ( (
 ( 1.000000000000000000, 0.7095581163979196582, 1.000000000000000000),
 ( 1.000000000000000000, 0.7123902603179368409, 1.000000000000000000),
 ( 1.000000000000000000, 0.7158370914236692473, 1.000000000000000000),
 ( 1.000000000000000000, 0.7237793910993738367, 1.000000000000000000),
 ( 1.000000000000000000, 0.7282746848198988765, 1.000000000000000000),
 ( 1.000000000000000000, 0.7381418156297452349, 1.000000000000000000),
 ( 1.000000000000000000, 0.7435136423624628677, 1.000000000000000000),
 ( 1.000000000000000000, 0.7521078368565453642, 1.000000000000000000),
 ( 1.000000000000000000, 0.7550673467504522840, 1.000000000000000000),
 ( 1.000000000000000000, 0.7610808902997805436, 1.000000000000000000),
 ( 1.000000000000000000, 0.7641416289639849646, 1.000000000000000000),
 ( 1.000000000000000000, 0.7672448872756988392, 1.000000000000000000) ) ) 
 REPRESENTATION_ITEM ( '' )  SURFACE ( )  );
#1416 = CARTESIAN_POINT ( 'NONE',  ( 13.41060265127030959, 9.000000000000017764, -20.29991528752059082 ) ) ;
#1417 = EDGE_CURVE ( 'NONE', #2925, #649, #3501, .T. ) ;
#1418 = ORIENTED_EDGE ( 'NONE', *, *, #2497, .T. ) ;
#1419 = VERTEX_POINT ( 'NONE', #4146 ) ;
#1420 = ORIENTED_EDGE ( 'NONE', *, *, #1435, .T. ) ;
#1421 = LINE ( 'NONE', #3399, #3966 ) ;
#1422 = DIRECTION ( 'NONE',  ( 0.000000000000000000, -1.069746143519029990E-14, 1.000000000000000000 ) ) ;
#1423 = DIRECTION ( 'NONE',  ( 0.000000000000000000, -1.000000000000000000, 0.000000000000000000 ) ) ;
#1424 = CARTESIAN_POINT ( 'NONE',  ( -30.15327946242639712, 70.58746805499853849, -27.96822054639532951 ) ) ;
#1425 = AXIS2_PLACEMENT_3D ( 'NONE', #3218, #171, #4235 ) ;
#1426 = EDGE_LOOP ( 'NONE', ( #3503, #2125, #2272, #4388 ) ) ;
#1427 = EDGE_LOOP ( 'NONE', ( #935, #3880 ) ) ;
#1428 = LINE ( 'NONE', #2710, #912 ) ;
#1429 = DIRECTION ( 'NONE',  ( 0.9774423306857491500, -0.2112024862155051363, 0.000000000000000000 ) ) ;
#1430 = DIRECTION ( 'NONE',  ( 0.000000000000000000, 0.000000000000000000, 1.000000000000000000 ) ) ;
#1431 = DIRECTION ( 'NONE',  ( -0.000000000000000000, -0.000000000000000000, -1.000000000000000000 ) ) ;
#1432 = CARTESIAN_POINT ( 'NONE',  ( -29.28886028647068329, 70.90820755833635758, -28.12386314898693840 ) ) ;
#1433 = ORIENTED_EDGE ( 'NONE', *, *, #4018, .T. ) ;
#1434 = CARTESIAN_POINT ( 'NONE',  ( -36.26011804488978640, 70.40406410116308678, 20.58546389915596109 ) ) ;
#1435 = EDGE_CURVE ( 'NONE', #2885, #21, #2476, .T. ) ;
#1436 = VERTEX_POINT ( 'NONE', #102 ) ;
#1437 = CARTESIAN_POINT ( 'NONE',  ( -33.50000000000000000, 8.999999999999996447, -2.000000000000000000 ) ) ;
#1438 = DIRECTION ( 'NONE',  ( -0.000000000000000000, 1.000000000000000000, -0.000000000000000000 ) ) ;
#1439 = DIRECTION ( 'NONE',  ( -1.000000000000000000, -0.000000000000000000, -0.000000000000000000 ) ) ;
#1440 = ORIENTED_EDGE ( 'NONE', *, *, #3152, .T. ) ;
#1441 = ORIENTED_EDGE ( 'NONE', *, *, #1596, .T. ) ;
#1442 = EDGE_CURVE ( 'NONE', #1349, #1436, #497, .T. ) ;
#1443 = LINE ( 'NONE', #4213, #3115 ) ;
#1444 = DIRECTION ( 'NONE',  ( 0.000000000000000000, 0.000000000000000000, -1.000000000000000000 ) ) ;
#1445 = FACE_OUTER_BOUND ( 'NONE', #2853, .T. ) ;
#1446 = CARTESIAN_POINT ( 'NONE',  ( 99.62983712931011837, 138.4671424812642897, 94.90041013863925912 ) ) ;
#1447 = CARTESIAN_POINT ( 'NONE',  ( -26.87005768508894832, 0.000000000000000000, 30.12005768508865700 ) ) ;
#1448 = EDGE_CURVE ( 'NONE', #3748, #509, #453, .T. ) ;
#1449 = ORIENTED_EDGE ( 'NONE', *, *, #1331, .F. ) ;
#1450 = CARTESIAN_POINT ( 'NONE',  ( 117.4999999999999147, 140.0000000000000000, -82.50000000000001421 ) ) ;
#1451 = EDGE_LOOP ( 'NONE', ( #3637, #1606, #1679, #188 ) ) ;
#1452 = CARTESIAN_POINT ( 'NONE',  ( -40.48346272914839972, 79.04073460267278506, 25.31859583135664238 ) ) ;
#1453 = EDGE_LOOP ( 'NONE', ( #1229, #2181 ) ) ;
#1454 = DIRECTION ( 'NONE',  ( 0.000000000000000000, 0.000000000000000000, 1.000000000000000000 ) ) ;
#1455 = CARTESIAN_POINT ( 'NONE',  ( 125.0000000000004405, 148.0000000000000284, -123.5793654197382381 ) ) ;
#1456 = DIRECTION ( 'NONE',  ( 0.000000000000000000, 0.000000000000000000, -1.000000000000000000 ) ) ;
#1457 = LINE ( 'NONE', #2475, #3249 ) ;
#1458 = ORIENTED_EDGE ( 'NONE', *, *, #2863, .T. ) ;
#1459 = CARTESIAN_POINT ( 'NONE',  ( -26.09164514596918139, 38.55661757986632665, 13.31849670700812815 ) ) ;
#1460 = CARTESIAN_POINT ( 'NONE',  ( 2.000000000000000000, 8.999999999999996447, -27.85000000000000142 ) ) ;
#1461 = EDGE_CURVE ( 'NONE', #1051, #2608, #2133, .T. ) ;
#1462 = EDGE_CURVE ( 'NONE', #555, #1366, #3477, .T. ) ;
#1463 = CIRCLE ( 'NONE', #886, 4.900000000000001243 ) ;
#1464 = EDGE_CURVE ( 'NONE', #1579, #616, #1387, .T. ) ;
#1465 = DIRECTION ( 'NONE',  ( -0.000000000000000000, 1.000000000000000000, -0.000000000000000000 ) ) ;
#1466 = CARTESIAN_POINT ( 'NONE',  ( 69.41066894444537638, 116.7250098157958860, 58.21733887690620435 ) ) ;
#1467 = CYLINDRICAL_SURFACE ( 'NONE', #893, 53.50000000000000000 ) ;
#1468 = CIRCLE ( 'NONE', #608, 1.000000000000000888 ) ;
#1469 = ORIENTED_EDGE ( 'NONE', *, *, #2027, .F. ) ;
#1470 = CARTESIAN_POINT ( 'NONE',  ( 74.41099130798315286, 121.1874637773868102, 64.04927865881843729 ) ) ;
#1471 = ORIENTED_EDGE ( 'NONE', *, *, #1738, .F. ) ;
#1472 = CARTESIAN_POINT ( 'NONE',  ( 29.24229335221807702, 70.91611563613430746, -28.12770094313626856 ) ) ;
#1473 = CARTESIAN_POINT ( 'NONE',  ( -102.4343516339150142, 139.9076890540385136, 102.3977912192877540 ) ) ;
#1474 = EDGE_LOOP ( 'NONE', ( #2752, #2807, #3706, #3134 ) ) ;
#1475 = EDGE_LOOP ( 'NONE', ( #1948, #1792, #2917, #2951, #602, #316, #3128, #966 ) ) ;
#1476 = CARTESIAN_POINT ( 'NONE',  ( 105.0000000000000284, 9.000000000000017764, 20.29991528752059082 ) ) ;
#1477 = AXIS2_PLACEMENT_3D ( 'NONE', #2703, #4083, #2321 ) ;
#1478 = CARTESIAN_POINT ( 'NONE',  ( -18.88925619532809463, 42.83931635415304839, 21.41333099750923452 ) ) ;
#1479 = CARTESIAN_POINT ( 'NONE',  ( -35.86689058295615240, 70.34176644639144627, -23.00234450703554856 ) ) ;
#1480 = ORIENTED_EDGE ( 'NONE', *, *, #1442, .F. ) ;
#1481 = ORIENTED_EDGE ( 'NONE', *, *, #1724, .T. ) ;
#1482 = EDGE_CURVE ( 'NONE', #4233, #3375, #3168, .T. ) ;
#1483 = DIRECTION ( 'NONE',  ( -0.000000000000000000, 1.000000000000000000, -0.000000000000000000 ) ) ;
#1484 = CARTESIAN_POINT ( 'NONE',  ( 26.87005768508875292, 0.000000000000000000, 23.62005768508885239 ) ) ;
#1485 = AXIS2_PLACEMENT_3D ( 'NONE', #2732, #3054, #4071 ) ;
#1486 = B_SPLINE_CURVE_WITH_KNOTS ( 'NONE', 3,
 ( #1381, #2730, #3785, #2687, #1405, #701, #2074, #3429, #4050, #999, #2351, #372, #4111, #721, #2094, #3449, #3718, #2028, #658, #3382, #828, #436, #3804, #417 ),
 .UNSPECIFIED., .F., .F.,
 ( 4, 2, 2, 2, 2, 2, 2, 2, 2, 2, 2, 4 ),
 ( 0.000000000000000000, 0.001382349555415839570, 0.002764699110831679140, 0.004147048666247536708, 0.004838223443955463540, 0.005529398221663388638, 0.006911747777079248374, 0.007602922554787171737, 0.008294097332495094232, 0.009676446887910923611, 0.01036762166561884350, 0.01105879644332676340 ),
 .UNSPECIFIED. ) ;
#1487 = VECTOR ( 'NONE', #873, 1000.000000000000114 ) ;
#1488 = DIRECTION ( 'NONE',  ( 0.000000000000000000, 0.03288522411256245698, -0.9994591347499239831 ) ) ;
#1489 = CARTESIAN_POINT ( 'NONE',  ( 99.28066101480013117, 138.2967091709870999, -98.33887562450725284 ) ) ;
#1490 = FACE_OUTER_BOUND ( 'NONE', #4210, .T. ) ;
#1491 = CARTESIAN_POINT ( 'NONE',  ( 36.54474198220380288, 71.03114527130040301, 20.90424406778521416 ) ) ;
#1492 = CARTESIAN_POINT ( 'NONE',  ( 100.5010513075494885, 140.4137553822891107, 103.7102057202370560 ) ) ;
#1493 = VERTEX_POINT ( 'NONE', #2109 ) ;
#1494 = CARTESIAN_POINT ( 'NONE',  ( 26.87005768508913306, 9.000000000000000000, -26.87005768508847225 ) ) ;
#1495 = CARTESIAN_POINT ( 'NONE',  ( -59.60397382141918143, 106.6258198573479490, 46.93316793900807937 ) ) ;
#1496 = VERTEX_POINT ( 'NONE', #2131 ) ;
#1497 = ORIENTED_EDGE ( 'NONE', *, *, #1417, .F. ) ;
#1498 = LINE ( 'NONE', #430, #3826 ) ;
#1499 = CARTESIAN_POINT ( 'NONE',  ( -49.27501176904429059, 101.6086725795676386, -48.30500357206587125 ) ) ;
#1500 = DIRECTION ( 'NONE',  ( -1.000000000000000000, 0.000000000000000000, 0.000000000000000000 ) ) ;
#1501 = DIRECTION ( 'NONE',  ( -1.000000000000000000, -0.000000000000000000, -0.000000000000000000 ) ) ;
#1502 = EDGE_CURVE ( 'NONE', #4118, #3480, #2474, .T. ) ;
#1503 = ORIENTED_EDGE ( 'NONE', *, *, #1968, .T. ) ;
#1504 = EDGE_LOOP ( 'NONE', ( #2652, #4022 ) ) ;
#1505 = VERTEX_POINT ( 'NONE', #3840 ) ;
#1506 = LINE ( 'NONE', #3526, #4392 ) ;
#1507 = CARTESIAN_POINT ( 'NONE',  ( 99.62547606142200607, 140.0000000000000000, -102.6500000000000199 ) ) ;
#1508 = LINE ( 'NONE', #1460, #3186 ) ;
#1509 = PLANE ( 'NONE',  #727 ) ;
#1510 = CARTESIAN_POINT ( 'NONE',  ( 45.26112739194086032, 87.42533703201503670, 30.68428409792753442 ) ) ;
#1511 = DIRECTION ( 'NONE',  ( -7.472654973438555094E-15, 0.000000000000000000, 1.000000000000000000 ) ) ;
#1512 = DIRECTION ( 'NONE',  ( 0.000000000000000000, 0.000000000000000000, 1.000000000000000000 ) ) ;
#1513 = ADVANCED_FACE ( 'NONE', ( #4188 ), #2856, .F. ) ;
#1514 = CARTESIAN_POINT ( 'NONE',  ( 70.91100774679321717, 118.1408324323084003, 65.36485078392789205 ) ) ;
#1515 = ORIENTED_EDGE ( 'NONE', *, *, #2191, .T. ) ;
#1516 = DIRECTION ( 'NONE',  ( 0.000000000000000000, -0.05233595624294258564, -0.9986295347545740553 ) ) ;
#1517 = CARTESIAN_POINT ( 'NONE',  ( -55.10310179211796822, 107.9839998546567159, 54.26570328100153517 ) ) ;
#1518 = ADVANCED_FACE ( 'NONE', ( #1142 ), #759, .F. ) ;
#1519 = AXIS2_PLACEMENT_3D ( 'NONE', #154, #72, #89 ) ;
#1520 = EDGE_CURVE ( 'NONE', #616, #2142, #4208, .T. ) ;
#1521 = ORIENTED_EDGE ( 'NONE', *, *, #4362, .F. ) ;
#1522 = ORIENTED_EDGE ( 'NONE', *, *, #1461, .F. ) ;
#1523 = CARTESIAN_POINT ( 'NONE',  ( -82.50000000000002842, 149.0000000000000284, -117.4999999999999716 ) ) ;
#1524 = CARTESIAN_POINT ( 'NONE',  ( -67.30661893899949177, 119.3572221706086793, -66.90516884596281955 ) ) ;
#1525 = DIRECTION ( 'NONE',  ( -1.000000000000000000, 0.000000000000000000, -1.067522139062650592E-14 ) ) ;
#1526 = FACE_OUTER_BOUND ( 'NONE', #2832, .T. ) ;
#1527 = EDGE_LOOP ( 'NONE', ( #1352, #3833, #2599, #2041 ) ) ;
#1528 = VERTEX_POINT ( 'NONE', #3877 ) ;
#1529 = DIRECTION ( 'NONE',  ( -0.000000000000000000, 1.000000000000000000, -0.000000000000000000 ) ) ;
#1530 = CARTESIAN_POINT ( 'NONE',  ( -26.04236631129099067, 38.30418473237537569, 21.26411147008280622 ) ) ;
#1531 =( LENGTH_UNIT ( ) NAMED_UNIT ( * ) SI_UNIT ( .MILLI., .METRE. ) );
#1532 = AXIS2_PLACEMENT_3D ( 'NONE', #1173, #136, #3201 ) ;
#1533 = DIRECTION ( 'NONE',  ( 0.000000000000000000, -0.9994591347499238720, -0.03288522411256245004 ) ) ;
#1534 = CARTESIAN_POINT ( 'NONE',  ( 37.54870751800820017, 73.19363116585857654, 22.02884115359616146 ) ) ;
#1535 = CARTESIAN_POINT ( 'NONE',  ( 99.63155672299704690, 138.4680181434573853, -94.90271117255953470 ) ) ;
#1536 = DIRECTION ( 'NONE',  ( -0.000000000000000000, 1.000000000000000000, -0.000000000000000000 ) ) ;
#1537 = VECTOR ( 'NONE', #1859, 1000.000000000000000 ) ;
#1538 = CARTESIAN_POINT ( 'NONE',  ( 58.12201150938130922, 111.0421782382219646, 57.36947106488707959 ) ) ;
#1539 = EDGE_LOOP ( 'NONE', ( #1990, #1211, #194, #3590 ) ) ;
#1540 = ADVANCED_FACE ( 'NONE', ( #3482, #432 ), #822, .F. ) ;
#1541 = FACE_BOUND ( 'NONE', #2364, .T. ) ;
#1542 = CARTESIAN_POINT ( 'NONE',  ( -40.88857146822360988, 90.78996126358742913, 39.79963649510182222 ) ) ;
#1543 = AXIS2_PLACEMENT_3D ( 'NONE', #1199, #175, #1511 ) ;
#1544 = AXIS2_PLACEMENT_3D ( 'NONE', #576, #2542, #3901 ) ;
#1545 = ORIENTED_EDGE ( 'NONE', *, *, #2653, .F. ) ;
#1546 = DIRECTION ( 'NONE',  ( 0.000000000000000000, 0.000000000000000000, 1.000000000000000000 ) ) ;
#1547 = DIRECTION ( 'NONE',  ( -1.000000000000000000, -0.000000000000000000, -0.000000000000000000 ) ) ;
#1548 = DIRECTION ( 'NONE',  ( -0.000000000000000000, 1.000000000000000000, -0.000000000000000000 ) ) ;
#1549 = AXIS2_PLACEMENT_3D ( 'NONE', #170, #1529, #129 ) ;
#1550 = VERTEX_POINT ( 'NONE', #3131 ) ;
#1551 = CARTESIAN_POINT ( 'NONE',  ( 117.4999999999999432, 149.0000000000000284, 82.49999999999998579 ) ) ;
#1552 = DIRECTION ( 'NONE',  ( 0.000000000000000000, 0.000000000000000000, 1.000000000000000000 ) ) ;
#1553 = FACE_OUTER_BOUND ( 'NONE', #3003, .T. ) ;
#1554 =( BOUNDED_CURVE ( )  B_SPLINE_CURVE ( 3, ( #3485, #3883, #1459, #501 ),
 .UNSPECIFIED., .F., .F. ) 
 B_SPLINE_CURVE_WITH_KNOTS ( ( 4, 4 ),
 ( 1.723153822874073482, 1.783601360898604771 ),
 .UNSPECIFIED. ) 
 CURVE ( )  GEOMETRIC_REPRESENTATION_ITEM ( )  RATIONAL_B_SPLINE_CURVE ( ( 1.000000000000000000, 0.9996955311070472305, 0.9996955311070472305, 1.000000000000000000 ) ) 
 REPRESENTATION_ITEM ( '' )  );
#1555 = CIRCLE ( 'NONE', #620, 4.900000000000001243 ) ;
#1556 = ORIENTED_EDGE ( 'NONE', *, *, #2986, .F. ) ;
#1557 = EDGE_CURVE ( 'NONE', #279, #4122, #2300, .T. ) ;
#1558 = CARTESIAN_POINT ( 'NONE',  ( -26.70879484081405408, 41.41277825732953488, 13.41765791950984621 ) ) ;
#1559 = AXIS2_PLACEMENT_3D ( 'NONE', #2355, #3471, #422 ) ;
#1560 = CARTESIAN_POINT ( 'NONE',  ( 45.10036942066648891, 87.06454460098045445, -30.50473206254319081 ) ) ;
#1561 = CARTESIAN_POINT ( 'NONE',  ( 21.46396496056324210, 9.000000000000000000, -12.33553522306277195 ) ) ;
#1562 = CARTESIAN_POINT ( 'NONE',  ( -29.24229335221802017, 70.91611563613429325, 28.12770094313626856 ) ) ;
#1563 = AXIS2_PLACEMENT_3D ( 'NONE', #2068, #3445, #4106 ) ;
#1564 = EDGE_CURVE ( 'NONE', #1550, #3275, #2945, .T. ) ;
#1565 = CARTESIAN_POINT ( 'NONE',  ( 63.89016425607116645, 111.2835830969302862, 51.84330376652711436 ) ) ;
#1566 = ORIENTED_EDGE ( 'NONE', *, *, #2411, .F. ) ;
#1567 = DIRECTION ( 'NONE',  ( 0.000000000000000000, 0.000000000000000000, 1.000000000000000000 ) ) ;
#1568 = CARTESIAN_POINT ( 'NONE',  ( -67.93393362663525181, 115.3608318257528111, 62.07168231691493077 ) ) ;
#1569 = EDGE_LOOP ( 'NONE', ( #4395, #730, #782, #1752 ) ) ;
#1570 = CARTESIAN_POINT ( 'NONE',  ( -31.44019441831130734, 75.21685247941802288, -30.28445640529479377 ) ) ;
#1571 = LINE ( 'NONE', #1945, #627 ) ;
#1572 = LINE ( 'NONE', #1234, #824 ) ;
#1573 = ORIENTED_EDGE ( 'NONE', *, *, #1024, .T. ) ;
#1574 = ORIENTED_EDGE ( 'NONE', *, *, #3872, .T. ) ;
#1575 = ORIENTED_EDGE ( 'NONE', *, *, #2943, .T. ) ;
#1576 = FACE_OUTER_BOUND ( 'NONE', #771, .T. ) ;
#1577 = CARTESIAN_POINT ( 'NONE',  ( 100.5263340300873267, 140.0000000000000284, -102.5543780950302732 ) ) ;
#1578 = DIRECTION ( 'NONE',  ( 0.1517687389812944765, -0.9884160307623647279, 0.000000000000000000 ) ) ;
#1579 = VERTEX_POINT ( 'NONE', #4295 ) ;
#1580 = FACE_OUTER_BOUND ( 'NONE', #1451, .T. ) ;
#1581 = CARTESIAN_POINT ( 'NONE',  ( 74.30743647742527003, 121.0991040464691082, -63.92787089238677112 ) ) ;
#1582 = CARTESIAN_POINT ( 'NONE',  ( 33.50000000000000000, 9.000000000000003553, 2.000000000000000000 ) ) ;
#1583 = DIRECTION ( 'NONE',  ( -0.000000000000000000, 1.000000000000000000, -0.000000000000000000 ) ) ;
#1584 = ADVANCED_FACE ( 'NONE', ( #3233 ), #1838, .T. ) ;
#1585 = CARTESIAN_POINT ( 'NONE',  ( 59.56571689345828702, 106.5823599294857331, 46.88947695403020788 ) ) ;
#1586 = VERTEX_POINT ( 'NONE', #3260 ) ;
#1587 = DIRECTION ( 'NONE',  ( 0.000000000000000000, 0.000000000000000000, 1.000000000000000000 ) ) ;
#1588 = CARTESIAN_POINT ( 'NONE',  ( -65.56877043972028218, 113.0204965641160157, -59.47112751174397971 ) ) ;
#1589 = ORIENTED_EDGE ( 'NONE', *, *, #1462, .F. ) ;
#1590 = CARTESIAN_POINT ( 'NONE',  ( -35.51701080998031301, 82.41744028552976431, -34.38490150036957971 ) ) ;
#1591 = CARTESIAN_POINT ( 'NONE',  ( 26.65485930189101893, 41.16316529198817165, -21.35818056523108055 ) ) ;
#1592 = DIRECTION ( 'NONE',  ( 0.000000000000000000, -1.000000000000000000, 0.000000000000000000 ) ) ;
#1593 = ORIENTED_EDGE ( 'NONE', *, *, #3269, .T. ) ;
#1594 = CARTESIAN_POINT ( 'NONE',  ( -99.62606279424529987, 138.4652204908862245, 94.89535960078436005 ) ) ;
#1595 = FACE_OUTER_BOUND ( 'NONE', #3164, .T. ) ;
#1596 = EDGE_CURVE ( 'NONE', #3375, #3710, #3900, .T. ) ;
#1597 = CARTESIAN_POINT ( 'NONE',  ( 29.27425707142439393, 70.91362602636732504, 28.12649252409664768 ) ) ;
#1598 = ORIENTED_EDGE ( 'NONE', *, *, #1179, .F. ) ;
#1599 = EDGE_CURVE ( 'NONE', #915, #2065, #3126, .T. ) ;
#1600 = CARTESIAN_POINT ( 'NONE',  ( 33.68353962855018580, 64.39145944157948520, -25.40690862663484495 ) ) ;
#1601 = CARTESIAN_POINT ( 'NONE',  ( 54.99631196561226432, 107.9434266882912397, -54.15228069642728315 ) ) ;
#1602 = DIRECTION ( 'NONE',  ( -0.000000000000000000, 1.000000000000000000, -0.000000000000000000 ) ) ;
#1603 = CARTESIAN_POINT ( 'NONE',  ( 22.46696356582584286, 55.08811580042762301, -22.83253204511561307 ) ) ;
#1604 = AXIS2_PLACEMENT_3D ( 'NONE', #2244, #3001, #4356 ) ;
#1605 = CARTESIAN_POINT ( 'NONE',  ( 63.41677207987572729, 110.8266171579281547, 57.11108936008690051 ) ) ;
#1606 = ORIENTED_EDGE ( 'NONE', *, *, #1074, .F. ) ;
#1607 = DIRECTION ( 'NONE',  ( -0.000000000000000000, -0.000000000000000000, 1.000000000000000000 ) ) ;
#1608 = CARTESIAN_POINT ( 'NONE',  ( -72.36049858060759732, 119.4387782254023307, -66.97531306678180840 ) ) ;
#1609 = ORIENTED_EDGE ( 'NONE', *, *, #4297, .T. ) ;
#1610 = AXIS2_PLACEMENT_3D ( 'NONE', #3792, #4161, #3416 ) ;
#1611 = CARTESIAN_POINT ( 'NONE',  ( -87.39271389604907370, 131.0382624072054227, -79.55158786239221058 ) ) ;
#1612 = CARTESIAN_POINT ( 'NONE',  ( -35.87960961795590720, 70.33905819059472719, 22.99582772557418764 ) ) ;
#1613 = DIRECTION ( 'NONE',  ( 0.000000000000000000, 0.000000000000000000, 1.000000000000000000 ) ) ;
#1614 = ORIENTED_EDGE ( 'NONE', *, *, #4253, .F. ) ;
#1615 = EDGE_LOOP ( 'NONE', ( #3373, #870, #3225, #4139 ) ) ;
#1616 = FACE_OUTER_BOUND ( 'NONE', #2654, .T. ) ;
#1617 = CARTESIAN_POINT ( 'NONE',  ( 34.17526174549161055, 69.95278249821049599, 25.44234705722220014 ) ) ;
#1618 = DIRECTION ( 'NONE',  ( 1.000000000000000000, 0.000000000000000000, 0.000000000000000000 ) ) ;
#1619 = ORIENTED_EDGE ( 'NONE', *, *, #2070, .F. ) ;
#1620 = AXIS2_PLACEMENT_3D ( 'NONE', #543, #923, #1910 ) ;
#1621 = FACE_OUTER_BOUND ( 'NONE', #4221, .T. ) ;
#1622 = CARTESIAN_POINT ( 'NONE',  ( 65.10057569257284626, 117.4693676382203051, -64.60203532420975137 ) ) ;
#1623 = CARTESIAN_POINT ( 'NONE',  ( -26.87005768508894832, 9.000000000000000000, 26.87005768508865700 ) ) ;
#1624 = CYLINDRICAL_SURFACE ( 'NONE', #44, 72.00000000000007105 ) ;
#1625 = AXIS2_PLACEMENT_3D ( 'NONE', #3776, #713, #323 ) ;
#1626 = CARTESIAN_POINT ( 'NONE',  ( 59.08475922114598688, 106.0750089153319067, 52.38860284808664858 ) ) ;
#1627 = VERTEX_POINT ( 'NONE', #3967 ) ;
#1628 = CARTESIAN_POINT ( 'NONE',  ( 2.000000000000000000, 8.999999999999996447, -27.85000000000000142 ) ) ;
#1629 = CARTESIAN_POINT ( 'NONE',  ( -82.27130427777638033, 130.3447840680894387, -82.87019423566880505 ) ) ;
#1630 = CIRCLE ( 'NONE', #4113, 2.649999999999985700 ) ;
#1631 = ADVANCED_FACE ( 'NONE', ( #185 ), #250, .F. ) ;
#1632 = ORIENTED_EDGE ( 'NONE', *, *, #206, .F. ) ;
#1633 = CARTESIAN_POINT ( 'NONE',  ( -60.79755182266995917, 108.0306682391342008, -48.29342987273358290 ) ) ;
#1634 = CARTESIAN_POINT ( 'NONE',  ( 36.10109768321967039, 70.06325527013606802, 20.42355790279405170 ) ) ;
#1635 = DIRECTION ( 'NONE',  ( 0.000000000000000000, 0.000000000000000000, 1.000000000000000000 ) ) ;
#1636 = VERTEX_POINT ( 'NONE', #917 ) ;
#1637 = ORIENTED_EDGE ( 'NONE', *, *, #1846, .T. ) ;
#1638 = CARTESIAN_POINT ( 'NONE',  ( 125.0000000000004405, 149.0000000000000284, -123.5793654197382381 ) ) ;
#1639 = DIRECTION ( 'NONE',  ( -0.000000000000000000, 1.000000000000000000, -0.000000000000000000 ) ) ;
#1640 = LINE ( 'NONE', #256, #143 ) ;
#1641 = ADVANCED_FACE ( 'NONE', ( #2279 ), #2291, .T. ) ;
#1642 = CARTESIAN_POINT ( 'NONE',  ( -111.0000000000003837, 140.0000000000000000, -125.0000000000004690 ) ) ;
#1643 = CARTESIAN_POINT ( 'NONE',  ( 42.22063514216021218, 92.56668155025384692, -41.14893218346946213 ) ) ;
#1644 = DIRECTION ( 'NONE',  ( 1.000000000000000000, 0.000000000000000000, 0.000000000000000000 ) ) ;
#1645 = ORIENTED_EDGE ( 'NONE', *, *, #2121, .F. ) ;
#1646 = CARTESIAN_POINT ( 'NONE',  ( 26.87005768508913306, 9.000000000000000000, -30.12005768508847225 ) ) ;
#1647 = CARTESIAN_POINT ( 'NONE',  ( 2.572411801254072884E-16, 7.000000000000006217, 0.000000000000000000 ) ) ;
#1648 = VERTEX_POINT ( 'NONE', #537 ) ;
#1649 = EDGE_CURVE ( 'NONE', #509, #3021, #1845, .T. ) ;
#1650 = DIRECTION ( 'NONE',  ( -0.000000000000000000, 1.000000000000000000, -0.000000000000000000 ) ) ;
#1651 = CARTESIAN_POINT ( 'NONE',  ( -50.89027775721436342, 95.85015062097336624, -43.52866578706881739 ) ) ;
#1652 = PRODUCT_DEFINITION ( 'UNKNOWN', '', #788, #1728 ) ;
#1653 = CIRCLE ( 'NONE', #25, 53.50000000000000000 ) ;
#1654 = VERTEX_POINT ( 'NONE', #517 ) ;
#1655 = EDGE_CURVE ( 'NONE', #4370, #915, #1571, .T. ) ;
#1656 = CARTESIAN_POINT ( 'NONE',  ( 33.50000000000000000, 9.000000000000003553, -2.000000000000000000 ) ) ;
#1657 = CARTESIAN_POINT ( 'NONE',  ( 19.49759063135860515, 45.37314375146479506, 21.49670157157880013 ) ) ;
#1658 = CARTESIAN_POINT ( 'NONE',  ( -53.62474376277420873, 106.4194572494490814, 52.75080737812192666 ) ) ;
#1659 = EDGE_CURVE ( 'NONE', #2947, #3821, #948, .T. ) ;
#1660 = ORIENTED_EDGE ( 'NONE', *, *, #853, .F. ) ;
#1661 = EDGE_LOOP ( 'NONE', ( #573, #3560 ) ) ;
#1662 = EDGE_LOOP ( 'NONE', ( #1273, #2419 ) ) ;
#1663 = AXIS2_PLACEMENT_3D ( 'NONE', #1153, #465, #3159 ) ;
#1664 = CARTESIAN_POINT ( 'NONE',  ( -21.67305304108049668, 52.74869656238477234, 22.38594160175058789 ) ) ;
#1665 = CARTESIAN_POINT ( 'NONE',  ( -27.20965497228099395, 66.73739468947243836, -26.32555387156038407 ) ) ;
#1666 = AXIS2_PLACEMENT_3D ( 'NONE', #3825, #3786, #3117 ) ;
#1667 = CARTESIAN_POINT ( 'NONE',  ( 20.88543170197991472, 5.232217840437967560, -12.21156381050922413 ) ) ;
#1668 = FACE_OUTER_BOUND ( 'NONE', #783, .T. ) ;
#1669 = CARTESIAN_POINT ( 'NONE',  ( 85.15000000000003411, 146.0000000000000284, -117.4999999999999716 ) ) ;
#1670 = DIRECTION ( 'NONE',  ( 0.9986295347545739443, 0.05233595624294395260, 0.000000000000000000 ) ) ;
#1671 = CARTESIAN_POINT ( 'NONE',  ( 25.13658830302302150, 62.06396467928554728, -24.64684874772612844 ) ) ;
#1672 = ADVANCED_FACE ( 'NONE', ( #1049 ), #3080, .F. ) ;
#1673 = DIRECTION ( 'NONE',  ( 0.000000000000000000, 0.000000000000000000, -1.000000000000000000 ) ) ;
#1674 = CARTESIAN_POINT ( 'NONE',  ( 36.02942804590071546, 69.90293607277601495, 20.34764860702714984 ) ) ;
#1675 = CARTESIAN_POINT ( 'NONE',  ( -86.77674890586216350, 130.6222348760284433, -78.80121111852696458 ) ) ;
#1676 = CIRCLE ( 'NONE', #738, 4.900000000000001243 ) ;
#1677 = EDGE_CURVE ( 'NONE', #3710, #3163, #4058, .T. ) ;
#1678 = CARTESIAN_POINT ( 'NONE',  ( 64.17852861985510060, 116.6638548835918101, -63.64161206352185474 ) ) ;
#1679 = ORIENTED_EDGE ( 'NONE', *, *, #3311, .T. ) ;
#1680 = CARTESIAN_POINT ( 'NONE',  ( -55.36927953068252606, 101.6618822213601163, -42.10591426665266113 ) ) ;
#1681 = DIRECTION ( 'NONE',  ( -0.000000000000000000, 1.000000000000000000, -0.000000000000000000 ) ) ;
#1682 = CARTESIAN_POINT ( 'NONE',  ( -55.09915100199700078, 107.9789645523056123, 54.26171918957490448 ) ) ;
#1683 = ORIENTED_EDGE ( 'NONE', *, *, #3652, .T. ) ;
#1684 = ORIENTED_EDGE ( 'NONE', *, *, #2344, .T. ) ;
#1685 = VECTOR ( 'NONE', #249, 1000.000000000000000 ) ;
#1686 = ORIENTED_EDGE ( 'NONE', *, *, #716, .F. ) ;
#1687 = DIRECTION ( 'NONE',  ( 0.000000000000000000, -0.000000000000000000, -1.000000000000000000 ) ) ;
#1688 = CARTESIAN_POINT ( 'NONE',  ( -124.0000000000000142, 140.0000000000000000, -102.6500000000000199 ) ) ;
#1689 = APPLICATION_CONTEXT ( 'automotive_design' ) ;
#1690 = CARTESIAN_POINT ( 'NONE',  ( -36.10109768322267598, 70.06325527014271870, -20.42355790274768168 ) ) ;
#1691 = CARTESIAN_POINT ( 'NONE',  ( 34.90353437395154401, 81.41739721327618895, 33.76701572783144911 ) ) ;
#1692 = CIRCLE ( 'NONE', #1259, 8.000000000000000000 ) ;
#1693 = CARTESIAN_POINT ( 'NONE',  ( 2.572411801254072884E-16, 7.000000000000006217, 0.000000000000000000 ) ) ;
#1694 = CARTESIAN_POINT ( 'NONE',  ( 38.23757589728239736, 74.78796298140463250, -22.80014865610192842 ) ) ;
#1695 = LINE ( 'NONE', #4, #1751 ) ;
#1696 = CONICAL_SURFACE ( 'NONE', #3466, 13.99999999999999822, 0.05235987755983000091 ) ;
#1697 = EDGE_CURVE ( 'NONE', #887, #3172, #2736, .T. ) ;
#1698 = DIRECTION ( 'NONE',  ( 0.000000000000000000, -1.000000000000000000, 0.000000000000000000 ) ) ;
#1699 = AXIS2_PLACEMENT_3D ( 'NONE', #3285, #3660, #3238 ) ;
#1700 = DIRECTION ( 'NONE',  ( 1.000000000000000000, 0.000000000000000000, 3.202566417187952014E-15 ) ) ;
#1701 = CARTESIAN_POINT ( 'NONE',  ( -35.19315997064120438, 81.87770344323597271, -34.05886917667468339 ) ) ;
#1702 = EDGE_CURVE ( 'NONE', #3712, #3853, #3941, .T. ) ;
#1703 = DIRECTION ( 'NONE',  ( 0.000000000000000000, 0.000000000000000000, 1.000000000000000000 ) ) ;
#1704 = ORIENTED_EDGE ( 'NONE', *, *, #3935, .T. ) ;
#1705 = DIRECTION ( 'NONE',  ( 0.000000000000000000, 1.000000000000000000, 0.000000000000000000 ) ) ;
#1706 = CIRCLE ( 'NONE', #1559, 4.900000000000001243 ) ;
#1707 = CARTESIAN_POINT ( 'NONE',  ( 105.0000000000004690, 140.0000000000000000, 125.0000000000004690 ) ) ;
#1708 = DIRECTION ( 'NONE',  ( -0.000000000000000000, -1.000000000000000000, -0.000000000000000000 ) ) ;
#1709 = ORIENTED_EDGE ( 'NONE', *, *, #2787, .F. ) ;
#1710 = EDGE_LOOP ( 'NONE', ( #4130, #2128, #3333, #4150 ) ) ;
#1711 = VECTOR ( 'NONE', #1058, 1000.000000000000000 ) ;
#1712 = EDGE_LOOP ( 'NONE', ( #1497, #569, #3830, #1736, #289, #3573, #1731, #4011, #2224, #4276, #2433, #2965, #1593, #981, #3263, #4162, #2696, #1938, #2135, #3104, #1440, #218, #1573, #1235 ) ) ;
#1713 = CARTESIAN_POINT ( 'NONE',  ( -31.95383607456141561, 59.85168520053584729, 23.94789159581945981 ) ) ;
#1714 = CARTESIAN_POINT ( 'NONE',  ( 34.78362195439814286, 70.00793490959601684, 24.74280646883210721 ) ) ;
#1715 = CARTESIAN_POINT ( 'NONE',  ( -27.28378832221362060, 44.07384053296407700, 13.51004563560604765 ) ) ;
#1716 = CARTESIAN_POINT ( 'NONE',  ( 58.06522565104121725, 110.9853876558374566, 57.31103392355459647 ) ) ;
#1717 = B_SPLINE_CURVE_WITH_KNOTS ( 'NONE', 3,
 ( #683, #3530, #855, #1848, #832, #786, #3179, #2504, #1869, #810, #2458, #2177 ),
 .UNSPECIFIED., .F., .F.,
 ( 4, 2, 2, 2, 2, 4 ),
 ( 0.000000000000000000, 0.007672357462718185257, 0.01534471492543637051, 0.02301707238815455664, 0.02685325111951364016, 0.03068942985087272715 ),
 .UNSPECIFIED. ) ;
#1718 = CARTESIAN_POINT ( 'NONE',  ( 0.000000000000000000, 0.000000000000000000, 0.000000000000000000 ) ) ;
#1719 = DIRECTION ( 'NONE',  ( 0.000000000000000000, -1.000000000000000000, 0.000000000000000000 ) ) ;
#1720 = ADVANCED_FACE ( 'NONE', ( #988 ), #4110, .T. ) ;
#1721 = CARTESIAN_POINT ( 'NONE',  ( -111.0000000000004832, 148.0523359562429562, -111.0000000000004690 ) ) ;
#1722 = FACE_OUTER_BOUND ( 'NONE', #277, .T. ) ;
#1723 = FACE_BOUND ( 'NONE', #81, .T. ) ;
#1724 = EDGE_CURVE ( 'NONE', #1932, #2767, #1315, .T. ) ;
#1725 = DIRECTION ( 'NONE',  ( -0.000000000000000000, 1.000000000000000000, -0.000000000000000000 ) ) ;
#1726 = ORIENTED_EDGE ( 'NONE', *, *, #676, .T. ) ;
#1727 = LINE ( 'NONE', #1116, #4093 ) ;
#1728 = PRODUCT_DEFINITION_CONTEXT ( 'detailed design', #1689, 'design' ) ;
#1729 = CARTESIAN_POINT ( 'NONE',  ( 34.58732889785424902, 66.61591297413099255, 26.23023684947735390 ) ) ;
#1730 = CARTESIAN_POINT ( 'NONE',  ( -102.6052983300275940, 140.0000000000000284, 99.83674725116651416 ) ) ;
#1731 = ORIENTED_EDGE ( 'NONE', *, *, #899, .F. ) ;
#1732 = ORIENTED_EDGE ( 'NONE', *, *, #2717, .T. ) ;
#1733 = CARTESIAN_POINT ( 'NONE',  ( -24.24532394417008874, 59.86922964710394268, 23.99405807284663084 ) ) ;
#1734 = DIRECTION ( 'NONE',  ( -0.000000000000000000, 1.000000000000000000, -0.000000000000000000 ) ) ;
#1735 = CARTESIAN_POINT ( 'NONE',  ( -26.69209996229604087, 65.60621085237895045, -25.89320006738508440 ) ) ;
#1736 = ORIENTED_EDGE ( 'NONE', *, *, #3494, .F. ) ;
#1737 = CARTESIAN_POINT ( 'NONE',  ( 30.35393647351310875, 73.07628060418582550, 29.19342152777571542 ) ) ;
#1738 = EDGE_CURVE ( 'NONE', #2564, #390, #2589, .T. ) ;
#1739 = EDGE_LOOP ( 'NONE', ( #1195, #691, #300, #3465 ) ) ;
#1740 = CARTESIAN_POINT ( 'NONE',  ( -33.49999999999999289, 9.000000000000000000, -2.000000000000001776 ) ) ;
#1741 = VECTOR ( 'NONE', #4052, 999.9999999999998863 ) ;
#1742 = EDGE_CURVE ( 'NONE', #21, #2885, #3867, .T. ) ;
#1743 = ADVANCED_FACE ( 'NONE', ( #709 ), #176, .F. ) ;
#1744 = CARTESIAN_POINT ( 'NONE',  ( 117.4999999999999432, 140.0000000000000000, 82.49999999999998579 ) ) ;
#1745 = CARTESIAN_POINT ( 'NONE',  ( -29.28886028647005801, 70.90820755833510702, 28.12386314898636996 ) ) ;
#1746 = CARTESIAN_POINT ( 'NONE',  ( -31.10529822161577584, 74.57701247142865952, -29.94798278580384121 ) ) ;
#1747 = CARTESIAN_POINT ( 'NONE',  ( 73.64902251312095416, 124.4099259823259871, -73.58364896641481323 ) ) ;
#1748 = VERTEX_POINT ( 'NONE', #382 ) ;
#1749 = DIRECTION ( 'NONE',  ( 0.000000000000000000, -1.156482317317870502E-14, -1.000000000000000000 ) ) ;
#1750 = CARTESIAN_POINT ( 'NONE',  ( 117.4999999999999147, 149.0000000000000284, -82.50000000000001421 ) ) ;
#1751 = VECTOR ( 'NONE', #2352, 1000.000000000000000 ) ;
#1752 = ORIENTED_EDGE ( 'NONE', *, *, #3813, .T. ) ;
#1753 = ORIENTED_EDGE ( 'NONE', *, *, #377, .F. ) ;
#1754 = CIRCLE ( 'NONE', #4224, 3.249999999999999556 ) ;
#1755 = CARTESIAN_POINT ( 'NONE',  ( -26.65485930189104025, 41.16316529198818586, 21.35818056523111252 ) ) ;
#1756 = CARTESIAN_POINT ( 'NONE',  ( -82.50000000000002842, 149.0000000000000284, -112.5999999999999659 ) ) ;
#1757 = DIRECTION ( 'NONE',  ( 0.000000000000000000, 0.000000000000000000, 1.000000000000000000 ) ) ;
#1758 = CARTESIAN_POINT ( 'NONE',  ( -31.99490577034671546, 70.14128955957340850, -27.13841273344444716 ) ) ;
#1759 = ORIENTED_EDGE ( 'NONE', *, *, #3175, .F. ) ;
#1760 = CARTESIAN_POINT ( 'NONE',  ( 29.28886028646980932, 70.90820755833459543, 28.12386314898613193 ) ) ;
#1761 = ORIENTED_EDGE ( 'NONE', *, *, #172, .T. ) ;
#1762 = FACE_OUTER_BOUND ( 'NONE', #3428, .T. ) ;
#1763 = AXIS2_PLACEMENT_3D ( 'NONE', #3464, #103, #3110 ) ;
#1764 = CARTESIAN_POINT ( 'NONE',  ( 33.50000000000004974, 9.000000000000000000, 2.000000000000001776 ) ) ;
#1765 = DIRECTION ( 'NONE',  ( -0.1516885418044137679, 0.9878937349603242879, 0.03250468752951518603 ) ) ;
#1766 = CARTESIAN_POINT ( 'NONE',  ( -82.50000000000002842, 149.0000000000000284, -117.4999999999999716 ) ) ;
#1767 = CIRCLE ( 'NONE', #2677, 2.649999999999999467 ) ;
#1768 = AXIS2_PLACEMENT_3D ( 'NONE', #1348, #2361, #1635 ) ;
#1769 = CARTESIAN_POINT ( 'NONE',  ( 29.28886028647081119, 70.90820755833668443, -28.12386314898709827 ) ) ;
#1770 = ORIENTED_EDGE ( 'NONE', *, *, #246, .F. ) ;
#1771 = FACE_OUTER_BOUND ( 'NONE', #2230, .T. ) ;
#1772 = AXIS2_PLACEMENT_3D ( 'NONE', #4144, #4186, #472 ) ;
#1773 = EDGE_CURVE ( 'NONE', #1436, #4169, #4242, .T. ) ;
#1774 = VECTOR ( 'NONE', #3827, 1000.000000000000000 ) ;
#1775 = ORIENTED_EDGE ( 'NONE', *, *, #2761, .T. ) ;
#1776 = DIRECTION ( 'NONE',  ( -0.000000000000000000, 1.000000000000000000, -0.000000000000000000 ) ) ;
#1777 = CARTESIAN_POINT ( 'NONE',  ( -117.5000000000000853, 146.0000000000000284, 79.85000000000002274 ) ) ;
#1778 = DIRECTION ( 'NONE',  ( 0.000000000000000000, -0.000000000000000000, -1.000000000000000000 ) ) ;
#1779 = CARTESIAN_POINT ( 'NONE',  ( -124.5779949544927945, 148.0523359562429562, -111.0000000000004690 ) ) ;
#1780 = AXIS2_PLACEMENT_3D ( 'NONE', #779, #1815, #3817 ) ;
#1781 = ORIENTED_EDGE ( 'NONE', *, *, #1358, .T. ) ;
#1782 = VERTEX_POINT ( 'NONE', #1072 ) ;
#1783 = ORIENTED_EDGE ( 'NONE', *, *, #957, .F. ) ;
#1784 = EDGE_CURVE ( 'NONE', #1636, #756, #3510, .T. ) ;
#1785 = DIRECTION ( 'NONE',  ( 0.000000000000000000, 0.000000000000000000, -1.000000000000000000 ) ) ;
#1786 = CARTESIAN_POINT ( 'NONE',  ( -82.50000000000002842, 146.0000000000000284, -120.1499999999999631 ) ) ;
#1787 = CARTESIAN_POINT ( 'NONE',  ( 32.63914457951348425, 61.68281537304157069, -17.01886269215233227 ) ) ;
#1788 = EDGE_CURVE ( 'NONE', #1922, #3748, #1102, .T. ) ;
#1789 = CARTESIAN_POINT ( 'NONE',  ( 34.90425618280229969, 81.41920049827075445, -33.76773481791682485 ) ) ;
#1790 = ORIENTED_EDGE ( 'NONE', *, *, #2392, .T. ) ;
#1791 = PLANE ( 'NONE',  #2175 ) ;
#1792 = ORIENTED_EDGE ( 'NONE', *, *, #2595, .F. ) ;
#1793 = ORIENTED_EDGE ( 'NONE', *, *, #2626, .F. ) ;
#1794 = CARTESIAN_POINT ( 'NONE',  ( 26.87005768508875292, 0.000000000000000000, 30.12005768508885239 ) ) ;
#1795 = DIRECTION ( 'NONE',  ( -1.000000000000000000, -0.000000000000000000, -0.000000000000000000 ) ) ;
#1796 = FACE_BOUND ( 'NONE', #1873, .T. ) ;
#1797 = LINE ( 'NONE', #2838, #3177 ) ;
#1798 = B_SPLINE_CURVE_WITH_KNOTS ( 'NONE', 3,
 ( #1135, #2829, #4180, #1034, #2995, #4043, #1976, #255, #3307, #1617, #1951, #2367, #1714, #2322, #2973, #1376, #4084, #3330, #281, #3018, #2387, #4349 ),
 .UNSPECIFIED., .F., .F.,
 ( 4, 2, 2, 2, 2, 2, 2, 2, 2, 2, 4 ),
 ( 0.000000000000000000, 0.002753083651699816427, 0.003441354564624774220, 0.004129625477549732013, 0.005506167303399657140, 0.006194438216324623173, 0.006882709129249590073, 0.008259250955099535149, 0.009635792780949479358, 0.01032406369387445060, 0.01101233460679942183 ),
 .UNSPECIFIED. ) ;
#1799 = VERTEX_POINT ( 'NONE', #3793 ) ;
#1800 = CARTESIAN_POINT ( 'NONE',  ( 82.50000000000002842, 140.0000000000000000, -117.4999999999999716 ) ) ;
#1801 = PRESENTATION_STYLE_ASSIGNMENT (( #806 ) ) ;
#1802 = CARTESIAN_POINT ( 'NONE',  ( 18.88925619532816924, 42.83931635415337524, -21.41333099750927005 ) ) ;
#1803 = CIRCLE ( 'NONE', #2299, 7.999999999999999112 ) ;
#1804 = CARTESIAN_POINT ( 'NONE',  ( -2.000000000000000000, 8.999999999999996447, -27.85000000000000142 ) ) ;
#1805 = CARTESIAN_POINT ( 'NONE',  ( 38.53040238539644236, 75.37847643043635060, -23.12827472456228506 ) ) ;
#1806 = VERTEX_POINT ( 'NONE', #1416 ) ;
#1807 = DIRECTION ( 'NONE',  ( -0.1516885418044136291, 0.9878937349603241769, 0.03250468752951592849 ) ) ;
#1808 = ORIENTED_EDGE ( 'NONE', *, *, #1959, .T. ) ;
#1809 = DIRECTION ( 'NONE',  ( 0.000000000000000000, -0.000000000000000000, 1.000000000000000000 ) ) ;
#1810 = DIRECTION ( 'NONE',  ( -0.000000000000000000, 1.000000000000000000, -0.000000000000000000 ) ) ;
#1811 =( BOUNDED_SURFACE ( )  B_SPLINE_SURFACE ( 3, 2, ( 
 ( #1492, #93, #2868 ),
 ( #4159, #3512, #138 ),
 ( #4138, #2202, #3123 ),
 ( #2507, #3810, #815 ),
 ( #750, #1174, #3474 ),
 ( #443, #3536, #1114 ),
 ( #2462, #4220, #2141 ),
 ( #425, #3492, #1470 ),
 ( #160, #1514, #2529 ),
 ( #3224, #1876, #178 ),
 ( #931, #265, #882 ),
 ( #2937, #1605, #2621 ),
 ( #1538, #550, #1565 ),
 ( #2916, #1626, #2893 ),
 ( #2311, #590, #1585 ),
 ( #2958, #858, #4286 ),
 ( #530, #4244, #1247 ),
 ( #508, #2982, #4336 ),
 ( #3627, #1918, #2223 ),
 ( #3295, #202, #4265 ),
 ( #4001, #1287, #2598 ),
 ( #2246, #1895, #242 ),
 ( #2642, #3317, #1937 ),
 ( #3957, #3933, #2293 ),
 ( #1202, #1224, #3274 ),
 ( #3582, #2555, #3911 ) ),
 .UNSPECIFIED., .F., .F., .F. ) 
 B_SPLINE_SURFACE_WITH_KNOTS ( ( 4, 2, 2, 2, 2, 2, 2, 2, 2, 2, 2, 2, 4 ),
 ( 3, 3 ),
 ( 0.04964384615494969039, 0.06621929025628676968, 0.08279473435762384204, 0.09937017845896092827, 0.1076579005096294644, 0.1159456225602980006, 0.1242333446109665368, 0.1325210666616350730, 0.1490965107629721453, 0.1656719548643092454, 0.1739596769149777677, 0.1781035379403120289, 0.1822473989656463178 ),
 ( 0.000000000000000000, 1.000000000000000000 ),
 .UNSPECIFIED. ) 
 GEOMETRIC_REPRESENTATION_ITEM ( )  RATIONAL_B_SPLINE_SURFACE ( (
 ( 1.000000000000000000, 0.9581274687614648178, 1.000000000000000000),
 ( 1.000000000000000000, 0.9530121744997348543, 1.000000000000000000),
 ( 1.000000000000000000, 0.9474102969414252007, 1.000000000000000000),
 ( 1.000000000000000000, 0.9352811684087217747, 1.000000000000000000),
 ( 1.000000000000000000, 0.9287536704010210808, 1.000000000000000000),
 ( 1.000000000000000000, 0.9148131195748798739, 1.000000000000000000),
 ( 1.000000000000000000, 0.9073996787460512081, 1.000000000000000000),
 ( 1.000000000000000000, 0.8956479724381178897, 1.000000000000000000),
 ( 1.000000000000000000, 0.8916250777288796669, 1.000000000000000000),
 ( 1.000000000000000000, 0.8834212837916632921, 1.000000000000000000),
 ( 1.000000000000000000, 0.8792353195878251926, 1.000000000000000000),
 ( 1.000000000000000000, 0.8707095519816571150, 1.000000000000000000),
 ( 1.000000000000000000, 0.8663660202918520570, 1.000000000000000000),
 ( 1.000000000000000000, 0.8575579862289833821, 1.000000000000000000),
 ( 1.000000000000000000, 0.8531048721467333618, 1.000000000000000000),
 ( 1.000000000000000000, 0.8396339561901665638, 1.000000000000000000),
 ( 1.000000000000000000, 0.8305025114232295058, 1.000000000000000000),
 ( 1.000000000000000000, 0.8121692295846295595, 1.000000000000000000),
 ( 1.000000000000000000, 0.8029661408860538918, 1.000000000000000000),
 ( 1.000000000000000000, 0.7893414139666286022, 1.000000000000000000),
 ( 1.000000000000000000, 0.7848305656065142077, 1.000000000000000000),
 ( 1.000000000000000000, 0.7781481568995924913, 1.000000000000000000),
 ( 1.000000000000000000, 0.7759390549373924584, 1.000000000000000000),
 ( 1.000000000000000000, 0.7715823194966090481, 1.000000000000000000),
 ( 1.000000000000000000, 0.7694319652192067593, 1.000000000000000000),
 ( 1.000000000000000000, 0.7673130066437936492, 1.000000000000000000) ) ) 
 REPRESENTATION_ITEM ( '' )  SURFACE ( )  );
#1812 = ORIENTED_EDGE ( 'NONE', *, *, #4024, .T. ) ;
#1813 = CARTESIAN_POINT ( 'NONE',  ( -21.46396496056324210, 9.000000000000000000, 12.33553522306277195 ) ) ;
#1814 = LINE ( 'NONE', #40, #2591 ) ;
#1815 = DIRECTION ( 'NONE',  ( -0.000000000000000000, -1.000000000000000000, -0.000000000000000000 ) ) ;
#1816 = CARTESIAN_POINT ( 'NONE',  ( -36.21508453382724468, 70.57613729628090482, -22.17606631877163181 ) ) ;
#1817 = ORIENTED_EDGE ( 'NONE', *, *, #1277, .T. ) ;
#1818 = CARTESIAN_POINT ( 'NONE',  ( 117.4999999999999147, 149.0000000000000284, -82.50000000000001421 ) ) ;
#1819 = CARTESIAN_POINT ( 'NONE',  ( 26.87005768508913306, 18.19238815542511389, -30.12005768508847225 ) ) ;
#1820 = VECTOR ( 'NONE', #1398, 1000.000000000000000 ) ;
#1821 = AXIS2_PLACEMENT_3D ( 'NONE', #3210, #2167, #147 ) ;
#1822 = CARTESIAN_POINT ( 'NONE',  ( 28.99302625983458981, 50.63167043973084702, -22.02425588189982264 ) ) ;
#1823 = CARTESIAN_POINT ( 'NONE',  ( 47.67146503357980691, 91.15889926047505298, 33.39773406459613625 ) ) ;
#1824 = PLANE ( 'NONE',  #4305 ) ;
#1825 = CARTESIAN_POINT ( 'NONE',  ( -21.46396496056324210, 9.000000000000000000, 105.0000000000000284 ) ) ;
#1826 = AXIS2_PLACEMENT_3D ( 'NONE', #1023, #3745, #4240 ) ;
#1827 = CARTESIAN_POINT ( 'NONE',  ( 49.29211091469712613, 101.6285816390810623, -48.32242499113259271 ) ) ;
#1828 = VERTEX_POINT ( 'NONE', #1491 ) ;
#1829 = CARTESIAN_POINT ( 'NONE',  ( -25.51660288515404673, 35.42773524506799987, -21.16946759449131932 ) ) ;
#1830 = DIRECTION ( 'NONE',  ( 0.000000000000000000, 0.000000000000000000, 1.000000000000000000 ) ) ;
#1831 = EDGE_CURVE ( 'NONE', #1648, #4236, #2102, .T. ) ;
#1832 = AXIS2_PLACEMENT_3D ( 'NONE', #690, #2061, #1613 ) ;
#1833 = ORIENTED_EDGE ( 'NONE', *, *, #1742, .T. ) ;
#1834 = CARTESIAN_POINT ( 'NONE',  ( -82.50000000000000000, 140.0000000000000000, 114.8500000000000085 ) ) ;
#1835 = CARTESIAN_POINT ( 'NONE',  ( -34.91533310665101197, 81.41000968565894880, -33.77923520195125917 ) ) ;
#1836 = DIRECTION ( 'NONE',  ( -0.000000000000000000, -0.000000000000000000, -1.000000000000000000 ) ) ;
#1837 = DIRECTION ( 'NONE',  ( 0.000000000000000000, 0.000000000000000000, 1.000000000000000000 ) ) ;
#1838 =( BOUNDED_SURFACE ( )  B_SPLINE_SURFACE ( 3, 2, ( 
 ( #2541, #1591, #2901 ),
 ( #3280, #3655, #2628 ),
 ( #2922, #2256, #2562 ),
 ( #4251, #3987, #1254 ) ),
 .UNSPECIFIED., .F., .F., .F. ) 
 B_SPLINE_SURFACE_WITH_KNOTS ( ( 4, 4 ),
 ( 3, 3 ),
 ( 1.357991292691188567, 1.418438830715719634 ),
 ( 0.000000000000000000, 1.000000000000000000 ),
 .UNSPECIFIED. ) 
 GEOMETRIC_REPRESENTATION_ITEM ( )  RATIONAL_B_SPLINE_SURFACE ( (
 ( 1.000000000000000000, 0.7095581163979195471, 1.000000000000000000),
 ( 1.000000000000000000, 0.7093299240211835555, 1.000000000000000000),
 ( 1.000000000000000000, 0.7091001306688583528, 1.000000000000000000),
 ( 1.000000000000000000, 0.7088691518872438646, 1.000000000000000000) ) ) 
 REPRESENTATION_ITEM ( '' )  SURFACE ( )  );
#1839 = EDGE_LOOP ( 'NONE', ( #4259, #3142, #2931, #4266 ) ) ;
#1840 = ORIENTED_EDGE ( 'NONE', *, *, #3316, .T. ) ;
#1841 = EDGE_CURVE ( 'NONE', #4061, #3456, #1676, .T. ) ;
#1842 = CYLINDRICAL_SURFACE ( 'NONE', #2897, 2.649999999999985700 ) ;
#1843 = CARTESIAN_POINT ( 'NONE',  ( -102.6400071844727648, 139.9999999999999432, 98.92839852658515554 ) ) ;
#1844 = VECTOR ( 'NONE', #1165, 1000.000000000000000 ) ;
#1845 = CIRCLE ( 'NONE', #4330, 3.249999999999999556 ) ;
#1846 = EDGE_CURVE ( 'NONE', #2105, #1063, #4155, .T. ) ;
#1847 = CARTESIAN_POINT ( 'NONE',  ( 20.17785469215930760, 47.86047678954026452, -21.71204562771572810 ) ) ;
#1848 = CARTESIAN_POINT ( 'NONE',  ( -21.65882751081408486, 52.70436138569374407, -22.37877525811194346 ) ) ;
#1849 = CARTESIAN_POINT ( 'NONE',  ( 60.81094595134464953, 108.0453582129807160, -48.30875676916984673 ) ) ;
#1850 = CARTESIAN_POINT ( 'NONE',  ( 2.572411801254072884E-16, 9.000000000000000000, 0.000000000000000000 ) ) ;
#1851 = EDGE_CURVE ( 'NONE', #3062, #2519, #2239, .T. ) ;
#1852 = CARTESIAN_POINT ( 'NONE',  ( 58.03548158956799341, 111.0167635480849526, -57.27431686476283090 ) ) ;
#1853 = ADVANCED_FACE ( 'NONE', ( #2554 ), #4120, .F. ) ;
#1854 = ORIENTED_EDGE ( 'NONE', *, *, #2140, .T. ) ;
#1855 = CARTESIAN_POINT ( 'NONE',  ( -2.000000000000000888, 8.999999999999998224, 27.85000000000000142 ) ) ;
#1856 = CARTESIAN_POINT ( 'NONE',  ( -53.55878217678083786, 99.41938716931672104, 46.40183872309795277 ) ) ;
#1857 = ORIENTED_EDGE ( 'NONE', *, *, #2735, .F. ) ;
#1858 = FACE_OUTER_BOUND ( 'NONE', #1710, .T. ) ;
#1859 = DIRECTION ( 'NONE',  ( -0.000000000000000000, -0.000000000000000000, 1.000000000000000000 ) ) ;
#1860 = CARTESIAN_POINT ( 'NONE',  ( -79.85000000000000853, 146.0000000000000284, 117.5000000000000000 ) ) ;
#1861 = LINE ( 'NONE', #1185, #4168 ) ;
#1862 = EDGE_LOOP ( 'NONE', ( #1449, #541, #2869, #926 ) ) ;
#1863 = DIRECTION ( 'NONE',  ( 0.000000000000000000, 0.000000000000000000, 1.000000000000000000 ) ) ;
#1864 = CARTESIAN_POINT ( 'NONE',  ( -26.87005768508894832, 0.000000000000000000, 23.62005768508866055 ) ) ;
#1865 = PLANE ( 'NONE',  #1425 ) ;
#1866 =( BOUNDED_CURVE ( )  B_SPLINE_CURVE ( 3, ( #2756, #2052, #1384, #1338 ),
 .UNSPECIFIED., .F., .F. ) 
 B_SPLINE_CURVE_WITH_KNOTS ( ( 4, 4 ),
 ( 4.499583946280981905, 4.560031484305512528 ),
 .UNSPECIFIED. ) 
 CURVE ( )  GEOMETRIC_REPRESENTATION_ITEM ( )  RATIONAL_B_SPLINE_CURVE ( ( 1.000000000000000000, 0.9996955311070472305, 0.9996955311070472305, 1.000000000000000000 ) ) 
 REPRESENTATION_ITEM ( '' )  );
#1867 = AXIS2_PLACEMENT_3D ( 'NONE', #3738, #283, #1380 ) ;
#1868 = DIRECTION ( 'NONE',  ( 1.000000000000000000, 0.000000000000000000, 3.202566417187952014E-15 ) ) ;
#1869 = CARTESIAN_POINT ( 'NONE',  ( -27.12896672067411075, 66.56258938584623763, -26.25754109328630648 ) ) ;
#1870 = DIRECTION ( 'NONE',  ( -1.286205900627087718E-16, 1.000000000000000000, 0.000000000000000000 ) ) ;
#1871 = CARTESIAN_POINT ( 'NONE',  ( 35.04942255622130887, 67.71389775841851133, 26.66771159100520094 ) ) ;
#1872 = EDGE_CURVE ( 'NONE', #1251, #271, #1894, .T. ) ;
#1873 = EDGE_LOOP ( 'NONE', ( #1237, #848 ) ) ;
#1874 = VECTOR ( 'NONE', #1133, 1000.000000000000000 ) ;
#1875 = EDGE_CURVE ( 'NONE', #2105, #2362, #322, .T. ) ;
#1876 = CARTESIAN_POINT ( 'NONE',  ( 67.87529955429016582, 115.3045388171170913, 62.00702126918230306 ) ) ;
#1877 = ORIENTED_EDGE ( 'NONE', *, *, #2477, .T. ) ;
#1878 = CARTESIAN_POINT ( 'NONE',  ( -18.88925619532810884, 42.83931635415336814, -21.41333099750923452 ) ) ;
#1879 = CARTESIAN_POINT ( 'NONE',  ( -88.41326659425025980, 131.7660068558633668, 80.78313112882467806 ) ) ;
#1880 = VERTEX_POINT ( 'NONE', #2179 ) ;
#1881 = DIRECTION ( 'NONE',  ( 0.000000000000000000, 0.000000000000000000, -1.000000000000000000 ) ) ;
#1882 = CYLINDRICAL_SURFACE ( 'NONE', #1108, 145.0000000000000284 ) ;
#1883 = CARTESIAN_POINT ( 'NONE',  ( -36.54474198220380288, 71.03114527130040301, 20.90424406778521416 ) ) ;
#1884 = CARTESIAN_POINT ( 'NONE',  ( -114.8500000000000938, 146.0000000000000284, 82.50000000000001421 ) ) ;
#1885 = ORIENTED_EDGE ( 'NONE', *, *, #2363, .F. ) ;
#1886 = DIRECTION ( 'NONE',  ( 0.9884160307623646169, -0.1517687389812944210, 0.000000000000000000 ) ) ;
#1887 = CARTESIAN_POINT ( 'NONE',  ( -25.11760832970481161, 32.79488490836898507, 13.11845880216452187 ) ) ;
#1888 = CARTESIAN_POINT ( 'NONE',  ( -30.98637812482312270, 56.96276258151238636, 2.000000000000001776 ) ) ;
#1889 = ORIENTED_EDGE ( 'NONE', *, *, #287, .F. ) ;
#1890 = CYLINDRICAL_SURFACE ( 'NONE', #4350, 1.000000000000000888 ) ;
#1891 = TOROIDAL_SURFACE ( 'NONE', #3312, 12.57936541973774958, 1.000000000000000000 ) ;
#1892 = CARTESIAN_POINT ( 'NONE',  ( 65.55354754215117907, 113.0051590438908420, -59.45441575161540726 ) ) ;
#1893 = FACE_BOUND ( 'NONE', #127, .T. ) ;
#1894 = LINE ( 'NONE', #1825, #2170 ) ;
#1895 = CARTESIAN_POINT ( 'NONE',  ( 37.59355977882653832, 73.34928041873476445, 29.30478851568434706 ) ) ;
#1896 = ORIENTED_EDGE ( 'NONE', *, *, #4123, .T. ) ;
#1897 = EDGE_CURVE ( 'NONE', #2941, #4233, #2810, .T. ) ;
#1898 = DIRECTION ( 'NONE',  ( -0.1516885418044136014, 0.9878937349603240659, 0.03250468752951592155 ) ) ;
#1899 = CARTESIAN_POINT ( 'NONE',  ( -77.40909779649793165, 127.1238287505118478, 77.59344308268239843 ) ) ;
#1900 = CONICAL_SURFACE ( 'NONE', #3035, 13.99999999999999822, 0.05235987755983000091 ) ;
#1901 = AXIS2_PLACEMENT_3D ( 'NONE', #1582, #1670, #3089 ) ;
#1902 = ORIENTED_EDGE ( 'NONE', *, *, #2140, .F. ) ;
#1903 = DIRECTION ( 'NONE',  ( 0.000000000000000000, 0.000000000000000000, 1.000000000000000000 ) ) ;
#1904 = CARTESIAN_POINT ( 'NONE',  ( 26.87005768508913306, 0.000000000000000000, -26.87005768508847225 ) ) ;
#1905 = FACE_BOUND ( 'NONE', #151, .T. ) ;
#1906 = EDGE_CURVE ( 'NONE', #2512, #1579, #4078, .T. ) ;
#1907 = AXIS2_PLACEMENT_3D ( 'NONE', #280, #3639, #871 ) ;
#1908 = ORIENTED_EDGE ( 'NONE', *, *, #726, .T. ) ;
#1909 = CARTESIAN_POINT ( 'NONE',  ( -45.28046025944664876, 87.45686598967600389, 30.70602789667718113 ) ) ;
#1910 = DIRECTION ( 'NONE',  ( -0.9884160307623646169, 0.1517687389812944210, 0.000000000000000000 ) ) ;
#1911 = CARTESIAN_POINT ( 'NONE',  ( 2.572411801254072884E-16, 7.000000000000006217, 0.000000000000000000 ) ) ;
#1912 = VECTOR ( 'NONE', #699, 1000.000000000000000 ) ;
#1913 = CARTESIAN_POINT ( 'NONE',  ( 26.87005768508875292, 18.19238815542511389, 26.87005768508885239 ) ) ;
#1914 = CARTESIAN_POINT ( 'NONE',  ( 46.29593927265218412, 98.00998784521991070, -45.27674040289966939 ) ) ;
#1915 = CARTESIAN_POINT ( 'NONE',  ( 2.000000000000000000, 70.54147162334945165, -24.62474813841001975 ) ) ;
#1916 = LINE ( 'NONE', #2029, #1167 ) ;
#1917 = TOROIDAL_SURFACE ( 'NONE', #914, 51.50000000000000000, 2.000000000000000000 ) ;
#1918 = CARTESIAN_POINT ( 'NONE',  ( 43.51862181906255245, 84.60864163083967071, 35.62592580585661040 ) ) ;
#1919 = VERTEX_POINT ( 'NONE', #2955 ) ;
#1920 = CARTESIAN_POINT ( 'NONE',  ( 117.4999999999999432, 149.0000000000000284, 85.14999999999997726 ) ) ;
#1921 = CARTESIAN_POINT ( 'NONE',  ( -100.4995367251270721, 140.4130453696006100, 103.7083643598574412 ) ) ;
#1922 = VERTEX_POINT ( 'NONE', #1646 ) ;
#1923 = CARTESIAN_POINT ( 'NONE',  ( -88.25425414705085814, 134.0096247841649983, -89.47722948050105174 ) ) ;
#1924 = DIRECTION ( 'NONE',  ( 0.000000000000000000, 0.000000000000000000, 1.000000000000000000 ) ) ;
#1925 = FACE_BOUND ( 'NONE', #3985, .T. ) ;
#1926 = EDGE_CURVE ( 'NONE', #1654, #1550, #881, .T. ) ;
#1927 = EDGE_LOOP ( 'NONE', ( #1030, #17, #145, #651, #859 ) ) ;
#1928 = ORIENTED_EDGE ( 'NONE', *, *, #3344, .T. ) ;
#1929 = CARTESIAN_POINT ( 'NONE',  ( 2.000000000000000000, 70.54147162334945165, 24.62474813841003396 ) ) ;
#1930 = FACE_OUTER_BOUND ( 'NONE', #711, .T. ) ;
#1931 = DIRECTION ( 'NONE',  ( 0.000000000000000000, 0.000000000000000000, 1.000000000000000000 ) ) ;
#1932 = VERTEX_POINT ( 'NONE', #286 ) ;
#1933 = CARTESIAN_POINT ( 'NONE',  ( 35.04942255616375490, 67.71389775842577308, -26.66771159104242273 ) ) ;
#1934 = CARTESIAN_POINT ( 'NONE',  ( 49.12893205090433923, 101.4405500474264699, -48.15606021128139957 ) ) ;
#1935 = CARTESIAN_POINT ( 'NONE',  ( 36.54474198220498238, 71.03114527130296096, -20.90424406778643984 ) ) ;
#1936 = CARTESIAN_POINT ( 'NONE',  ( 28.70048080109318533, 69.84737532953144523, -27.62901965775666113 ) ) ;
#1937 = CARTESIAN_POINT ( 'NONE',  ( 38.30766689229714927, 74.76150479839519392, 22.87928451204503233 ) ) ;
#1938 = ORIENTED_EDGE ( 'NONE', *, *, #2461, .F. ) ;
#1939 = CARTESIAN_POINT ( 'NONE',  ( -36.02942804590183101, 69.90293607277850185, -20.34764860702828670 ) ) ;
#1940 = CARTESIAN_POINT ( 'NONE',  ( -69.12968246493186086, 120.8520196565200848, -68.81727338822615536 ) ) ;
#1941 = ORIENTED_EDGE ( 'NONE', *, *, #2986, .T. ) ;
#1942 = ORIENTED_EDGE ( 'NONE', *, *, #2435, .F. ) ;
#1943 = DIRECTION ( 'NONE',  ( -0.000000000000000000, 1.000000000000000000, -0.000000000000000000 ) ) ;
#1944 = AXIS2_PLACEMENT_3D ( 'NONE', #3701, #1361, #3002 ) ;
#1945 = CARTESIAN_POINT ( 'NONE',  ( -82.50000000000002842, 149.0000000000000284, -120.1499999999999488 ) ) ;
#1946 = DIRECTION ( 'NONE',  ( 0.000000000000000000, 0.000000000000000000, 1.000000000000000000 ) ) ;
#1947 = EDGE_CURVE ( 'NONE', #2453, #3143, #1958, .T. ) ;
#1948 = ORIENTED_EDGE ( 'NONE', *, *, #2392, .F. ) ;
#1949 = VERTEX_POINT ( 'NONE', #566 ) ;
#1950 = CARTESIAN_POINT ( 'NONE',  ( -73.88353407791325367, 120.7349617710263345, 63.43131400614608850 ) ) ;
#1951 = CARTESIAN_POINT ( 'NONE',  ( 34.33528912109376563, 69.96112364184885735, 25.27128576256437853 ) ) ;
#1952 = CARTESIAN_POINT ( 'NONE',  ( -18.88925619532806977, 42.83931635415305550, -21.41333099750925584 ) ) ;
#1953 = EDGE_CURVE ( 'NONE', #2147, #1966, #1320, .T. ) ;
#1954 = DIRECTION ( 'NONE',  ( -1.224646799147353454E-16, 0.000000000000000000, -1.000000000000000000 ) ) ;
#1955 = CARTESIAN_POINT ( 'NONE',  ( 58.99780347809329584, 106.0466233983142246, -52.29051820589825184 ) ) ;
#1956 = CARTESIAN_POINT ( 'NONE',  ( -82.50000000000000000, 146.0000000000000284, 117.5000000000000000 ) ) ;
#1957 = CARTESIAN_POINT ( 'NONE',  ( 18.88925619532808042, 42.83931635415305550, -21.41333099750922386 ) ) ;
#1958 = CIRCLE ( 'NONE', #3384, 4.900000000000001243 ) ;
#1959 = EDGE_CURVE ( 'NONE', #4370, #2206, #1032, .T. ) ;
#1960 = AXIS2_PLACEMENT_3D ( 'NONE', #2528, #3532, #486 ) ;
#1961 = CARTESIAN_POINT ( 'NONE',  ( 18.88925619532808042, 42.83931635415304839, 21.41333099750923452 ) ) ;
#1962 = ORIENTED_EDGE ( 'NONE', *, *, #4048, .T. ) ;
#1963 = CARTESIAN_POINT ( 'NONE',  ( 31.75437436594324225, 59.25885387253354963, 16.26024991098864803 ) ) ;
#1964 = CARTESIAN_POINT ( 'NONE',  ( -88.95376778749081836, 134.4147450829965464, -90.26093876479575329 ) ) ;
#1965 = ADVANCED_FACE ( 'NONE', ( #952 ), #930, .F. ) ;
#1966 = VERTEX_POINT ( 'NONE', #1957 ) ;
#1967 = EDGE_LOOP ( 'NONE', ( #3215, #539, #119, #61 ) ) ;
#1968 = EDGE_CURVE ( 'NONE', #2608, #3563, #3670, .T. ) ;
#1969 = CARTESIAN_POINT ( 'NONE',  ( 117.4999999999999432, 146.0000000000000284, 85.14999999999999147 ) ) ;
#1970 = CARTESIAN_POINT ( 'NONE',  ( 21.67305304104097985, 52.74869656237748927, 22.38594160174956116 ) ) ;
#1971 = CARTESIAN_POINT ( 'NONE',  ( -117.5000000000000853, 140.0000000000000000, 79.85000000000003695 ) ) ;
#1972 = CIRCLE ( 'NONE', #1543, 3.249999999999999556 ) ;
#1973 = ORIENTED_EDGE ( 'NONE', *, *, #1112, .F. ) ;
#1974 = ORIENTED_EDGE ( 'NONE', *, *, #1520, .F. ) ;
#1975 = CARTESIAN_POINT ( 'NONE',  ( -96.57809767616383567, 136.7798532914617624, 90.97742547987873252 ) ) ;
#1976 = CARTESIAN_POINT ( 'NONE',  ( 32.77601228472025952, 70.01953435528906766, 26.64469384730462664 ) ) ;
#1977 = CARTESIAN_POINT ( 'NONE',  ( -20.17785469215436578, 47.86047678953324436, -21.71204562771475111 ) ) ;
#1978 = VECTOR ( 'NONE', #1276, 1000.000000000000000 ) ;
#1979 = ADVANCED_FACE ( 'NONE', ( #262 ), #1624, .F. ) ;
#1980 = DIRECTION ( 'NONE',  ( 0.000000000000000000, 0.000000000000000000, 1.000000000000000000 ) ) ;
#1981 = CARTESIAN_POINT ( 'NONE',  ( 80.09843704892270466, 125.8641617066834328, -75.65824393196298558 ) ) ;
#1982 = DIRECTION ( 'NONE',  ( 0.000000000000000000, 0.000000000000000000, 1.000000000000000000 ) ) ;
#1983 = AXIS2_PLACEMENT_3D ( 'NONE', #2187, #1119, #1454 ) ;
#1984 = VERTEX_POINT ( 'NONE', #548 ) ;
#1985 = DIRECTION ( 'NONE',  ( -1.000000000000000000, -0.000000000000000000, -0.000000000000000000 ) ) ;
#1986 =( BOUNDED_SURFACE ( )  B_SPLINE_SURFACE ( 3, 2, ( 
 ( #446, #2399, #1434 ),
 ( #2785, #708, #2080 ),
 ( #1093, #2445, #2124 ),
 ( #3476, #427, #1452 ),
 ( #2896, #533, #142 ),
 ( #2227, #163, #3851 ),
 ( #1542, #1205, #2184 ),
 ( #2872, #492, #1156 ),
 ( #2488, #1856, #3539 ),
 ( #2558, #3585, #1495 ),
 ( #1517, #2511, #4223 ),
 ( #3206, #181, #2830 ),
 ( #4247, #3871, #818 ),
 ( #2533, #3914, #2852 ),
 ( #839, #1568, #117 ),
 ( #3937, #3515, #4181 ),
 ( #2205, #3562, #862 ),
 ( #2919, #3227, #1177 ),
 ( #1899, #3895, #4201 ),
 ( #512, #3254, #1879 ),
 ( #4268, #205, #1227 ),
 ( #2578, #1136, #885 ),
 ( #2249, #3606, #554 ),
 ( #1921, #1473, #794 ) ),
 .UNSPECIFIED., .F., .F., .F. ) 
 B_SPLINE_SURFACE_WITH_KNOTS ( ( 4, 2, 2, 2, 2, 2, 2, 2, 2, 2, 2, 4 ),
 ( 3, 3 ),
 ( 0.07061393266425659843, 0.07891418909888872624, 0.08721444553352086793, 0.1038149584027851513, 0.1204154712720494347, 0.1287157277066815764, 0.1370159841413137181, 0.1453162405759458597, 0.1536164970105780014, 0.1702170098798422848, 0.1868175227491065682, 0.2034180356183708516 ),
 ( 0.000000000000000000, 1.000000000000000000 ),
 .UNSPECIFIED. ) 
 GEOMETRIC_REPRESENTATION_ITEM ( )  RATIONAL_B_SPLINE_SURFACE ( (
 ( 1.000000000000000000, 0.7673097726229173299, 1.000000000000000000),
 ( 1.000000000000000000, 0.7715563672417917740, 1.000000000000000000),
 ( 1.000000000000000000, 0.7759370522645080426, 1.000000000000000000),
 ( 1.000000000000000000, 0.7848721197251836701, 1.000000000000000000),
 ( 1.000000000000000000, 0.7893944020317561483, 1.000000000000000000),
 ( 1.000000000000000000, 0.8030495066932283876, 1.000000000000000000),
 ( 1.000000000000000000, 0.8122675585507308504, 1.000000000000000000),
 ( 1.000000000000000000, 0.8306199219778778176, 1.000000000000000000),
 ( 1.000000000000000000, 0.8397555218730232696, 1.000000000000000000),
 ( 1.000000000000000000, 0.8532254877954010830, 1.000000000000000000),
 ( 1.000000000000000000, 0.8576770959894663982, 1.000000000000000000),
 ( 1.000000000000000000, 0.8664799616649156988, 1.000000000000000000),
 ( 1.000000000000000000, 0.8708349852925511003, 1.000000000000000000),
 ( 1.000000000000000000, 0.8793848849303612658, 1.000000000000000000),
 ( 1.000000000000000000, 0.8835829692272211267, 1.000000000000000000),
 ( 1.000000000000000000, 0.8917723474122417615, 1.000000000000000000),
 ( 1.000000000000000000, 0.8957693028854326611, 1.000000000000000000),
 ( 1.000000000000000000, 0.9074552687222872116, 1.000000000000000000),
 ( 1.000000000000000000, 0.9148391041764345477, 1.000000000000000000),
 ( 1.000000000000000000, 0.9287419811968695704, 1.000000000000000000),
 ( 1.000000000000000000, 0.9352614154593653639, 1.000000000000000000),
 ( 1.000000000000000000, 0.9473894882970693709, 1.000000000000000000),
 ( 1.000000000000000000, 0.9529983877022270011, 1.000000000000000000),
 ( 1.000000000000000000, 0.9581250887470992295, 1.000000000000000000) ) ) 
 REPRESENTATION_ITEM ( '' )  SURFACE ( )  );
#1987 = EDGE_CURVE ( 'NONE', #3375, #3296, #3741, .T. ) ;
#1988 = CIRCLE ( 'NONE', #2197, 12.57936541973775313 ) ;
#1989 = CARTESIAN_POINT ( 'NONE',  ( -26.87005768508856463, 0.000000000000000000, -30.12005768508904069 ) ) ;
#1990 = ORIENTED_EDGE ( 'NONE', *, *, #3007, .T. ) ;
#1991 = CARTESIAN_POINT ( 'NONE',  ( 82.50000000000000000, 149.0000000000000284, 120.1499999999999773 ) ) ;
#1992 = CARTESIAN_POINT ( 'NONE',  ( -58.99908876334665564, 106.0482675982981107, -52.29190576004588564 ) ) ;
#1993 = AXIS2_PLACEMENT_3D ( 'NONE', #2588, #3620, #3994 ) ;
#1994 = ORIENTED_EDGE ( 'NONE', *, *, #3432, .T. ) ;
#1995 = DIRECTION ( 'NONE',  ( -0.000000000000000000, 1.000000000000000000, -0.000000000000000000 ) ) ;
#1996 = CARTESIAN_POINT ( 'NONE',  ( 117.4999999999999432, 149.0000000000000284, 77.60000000000000853 ) ) ;
#1997 = VERTEX_POINT ( 'NONE', #905 ) ;
#1998 = ORIENTED_EDGE ( 'NONE', *, *, #1462, .T. ) ;
#1999 = LINE ( 'NONE', #2022, #761 ) ;
#2000 = CARTESIAN_POINT ( 'NONE',  ( -123.5793654197382381, 149.0000000000000284, 111.0000000000004690 ) ) ;
#2001 = CYLINDRICAL_SURFACE ( 'NONE', #3621, 4.900000000000001243 ) ;
#2002 = EDGE_CURVE ( 'NONE', #3604, #920, #4088, .T. ) ;
#2003 = CARTESIAN_POINT ( 'NONE',  ( 55.06698386041573201, 107.9454398967315427, 54.22871838768517705 ) ) ;
#2004 = CARTESIAN_POINT ( 'NONE',  ( 82.50000000000002842, 146.0000000000000284, -122.3999999999999631 ) ) ;
#2005 = CARTESIAN_POINT ( 'NONE',  ( 25.56108810415094723, 35.68311157035262937, -13.21873329303680400 ) ) ;
#2006 = DIRECTION ( 'NONE',  ( -0.000000000000000000, 1.000000000000000000, -0.000000000000000000 ) ) ;
#2007 = ADVANCED_FACE ( 'NONE', ( #4023 ), #973, .F. ) ;
#2008 = CARTESIAN_POINT ( 'NONE',  ( -82.50000000000000000, 149.0000000000000284, 114.8500000000000085 ) ) ;
#2009 = CARTESIAN_POINT ( 'NONE',  ( -34.53448137420686237, 66.43426756147741230, -18.81668972695078779 ) ) ;
#2010 = CARTESIAN_POINT ( 'NONE',  ( -40.86262396220128323, 90.75266645479041472, -39.77342919846583413 ) ) ;
#2011 =( BOUNDED_CURVE ( )  B_SPLINE_CURVE ( 3, ( #3875, #3499, #2472, #1813 ),
 .UNSPECIFIED., .F., .F. ) 
 B_SPLINE_CURVE_WITH_KNOTS ( ( 4, 4 ),
 ( 4.925991661486498252, 6.491797018566081157 ),
 .UNSPECIFIED. ) 
 CURVE ( )  GEOMETRIC_REPRESENTATION_ITEM ( )  RATIONAL_B_SPLINE_CURVE ( ( 1.000000000000000000, 0.8059127679248293541, 0.8059127679248293541, 1.000000000000000000 ) ) 
 REPRESENTATION_ITEM ( '' )  );
#2012 =( GEOMETRIC_REPRESENTATION_CONTEXT ( 3 ) GLOBAL_UNCERTAINTY_ASSIGNED_CONTEXT ( ( #2466 ) ) GLOBAL_UNIT_ASSIGNED_CONTEXT ( ( #3406, #305, #3023 ) ) REPRESENTATION_CONTEXT ( 'NONE', 'WORKASPACE' ) );
#2013 = CYLINDRICAL_SURFACE ( 'NONE', #795, 2.649999999999985700 ) ;
#2014 = EDGE_LOOP ( 'NONE', ( #3300, #2828 ) ) ;
#2015 = CARTESIAN_POINT ( 'NONE',  ( -72.32602985222921177, 119.3768783878847159, -61.61042474028494098 ) ) ;
#2016 = CARTESIAN_POINT ( 'NONE',  ( -35.43886013949241942, 70.15897473500795911, 23.79691211210772295 ) ) ;
#2017 = DIRECTION ( 'NONE',  ( -0.000000000000000000, 1.000000000000000000, -0.000000000000000000 ) ) ;
#2018 = ORIENTED_EDGE ( 'NONE', *, *, #2471, .T. ) ;
#2019 = ORIENTED_EDGE ( 'NONE', *, *, #1461, .T. ) ;
#2020 = ORIENTED_EDGE ( 'NONE', *, *, #2559, .F. ) ;
#2021 = CIRCLE ( 'NONE', #3294, 2.649999999999985700 ) ;
#2022 = CARTESIAN_POINT ( 'NONE',  ( 105.0000000000000284, 42.83931635415305550, -21.41333099750922386 ) ) ;
#2023 = DIRECTION ( 'NONE',  ( 1.000000000000000000, -0.000000000000000000, -0.000000000000000000 ) ) ;
#2024 = FACE_OUTER_BOUND ( 'NONE', #1474, .T. ) ;
#2025 = CARTESIAN_POINT ( 'NONE',  ( 62.65586231971488473, 115.3193098300148876, 62.05748388099610935 ) ) ;
#2026 = LINE ( 'NONE', #1019, #3920 ) ;
#2027 = EDGE_CURVE ( 'NONE', #3524, #279, #594, .T. ) ;
#2028 = CARTESIAN_POINT ( 'NONE',  ( 35.87952116605386266, 70.33901027911426240, -22.99601321137533461 ) ) ;
#2029 = CARTESIAN_POINT ( 'NONE',  ( 30.98637812482317955, 56.96276258151237926, 105.0000000000000284 ) ) ;
#2030 = DIRECTION ( 'NONE',  ( -0.000000000000000000, 1.000000000000000000, -0.000000000000000000 ) ) ;
#2031 = DIRECTION ( 'NONE',  ( 1.000000000000000000, -0.000000000000000000, -0.000000000000000000 ) ) ;
#2032 = DIRECTION ( 'NONE',  ( 0.000000000000000000, 0.000000000000000000, 1.000000000000000000 ) ) ;
#2033 = AXIS2_PLACEMENT_3D ( 'NONE', #3360, #2309, #3956 ) ;
#2034 = EDGE_CURVE ( 'NONE', #279, #1654, #1916, .T. ) ;
#2035 = DIRECTION ( 'NONE',  ( -0.000000000000000000, 1.000000000000000000, -0.000000000000000000 ) ) ;
#2036 = ORIENTED_EDGE ( 'NONE', *, *, #3739, .F. ) ;
#2037 = LINE ( 'NONE', #1656, #4303 ) ;
#2038 = AXIS2_PLACEMENT_3D ( 'NONE', #2557, #1567, #532 ) ;
#2039 = CARTESIAN_POINT ( 'NONE',  ( 32.67789237011748327, 61.78717408780055109, 17.05277823164765394 ) ) ;
#2040 = CARTESIAN_POINT ( 'NONE',  ( -31.45769357337013616, 75.21838859340591910, 30.30226566033974933 ) ) ;
#2041 = ORIENTED_EDGE ( 'NONE', *, *, #1482, .F. ) ;
#2042 = EDGE_LOOP ( 'NONE', ( #1350, #258, #3145, #1833 ) ) ;
#2043 = EDGE_LOOP ( 'NONE', ( #1390, #4010, #960, #2479, #266, #2018 ) ) ;
#2044 = CARTESIAN_POINT ( 'NONE',  ( 30.98637812482312270, 56.96276258151238636, 2.000000000000001776 ) ) ;
#2045 = DIRECTION ( 'NONE',  ( 0.000000000000000000, 0.000000000000000000, -1.000000000000000000 ) ) ;
#2046 = EDGE_CURVE ( 'NONE', #1586, #3187, #1695, .T. ) ;
#2047 = CARTESIAN_POINT ( 'NONE',  ( 101.8663216738655564, 140.0000000000000000, 101.7286489035924006 ) ) ;
#2048 = VERTEX_POINT ( 'NONE', #2688 ) ;
#2049 = CARTESIAN_POINT ( 'NONE',  ( 13.41060265127030959, 9.000000000000017764, 20.29991528752059082 ) ) ;
#2050 = DIRECTION ( 'NONE',  ( 0.000000000000000000, 1.000000000000000000, 0.000000000000000000 ) ) ;
#2051 = CARTESIAN_POINT ( 'NONE',  ( 25.13658830302301794, 62.06396467928551175, 24.64684874772613199 ) ) ;
#2052 = CARTESIAN_POINT ( 'NONE',  ( 26.09164514596918849, 38.55661757986632665, 13.31849670700812993 ) ) ;
#2053 = DIRECTION ( 'NONE',  ( -0.000000000000000000, -1.000000000000000000, 0.000000000000000000 ) ) ;
#2054 = CARTESIAN_POINT ( 'NONE',  ( -39.90755223345154690, 77.91775663928385143, -24.67286712811245408 ) ) ;
#2055 = AXIS2_PLACEMENT_3D ( 'NONE', #2449, #3209, #2107 ) ;
#2056 = CARTESIAN_POINT ( 'NONE',  ( 25.11760832970491464, 32.79488490836931902, 13.11845880216452898 ) ) ;
#2057 = ORIENTED_EDGE ( 'NONE', *, *, #400, .T. ) ;
#2058 = CARTESIAN_POINT ( 'NONE',  ( -114.8500000000001080, 146.0000000000000284, -82.49999999999998579 ) ) ;
#2059 = AXIS2_PLACEMENT_3D ( 'NONE', #88, #106, #1444 ) ;
#2060 = CARTESIAN_POINT ( 'NONE',  ( 27.20965497225760643, 66.73739468948582498, 26.32555387156594406 ) ) ;
#2061 = DIRECTION ( 'NONE',  ( -0.000000000000000000, 1.000000000000000000, -0.000000000000000000 ) ) ;
#2062 = VERTEX_POINT ( 'NONE', #3383 ) ;
#2063 = ADVANCED_FACE ( 'NONE', ( #659 ), #3938, .T. ) ;
#2064 = AXIS2_PLACEMENT_3D ( 'NONE', #1860, #1423, #1778 ) ;
#2065 = VERTEX_POINT ( 'NONE', #838 ) ;
#2066 = CARTESIAN_POINT ( 'NONE',  ( -20.17785469210990712, 47.86047678953560336, 21.71204562771510282 ) ) ;
#2067 = CARTESIAN_POINT ( 'NONE',  ( -82.50000000000002842, 149.0000000000000284, -117.4999999999999716 ) ) ;
#2068 = CARTESIAN_POINT ( 'NONE',  ( 111.0000000000004405, 149.0000000000000284, -111.0000000000004547 ) ) ;
#2069 = ADVANCED_FACE ( 'NONE', ( #1204 ), #2532, .F. ) ;
#2070 = EDGE_CURVE ( 'NONE', #3748, #1922, #4219, .T. ) ;
#2071 = CARTESIAN_POINT ( 'NONE',  ( 49.24611775898356569, 101.5756475056272876, 48.27553065081742290 ) ) ;
#2072 = CARTESIAN_POINT ( 'NONE',  ( -117.5000000000000853, 140.0000000000000000, 82.50000000000001421 ) ) ;
#2073 = VERTEX_POINT ( 'NONE', #1855 ) ;
#2074 = CARTESIAN_POINT ( 'NONE',  ( 32.59687750243190862, 70.03805712885929324, -26.77766519394301170 ) ) ;
#2075 = DIRECTION ( 'NONE',  ( 0.000000000000000000, 0.000000000000000000, 1.000000000000000000 ) ) ;
#2076 = CARTESIAN_POINT ( 'NONE',  ( 123.5793654197381812, 149.0000000000000284, 125.0000000000004690 ) ) ;
#2077 = DIRECTION ( 'NONE',  ( 0.000000000000000000, -1.000000000000000000, 0.000000000000000000 ) ) ;
#2078 = CARTESIAN_POINT ( 'NONE',  ( 88.24859243162191547, 134.0063516483618287, -89.47088154544307770 ) ) ;
#2079 = ORIENTED_EDGE ( 'NONE', *, *, #942, .F. ) ;
#2080 = CARTESIAN_POINT ( 'NONE',  ( -37.25495911890616441, 72.60979241653274130, 21.69965104848385806 ) ) ;
#2081 = EDGE_CURVE ( 'NONE', #490, #3969, #2876, .T. ) ;
#2082 = CARTESIAN_POINT ( 'NONE',  ( -17.21028008360599770, 34.00903482021968216, -13.11845880216452187 ) ) ;
#2083 = ORIENTED_EDGE ( 'NONE', *, *, #3540, .F. ) ;
#2084 = ORIENTED_EDGE ( 'NONE', *, *, #59, .F. ) ;
#2085 = DIRECTION ( 'NONE',  ( 0.05233595624294395260, -0.9986295347545739443, -0.000000000000000000 ) ) ;
#2086 = CARTESIAN_POINT ( 'NONE',  ( 2.000000000000001776, 40.47158021804850137, -93.37438869950383946 ) ) ;
#2087 = AXIS2_PLACEMENT_3D ( 'NONE', #1306, #1334, #998 ) ;
#2088 = CARTESIAN_POINT ( 'NONE',  ( 102.6400071844728501, 139.9999999999999716, 99.38480749372837408 ) ) ;
#2089 = CARTESIAN_POINT ( 'NONE',  ( -32.19536134548321371, 70.10518147096439634, -27.02192244324591641 ) ) ;
#2090 = EDGE_LOOP ( 'NONE', ( #1163, #1219, #1854, #1297 ) ) ;
#2091 = CARTESIAN_POINT ( 'NONE',  ( 105.0000000000004690, 148.0523359562429562, -124.5779949544927945 ) ) ;
#2092 = ORIENTED_EDGE ( 'NONE', *, *, #2778, .T. ) ;
#2093 = ADVANCED_FACE ( 'NONE', ( #511, #180, #3913, #2871, #162, #2163, #1541, #4222, #2183, #2918 ), #204, .F. ) ;
#2094 = CARTESIAN_POINT ( 'NONE',  ( 35.19203425336334590, 70.08784195587719523, -24.18312505179036265 ) ) ;
#2095 = CIRCLE ( 'NONE', #2503, 72.00000000000007105 ) ;
#2096 = CARTESIAN_POINT ( 'NONE',  ( -13.41060265127030959, 9.000000000000017764, -20.29991528752059082 ) ) ;
#2097 = CARTESIAN_POINT ( 'NONE',  ( 33.50000000000000000, 9.000000000000003553, 2.000000000000000000 ) ) ;
#2098 = EDGE_CURVE ( 'NONE', #837, #4364, #1176, .T. ) ;
#2099 = DIRECTION ( 'NONE',  ( -0.000000000000000000, 1.000000000000000000, -0.000000000000000000 ) ) ;
#2100 = ORIENTED_EDGE ( 'NONE', *, *, #4048, .F. ) ;
#2101 = CARTESIAN_POINT ( 'NONE',  ( 26.87005768508875292, 18.19238815542511389, 26.87005768508885239 ) ) ;
#2102 = CIRCLE ( 'NONE', #2664, 7.999999999999999112 ) ;
#2103 = ORIENTED_EDGE ( 'NONE', *, *, #306, .F. ) ;
#2104 = EDGE_CURVE ( 'NONE', #600, #3039, #1463, .T. ) ;
#2105 = VERTEX_POINT ( 'NONE', #4267 ) ;
#2106 = CIRCLE ( 'NONE', #3809, 2.649999999999999467 ) ;
#2107 = DIRECTION ( 'NONE',  ( 0.000000000000000000, 0.000000000000000000, 1.000000000000000000 ) ) ;
#2108 = DIRECTION ( 'NONE',  ( -0.000000000000000000, -0.000000000000000000, -1.000000000000000000 ) ) ;
#2109 = CARTESIAN_POINT ( 'NONE',  ( 125.0000000000004405, 140.0000000000000000, 111.0000000000004690 ) ) ;
#2110 = CARTESIAN_POINT ( 'NONE',  ( -82.50000000000002842, 149.0000000000000284, -117.4999999999999716 ) ) ;
#2111 = ORIENTED_EDGE ( 'NONE', *, *, #2626, .T. ) ;
#2112 = ORIENTED_EDGE ( 'NONE', *, *, #919, .T. ) ;
#2113 = DIRECTION ( 'NONE',  ( -0.000000000000000000, 1.000000000000000000, -0.000000000000000000 ) ) ;
#2114 = VECTOR ( 'NONE', #3931, 999.9999999999998863 ) ;
#2115 = FACE_OUTER_BOUND ( 'NONE', #363, .T. ) ;
#2116 = EDGE_CURVE ( 'NONE', #1419, #1528, #3236, .T. ) ;
#2117 = DIRECTION ( 'NONE',  ( 0.2110933456733740388, -0.9769372296910463493, 0.03214418541517844591 ) ) ;
#2118 = LINE ( 'NONE', #2758, #2903 ) ;
#2119 = FACE_OUTER_BOUND ( 'NONE', #2860, .T. ) ;
#2120 = AXIS2_PLACEMENT_3D ( 'NONE', #4075, #3768, #1389 ) ;
#2121 = EDGE_CURVE ( 'NONE', #1966, #476, #445, .T. ) ;
#2122 = CARTESIAN_POINT ( 'NONE',  ( 41.14168474698682587, 91.14536176825663460, -40.05551588185191036 ) ) ;
#2123 = ORIENTED_EDGE ( 'NONE', *, *, #419, .F. ) ;
#2124 = CARTESIAN_POINT ( 'NONE',  ( -38.30119735549980220, 74.78181783711076491, 22.87179822548419494 ) ) ;
#2125 = ORIENTED_EDGE ( 'NONE', *, *, #2711, .T. ) ;
#2126 = EDGE_CURVE ( 'NONE', #1251, #2297, #2510, .T. ) ;
#2127 = VECTOR ( 'NONE', #51, 1000.000000000000000 ) ;
#2128 = ORIENTED_EDGE ( 'NONE', *, *, #3638, .F. ) ;
#2129 = CARTESIAN_POINT ( 'NONE',  ( 2.000000000000001776, 42.83931635415305550, -21.41333099750924873 ) ) ;
#2130 = DIRECTION ( 'NONE',  ( 0.000000000000000000, 0.000000000000000000, 1.000000000000000000 ) ) ;
#2131 = CARTESIAN_POINT ( 'NONE',  ( -117.5000000000000853, 149.0000000000000284, 77.60000000000002274 ) ) ;
#2132 = DIRECTION ( 'NONE',  ( -0.05233595624294395260, -0.9986295347545739443, -0.000000000000000000 ) ) ;
#2133 = CIRCLE ( 'NONE', #2620, 3.249999999999999556 ) ;
#2134 = ORIENTED_EDGE ( 'NONE', *, *, #1364, .T. ) ;
#2135 = ORIENTED_EDGE ( 'NONE', *, *, #605, .F. ) ;
#2136 = DIRECTION ( 'NONE',  ( 0.000000000000000000, 7.264969697733247879E-16, -1.000000000000000000 ) ) ;
#2137 = CARTESIAN_POINT ( 'NONE',  ( -168.4379327902477712, 10.78841775608150932, 105.0000000000000284 ) ) ;
#2138 = CARTESIAN_POINT ( 'NONE',  ( 97.83114109912273193, 137.4895678579416938, -92.58041365233019349 ) ) ;
#2139 = CARTESIAN_POINT ( 'NONE',  ( 36.54474198220498238, 71.03114527130296096, -20.90424406778643984 ) ) ;
#2140 = EDGE_CURVE ( 'NONE', #1496, #1095, #597, .T. ) ;
#2141 = CARTESIAN_POINT ( 'NONE',  ( 79.04081872643475037, 125.0215843267215803, 69.49963108272257273 ) ) ;
#2142 = VERTEX_POINT ( 'NONE', #491 ) ;
#2143 = EDGE_CURVE ( 'NONE', #3015, #3882, #1754, .T. ) ;
#2144 = CARTESIAN_POINT ( 'NONE',  ( 2.572411801254072884E-16, 7.000000000000006217, 0.000000000000000000 ) ) ;
#2145 = FACE_OUTER_BOUND ( 'NONE', #3628, .T. ) ;
#2146 = B_SPLINE_CURVE_WITH_KNOTS ( 'NONE', 3,
 ( #1745, #4115, #1022, #2373 ),
 .UNSPECIFIED., .F., .F.,
 ( 4, 4 ),
 ( 0.000000000000000000, 4.738929967881947591E-05 ),
 .UNSPECIFIED. ) ;
#2147 = VERTEX_POINT ( 'NONE', #1472 ) ;
#2148 = CARTESIAN_POINT ( 'NONE',  ( -12.97810345588099956, 6.446367752288323594, -12.21156381050920992 ) ) ;
#2149 = CARTESIAN_POINT ( 'NONE',  ( 2.572411801254072884E-16, 7.000000000000006217, -53.50000000000000000 ) ) ;
#2150 = DIRECTION ( 'NONE',  ( -1.000000000000000000, -2.010773395782446296E-16, 0.000000000000000000 ) ) ;
#2151 = DIRECTION ( 'NONE',  ( -0.000000000000000000, 1.000000000000000000, -0.000000000000000000 ) ) ;
#2152 = VERTEX_POINT ( 'NONE', #3870 ) ;
#2153 = CIRCLE ( 'NONE', #373, 4.900000000000001243 ) ;
#2154 = ORIENTED_EDGE ( 'NONE', *, *, #4362, .T. ) ;
#2155 = FILL_AREA_STYLE_COLOUR ( '', #278 ) ;
#2156 = EDGE_CURVE ( 'NONE', #645, #1828, #1798, .T. ) ;
#2157 = DIRECTION ( 'NONE',  ( 0.000000000000000000, 0.000000000000000000, 1.000000000000000000 ) ) ;
#2158 = CARTESIAN_POINT ( 'NONE',  ( 104.0501102662824451, 140.7084251091537794, -100.8277458492080711 ) ) ;
#2159 = DIRECTION ( 'NONE',  ( 0.000000000000000000, 0.000000000000000000, 1.000000000000000000 ) ) ;
#2160 = DIRECTION ( 'NONE',  ( 0.000000000000000000, 0.000000000000000000, 1.000000000000000000 ) ) ;
#2161 = FACE_OUTER_BOUND ( 'NONE', #1054, .T. ) ;
#2162 = ORIENTED_EDGE ( 'NONE', *, *, #2252, .F. ) ;
#2163 = FACE_BOUND ( 'NONE', #4299, .T. ) ;
#2164 = CARTESIAN_POINT ( 'NONE',  ( -111.0000000000004832, 140.0000000000000000, -111.0000000000004690 ) ) ;
#2165 = VERTEX_POINT ( 'NONE', #3735 ) ;
#2166 = CARTESIAN_POINT ( 'NONE',  ( -82.50000000000002842, 149.0000000000000284, -114.8499999999999801 ) ) ;
#2167 = DIRECTION ( 'NONE',  ( -0.000000000000000000, 1.000000000000000000, -0.000000000000000000 ) ) ;
#2168 = CARTESIAN_POINT ( 'NONE',  ( 117.4999999999999432, 149.0000000000000284, 77.60000000000000853 ) ) ;
#2169 = CARTESIAN_POINT ( 'NONE',  ( -82.50000000000000000, 146.0000000000000284, 114.8499999999999943 ) ) ;
#2170 = VECTOR ( 'NONE', #857, 1000.000000000000000 ) ;
#2171 = ORIENTED_EDGE ( 'NONE', *, *, #3638, .T. ) ;
#2172 = EDGE_CURVE ( 'NONE', #524, #1806, #3756, .T. ) ;
#2173 = CARTESIAN_POINT ( 'NONE',  ( -125.0000000000004690, 140.0000000000000000, -111.0000000000004690 ) ) ;
#2174 = DIRECTION ( 'NONE',  ( 0.000000000000000000, 0.000000000000000000, 1.000000000000000000 ) ) ;
#2175 = AXIS2_PLACEMENT_3D ( 'NONE', #4077, #3162, #3078 ) ;
#2176 = DIRECTION ( 'NONE',  ( -1.000000000000000000, 0.000000000000000000, 0.000000000000000000 ) ) ;
#2177 = CARTESIAN_POINT ( 'NONE',  ( -29.24229335221804860, 70.91611563613430746, -28.12770094313626856 ) ) ;
#2178 = DIRECTION ( 'NONE',  ( -1.000000000000000000, 0.000000000000000000, 0.000000000000000000 ) ) ;
#2179 = CARTESIAN_POINT ( 'NONE',  ( 17.21028008360599770, 33.74595302731918167, 21.11413188016392084 ) ) ;
#2180 = CARTESIAN_POINT ( 'NONE',  ( -117.5000000000000853, 149.0000000000000284, 87.40000000000001990 ) ) ;
#2181 = ORIENTED_EDGE ( 'NONE', *, *, #3652, .F. ) ;
#2182 = VECTOR ( 'NONE', #2923, 1000.000000000000000 ) ;
#2183 = FACE_BOUND ( 'NONE', #2850, .T. ) ;
#2184 = CARTESIAN_POINT ( 'NONE',  ( -47.55781911905553017, 90.99354685618942540, 33.26947864991470283 ) ) ;
#2185 = AXIS2_PLACEMENT_3D ( 'NONE', #4214, #3619, #2587 ) ;
#2186 = ORIENTED_EDGE ( 'NONE', *, *, #4000, .T. ) ;
#2187 = CARTESIAN_POINT ( 'NONE',  ( 82.50000000000002842, 140.0000000000000000, -117.4999999999999716 ) ) ;
#2188 = CARTESIAN_POINT ( 'NONE',  ( -33.15147803143062077, 78.34209480748009469, -32.00479833278259179 ) ) ;
#2189 = CARTESIAN_POINT ( 'NONE',  ( -18.23805686214690525, 39.82557439793326637, 21.31416978500752180 ) ) ;
#2190 = CARTESIAN_POINT ( 'NONE',  ( -111.0000000000004832, 148.0523359562429562, 111.0000000000004690 ) ) ;
#2191 = EDGE_CURVE ( 'NONE', #444, #1117, #4328, .T. ) ;
#2192 = ORIENTED_EDGE ( 'NONE', *, *, #2960, .F. ) ;
#2193 = ORIENTED_EDGE ( 'NONE', *, *, #970, .F. ) ;
#2194 = PLANE ( 'NONE',  #2185 ) ;
#2195 = CARTESIAN_POINT ( 'NONE',  ( 82.50000000000000000, 140.0000000000000000, 117.5000000000000000 ) ) ;
#2196 = EDGE_CURVE ( 'NONE', #2549, #1997, #19, .T. ) ;
#2197 = AXIS2_PLACEMENT_3D ( 'NONE', #1340, #4053, #4383 ) ;
#2198 = CARTESIAN_POINT ( 'NONE',  ( 28.26289840540136922, 68.95658202082059063, -27.23783349795017728 ) ) ;
#2199 = CARTESIAN_POINT ( 'NONE',  ( 39.11343073958543926, 76.37455979722975030, 23.78243441943557102 ) ) ;
#2200 = CARTESIAN_POINT ( 'NONE',  ( 55.38571723182251816, 101.6821871816565874, -42.12459205332777401 ) ) ;
#2201 = CARTESIAN_POINT ( 'NONE',  ( -82.50000000000002842, 146.0000000000000284, -117.4999999999999716 ) ) ;
#2202 = CARTESIAN_POINT ( 'NONE',  ( 96.09074638104310395, 136.5202721555141636, 94.41505722095691056 ) ) ;
#2203 = ORIENTED_EDGE ( 'NONE', *, *, #3282, .F. ) ;
#2204 = CARTESIAN_POINT ( 'NONE',  ( -18.23815574413653451, 39.82603202251551266, -21.31418484223839016 ) ) ;
#2205 = CARTESIAN_POINT ( 'NONE',  ( -69.27287967402746460, 120.9673340212111015, 68.96782679857098231 ) ) ;
#2206 = VERTEX_POINT ( 'NONE', #4373 ) ;
#2207 = EDGE_CURVE ( 'NONE', #819, #471, #2106, .T. ) ;
#2208 = CARTESIAN_POINT ( 'NONE',  ( -111.0000000000004832, 148.0000000000000284, -111.0000000000004690 ) ) ;
#2209 = CARTESIAN_POINT ( 'NONE',  ( -73.64314807091223258, 124.4054651062789247, -73.57742419033479564 ) ) ;
#2210 = CARTESIAN_POINT ( 'NONE',  ( 17.67815665207774245, 36.79306736582611137, 21.21439114483458610 ) ) ;
#2211 = DIRECTION ( 'NONE',  ( 0.000000000000000000, 0.000000000000000000, 1.000000000000000000 ) ) ;
#2212 = EDGE_LOOP ( 'NONE', ( #4212, #426, #1683, #965 ) ) ;
#2213 = EDGE_LOOP ( 'NONE', ( #2261, #3322, #4369, #807 ) ) ;
#2214 = DIRECTION ( 'NONE',  ( 0.000000000000000000, 0.000000000000000000, 1.000000000000000000 ) ) ;
#2215 = CARTESIAN_POINT ( 'NONE',  ( -25.56102076386733657, 35.68267300694195399, 13.21871806683613215 ) ) ;
#2216 = CYLINDRICAL_SURFACE ( 'NONE', #1351, 4.899999999999987921 ) ;
#2217 = AXIS2_PLACEMENT_3D ( 'NONE', #4332, #328, #1980 ) ;
#2218 = CARTESIAN_POINT ( 'NONE',  ( 35.59231196800878649, 68.91461937329242460, -19.88932736443482696 ) ) ;
#2219 = CARTESIAN_POINT ( 'NONE',  ( 72.35535391621199608, 119.4028668820021295, 61.64464932689419641 ) ) ;
#2220 = LINE ( 'NONE', #527, #3672 ) ;
#2221 = DIRECTION ( 'NONE',  ( 0.000000000000000000, 0.000000000000000000, 1.000000000000000000 ) ) ;
#2222 = B_SPLINE_CURVE_WITH_KNOTS ( 'NONE', 3,
 ( #3109, #1399, #2368, #1378, #3758, #3020, #3736, #1035, #1329, #4015, #2047, #2748, #1303, #3778, #2088, #4374 ),
 .UNSPECIFIED., .F., .F.,
 ( 4, 2, 2, 2, 2, 2, 2, 4 ),
 ( 1.387778780781445521E-17, 0.0006821158134059071478, 0.001364231626811800418, 0.001705289533514746944, 0.002046347440217693905, 0.002728463253623645071, 0.004092694880435571690, 0.005456926507247498309 ),
 .UNSPECIFIED. ) ;
#2223 = CARTESIAN_POINT ( 'NONE',  ( 45.07619579411898059, 87.13300130556062584, 30.47617406321592171 ) ) ;
#2224 = ORIENTED_EDGE ( 'NONE', *, *, #3574, .T. ) ;
#2225 = EDGE_CURVE ( 'NONE', #3456, #2412, #346, .T. ) ;
#2226 = DIRECTION ( 'NONE',  ( -1.000000000000000000, -0.000000000000000000, -0.000000000000000000 ) ) ;
#2227 = CARTESIAN_POINT ( 'NONE',  ( -38.29300255519117258, 86.97229289955008369, 37.18047935302890039 ) ) ;
#2228 = AXIS2_PLACEMENT_3D ( 'NONE', #1109, #2864, #1429 ) ;
#2229 = ORIENTED_EDGE ( 'NONE', *, *, #1697, .T. ) ;
#2230 = EDGE_LOOP ( 'NONE', ( #3814, #2404, #3235, #3140 ) ) ;
#2231 = LINE ( 'NONE', #3587, #1537 ) ;
#2232 = CARTESIAN_POINT ( 'NONE',  ( 18.88925619532805200, 42.83931635415307682, 21.41333099750924163 ) ) ;
#2233 = CARTESIAN_POINT ( 'NONE',  ( -117.5000000000000995, 149.0000000000000284, -87.39999999999997726 ) ) ;
#2234 = ADVANCED_FACE ( 'NONE', ( #2347 ), #1891, .T. ) ;
#2235 = ORIENTED_EDGE ( 'NONE', *, *, #3671, .F. ) ;
#2236 = VERTEX_POINT ( 'NONE', #2000 ) ;
#2237 = LINE ( 'NONE', #1929, #2757 ) ;
#2238 = CARTESIAN_POINT ( 'NONE',  ( 101.8662516236477700, 140.0000000000000284, -101.7287220598425108 ) ) ;
#2239 = CIRCLE ( 'NONE', #3806, 13.99999999999999822 ) ;
#2240 = VERTEX_POINT ( 'NONE', #2657 ) ;
#2241 = CARTESIAN_POINT ( 'NONE',  ( 34.58732889785017761, 66.61591297413310997, -26.23023684949794898 ) ) ;
#2242 = CARTESIAN_POINT ( 'NONE',  ( 69.11402978430017185, 120.8394037153440621, -68.80081834611165448 ) ) ;
#2243 = CARTESIAN_POINT ( 'NONE',  ( 111.0000000000004405, 140.0000000000000000, -125.0000000000004690 ) ) ;
#2244 = CARTESIAN_POINT ( 'NONE',  ( -111.0000000000003837, 148.0000000000000284, 123.5793654197382097 ) ) ;
#2245 = CIRCLE ( 'NONE', #3666, 2.649999999999985700 ) ;
#2246 = CARTESIAN_POINT ( 'NONE',  ( 31.69111974780915730, 75.66023100872421026, 30.53681312617821675 ) ) ;
#2247 = ORIENTED_EDGE ( 'NONE', *, *, #4297, .F. ) ;
#2248 = DIRECTION ( 'NONE',  ( -0.000000000000000000, 1.000000000000000000, -0.000000000000000000 ) ) ;
#2249 = CARTESIAN_POINT ( 'NONE',  ( -97.23726115776177892, 138.8837200773341465, 99.74226640180782510 ) ) ;
#2250 = AXIS2_PLACEMENT_3D ( 'NONE', #30, #2077, #2782 ) ;
#2251 = EDGE_CURVE ( 'NONE', #471, #819, #3946, .T. ) ;
#2252 = EDGE_CURVE ( 'NONE', #55, #2147, #2957, .T. ) ;
#2253 = ADVANCED_FACE ( 'NONE', ( #3353 ), #3066, .F. ) ;
#2254 = VERTEX_POINT ( 'NONE', #301 ) ;
#2255 = CARTESIAN_POINT ( 'NONE',  ( -68.88286250680157252, 120.6516829716848918, -68.55804619834452751 ) ) ;
#2256 = CARTESIAN_POINT ( 'NONE',  ( 25.51660288534094434, 35.42773524505729199, -21.16946759443705517 ) ) ;
#2257 = CARTESIAN_POINT ( 'NONE',  ( -29.28886028647068329, 70.90820755833635758, -28.12386314898693840 ) ) ;
#2258 = CIRCLE ( 'NONE', #1832, 2.649999999999999467 ) ;
#2259 = EDGE_CURVE ( 'NONE', #4236, #3171, #607, .T. ) ;
#2260 = AXIS2_PLACEMENT_3D ( 'NONE', #1551, #4256, #2566 ) ;
#2261 = ORIENTED_EDGE ( 'NONE', *, *, #2943, .F. ) ;
#2262 = DIRECTION ( 'NONE',  ( 0.000000000000000000, -0.9986295347545739443, 0.05233595624294257870 ) ) ;
#2263 = CARTESIAN_POINT ( 'NONE',  ( -82.50000000000000000, 146.0000000000000284, 117.5000000000000000 ) ) ;
#2264 = CARTESIAN_POINT ( 'NONE',  ( -19.49759063122771963, 45.37314375150280199, -21.49670157158005068 ) ) ;
#2265 = ORIENTED_EDGE ( 'NONE', *, *, #4062, .T. ) ;
#2266 = CARTESIAN_POINT ( 'NONE',  ( 29.34600250330218429, 71.12024411569170468, -28.22333804573992211 ) ) ;
#2267 = CARTESIAN_POINT ( 'NONE',  ( 77.27526789474175928, 127.0309914501617214, -77.44958881836113562 ) ) ;
#2268 = CARTESIAN_POINT ( 'NONE',  ( -36.54474198220380288, 71.03114527130040301, 20.90424406778521416 ) ) ;
#2269 = CARTESIAN_POINT ( 'NONE',  ( 168.4379327902477712, 10.78841775608150932, -2.000000000000001776 ) ) ;
#2270 = VECTOR ( 'NONE', #148, 1000.000000000000227 ) ;
#2271 = CYLINDRICAL_SURFACE ( 'NONE', #4141, 1.000000000000000888 ) ;
#2272 = ORIENTED_EDGE ( 'NONE', *, *, #53, .T. ) ;
#2273 = EDGE_CURVE ( 'NONE', #2282, #161, #113, .T. ) ;
#2274 = CARTESIAN_POINT ( 'NONE',  ( -117.5000000000000853, 149.0000000000000284, 82.50000000000001421 ) ) ;
#2275 = CARTESIAN_POINT ( 'NONE',  ( -65.12013943823217232, 117.4863009113033314, -64.62243417951616209 ) ) ;
#2276 = ADVANCED_FACE ( 'NONE', ( #2747 ), #452, .T. ) ;
#2277 = ORIENTED_EDGE ( 'NONE', *, *, #28, .T. ) ;
#2278 = DIRECTION ( 'NONE',  ( -1.000000000000000000, -1.233846596463490160E-16, 0.000000000000000000 ) ) ;
#2279 = FACE_OUTER_BOUND ( 'NONE', #1739, .T. ) ;
#2280 = DIRECTION ( 'NONE',  ( -0.000000000000000000, -1.000000000000000000, -0.000000000000000000 ) ) ;
#2281 = EDGE_LOOP ( 'NONE', ( #1589, #732 ) ) ;
#2282 = VERTEX_POINT ( 'NONE', #778 ) ;
#2283 = CARTESIAN_POINT ( 'NONE',  ( -87.43074509764589664, 131.1074685838154323, 79.58367104578249496 ) ) ;
#2284 = CARTESIAN_POINT ( 'NONE',  ( 102.6400071844729212, 139.9999999999999716, -99.38471073751570373 ) ) ;
#2285 = CARTESIAN_POINT ( 'NONE',  ( -31.78480675967966462, 59.34551193546140269, -16.28513244764719659 ) ) ;
#2286 = LINE ( 'NONE', #2912, #3075 ) ;
#2287 = EDGE_CURVE ( 'NONE', #1419, #1648, #1814, .T. ) ;
#2288 = CARTESIAN_POINT ( 'NONE',  ( 82.25067488227570323, 130.3314527770910161, -82.84769547134999357 ) ) ;
#2289 = CARTESIAN_POINT ( 'NONE',  ( 26.87005768508913306, 0.000000000000000000, -30.12005768508847225 ) ) ;
#2290 = CARTESIAN_POINT ( 'NONE',  ( 18.88925619532808042, 42.83931635415305550, -21.41333099750922386 ) ) ;
#2291 =( BOUNDED_SURFACE ( )  B_SPLINE_SURFACE ( 3, 2, ( 
 ( #598, #575, #3918 ),
 ( #1208, #3211, #2210 ),
 ( #229, #3588, #3942 ),
 ( #210, #3565, #2232 ) ),
 .UNSPECIFIED., .F., .F., .F. ) 
 B_SPLINE_SURFACE_WITH_KNOTS ( ( 4, 4 ),
 ( 3, 3 ),
 ( 1.723153822874073482, 1.783601360898604771 ),
 ( 0.000000000000000000, 1.000000000000000000 ),
 .UNSPECIFIED. ) 
 GEOMETRIC_REPRESENTATION_ITEM ( )  RATIONAL_B_SPLINE_SURFACE ( (
 ( 1.000000000000000000, 0.7088691518872438646, 1.000000000000000000),
 ( 1.000000000000000000, 0.7091001306688586858, 1.000000000000000000),
 ( 1.000000000000000000, 0.7093299240211833334, 1.000000000000000000),
 ( 1.000000000000000000, 0.7095581163979195471, 1.000000000000000000) ) ) 
 REPRESENTATION_ITEM ( '' )  SURFACE ( )  );
#2292 = EDGE_CURVE ( 'NONE', #635, #4063, #2771, .T. ) ;
#2293 = CARTESIAN_POINT ( 'NONE',  ( 37.26599957084631143, 72.59752633952295753, 21.71211591023310206 ) ) ;
#2294 = EDGE_LOOP ( 'NONE', ( #3945, #3447, #1441, #3674 ) ) ;
#2295 = CARTESIAN_POINT ( 'NONE',  ( -20.88543170197991472, 5.232217840437968448, -12.21156381050920992 ) ) ;
#2296 = CARTESIAN_POINT ( 'NONE',  ( -49.12524550807607682, 101.4363894999573859, -48.15229683444213293 ) ) ;
#2297 = VERTEX_POINT ( 'NONE', #1056 ) ;
#2298 = CARTESIAN_POINT ( 'NONE',  ( -82.50000000000000000, 149.0000000000000284, 117.5000000000000000 ) ) ;
#2299 = AXIS2_PLACEMENT_3D ( 'NONE', #4114, #1001, #1066 ) ;
#2300 = LINE ( 'NONE', #4321, #3192 ) ;
#2301 = CARTESIAN_POINT ( 'NONE',  ( -26.87005768508856463, 9.000000000000000000, -26.87005768508904069 ) ) ;
#2302 = ORIENTED_EDGE ( 'NONE', *, *, #2477, .F. ) ;
#2303 = CARTESIAN_POINT ( 'NONE',  ( -81.36774885499906418, 126.7954068534337893, 72.26650182944044332 ) ) ;
#2304 = DIRECTION ( 'NONE',  ( 0.000000000000000000, -1.000000000000000000, 0.000000000000000000 ) ) ;
#2305 = EDGE_CURVE ( 'NONE', #3143, #2453, #49, .T. ) ;
#2306 = CARTESIAN_POINT ( 'NONE',  ( -117.5000000000000995, 140.0000000000000000, -85.14999999999997726 ) ) ;
#2307 = CARTESIAN_POINT ( 'NONE',  ( 67.50112765888862043, 119.5198023304288881, -67.10875941344386320 ) ) ;
#2308 = CARTESIAN_POINT ( 'NONE',  ( -26.87005768508856463, 0.000000000000000000, -23.62005768508904069 ) ) ;
#2309 = DIRECTION ( 'NONE',  ( -0.000000000000000000, -1.000000000000000000, -0.000000000000000000 ) ) ;
#2310 = EDGE_CURVE ( 'NONE', #2412, #2320, #3454, .T. ) ;
#2311 = CARTESIAN_POINT ( 'NONE',  ( 53.55897394741965201, 106.3497178353189128, 52.68341867470086015 ) ) ;
#2312 = ORIENTED_EDGE ( 'NONE', *, *, #371, .T. ) ;
#2313 = CARTESIAN_POINT ( 'NONE',  ( -30.10243467105889792, 54.32079973737478440, -14.99651311142847554 ) ) ;
#2314 = CARTESIAN_POINT ( 'NONE',  ( -53.51721453507335724, 99.36442491915902053, -46.35705530806122709 ) ) ;
#2315 = VERTEX_POINT ( 'NONE', #735 ) ;
#2316 = DIRECTION ( 'NONE',  ( 0.000000000000000000, 0.000000000000000000, 1.000000000000000000 ) ) ;
#2317 = CARTESIAN_POINT ( 'NONE',  ( 29.34703368153484604, 51.84749234733080669, 14.49833636863130693 ) ) ;
#2318 = CARTESIAN_POINT ( 'NONE',  ( -76.93288997294391152, 126.7871434891875140, 77.08357621444748986 ) ) ;
#2319 = AXIS2_PLACEMENT_3D ( 'NONE', #2563, #2946, #2211 ) ;
#2320 = VERTEX_POINT ( 'NONE', #1756 ) ;
#2321 = DIRECTION ( 'NONE',  ( 0.000000000000000000, 0.000000000000000000, 1.000000000000000000 ) ) ;
#2322 = CARTESIAN_POINT ( 'NONE',  ( 35.19582664652575943, 70.08167314974436124, 24.19244142867710679 ) ) ;
#2323 = EDGE_CURVE ( 'NONE', #2904, #3015, #1120, .T. ) ;
#2324 = VECTOR ( 'NONE', #2017, 1000.000000000000000 ) ;
#2325 = CARTESIAN_POINT ( 'NONE',  ( -31.75437436594322094, 59.25885387253357806, 16.26024991098865158 ) ) ;
#2326 = CARTESIAN_POINT ( 'NONE',  ( 33.72559454527056033, 79.39031470430623472, 32.58195569521635804 ) ) ;
#2327 = DIRECTION ( 'NONE',  ( 0.000000000000000000, 0.000000000000000000, -1.000000000000000000 ) ) ;
#2328 = CARTESIAN_POINT ( 'NONE',  ( 43.89928974479460777, 85.08919708795109216, -29.15414202311587388 ) ) ;
#2329 = LINE ( 'NONE', #1123, #263 ) ;
#2330 = TOROIDAL_SURFACE ( 'NONE', #344, 12.57936541973774958, 1.000000000000000000 ) ;
#2331 = ORIENTED_EDGE ( 'NONE', *, *, #2251, .T. ) ;
#2332 = CARTESIAN_POINT ( 'NONE',  ( -26.87005768508894832, 18.19238815542511389, 23.62005768508866055 ) ) ;
#2333 = CIRCLE ( 'NONE', #3831, 4.899999999999987921 ) ;
#2334 = CARTESIAN_POINT ( 'NONE',  ( 82.50000000000002842, 149.0000000000000284, -112.5999999999999659 ) ) ;
#2335 = ORIENTED_EDGE ( 'NONE', *, *, #4153, .T. ) ;
#2336 = LINE ( 'NONE', #2577, #2127 ) ;
#2337 = CARTESIAN_POINT ( 'NONE',  ( -97.25489947426532922, 138.8919925756592875, -99.76370504264529870 ) ) ;
#2338 = DIRECTION ( 'NONE',  ( -0.000000000000000000, 1.000000000000000000, -0.000000000000000000 ) ) ;
#2339 = VERTEX_POINT ( 'NONE', #1777 ) ;
#2340 = FACE_OUTER_BOUND ( 'NONE', #1967, .T. ) ;
#2341 = CARTESIAN_POINT ( 'NONE',  ( 26.65485930189102604, 41.16316529198816454, 21.35818056523110897 ) ) ;
#2342 = CARTESIAN_POINT ( 'NONE',  ( -64.25728978896633237, 116.7471989480778376, 63.72170537178921279 ) ) ;
#2343 = EDGE_LOOP ( 'NONE', ( #4318, #3915, #247, #3460, #2162 ) ) ;
#2344 = EDGE_CURVE ( 'NONE', #3969, #3567, #48, .T. ) ;
#2345 = ORIENTED_EDGE ( 'NONE', *, *, #3135, .T. ) ;
#2346 = CARTESIAN_POINT ( 'NONE',  ( -36.10109768321095913, 70.06325527011709653, 20.42355790283484751 ) ) ;
#2347 = FACE_OUTER_BOUND ( 'NONE', #2486, .T. ) ;
#2348 = CARTESIAN_POINT ( 'NONE',  ( -36.61878317190061694, 71.19298541363382071, -20.98433241754394274 ) ) ;
#2349 = CARTESIAN_POINT ( 'NONE',  ( 26.87005768508875292, 9.000000000000000000, 30.12005768508885239 ) ) ;
#2350 = EDGE_LOOP ( 'NONE', ( #895, #3338 ) ) ;
#2351 = CARTESIAN_POINT ( 'NONE',  ( 33.85282040447265217, 69.94739268968281465, -25.76304240198237139 ) ) ;
#2352 = DIRECTION ( 'NONE',  ( -0.000000000000000000, 0.000000000000000000, -1.000000000000000000 ) ) ;
#2353 = EDGE_CURVE ( 'NONE', #1493, #3163, #677, .T. ) ;
#2354 = LINE ( 'NONE', #3673, #3572 ) ;
#2355 = CARTESIAN_POINT ( 'NONE',  ( 117.4999999999999432, 146.0000000000000284, 82.49999999999998579 ) ) ;
#2356 = CARTESIAN_POINT ( 'NONE',  ( -93.10980255888676993, 134.6997961916634665, -86.61428390642227271 ) ) ;
#2357 = DIRECTION ( 'NONE',  ( -0.000000000000000000, 1.000000000000000000, -0.000000000000000000 ) ) ;
#2358 = ORIENTED_EDGE ( 'NONE', *, *, #2981, .T. ) ;
#2359 = CARTESIAN_POINT ( 'NONE',  ( -67.92388856655686880, 115.3160843330500143, -56.49475883550288557 ) ) ;
#2360 = DIRECTION ( 'NONE',  ( 0.000000000000000000, 1.000000000000000000, 0.000000000000000000 ) ) ;
#2361 = DIRECTION ( 'NONE',  ( -0.000000000000000000, 1.000000000000000000, -0.000000000000000000 ) ) ;
#2362 = VERTEX_POINT ( 'NONE', #2149 ) ;
#2363 = EDGE_CURVE ( 'NONE', #2549, #3837, #1373, .T. ) ;
#2364 = EDGE_LOOP ( 'NONE', ( #343, #115 ) ) ;
#2365 = AXIS2_PLACEMENT_3D ( 'NONE', #702, #2075, #2666 ) ;
#2366 = CARTESIAN_POINT ( 'NONE',  ( -21.46396496056324210, 9.000000000000000000, 1.999999999999988010 ) ) ;
#2367 = CARTESIAN_POINT ( 'NONE',  ( 34.63904624001273191, 69.98870260208003913, 24.92191552899203089 ) ) ;
#2368 = CARTESIAN_POINT ( 'NONE',  ( 100.0815758661332069, 140.0000000000000000, 102.6331003339088426 ) ) ;
#2369 = LINE ( 'NONE', #656, #1912 ) ;
#2370 = DIRECTION ( 'NONE',  ( 0.000000000000000000, 0.000000000000000000, 1.000000000000000000 ) ) ;
#2371 = CARTESIAN_POINT ( 'NONE',  ( 19.49607084475988472, 45.36681355495156964, 21.49649328899498713 ) ) ;
#2372 = CARTESIAN_POINT ( 'NONE',  ( -2.000000000000000000, 70.54147162334945165, -24.62474813841001975 ) ) ;
#2373 = CARTESIAN_POINT ( 'NONE',  ( -29.24229335221802017, 70.91611563613429325, 28.12770094313626856 ) ) ;
#2374 = CARTESIAN_POINT ( 'NONE',  ( -40.20235446782795918, 78.53885465893810647, -32.08613670019294517 ) ) ;
#2375 = AXIS2_PLACEMENT_3D ( 'NONE', #2269, #589, #4380 ) ;
#2376 = DIRECTION ( 'NONE',  ( -0.000000000000000000, 1.000000000000000000, -0.000000000000000000 ) ) ;
#2377 = ORIENTED_EDGE ( 'NONE', *, *, #1520, .T. ) ;
#2378 = EDGE_CURVE ( 'NONE', #4347, #920, #366, .T. ) ;
#2379 = DIRECTION ( 'NONE',  ( -1.000000000000000000, 0.000000000000000000, 0.000000000000000000 ) ) ;
#2380 = AXIS2_PLACEMENT_3D ( 'NONE', #3167, #1438, #409 ) ;
#2381 = CARTESIAN_POINT ( 'NONE',  ( -29.28886028647005801, 70.90820755833510702, 28.12386314898636996 ) ) ;
#2382 = CARTESIAN_POINT ( 'NONE',  ( -93.14922156936343356, 136.7795440144449799, 95.00155671654439971 ) ) ;
#2383 = ORIENTED_EDGE ( 'NONE', *, *, #3273, .T. ) ;
#2384 = AXIS2_PLACEMENT_3D ( 'NONE', #2298, #1943, #2605 ) ;
#2385 = ORIENTED_EDGE ( 'NONE', *, *, #1659, .F. ) ;
#2386 = CARTESIAN_POINT ( 'NONE',  ( -35.52335648591829909, 68.80246728205698048, 27.13299855848708475 ) ) ;
#2387 = CARTESIAN_POINT ( 'NONE',  ( 36.50685658863434213, 70.94820039735091655, 21.11477885670310073 ) ) ;
#2388 = CARTESIAN_POINT ( 'NONE',  ( -33.68353962855518802, 64.39145944157945678, -25.40690862663483074 ) ) ;
#2389 = CARTESIAN_POINT ( 'NONE',  ( 41.09887214057571470, 91.08450897448462058, 40.01225735429004970 ) ) ;
#2390 = CARTESIAN_POINT ( 'NONE',  ( 29.24229335221802017, 70.91611563613429325, 28.12770094313626856 ) ) ;
#2391 = CIRCLE ( 'NONE', #2824, 2.649999999999999467 ) ;
#2392 = EDGE_CURVE ( 'NONE', #1782, #476, #4298, .T. ) ;
#2393 = DIRECTION ( 'NONE',  ( 0.000000000000000000, 0.000000000000000000, 1.000000000000000000 ) ) ;
#2394 = FACE_OUTER_BOUND ( 'NONE', #2769, .T. ) ;
#2395 = CARTESIAN_POINT ( 'NONE',  ( -38.60494575472092293, 75.42320898677523644, -30.38269408816587003 ) ) ;
#2396 = AXIS2_PLACEMENT_3D ( 'NONE', #244, #1650, #3605 ) ;
#2397 = DIRECTION ( 'NONE',  ( 0.000000000000000000, 0.000000000000000000, 1.000000000000000000 ) ) ;
#2398 = ORIENTED_EDGE ( 'NONE', *, *, #1464, .T. ) ;
#2399 = CARTESIAN_POINT ( 'NONE',  ( -35.16066328698603627, 67.96638982904487136, 26.71336637344279907 ) ) ;
#2400 = CARTESIAN_POINT ( 'NONE',  ( -33.33036585060771984, 69.96676906545208396, 26.22362962799003583 ) ) ;
#2401 = CARTESIAN_POINT ( 'NONE',  ( -102.2548844837046431, 140.0000000000000000, 101.1625024735744205 ) ) ;
#2402 = ORIENTED_EDGE ( 'NONE', *, *, #3451, .T. ) ;
#2403 = VECTOR ( 'NONE', #1618, 1000.000000000000000 ) ;
#2404 = ORIENTED_EDGE ( 'NONE', *, *, #3197, .F. ) ;
#2405 = CARTESIAN_POINT ( 'NONE',  ( -35.59231196800497088, 68.91461937328350018, 19.88932736442163929 ) ) ;
#2406 = CARTESIAN_POINT ( 'NONE',  ( -102.6400071844729069, 140.0000000000000000, -99.38480749372808987 ) ) ;
#2407 = CARTESIAN_POINT ( 'NONE',  ( -25.18768324351891152, 62.18796673936290631, -24.68493927844566826 ) ) ;
#2408 = CARTESIAN_POINT ( 'NONE',  ( -34.33372631363777572, 69.96101894487294715, -25.27300513062388632 ) ) ;
#2409 = VERTEX_POINT ( 'NONE', #3147 ) ;
#2410 = LINE ( 'NONE', #1667, #2831 ) ;
#2411 = EDGE_CURVE ( 'NONE', #2297, #2447, #2813, .T. ) ;
#2412 = VERTEX_POINT ( 'NONE', #2450 ) ;
#2413 = CARTESIAN_POINT ( 'NONE',  ( 20.17339482731298261, 47.84369672272174512, 21.71079988861213650 ) ) ;
#2414 = FACE_OUTER_BOUND ( 'NONE', #520, .T. ) ;
#2415 = DIRECTION ( 'NONE',  ( 0.000000000000000000, -0.9986295347545740553, -0.05233595624294281462 ) ) ;
#2416 = CARTESIAN_POINT ( 'NONE',  ( -36.08597117921532060, 70.12520988799823840, -27.69872024747759909 ) ) ;
#2417 = ADVANCED_FACE ( 'NONE', ( #3500 ), #3481, .T. ) ;
#2418 = CARTESIAN_POINT ( 'NONE',  ( -117.5000000000000853, 140.0000000000000000, 82.50000000000001421 ) ) ;
#2419 = ORIENTED_EDGE ( 'NONE', *, *, #3781, .T. ) ;
#2420 = DIRECTION ( 'NONE',  ( -1.000000000000000000, -0.000000000000000000, -0.000000000000000000 ) ) ;
#2421 = UNCERTAINTY_MEASURE_WITH_UNIT (LENGTH_MEASURE( 1.000000000000000082E-05 ), #1531, 'distance_accuracy_value', 'NONE');
#2422 = DIRECTION ( 'NONE',  ( 0.000000000000000000, 0.000000000000000000, 1.000000000000000000 ) ) ;
#2423 = ORIENTED_EDGE ( 'NONE', *, *, #272, .T. ) ;
#2424 = AXIS2_PLACEMENT_3D ( 'NONE', #2072, #2050, #3693 ) ;
#2425 = ORIENTED_EDGE ( 'NONE', *, *, #4197, .T. ) ;
#2426 = DIRECTION ( 'NONE',  ( -0.05233595624294395260, -0.9986295347545739443, 0.000000000000000000 ) ) ;
#2427 = DIRECTION ( 'NONE',  ( 0.000000000000000000, 0.000000000000000000, -1.000000000000000000 ) ) ;
#2428 = DIRECTION ( 'NONE',  ( -0.000000000000000000, 1.000000000000000000, -0.000000000000000000 ) ) ;
#2429 = CARTESIAN_POINT ( 'NONE',  ( 82.50000000000000000, 149.0000000000000284, 122.3999999999999915 ) ) ;
#2430 = ORIENTED_EDGE ( 'NONE', *, *, #1064, .F. ) ;
#2431 = CIRCLE ( 'NONE', #3926, 2.649999999999999467 ) ;
#2432 = ORIENTED_EDGE ( 'NONE', *, *, #75, .F. ) ;
#2433 = ORIENTED_EDGE ( 'NONE', *, *, #26, .F. ) ;
#2434 = CARTESIAN_POINT ( 'NONE',  ( 28.96999440814739657, 70.24398455280687870, -27.80369947544240006 ) ) ;
#2435 = EDGE_CURVE ( 'NONE', #1528, #1268, #4250, .T. ) ;
#2436 = AXIS2_PLACEMENT_3D ( 'NONE', #4282, #1262, #3244 ) ;
#2437 = ADVANCED_FACE ( 'NONE', ( #865 ), #536, .F. ) ;
#2438 = CARTESIAN_POINT ( 'NONE',  ( -82.50000000000002842, 146.0000000000000284, -112.5999999999999659 ) ) ;
#2439 = CARTESIAN_POINT ( 'NONE',  ( 82.50000000000002842, 146.0000000000000284, -114.8499999999999659 ) ) ;
#2440 = CARTESIAN_POINT ( 'NONE',  ( -40.75121492049454730, 79.56813861585685288, -32.67173908887797751 ) ) ;
#2441 = ADVANCED_FACE ( 'NONE', ( #1207, #3876, #2581, #2855, #4207, #889, #556, #4228, #3279 ), #2899, .F. ) ;
#2442 = EDGE_LOOP ( 'NONE', ( #1481, #3440 ) ) ;
#2443 = CYLINDRICAL_SURFACE ( 'NONE', #4211, 2.649999999999985700 ) ;
#2444 = EDGE_LOOP ( 'NONE', ( #2193, #1614 ) ) ;
#2445 = CARTESIAN_POINT ( 'NONE',  ( -37.07677514603017954, 72.29050588078915496, 28.75400973369774604 ) ) ;
#2446 = AXIS2_PLACEMENT_3D ( 'NONE', #3181, #812, #3910 ) ;
#2447 = VERTEX_POINT ( 'NONE', #1231 ) ;
#2448 = AXIS2_PLACEMENT_3D ( 'NONE', #2086, #3108, #1422 ) ;
#2449 = CARTESIAN_POINT ( 'NONE',  ( 117.4999999999999147, 149.0000000000000284, -82.50000000000001421 ) ) ;
#2450 = CARTESIAN_POINT ( 'NONE',  ( -82.50000000000002842, 149.0000000000000284, -122.3999999999999631 ) ) ;
#2451 = DIRECTION ( 'NONE',  ( -1.000000000000000000, -2.010773395782446296E-16, 0.000000000000000000 ) ) ;
#2452 = ORIENTED_EDGE ( 'NONE', *, *, #3574, .F. ) ;
#2453 = VERTEX_POINT ( 'NONE', #228 ) ;
#2454 = DIRECTION ( 'NONE',  ( 0.000000000000000000, 0.000000000000000000, 1.000000000000000000 ) ) ;
#2455 = VECTOR ( 'NONE', #1341, 1000.000000000000000 ) ;
#2456 = DIRECTION ( 'NONE',  ( -0.000000000000000000, 1.000000000000000000, -0.000000000000000000 ) ) ;
#2457 = FACE_OUTER_BOUND ( 'NONE', #4038, .T. ) ;
#2458 = CARTESIAN_POINT ( 'NONE',  ( -28.70048080109318178, 69.84737532953144523, -27.62901965775665758 ) ) ;
#2459 = CARTESIAN_POINT ( 'NONE',  ( -26.70879484081405408, 41.41277825732952778, -13.41765791950986753 ) ) ;
#2460 = ORIENTED_EDGE ( 'NONE', *, *, #1052, .F. ) ;
#2461 = EDGE_CURVE ( 'NONE', #1083, #2604, #2231, .T. ) ;
#2462 = CARTESIAN_POINT ( 'NONE',  ( 74.10856415742320280, 124.7545727556394155, 74.07140230993336161 ) ) ;
#2463 = ORIENTED_EDGE ( 'NONE', *, *, #4229, .T. ) ;
#2464 = DIRECTION ( 'NONE',  ( 0.000000000000000000, 0.000000000000000000, 1.000000000000000000 ) ) ;
#2465 = DIRECTION ( 'NONE',  ( -1.000000000000000000, 0.000000000000000000, 0.000000000000000000 ) ) ;
#2466 = UNCERTAINTY_MEASURE_WITH_UNIT (LENGTH_MEASURE( 1.000000000000000082E-05 ), #3406, 'distance_accuracy_value', 'NONE');
#2467 = CIRCLE ( 'NONE', #1124, 1.000000000000000888 ) ;
#2468 = ORIENTED_EDGE ( 'NONE', *, *, #792, .T. ) ;
#2469 = AXIS2_PLACEMENT_3D ( 'NONE', #1669, #1719, #2754 ) ;
#2470 = ORIENTED_EDGE ( 'NONE', *, *, #1166, .F. ) ;
#2471 = EDGE_CURVE ( 'NONE', #3811, #2549, #356, .T. ) ;
#2472 = CARTESIAN_POINT ( 'NONE',  ( -21.46396496056323855, 9.000000000000000000, 17.00577048614811915 ) ) ;
#2473 = CARTESIAN_POINT ( 'NONE',  ( 2.572411801254072884E-16, 7.000000000000006217, 0.000000000000000000 ) ) ;
#2474 = LINE ( 'NONE', #2168, #3694 ) ;
#2475 = CARTESIAN_POINT ( 'NONE',  ( 117.4999999999999147, 149.0000000000000284, -85.15000000000000568 ) ) ;
#2476 = CIRCLE ( 'NONE', #4182, 4.899999999999987921 ) ;
#2477 = EDGE_CURVE ( 'NONE', #1063, #2105, #3032, .T. ) ;
#2478 = ORIENTED_EDGE ( 'NONE', *, *, #2225, .T. ) ;
#2479 = ORIENTED_EDGE ( 'NONE', *, *, #1210, .T. ) ;
#2480 = ORIENTED_EDGE ( 'NONE', *, *, #3204, .F. ) ;
#2481 = FILL_AREA_STYLE ('',( #2155 ) ) ;
#2482 = CYLINDRICAL_SURFACE ( 'NONE', #3577, 2.649999999999985700 ) ;
#2483 = DIRECTION ( 'NONE',  ( 0.000000000000000000, -0.9994591347499238720, 0.03288522411256204064 ) ) ;
#2484 = CARTESIAN_POINT ( 'NONE',  ( -26.87005768508856463, 9.000000000000000000, -23.62005768508904069 ) ) ;
#2485 = CARTESIAN_POINT ( 'NONE',  ( 31.44019975659104205, 75.21683028666572568, -30.28446199990265697 ) ) ;
#2486 = EDGE_LOOP ( 'NONE', ( #3304, #4232, #671, #4082 ) ) ;
#2487 = DIRECTION ( 'NONE',  ( 0.000000000000000000, -1.000000000000000000, 0.000000000000000000 ) ) ;
#2488 = CARTESIAN_POINT ( 'NONE',  ( -49.17033826157831555, 101.4904244947982050, 48.19815560572804003 ) ) ;
#2489 = ORIENTED_EDGE ( 'NONE', *, *, #158, .T. ) ;
#2490 = EDGE_CURVE ( 'NONE', #600, #2873, #1160, .T. ) ;
#2491 = ORIENTED_EDGE ( 'NONE', *, *, #1851, .F. ) ;
#2492 = ORIENTED_EDGE ( 'NONE', *, *, #1358, .F. ) ;
#2493 = CYLINDRICAL_SURFACE ( 'NONE', #201, 7.999999999999998224 ) ;
#2494 = CARTESIAN_POINT ( 'NONE',  ( -102.2550706482668090, 140.0000000000000000, -101.1621733970959127 ) ) ;
#2495 = CARTESIAN_POINT ( 'NONE',  ( 26.87005768508913306, 18.19238815542511389, -23.62005768508847225 ) ) ;
#2496 = CARTESIAN_POINT ( 'NONE',  ( -34.78254616436970537, 70.00777514545856661, -24.74417420188312278 ) ) ;
#2497 = EDGE_CURVE ( 'NONE', #3039, #393, #3899, .T. ) ;
#2498 = ADVANCED_FACE ( 'NONE', ( #2538 ), #1882, .F. ) ;
#2499 = EDGE_LOOP ( 'NONE', ( #2679, #3498 ) ) ;
#2500 = ORIENTED_EDGE ( 'NONE', *, *, #3355, .F. ) ;
#2501 = CARTESIAN_POINT ( 'NONE',  ( 25.11760832970491464, 32.79488490836931902, 105.0000000000000284 ) ) ;
#2502 = CARTESIAN_POINT ( 'NONE',  ( 24.24532394420990400, 59.86922964708986683, -23.99405807284322378 ) ) ;
#2503 = AXIS2_PLACEMENT_3D ( 'NONE', #2691, #3743, #1406 ) ;
#2504 = CARTESIAN_POINT ( 'NONE',  ( -26.61947469463661875, 65.44477026561297350, -25.83354007821021270 ) ) ;
#2505 = DIRECTION ( 'NONE',  ( -0.05233595624294395260, -0.9986295347545739443, 0.000000000000000000 ) ) ;
#2506 = CARTESIAN_POINT ( 'NONE',  ( 2.572411801254072884E-16, 7.000000000000006217, -51.50000000000000000 ) ) ;
#2507 = CARTESIAN_POINT ( 'NONE',  ( 87.32212383392990773, 133.5034144200828052, 88.41211524480846151 ) ) ;
#2508 = ORIENTED_EDGE ( 'NONE', *, *, #3027, .F. ) ;
#2509 = EDGE_CURVE ( 'NONE', #3853, #2254, #3036, .T. ) ;
#2510 = LINE ( 'NONE', #3514, #814 ) ;
#2511 = CARTESIAN_POINT ( 'NONE',  ( -59.12282335023420643, 106.1186338348117744, 52.42996652537671309 ) ) ;
#2512 = VERTEX_POINT ( 'NONE', #3986 ) ;
#2513 = ORIENTED_EDGE ( 'NONE', *, *, #1697, .F. ) ;
#2514 = CARTESIAN_POINT ( 'NONE',  ( 18.88925619532808042, 42.83931635415305550, -21.41333099750922386 ) ) ;
#2515 = CARTESIAN_POINT ( 'NONE',  ( -82.50000000000000000, 149.0000000000000284, 112.5999999999999943 ) ) ;
#2516 = AXIS2_PLACEMENT_3D ( 'NONE', #3698, #2006, #310 ) ;
#2517 = DIRECTION ( 'NONE',  ( 0.1516885418044136291, -0.9878937349603240659, -0.03250468752951592155 ) ) ;
#2518 = CARTESIAN_POINT ( 'NONE',  ( 117.4999999999999432, 140.0000000000000000, 85.14999999999997726 ) ) ;
#2519 = VERTEX_POINT ( 'NONE', #1294 ) ;
#2520 = DIRECTION ( 'NONE',  ( 0.000000000000000000, 0.000000000000000000, 1.000000000000000000 ) ) ;
#2521 = CARTESIAN_POINT ( 'NONE',  ( -117.5000000000000995, 146.0000000000000284, -79.84999999999999432 ) ) ;
#2522 = DIRECTION ( 'NONE',  ( 0.000000000000000000, 1.000000000000000000, 0.000000000000000000 ) ) ;
#2523 = VECTOR ( 'NONE', #3777, 1000.000000000000000 ) ;
#2524 = VECTOR ( 'NONE', #1274, 1000.000000000000000 ) ;
#2525 = CARTESIAN_POINT ( 'NONE',  ( -2.000000000000001776, 9.000000000000017764, 20.29991528752059082 ) ) ;
#2526 = DIRECTION ( 'NONE',  ( 0.000000000000000000, 0.000000000000000000, 1.000000000000000000 ) ) ;
#2527 = CARTESIAN_POINT ( 'NONE',  ( 45.29004415012398965, 87.47397723563511818, -30.71678738337928039 ) ) ;
#2528 = CARTESIAN_POINT ( 'NONE',  ( 82.50000000000000000, 146.0000000000000284, 117.5000000000000000 ) ) ;
#2529 = CARTESIAN_POINT ( 'NONE',  ( 72.87511235247274044, 119.8614548769379979, 62.25158334739806776 ) ) ;
#2530 = EDGE_LOOP ( 'NONE', ( #3653, #1770, #4368, #499 ) ) ;
#2531 = AXIS2_PLACEMENT_3D ( 'NONE', #2110, #2151, #1837 ) ;
#2532 = PLANE ( 'NONE',  #3659 ) ;
#2533 = CARTESIAN_POINT ( 'NONE',  ( -62.86745853256546468, 115.5113990427491188, 62.27703581129392774 ) ) ;
#2534 = CIRCLE ( 'NONE', #3824, 4.900000000000001243 ) ;
#2535 = CIRCLE ( 'NONE', #2120, 1.000000000000000888 ) ;
#2536 = ORIENTED_EDGE ( 'NONE', *, *, #9, .F. ) ;
#2537 = DIRECTION ( 'NONE',  ( -0.000000000000000000, 1.000000000000000000, -0.000000000000000000 ) ) ;
#2538 = FACE_OUTER_BOUND ( 'NONE', #4254, .T. ) ;
#2539 = VECTOR ( 'NONE', #2426, 1000.000000000000000 ) ;
#2540 = PRODUCT ( '3HR0015-01 (Combine)', '3HR0015-01 (Combine)', '', ( #4068 ) ) ;
#2541 = CARTESIAN_POINT ( 'NONE',  ( 26.70879484081404698, 41.41277825732949935, -13.41765791950983200 ) ) ;
#2542 = DIRECTION ( 'NONE',  ( -0.000000000000000000, 1.000000000000000000, -0.000000000000000000 ) ) ;
#2543 = AXIS2_PLACEMENT_3D ( 'NONE', #3744, #29, #1430 ) ;
#2544 = EDGE_LOOP ( 'NONE', ( #1790, #3397, #3398, #2358 ) ) ;
#2545 = DIRECTION ( 'NONE',  ( -0.000000000000000000, -1.000000000000000000, -0.000000000000000000 ) ) ;
#2546 = CARTESIAN_POINT ( 'NONE',  ( 101.7149218707563705, 140.0000000000000284, -101.8977635140340681 ) ) ;
#2547 = FACE_OUTER_BOUND ( 'NONE', #3390, .T. ) ;
#2548 = AXIS2_PLACEMENT_3D ( 'NONE', #1356, #2705, #41 ) ;
#2549 = VERTEX_POINT ( 'NONE', #3679 ) ;
#2550 = EDGE_CURVE ( 'NONE', #578, #3275, #2037, .T. ) ;
#2551 = LINE ( 'NONE', #3289, #4357 ) ;
#2552 = CARTESIAN_POINT ( 'NONE',  ( 73.84259571568419744, 120.6998837396057098, 63.38333964778303198 ) ) ;
#2553 = CARTESIAN_POINT ( 'NONE',  ( 102.6400071844729354, 140.0000000000000000, -98.92839852658524080 ) ) ;
#2554 = FACE_OUTER_BOUND ( 'NONE', #2043, .T. ) ;
#2555 = CARTESIAN_POINT ( 'NONE',  ( 35.16137500724812526, 67.96805046097672687, 26.71412427917359267 ) ) ;
#2556 = VERTEX_POINT ( 'NONE', #1007 ) ;
#2557 = CARTESIAN_POINT ( 'NONE',  ( -168.4379327902477712, 10.78841775608150932, -2.000000000000001776 ) ) ;
#2558 = CARTESIAN_POINT ( 'NONE',  ( -53.59934160244782930, 106.3930967568130086, 52.72474798479412783 ) ) ;
#2559 = EDGE_CURVE ( 'NONE', #3537, #3882, #2648, .T. ) ;
#2560 = ORIENTED_EDGE ( 'NONE', *, *, #2292, .F. ) ;
#2561 = DIRECTION ( 'NONE',  ( 1.000000000000000000, 0.000000000000000000, -0.000000000000000000 ) ) ;
#2562 = CARTESIAN_POINT ( 'NONE',  ( 17.67815665220466670, 36.79306736581565218, -21.21439114483423438 ) ) ;
#2563 = CARTESIAN_POINT ( 'NONE',  ( -117.5000000000000995, 146.0000000000000284, -82.49999999999998579 ) ) ;
#2564 = VERTEX_POINT ( 'NONE', #1969 ) ;
#2565 = ADVANCED_FACE ( 'NONE', ( #4033 ), #3370, .F. ) ;
#2566 = DIRECTION ( 'NONE',  ( 0.000000000000000000, 0.000000000000000000, 1.000000000000000000 ) ) ;
#2567 = CARTESIAN_POINT ( 'NONE',  ( 102.2548844837045294, 140.0000000000000000, -101.1625024735743779 ) ) ;
#2568 = CARTESIAN_POINT ( 'NONE',  ( -31.15767095938479514, 57.56838032978863851, -23.35445943089296961 ) ) ;
#2569 = VERTEX_POINT ( 'NONE', #961 ) ;
#2570 = ADVANCED_FACE ( 'NONE', ( #2340 ), #317, .F. ) ;
#2571 = CARTESIAN_POINT ( 'NONE',  ( 84.87728686524386035, 129.3277364216024807, -81.14818292463476723 ) ) ;
#2572 = PLANE ( 'NONE',  #4025 ) ;
#2573 = CARTESIAN_POINT ( 'NONE',  ( -27.12896672067411785, 66.56258938584623763, 26.25754109328632069 ) ) ;
#2574 = EDGE_CURVE ( 'NONE', #3837, #2409, #457, .T. ) ;
#2575 = LINE ( 'NONE', #953, #309 ) ;
#2576 = ORIENTED_EDGE ( 'NONE', *, *, #919, .F. ) ;
#2577 = CARTESIAN_POINT ( 'NONE',  ( 117.4999999999999147, 149.0000000000000284, -87.40000000000000568 ) ) ;
#2578 = CARTESIAN_POINT ( 'NONE',  ( -93.93095028868444274, 137.1959620566747162, 95.89979445725835205 ) ) ;
#2579 = EDGE_CURVE ( 'NONE', #1627, #4347, #3595, .T. ) ;
#2580 = ORIENTED_EDGE ( 'NONE', *, *, #1897, .T. ) ;
#2581 = FACE_BOUND ( 'NONE', #874, .T. ) ;
#2582 = CARTESIAN_POINT ( 'NONE',  ( -36.06053676770851268, 70.45105517923411753, 22.58703006203363373 ) ) ;
#2583 = CARTESIAN_POINT ( 'NONE',  ( 111.0000000000004405, 140.0000000000000000, -125.0000000000004690 ) ) ;
#2584 = EDGE_CURVE ( 'NONE', #4313, #3318, #2245, .T. ) ;
#2585 = ORIENTED_EDGE ( 'NONE', *, *, #4338, .F. ) ;
#2586 = LINE ( 'NONE', #1638, #4241 ) ;
#2587 = DIRECTION ( 'NONE',  ( -1.000000000000000000, 0.000000000000000000, 0.000000000000000000 ) ) ;
#2588 = CARTESIAN_POINT ( 'NONE',  ( -82.50000000000002842, 149.0000000000000284, -117.4999999999999716 ) ) ;
#2589 = CIRCLE ( 'NONE', #4294, 2.649999999999999467 ) ;
#2590 = CARTESIAN_POINT ( 'NONE',  ( 33.24117158541056938, 63.26238238185000995, -25.02084087800643886 ) ) ;
#2591 = VECTOR ( 'NONE', #4105, 1000.000000000000000 ) ;
#2592 = CARTESIAN_POINT ( 'NONE',  ( 82.04194318336875824, 127.3022540366986703, -73.07085682022254502 ) ) ;
#2593 = CARTESIAN_POINT ( 'NONE',  ( 2.000000000000001776, 9.000000000000017764, 20.29991528752059082 ) ) ;
#2594 = DIRECTION ( 'NONE',  ( -1.000000000000000000, 0.000000000000000000, 0.000000000000000000 ) ) ;
#2595 = EDGE_CURVE ( 'NONE', #298, #1782, #3301, .T. ) ;
#2596 =( BOUNDED_CURVE ( )  B_SPLINE_CURVE ( 3, ( #2514, #3188, #4164, #146 ),
 .UNSPECIFIED., .F., .T. ) 
 B_SPLINE_CURVE_WITH_KNOTS ( ( 4, 4 ),
 ( 1.357991292691188345, 1.418438830715719634 ),
 .UNSPECIFIED. ) 
 CURVE ( )  GEOMETRIC_REPRESENTATION_ITEM ( )  RATIONAL_B_SPLINE_CURVE ( ( 1.000000000000000000, 0.9996955311070472305, 0.9996955311070472305, 1.000000000000000000 ) ) 
 REPRESENTATION_ITEM ( '' )  );
#2597 = CIRCLE ( 'NONE', #601, 72.00000000000005684 ) ;
#2598 = CARTESIAN_POINT ( 'NONE',  ( 40.47321242524701290, 79.02128802348654801, 25.30709904582217717 ) ) ;
#2599 = ORIENTED_EDGE ( 'NONE', *, *, #1987, .F. ) ;
#2600 = CARTESIAN_POINT ( 'NONE',  ( 117.4999999999999432, 146.0000000000000284, 82.49999999999998579 ) ) ;
#2601 = CARTESIAN_POINT ( 'NONE',  ( -100.4996735340980933, 140.4131095043289577, -103.7085306849019730 ) ) ;
#2602 = EDGE_CURVE ( 'NONE', #3064, #3583, #3522, .T. ) ;
#2603 = CIRCLE ( 'NONE', #191, 3.249999999999999556 ) ;
#2604 = VERTEX_POINT ( 'NONE', #3437 ) ;
#2605 = DIRECTION ( 'NONE',  ( 0.000000000000000000, 0.000000000000000000, 1.000000000000000000 ) ) ;
#2606 = DIRECTION ( 'NONE',  ( -0.000000000000000000, 1.000000000000000000, -0.000000000000000000 ) ) ;
#2607 = FACE_OUTER_BOUND ( 'NONE', #687, .T. ) ;
#2608 = VERTEX_POINT ( 'NONE', #2718 ) ;
#2609 = ORIENTED_EDGE ( 'NONE', *, *, #3774, .F. ) ;
#2610 = CARTESIAN_POINT ( 'NONE',  ( -72.40132365992008090, 119.4435051394117266, 61.69831599739858063 ) ) ;
#2611 = CARTESIAN_POINT ( 'NONE',  ( 100.7489331885122112, 140.0000000000000568, -102.4911031721766648 ) ) ;
#2612 = CARTESIAN_POINT ( 'NONE',  ( 105.0000000000004690, 140.0000000000000000, -125.0000000000004690 ) ) ;
#2613 = ADVANCED_FACE ( 'NONE', ( #1027, #688 ), #4140, .F. ) ;
#2614 = CIRCLE ( 'NONE', #1267, 4.900000000000001243 ) ;
#2615 = LINE ( 'NONE', #3555, #1090 ) ;
#2616 = VECTOR ( 'NONE', #7, 1000.000000000000114 ) ;
#2617 = CARTESIAN_POINT ( 'NONE',  ( 63.80378210085326174, 111.2569363467138430, -51.73732647908063598 ) ) ;
#2618 = DIRECTION ( 'NONE',  ( 0.000000000000000000, 0.000000000000000000, -1.000000000000000000 ) ) ;
#2619 = CARTESIAN_POINT ( 'NONE',  ( 26.61947469463661164, 65.44477026561298771, -25.83354007821020204 ) ) ;
#2620 = AXIS2_PLACEMENT_3D ( 'NONE', #3800, #2428, #1456 ) ;
#2621 = CARTESIAN_POINT ( 'NONE',  ( 65.36115076978285288, 112.7909557913376659, 53.53562875697678436 ) ) ;
#2622 = ORIENTED_EDGE ( 'NONE', *, *, #293, .F. ) ;
#2623 = DIRECTION ( 'NONE',  ( -0.000000000000000000, 1.000000000000000000, -0.000000000000000000 ) ) ;
#2624 = CARTESIAN_POINT ( 'NONE',  ( -100.9769473035881333, 139.1854338753125546, -96.66014562752333461 ) ) ;
#2625 = ORIENTED_EDGE ( 'NONE', *, *, #2363, .T. ) ;
#2626 = EDGE_CURVE ( 'NONE', #1117, #3686, #2597, .T. ) ;
#2627 = DIRECTION ( 'NONE',  ( -0.000000000000000000, -0.000000000000000000, -1.000000000000000000 ) ) ;
#2628 = CARTESIAN_POINT ( 'NONE',  ( 18.23815574412597229, 39.82603202249843832, -21.31418484223782883 ) ) ;
#2629 = CYLINDRICAL_SURFACE ( 'NONE', #1261, 3.249999999999999556 ) ;
#2630 = ORIENTED_EDGE ( 'NONE', *, *, #2027, .T. ) ;
#2631 = ORIENTED_EDGE ( 'NONE', *, *, #481, .F. ) ;
#2632 = DIRECTION ( 'NONE',  ( -0.000000000000000000, 1.000000000000000000, -0.000000000000000000 ) ) ;
#2633 = EDGE_CURVE ( 'NONE', #444, #3016, #3170, .T. ) ;
#2634 = CARTESIAN_POINT ( 'NONE',  ( 111.0000000000004405, 148.0000000000000284, -111.0000000000004547 ) ) ;
#2635 = DIRECTION ( 'NONE',  ( 0.000000000000000000, 0.000000000000000000, 1.000000000000000000 ) ) ;
#2636 = EDGE_CURVE ( 'NONE', #707, #161, #3879, .T. ) ;
#2637 = FACE_OUTER_BOUND ( 'NONE', #4275, .T. ) ;
#2638 = CARTESIAN_POINT ( 'NONE',  ( 52.68244873763094915, 98.22705621388695363, -39.05955992384013342 ) ) ;
#2639 = CARTESIAN_POINT ( 'NONE',  ( 82.50000000000002842, 149.0000000000000284, -114.8499999999999801 ) ) ;
#2640 = VERTEX_POINT ( 'NONE', #381 ) ;
#2641 = CARTESIAN_POINT ( 'NONE',  ( 28.16916576924098692, 68.76314129940712405, -27.15505947026679223 ) ) ;
#2642 = CARTESIAN_POINT ( 'NONE',  ( 31.12806601517444349, 74.58817464298985556, 29.97107447277743120 ) ) ;
#2643 = ORIENTED_EDGE ( 'NONE', *, *, #2735, .T. ) ;
#2644 = DIRECTION ( 'NONE',  ( 0.000000000000000000, 0.000000000000000000, 1.000000000000000000 ) ) ;
#2645 = CARTESIAN_POINT ( 'NONE',  ( -69.76799852400262125, 117.0442818425157014, -58.63405866364920627 ) ) ;
#2646 = ADVANCED_FACE ( 'NONE', ( #3749 ), #754, .F. ) ;
#2647 = ORIENTED_EDGE ( 'NONE', *, *, #863, .T. ) ;
#2648 = LINE ( 'NONE', #938, #118 ) ;
#2649 = AXIS2_PLACEMENT_3D ( 'NONE', #2137, #421, #2176 ) ;
#2650 = DIRECTION ( 'NONE',  ( -0.000000000000000000, 1.000000000000000000, -0.000000000000000000 ) ) ;
#2651 = CARTESIAN_POINT ( 'NONE',  ( -99.62547606142192080, 139.9999999999999716, 102.6500000000000199 ) ) ;
#2652 = ORIENTED_EDGE ( 'NONE', *, *, #3813, .F. ) ;
#2653 = EDGE_CURVE ( 'NONE', #2556, #455, #1040, .T. ) ;
#2654 = EDGE_LOOP ( 'NONE', ( #86, #1889, #1812, #2057 ) ) ;
#2655 = EDGE_CURVE ( 'NONE', #3608, #2073, #1727, .T. ) ;
#2656 = DIRECTION ( 'NONE',  ( 0.000000000000000000, 0.000000000000000000, -1.000000000000000000 ) ) ;
#2657 = CARTESIAN_POINT ( 'NONE',  ( -125.0000000000004690, 140.0000000000000000, 111.0000000000004690 ) ) ;
#2658 = CARTESIAN_POINT ( 'NONE',  ( -26.70879484081405408, 41.41277825732953488, 13.41765791950984621 ) ) ;
#2659 = CARTESIAN_POINT ( 'NONE',  ( 17.21028008360597639, 33.74595302731918167, -21.11413188016391018 ) ) ;
#2660 = LINE ( 'NONE', #1283, #1291 ) ;
#2661 = CARTESIAN_POINT ( 'NONE',  ( 40.89128607774958368, 90.70254744640588740, -39.80495043273266020 ) ) ;
#2662 = CARTESIAN_POINT ( 'NONE',  ( -82.50000000000000000, 146.0000000000000284, 112.5999999999999943 ) ) ;
#2663 = DIRECTION ( 'NONE',  ( 0.000000000000000000, 0.000000000000000000, 1.000000000000000000 ) ) ;
#2664 = AXIS2_PLACEMENT_3D ( 'NONE', #2082, #2766, #2847 ) ;
#2665 = AXIS2_PLACEMENT_3D ( 'NONE', #2473, #2836, #2427 ) ;
#2666 = DIRECTION ( 'NONE',  ( 1.000000000000000000, 0.000000000000000000, -0.000000000000000000 ) ) ;
#2667 = ORIENTED_EDGE ( 'NONE', *, *, #2497, .F. ) ;
#2668 = DIRECTION ( 'NONE',  ( -0.000000000000000000, 1.000000000000000000, -0.000000000000000000 ) ) ;
#2669 = CARTESIAN_POINT ( 'NONE',  ( -63.80991694439529027, 111.2637283126960170, -51.74433070587345185 ) ) ;
#2670 = VECTOR ( 'NONE', #1546, 1000.000000000000000 ) ;
#2671 = CARTESIAN_POINT ( 'NONE',  ( 81.72552619548828545, 129.9906792456621929, -82.27546578289695844 ) ) ;
#2672 = EDGE_LOOP ( 'NONE', ( #4148, #500, #2983, #3843 ) ) ;
#2673 = CIRCLE ( 'NONE', #3243, 12.57936541973775313 ) ;
#2674 = CARTESIAN_POINT ( 'NONE',  ( 82.50000000000000000, 149.0000000000000284, 114.8500000000000085 ) ) ;
#2675 = CARTESIAN_POINT ( 'NONE',  ( 22.48801905582077154, 55.14958927055087656, 22.84457137738549548 ) ) ;
#2676 = CYLINDRICAL_SURFACE ( 'NONE', #1768, 4.899999999999987921 ) ;
#2677 = AXIS2_PLACEMENT_3D ( 'NONE', #186, #1548, #2902 ) ;
#2678 = ORIENTED_EDGE ( 'NONE', *, *, #2633, .F. ) ;
#2679 = ORIENTED_EDGE ( 'NONE', *, *, #2104, .T. ) ;
#2680 = CARTESIAN_POINT ( 'NONE',  ( -33.68353962856461692, 64.39145944156810231, 25.40690862664929739 ) ) ;
#2681 = DIRECTION ( 'NONE',  ( -0.000000000000000000, 1.000000000000000000, -0.000000000000000000 ) ) ;
#2682 = AXIS2_PLACEMENT_3D ( 'NONE', #2263, #190, #1552 ) ;
#2683 = CARTESIAN_POINT ( 'NONE',  ( -35.04942255624596470, 67.71389775841917924, -26.66771159097823940 ) ) ;
#2684 = ADVANCED_FACE ( 'NONE', ( #3457 ), #1791, .F. ) ;
#2685 = CIRCLE ( 'NONE', #1907, 13.99999999999999822 ) ;
#2686 = DIRECTION ( 'NONE',  ( 0.000000000000000000, 0.000000000000000000, 1.000000000000000000 ) ) ;
#2687 = CARTESIAN_POINT ( 'NONE',  ( 30.98530965796103942, 70.36462994192493170, -27.63797848017449610 ) ) ;
#2688 = CARTESIAN_POINT ( 'NONE',  ( -21.46396496056324210, 9.000000000000000000, -12.33553522306277195 ) ) ;
#2689 = ADVANCED_FACE ( 'NONE', ( #1771 ), #2764, .F. ) ;
#2690 = VECTOR ( 'NONE', #2031, 1000.000000000000000 ) ;
#2691 = CARTESIAN_POINT ( 'NONE',  ( -2.000000000000001776, 40.47158021804850137, -93.37438869950383946 ) ) ;
#2692 = LINE ( 'NONE', #2076, #3262 ) ;
#2693 = CARTESIAN_POINT ( 'NONE',  ( -82.05625772763424663, 127.3129942587332692, -73.08793605214648892 ) ) ;
#2694 = VECTOR ( 'NONE', #2814, 1000.000000000000000 ) ;
#2695 = CARTESIAN_POINT ( 'NONE',  ( -117.5000000000000995, 146.0000000000000284, -82.49999999999998579 ) ) ;
#2696 = ORIENTED_EDGE ( 'NONE', *, *, #1266, .F. ) ;
#2697 = CARTESIAN_POINT ( 'NONE',  ( -38.57265898504606838, 75.32899483705186583, -23.17603944287081319 ) ) ;
#2698 = CARTESIAN_POINT ( 'NONE',  ( -82.50000000000000000, 149.0000000000000284, 117.5000000000000000 ) ) ;
#2699 = CARTESIAN_POINT ( 'NONE',  ( -58.09612060785227072, 111.0157829450720612, 57.34286499835457818 ) ) ;
#2700 = ORIENTED_EDGE ( 'NONE', *, *, #1324, .F. ) ;
#2701 = EDGE_LOOP ( 'NONE', ( #1325, #3403, #3873, #3229 ) ) ;
#2702 = ORIENTED_EDGE ( 'NONE', *, *, #1655, .F. ) ;
#2703 = CARTESIAN_POINT ( 'NONE',  ( -82.50000000000000000, 140.0000000000000000, 117.5000000000000000 ) ) ;
#2704 = CARTESIAN_POINT ( 'NONE',  ( -17.67822770767661922, 36.79353012582570415, -21.21440637103619764 ) ) ;
#2705 = DIRECTION ( 'NONE',  ( 0.9986295347545739443, 0.05233595624294395260, 0.000000000000000000 ) ) ;
#2706 = ORIENTED_EDGE ( 'NONE', *, *, #4101, .F. ) ;
#2707 = FACE_OUTER_BOUND ( 'NONE', #122, .T. ) ;
#2708 = ADVANCED_FACE ( 'NONE', ( #2145 ), #1900, .T. ) ;
#2709 = LINE ( 'NONE', #1642, #3361 ) ;
#2710 = CARTESIAN_POINT ( 'NONE',  ( 25.11760832970491464, 32.79488490836931902, 105.0000000000000284 ) ) ;
#2711 = EDGE_CURVE ( 'NONE', #1075, #1949, #34, .T. ) ;
#2712 = LINE ( 'NONE', #661, #2690 ) ;
#2713 = CARTESIAN_POINT ( 'NONE',  ( 36.54474198220498238, 71.03114527130296096, -20.90424406778643984 ) ) ;
#2714 = CARTESIAN_POINT ( 'NONE',  ( 99.62547606142200607, 140.0000000000000000, -102.6500000000000199 ) ) ;
#2715 = ORIENTED_EDGE ( 'NONE', *, *, #2196, .F. ) ;
#2716 =( BOUNDED_CURVE ( )  B_SPLINE_CURVE ( 3, ( #3603, #3980, #3648, #1961 ),
 .UNSPECIFIED., .F., .T. ) 
 B_SPLINE_CURVE_WITH_KNOTS ( ( 4, 4 ),
 ( 1.723153822874073704, 1.783601360898604771 ),
 .UNSPECIFIED. ) 
 CURVE ( )  GEOMETRIC_REPRESENTATION_ITEM ( )  RATIONAL_B_SPLINE_CURVE ( ( 1.000000000000000000, 0.9996955311070472305, 0.9996955311070472305, 1.000000000000000000 ) ) 
 REPRESENTATION_ITEM ( '' )  );
#2717 = EDGE_CURVE ( 'NONE', #1268, #2447, #4381, .T. ) ;
#2718 = CARTESIAN_POINT ( 'NONE',  ( -26.87005768508894832, 9.000000000000000000, 23.62005768508866055 ) ) ;
#2719 = CARTESIAN_POINT ( 'NONE',  ( 34.10364677684210477, 65.38663230411314942, 18.39529021937761044 ) ) ;
#2720 = CARTESIAN_POINT ( 'NONE',  ( 4.708657348451055797E-14, -357.0889244992079057, 0.000000000000000000 ) ) ;
#2721 = ORIENTED_EDGE ( 'NONE', *, *, #974, .F. ) ;
#2722 = ORIENTED_EDGE ( 'NONE', *, *, #264, .F. ) ;
#2723 = CIRCLE ( 'NONE', #4073, 4.899999999999987921 ) ;
#2724 = CARTESIAN_POINT ( 'NONE',  ( -27.73749198454180842, 45.92988196061563144, 21.51649612945504586 ) ) ;
#2725 = DIRECTION ( 'NONE',  ( 0.000000000000000000, 0.000000000000000000, 1.000000000000000000 ) ) ;
#2726 = CARTESIAN_POINT ( 'NONE',  ( -36.54474198220380288, 71.03114527130040301, 20.90424406778521416 ) ) ;
#2727 = ADVANCED_FACE ( 'NONE', ( #2739 ), #1986, .T. ) ;
#2728 = DIRECTION ( 'NONE',  ( -0.000000000000000000, -1.000000000000000000, -0.000000000000000000 ) ) ;
#2729 = APPLICATION_PROTOCOL_DEFINITION ( 'draft international standard', 'automotive_design', 1998, #4044 ) ;
#2730 = CARTESIAN_POINT ( 'NONE',  ( 29.72097043666394001, 70.74787470268611855, -28.04605975191657663 ) ) ;
#2731 = DIRECTION ( 'NONE',  ( 0.000000000000000000, -1.000000000000000000, 0.000000000000000000 ) ) ;
#2732 = CARTESIAN_POINT ( 'NONE',  ( 17.21028008360599770, 34.00903482021968216, 13.11845880216453075 ) ) ;
#2733 = CYLINDRICAL_SURFACE ( 'NONE', #3391, 2.649999999999985700 ) ;
#2734 = B_SPLINE_CURVE_WITH_KNOTS ( 'NONE', 3,
 ( #216, #2284, #4301, #3924, #2567, #2238, #2546, #872, #4234, #2611, #1577, #3217, #3640, #1507 ),
 .UNSPECIFIED., .F., .F.,
 ( 4, 2, 2, 2, 2, 2, 4 ),
 ( 0.000000000000000000, 0.001358666457122877438, 0.002717332914245754877, 0.003396666142807210510, 0.004075999371368666142, 0.004755332599930122209, 0.005434665828491577408 ),
 .UNSPECIFIED. ) ;
#2735 = EDGE_CURVE ( 'NONE', #97, #984, #3459, .T. ) ;
#2736 = CIRCLE ( 'NONE', #3232, 4.900000000000001243 ) ;
#2737 = CARTESIAN_POINT ( 'NONE',  ( -111.0000000000004405, 140.0000000000000000, 125.0000000000004690 ) ) ;
#2738 = ORIENTED_EDGE ( 'NONE', *, *, #1270, .T. ) ;
#2739 = FACE_OUTER_BOUND ( 'NONE', #2701, .T. ) ;
#2740 = VECTOR ( 'NONE', #2023, 1000.000000000000000 ) ;
#2741 = CARTESIAN_POINT ( 'NONE',  ( 28.99302625984428516, 50.63167043972066494, 22.02425588187034933 ) ) ;
#2742 = CARTESIAN_POINT ( 'NONE',  ( -101.7149218707563705, 140.0000000000000000, 101.8977635140341249 ) ) ;
#2743 = ORIENTED_EDGE ( 'NONE', *, *, #3424, .T. ) ;
#2744 = EDGE_CURVE ( 'NONE', #3064, #1496, #3185, .T. ) ;
#2745 = ORIENTED_EDGE ( 'NONE', *, *, #2225, .F. ) ;
#2746 = CARTESIAN_POINT ( 'NONE',  ( -25.18768324348354071, 62.18796673934394903, 24.68493927843900693 ) ) ;
#2747 = FACE_OUTER_BOUND ( 'NONE', #2971, .T. ) ;
#2748 = CARTESIAN_POINT ( 'NONE',  ( 102.2550706482667380, 140.0000000000000000, 101.1621733970962538 ) ) ;
#2749 = CARTESIAN_POINT ( 'NONE',  ( -33.67880064746476165, 69.94482325139092893, -25.93540700502430596 ) ) ;
#2750 = ADVANCED_FACE ( 'NONE', ( #593 ), #2886, .T. ) ;
#2751 = CARTESIAN_POINT ( 'NONE',  ( 64.20760728383844196, 116.7035138361642908, 63.66999336742821924 ) ) ;
#2752 = ORIENTED_EDGE ( 'NONE', *, *, #3540, .T. ) ;
#2753 = ADVANCED_FACE ( 'NONE', ( #1723, #2119 ), #2804, .F. ) ;
#2754 = DIRECTION ( 'NONE',  ( 0.000000000000000000, -0.000000000000000000, -1.000000000000000000 ) ) ;
#2755 = AXIS2_PLACEMENT_3D ( 'NONE', #1800, #805, #2454 ) ;
#2756 = CARTESIAN_POINT ( 'NONE',  ( 26.70879484081406474, 41.41277825732952778, 13.41765791950984621 ) ) ;
#2757 = VECTOR ( 'NONE', #2262, 1000.000000000000114 ) ;
#2758 = CARTESIAN_POINT ( 'NONE',  ( 82.50000000000000000, 149.0000000000000284, 122.3999999999999915 ) ) ;
#2759 = CARTESIAN_POINT ( 'NONE',  ( -25.56108810415095078, 35.68311157035265069, -13.21873329303680400 ) ) ;
#2760 = AXIS2_PLACEMENT_3D ( 'NONE', #1523, #2537, #843 ) ;
#2761 = EDGE_CURVE ( 'NONE', #3436, #2992, #200, .T. ) ;
#2762 = LINE ( 'NONE', #983, #901 ) ;
#2763 = ORIENTED_EDGE ( 'NONE', *, *, #2353, .F. ) ;
#2764 = CYLINDRICAL_SURFACE ( 'NONE', #3105, 2.649999999999985700 ) ;
#2765 = MECHANICAL_DESIGN_GEOMETRIC_PRESENTATION_REPRESENTATION (  '', ( #4177 ), #2833 ) ;
#2766 = DIRECTION ( 'NONE',  ( 0.1516885418044146283, -0.9878937349603240659, 0.03250468752951644197 ) ) ;
#2767 = VERTEX_POINT ( 'NONE', #1386 ) ;
#2768 = ADVANCED_FACE ( 'NONE', ( #91 ), #2733, .F. ) ;
#2769 = EDGE_LOOP ( 'NONE', ( #1248, #2580, #1134, #2763 ) ) ;
#2770 = CARTESIAN_POINT ( 'NONE',  ( 117.4999999999999432, 146.0000000000000284, 79.84999999999999432 ) ) ;
#2771 = LINE ( 'NONE', #1476, #3874 ) ;
#2772 = EDGE_CURVE ( 'NONE', #1075, #749, #1042, .T. ) ;
#2773 = FACE_BOUND ( 'NONE', #2444, .T. ) ;
#2774 = CARTESIAN_POINT ( 'NONE',  ( -21.46396496056324210, 9.000000000000000000, -12.33553522306277195 ) ) ;
#2775 =( BOUNDED_SURFACE ( )  B_SPLINE_SURFACE ( 3, 2, ( 
 ( #1802, #459, #3155 ),
 ( #107, #3863, #396 ),
 ( #1847, #2780, #2820 ),
 ( #4173, #1822, #3178 ),
 ( #808, #4193, #1148 ),
 ( #2502, #482, #3198 ),
 ( #1196, #902, #876 ),
 ( #3976, #2590, #238 ),
 ( #196, #1600, #3887 ),
 ( #2198, #2241, #2218 ),
 ( #3598, #1933, #3953 ),
 ( #2266, #545, #1220 ) ),
 .UNSPECIFIED., .F., .F., .T. ) 
 B_SPLINE_SURFACE_WITH_KNOTS ( ( 4, 2, 2, 2, 2, 4 ),
 ( 3, 3 ),
 ( 0.04865746300679110736, 0.05718261693774850246, 0.06570777086870589756, 0.07423292479966328572, 0.07849550176514198674, 0.08275807873062068776 ),
 ( 0.000000000000000000, 1.000000000000000000 ),
 .UNSPECIFIED. ) 
 GEOMETRIC_REPRESENTATION_ITEM ( )  RATIONAL_B_SPLINE_SURFACE ( (
 ( 1.000000000000000000, 0.7095581163979201023, 1.000000000000000000),
 ( 1.000000000000000000, 0.7123902603179361748, 1.000000000000000000),
 ( 1.000000000000000000, 0.7158370914236701354, 1.000000000000000000),
 ( 1.000000000000000000, 0.7237793910993753910, 1.000000000000000000),
 ( 1.000000000000000000, 0.7282746848195856826, 1.000000000000000000),
 ( 1.000000000000000000, 0.7381418156300628697, 1.000000000000000000),
 ( 1.000000000000000000, 0.7435136423618297075, 1.000000000000000000),
 ( 1.000000000000000000, 0.7521078368568675510, 1.000000000000000000),
 ( 1.000000000000000000, 0.7550673467503765668, 1.000000000000000000),
 ( 1.000000000000000000, 0.7610808902998642544, 1.000000000000000000),
 ( 1.000000000000000000, 0.7641416289639300086, 1.000000000000000000),
 ( 1.000000000000000000, 0.7672448872757037241, 1.000000000000000000) ) ) 
 REPRESENTATION_ITEM ( '' )  SURFACE ( )  );
#2776 = EDGE_LOOP ( 'NONE', ( #234, #1808 ) ) ;
#2777 = ORIENTED_EDGE ( 'NONE', *, *, #1270, .F. ) ;
#2778 = EDGE_CURVE ( 'NONE', #2165, #1648, #3346, .T. ) ;
#2779 = DIRECTION ( 'NONE',  ( -0.000000000000000000, 1.000000000000000000, -0.000000000000000000 ) ) ;
#2780 = CARTESIAN_POINT ( 'NONE',  ( 27.73749198459147181, 45.92988196061592987, -21.51649612941541889 ) ) ;
#2781 = DIRECTION ( 'NONE',  ( -0.000000000000000000, -1.000000000000000000, -0.000000000000000000 ) ) ;
#2782 = DIRECTION ( 'NONE',  ( 0.000000000000000000, -0.000000000000000000, -1.000000000000000000 ) ) ;
#2783 = CARTESIAN_POINT ( 'NONE',  ( 117.4999999999999432, 149.0000000000000284, 82.49999999999998579 ) ) ;
#2784 = ORIENTED_EDGE ( 'NONE', *, *, #2490, .F. ) ;
#2785 = CARTESIAN_POINT ( 'NONE',  ( -30.01727785331928189, 72.44047299297817233, 28.85520502062410841 ) ) ;
#2786 = ORIENTED_EDGE ( 'NONE', *, *, #2378, .F. ) ;
#2787 = EDGE_CURVE ( 'NONE', #1493, #2519, #725, .T. ) ;
#2788 = AXIS2_PLACEMENT_3D ( 'NONE', #586, #2976, #1954 ) ;
#2789 = VERTEX_POINT ( 'NONE', #1447 ) ;
#2790 = ORIENTED_EDGE ( 'NONE', *, *, #3273, .F. ) ;
#2791 = LINE ( 'NONE', #777, #4040 ) ;
#2792 = CARTESIAN_POINT ( 'NONE',  ( -101.1635635645490936, 140.0000000000000000, -102.3022985975308643 ) ) ;
#2793 = DIRECTION ( 'NONE',  ( -0.000000000000000000, 1.000000000000000000, -0.000000000000000000 ) ) ;
#2794 = CARTESIAN_POINT ( 'NONE',  ( -29.27425707142517197, 70.91362602637028090, -28.12649252409801903 ) ) ;
#2795 = ADVANCED_FACE ( 'NONE', ( #3388 ), #8, .F. ) ;
#2796 = ORIENTED_EDGE ( 'NONE', *, *, #1074, .T. ) ;
#2797 = TOROIDAL_SURFACE ( 'NONE', #3220, 51.50000000000000000, 2.000000000000000000 ) ;
#2798 = ORIENTED_EDGE ( 'NONE', *, *, #1036, .T. ) ;
#2799 = ORIENTED_EDGE ( 'NONE', *, *, #1179, .T. ) ;
#2800 = DIRECTION ( 'NONE',  ( -0.000000000000000000, 1.000000000000000000, -0.000000000000000000 ) ) ;
#2801 = AXIS2_PLACEMENT_3D ( 'NONE', #785, #2117, #4215 ) ;
#2802 = DIRECTION ( 'NONE',  ( 0.000000000000000000, 0.9994591347499238720, 0.03288522411256245004 ) ) ;
#2803 = CARTESIAN_POINT ( 'NONE',  ( 78.33083636837487518, 124.4587471213562395, 68.65907874193739246 ) ) ;
#2804 = PLANE ( 'NONE',  #2250 ) ;
#2805 = VERTEX_POINT ( 'NONE', #1561 ) ;
#2806 = DIRECTION ( 'NONE',  ( -0.9884160307623646169, -0.1517687389812944210, 0.000000000000000000 ) ) ;
#2807 = ORIENTED_EDGE ( 'NONE', *, *, #716, .T. ) ;
#2808 = DIRECTION ( 'NONE',  ( 0.000000000000000000, -7.131640956793534317E-15, -1.000000000000000000 ) ) ;
#2809 = EDGE_CURVE ( 'NONE', #3882, #3015, #1972, .T. ) ;
#2810 = CIRCLE ( 'NONE', #672, 13.57799495449232907 ) ;
#2811 = ORIENTED_EDGE ( 'NONE', *, *, #2848, .T. ) ;
#2812 = CARTESIAN_POINT ( 'NONE',  ( -82.50000000000002842, 146.0000000000000284, -117.4999999999999716 ) ) ;
#2813 = LINE ( 'NONE', #3799, #1401 ) ;
#2814 = DIRECTION ( 'NONE',  ( -0.000000000000000000, -1.000000000000000000, -0.000000000000000000 ) ) ;
#2815 = CARTESIAN_POINT ( 'NONE',  ( -29.24229335221804860, 70.91611563613430746, -28.12770094313626856 ) ) ;
#2816 = ORIENTED_EDGE ( 'NONE', *, *, #1324, .T. ) ;
#2817 = CARTESIAN_POINT ( 'NONE',  ( -21.46396496056324210, 9.000000000000000000, 105.0000000000000284 ) ) ;
#2818 =( NAMED_UNIT ( * ) SI_UNIT ( $, .STERADIAN. ) SOLID_ANGLE_UNIT ( ) );
#2819 = CIRCLE ( 'NONE', #3753, 13.57799495449232907 ) ;
#2820 = CARTESIAN_POINT ( 'NONE',  ( 27.93001563844345725, 46.70012947832624661, -13.74956306420135910 ) ) ;
#2821 = CARTESIAN_POINT ( 'NONE',  ( 67.95192736769526221, 115.3431039601436083, 56.52719792091387063 ) ) ;
#2822 = CARTESIAN_POINT ( 'NONE',  ( -53.49999999999995026, -357.0889244992079057, 0.000000000000000000 ) ) ;
#2823 = ADVANCED_FACE ( 'NONE', ( #4195 ), #1824, .T. ) ;
#2824 = AXIS2_PLACEMENT_3D ( 'NONE', #1239, #3552, #1214 ) ;
#2825 = CLOSED_SHELL ( 'NONE', ( #3176, #2768, #80, #4092, #384, #69, #214, #2570, #2007, #1081, #1672, #3746, #2253, #740, #519, #1017, #3881, #585, #1743, #1965, #4190, #3505, #3385, #1039, #1979, #4097, #4074, #2684, #3613, #1217, #4203, #2498, #2441, #2093, #1413, #1409, #3757, #2823, #2870, #2827, #1138, #1631, #3363, #1853, #1518, #2646, #437, #1513, #3497, #941, #3413, #2708, #880, #3861, #2234, #248, #2417, #4310, #487, #4281, #2887, #1057, #4170, #1584, #3535, #2750, #1355, #2063, #369, #112, #1641, #1720, #3852, #3782, #3636, #267, #2727, #1310, #4352, #3434, #2613, #1228, #43, #3369, #2565, #665, #1540, #1190, #1388, #3700, #3829, #1302, #231, #2689, #3256, #2753, #3047, #195, #1104, #4137, #1230, #2924, #3581, #4009, #3019, #2276, #2437, #159, #2069, #4325, #3067, #830, #2795, #3961 ) ) ;
#2826 = CARTESIAN_POINT ( 'NONE',  ( 55.05835089083495859, 108.0047200875583542, -54.21609503179357858 ) ) ;
#2827 = ADVANCED_FACE ( 'NONE', ( #439 ), #1467, .T. ) ;
#2828 = ORIENTED_EDGE ( 'NONE', *, *, #2251, .F. ) ;
#2829 = CARTESIAN_POINT ( 'NONE',  ( 30.15329140918186113, 70.58746362219753223, 27.96821839532675114 ) ) ;
#2830 = CARTESIAN_POINT ( 'NONE',  ( -63.92840617161822792, 111.3233294524767416, 51.88725625972103472 ) ) ;
#2831 = VECTOR ( 'NONE', #3022, 1000.000000000000114 ) ;
#2832 = EDGE_LOOP ( 'NONE', ( #1026, #572 ) ) ;
#2833 =( GEOMETRIC_REPRESENTATION_CONTEXT ( 3 ) GLOBAL_UNCERTAINTY_ASSIGNED_CONTEXT ( ( #2421 ) ) GLOBAL_UNIT_ASSIGNED_CONTEXT ( ( #1531, #458, #2818 ) ) REPRESENTATION_CONTEXT ( 'NONE', 'WORKASPACE' ) );
#2834 = ORIENTED_EDGE ( 'NONE', *, *, #643, .T. ) ;
#2835 = CYLINDRICAL_SURFACE ( 'NONE', #1772, 3.249999999999999556 ) ;
#2836 = DIRECTION ( 'NONE',  ( 0.000000000000000000, -1.000000000000000000, 0.000000000000000000 ) ) ;
#2837 = DIRECTION ( 'NONE',  ( -2.010773395782446296E-16, 1.000000000000000000, 0.000000000000000000 ) ) ;
#2838 = CARTESIAN_POINT ( 'NONE',  ( 111.0000000000004405, 140.0000000000000000, 125.0000000000004690 ) ) ;
#2839 = CIRCLE ( 'NONE', #1563, 12.57936541973775313 ) ;
#2840 = ORIENTED_EDGE ( 'NONE', *, *, #1846, .F. ) ;
#2841 = FACE_OUTER_BOUND ( 'NONE', #1426, .T. ) ;
#2842 = CARTESIAN_POINT ( 'NONE',  ( 82.50000000000000000, 149.0000000000000284, 117.5000000000000000 ) ) ;
#2843 = EDGE_CURVE ( 'NONE', #555, #3567, #4263, .T. ) ;
#2844 = CARTESIAN_POINT ( 'NONE',  ( 117.4999999999999432, 146.0000000000000284, 77.59999999999999432 ) ) ;
#2845 = CARTESIAN_POINT ( 'NONE',  ( 97.24941210936739822, 138.8893644441160404, -99.75710779517112314 ) ) ;
#2846 = CARTESIAN_POINT ( 'NONE',  ( 40.68549785365800631, 79.52991088057568447, -25.54376846699536685 ) ) ;
#2847 = DIRECTION ( 'NONE',  ( 0.9884160307623645059, 0.1517687389812955034, 0.000000000000000000 ) ) ;
#2848 = EDGE_CURVE ( 'NONE', #2315, #2282, #1468, .T. ) ;
#2849 = CARTESIAN_POINT ( 'NONE',  ( -111.0000000000003837, 148.0523359562429562, -124.5779949544927945 ) ) ;
#2850 = EDGE_LOOP ( 'NONE', ( #2715, #2625, #932, #2987, #1241, #1781, #3796, #1189 ) ) ;
#2851 = DIRECTION ( 'NONE',  ( 0.000000000000000000, 0.000000000000000000, -1.000000000000000000 ) ) ;
#2852 = CARTESIAN_POINT ( 'NONE',  ( -68.38748333032637561, 115.7611497852968938, 57.03130078417532189 ) ) ;
#2853 = EDGE_LOOP ( 'NONE', ( #1732, #1566, #2926, #2134, #442, #2706, #139, #1323, #2092, #1084, #243, #1278 ) ) ;
#2854 = DIRECTION ( 'NONE',  ( -0.000000000000000000, 1.000000000000000000, -0.000000000000000000 ) ) ;
#2855 = FACE_BOUND ( 'NONE', #3103, .T. ) ;
#2856 = CYLINDRICAL_SURFACE ( 'NONE', #1780, 3.249999999999999556 ) ;
#2857 = FACE_BOUND ( 'NONE', #1712, .T. ) ;
#2858 = ORIENTED_EDGE ( 'NONE', *, *, #1947, .T. ) ;
#2859 = AXIS2_PLACEMENT_3D ( 'NONE', #3665, #3381, #2370 ) ;
#2860 = EDGE_LOOP ( 'NONE', ( #1412, #1125 ) ) ;
#2861 = CARTESIAN_POINT ( 'NONE',  ( 21.46396496056324210, 9.000000000000000000, 12.33553522306277195 ) ) ;
#2862 = CYLINDRICAL_SURFACE ( 'NONE', #2977, 2.649999999999985700 ) ;
#2863 = EDGE_CURVE ( 'NONE', #2992, #2152, #991, .T. ) ;
#2864 = DIRECTION ( 'NONE',  ( -0.2110933456733758429, -0.9769372296910459053, 0.03214418541517997940 ) ) ;
#2865 = CARTESIAN_POINT ( 'NONE',  ( 40.72619811682263702, 79.49204401174860379, 25.59091842733897337 ) ) ;
#2866 = DIRECTION ( 'NONE',  ( -0.9986295347545739443, 0.05233595624294395260, 0.000000000000000000 ) ) ;
#2867 = CARTESIAN_POINT ( 'NONE',  ( 21.46396496056324210, 9.000000000000000000, 105.0000000000000284 ) ) ;
#2868 = CARTESIAN_POINT ( 'NONE',  ( 104.0533065484748931, 140.7100091245188764, 100.8320804021960697 ) ) ;
#2869 = ORIENTED_EDGE ( 'NONE', *, *, #3175, .T. ) ;
#2870 = ADVANCED_FACE ( 'NONE', ( #1490 ), #3889, .T. ) ;
#2871 = FACE_BOUND ( 'NONE', #358, .T. ) ;
#2872 = CARTESIAN_POINT ( 'NONE',  ( -46.32713901402368606, 98.04914236964043539, 45.30841325660608732 ) ) ;
#2873 = VERTEX_POINT ( 'NONE', #3247 ) ;
#2874 = FACE_OUTER_BOUND ( 'NONE', #2969, .T. ) ;
#2875 = CARTESIAN_POINT ( 'NONE',  ( -93.15246547402529131, 136.7816830408840190, -95.00503504543978295 ) ) ;
#2876 = CIRCLE ( 'NONE', #3165, 53.50000000000000000 ) ;
#2877 = CARTESIAN_POINT ( 'NONE',  ( 75025.71839294326492, 488485.1377712598769, -2.000000000000000000 ) ) ;
#2878 = DIRECTION ( 'NONE',  ( 0.000000000000000000, -0.000000000000000000, -1.000000000000000000 ) ) ;
#2879 = EDGE_CURVE ( 'NONE', #4317, #2512, #3490, .T. ) ;
#2880 = VECTOR ( 'NONE', #2226, 1000.000000000000000 ) ;
#2881 = EDGE_LOOP ( 'NONE', ( #1632, #2100 ) ) ;
#2882 = CARTESIAN_POINT ( 'NONE',  ( -36.54474198220380288, 71.03114527130040301, 20.90424406778521416 ) ) ;
#2883 = DIRECTION ( 'NONE',  ( -0.1517687389812944765, 0.9884160307623646169, 0.000000000000000000 ) ) ;
#2884 = DIRECTION ( 'NONE',  ( -0.000000000000000000, -0.000000000000000000, -1.000000000000000000 ) ) ;
#2885 = VERTEX_POINT ( 'NONE', #3909 ) ;
#2886 =( BOUNDED_SURFACE ( )  B_SPLINE_SURFACE ( 3, 2, ( 
 ( #2601, #3277, #4289 ),
 ( #2337, #314, #2624 ),
 ( #3704, #1003, #1314 ),
 ( #1964, #2962, #2356 ),
 ( #4384, #3676, #3651 ),
 ( #4316, #270, #3960 ),
 ( #1629, #4340, #1675 ),
 ( #245, #1250, #2693 ),
 ( #911, #2985, #4361 ),
 ( #1940, #1608, #4054 ),
 ( #3343, #3723, #1290 ),
 ( #2275, #980, #291 ),
 ( #934, #662, #2645 ),
 ( #3983, #3630, #571 ),
 ( #226, #1588, #3298 ),
 ( #4004, #2940, #2669 ),
 ( #4029, #1992, #956 ),
 ( #2296, #2314, #3005 ),
 ( #618, #1651, #641 ),
 ( #2010, #3365, #3031 ),
 ( #746, #4116, #1363 ),
 ( #1701, #2440, #1068 ),
 ( #3120, #2374, #3472 ),
 ( #1045, #4135, #3808 ),
 ( #3412, #2395, #2054 ),
 ( #1746, #4157, #423 ),
 ( #1089, #2416, #3766 ),
 ( #334, #3828, #3055 ) ),
 .UNSPECIFIED., .F., .F., .F. ) 
 B_SPLINE_SURFACE_WITH_KNOTS ( ( 4, 2, 2, 2, 2, 2, 2, 2, 2, 2, 2, 2, 2, 4 ),
 ( 3, 3 ),
 ( 0.03659461718420522341, 0.05314680314326956923, 0.06142289612280173866, 0.06969898910233390810, 0.08625117506139824697, 0.09452726804093042334, 0.09866531453069650459, 0.1028033610204625858, 0.1193555469795269247, 0.1359077329385912636, 0.1524599188976555886, 0.1565979653874216837, 0.1607360118771877788, 0.1690121048567199413 ),
 ( 0.000000000000000000, 1.000000000000000000 ),
 .UNSPECIFIED. ) 
 GEOMETRIC_REPRESENTATION_ITEM ( )  RATIONAL_B_SPLINE_SURFACE ( (
 ( 1.000000000000000000, 0.9581253037311002752, 1.000000000000000000),
 ( 1.000000000000000000, 0.9530262117531842492, 1.000000000000000000),
 ( 1.000000000000000000, 0.9474198085579056405, 1.000000000000000000),
 ( 1.000000000000000000, 0.9382696855087391263, 1.000000000000000000),
 ( 1.000000000000000000, 0.9350949771370351549, 1.000000000000000000),
 ( 1.000000000000000000, 0.9285058548301061698, 1.000000000000000000),
 ( 1.000000000000000000, 0.9251027262624148539, 1.000000000000000000),
 ( 1.000000000000000000, 0.9145795694629171857, 1.000000000000000000),
 ( 1.000000000000000000, 0.9071453737711285825, 1.000000000000000000),
 ( 1.000000000000000000, 0.8954176150139655510, 1.000000000000000000),
 ( 1.000000000000000000, 0.8914123618980507313, 1.000000000000000000),
 ( 1.000000000000000000, 0.8852680843751810080, 1.000000000000000000),
 ( 1.000000000000000000, 0.8831972692542033876, 1.000000000000000000),
 ( 1.000000000000000000, 0.8790116082448016233, 1.000000000000000000),
 ( 1.000000000000000000, 0.8768968973835477021, 1.000000000000000000),
 ( 1.000000000000000000, 0.8662532822436069813, 1.000000000000000000),
 ( 1.000000000000000000, 0.8574851247894458295, 1.000000000000000000),
 ( 1.000000000000000000, 0.8396115849842346046, 1.000000000000000000),
 ( 1.000000000000000000, 0.8305053175556776912, 1.000000000000000000),
 ( 1.000000000000000000, 0.8121765729545477042, 1.000000000000000000),
 ( 1.000000000000000000, 0.8029526889172760029, 1.000000000000000000),
 ( 1.000000000000000000, 0.7915422021120389617, 1.000000000000000000),
 ( 1.000000000000000000, 0.7892637257654142591, 1.000000000000000000),
 ( 1.000000000000000000, 0.7847513384651128021, 1.000000000000000000),
 ( 1.000000000000000000, 0.7825148330243810735, 1.000000000000000000),
 ( 1.000000000000000000, 0.7758737006470939335, 1.000000000000000000),
 ( 1.000000000000000000, 0.7715373675909510398, 1.000000000000000000),
 ( 1.000000000000000000, 0.7673187168905457600, 1.000000000000000000) ) ) 
 REPRESENTATION_ITEM ( '' )  SURFACE ( )  );
#2887 = ADVANCED_FACE ( 'NONE', ( #856 ), #3865, .T. ) ;
#2888 = CARTESIAN_POINT ( 'NONE',  ( 105.0000000000004690, 148.0000000000000284, 123.5793654197382097 ) ) ;
#2889 = CARTESIAN_POINT ( 'NONE',  ( 87.42913757254525819, 131.1066385529958893, 79.58162733122402699 ) ) ;
#2890 = DIRECTION ( 'NONE',  ( -1.000000000000000000, 0.000000000000000000, 0.000000000000000000 ) ) ;
#2891 = CARTESIAN_POINT ( 'NONE',  ( 28.79975494128939673, 70.04738981509832740, 27.71864087600788196 ) ) ;
#2892 = CIRCLE ( 'NONE', #1763, 2.649999999999985700 ) ;
#2893 = CARTESIAN_POINT ( 'NONE',  ( 60.99060968858528042, 108.1772616790239709, 48.51812516085757210 ) ) ;
#2894 = EDGE_LOOP ( 'NONE', ( #3769, #1902 ) ) ;
#2895 = CARTESIAN_POINT ( 'NONE',  ( -17.67815665201909781, 36.79306736583040305, -21.21439114483471755 ) ) ;
#2896 = CARTESIAN_POINT ( 'NONE',  ( -34.61428086565389606, 80.92754032623248861, 33.47591025493414207 ) ) ;
#2897 = AXIS2_PLACEMENT_3D ( 'NONE', #1818, #3823, #1863 ) ;
#2898 = ORIENTED_EDGE ( 'NONE', *, *, #1677, .F. ) ;
#2899 = PLANE ( 'NONE',  #1404 ) ;
#2900 = CIRCLE ( 'NONE', #3408, 1.000000000000000888 ) ;
#2901 = CARTESIAN_POINT ( 'NONE',  ( 18.88925619532805200, 42.83931635415303418, -21.41333099750922742 ) ) ;
#2902 = DIRECTION ( 'NONE',  ( 0.000000000000000000, 0.000000000000000000, 1.000000000000000000 ) ) ;
#2903 = VECTOR ( 'NONE', #1067, 1000.000000000000000 ) ;
#2904 = VERTEX_POINT ( 'NONE', #2484 ) ;
#2905 = ORIENTED_EDGE ( 'NONE', *, *, #1036, .F. ) ;
#2906 = CYLINDRICAL_SURFACE ( 'NONE', #410, 4.900000000000001243 ) ;
#2907 = LINE ( 'NONE', #4278, #335 ) ;
#2908 = CARTESIAN_POINT ( 'NONE',  ( -27.16755364807688977, 43.55857970660053979, -21.37815078074256903 ) ) ;
#2909 = CIRCLE ( 'NONE', #71, 4.900000000000001243 ) ;
#2910 = ORIENTED_EDGE ( 'NONE', *, *, #957, .T. ) ;
#2911 = EDGE_CURVE ( 'NONE', #841, #2142, #2220, .T. ) ;
#2912 = CARTESIAN_POINT ( 'NONE',  ( -125.0000000000004690, 140.0000000000000000, 111.0000000000004690 ) ) ;
#2913 = CARTESIAN_POINT ( 'NONE',  ( 87.25369540358511244, 133.4234121452730619, -88.36080430142307307 ) ) ;
#2914 = DIRECTION ( 'NONE',  ( 0.000000000000000000, 0.9986295347545739443, 0.05233595624294395954 ) ) ;
#2915 = CARTESIAN_POINT ( 'NONE',  ( -28.70048080109312494, 69.84737532953140260, 27.62901965775666469 ) ) ;
#2916 = CARTESIAN_POINT ( 'NONE',  ( 55.06248151743572095, 107.9416467950678964, 54.22403184328266690 ) ) ;
#2917 = ORIENTED_EDGE ( 'NONE', *, *, #3916, .T. ) ;
#2918 = FACE_OUTER_BOUND ( 'NONE', #1139, .T. ) ;
#2919 = CARTESIAN_POINT ( 'NONE',  ( -74.13341893911847080, 124.7722197158771706, 74.09796653266546684 ) ) ;
#2920 = EDGE_LOOP ( 'NONE', ( #3257, #2468, #1420, #2631 ) ) ;
#2921 = CARTESIAN_POINT ( 'NONE',  ( -46.48637193942436596, 98.24393640399784999, -45.47020821430467663 ) ) ;
#2922 = CARTESIAN_POINT ( 'NONE',  ( 25.56102076386737920, 35.68267300694226662, -13.21871806683104111 ) ) ;
#2923 = DIRECTION ( 'NONE',  ( -0.000000000000000000, 1.000000000000000000, -0.000000000000000000 ) ) ;
#2924 = ADVANCED_FACE ( 'NONE', ( #1893, #198 ), #2572, .F. ) ;
#2925 = VERTEX_POINT ( 'NONE', #588 ) ;
#2926 = ORIENTED_EDGE ( 'NONE', *, *, #59, .T. ) ;
#2927 = CARTESIAN_POINT ( 'NONE',  ( -63.66340580603578303, 111.0459842991010788, 51.58283977090115258 ) ) ;
#2928 = CARTESIAN_POINT ( 'NONE',  ( -53.50000000000000000, 7.000000000000006217, 0.000000000000000000 ) ) ;
#2929 = CARTESIAN_POINT ( 'NONE',  ( 29.25808978546700345, 70.91611563613429325, 28.12770094313627212 ) ) ;
#2930 = EDGE_CURVE ( 'NONE', #1984, #1154, #3998, .T. ) ;
#2931 = ORIENTED_EDGE ( 'NONE', *, *, #774, .T. ) ;
#2932 = DIRECTION ( 'NONE',  ( 0.05233595624294395260, 0.9986295347545739443, 0.000000000000000000 ) ) ;
#2933 = CARTESIAN_POINT ( 'NONE',  ( 61.84558795253919072, 109.2204753189315909, -55.38843078286824095 ) ) ;
#2934 = CYLINDRICAL_SURFACE ( 'NONE', #685, 2.649999999999985700 ) ;
#2935 = CARTESIAN_POINT ( 'NONE',  ( 24.20583331332838384, 59.76792442537095695, -23.96655230539235149 ) ) ;
#2936 = AXIS2_PLACEMENT_3D ( 'NONE', #1744, #660, #976 ) ;
#2937 = CARTESIAN_POINT ( 'NONE',  ( 59.67415589969404266, 112.5467412911198437, 58.97031902879533050 ) ) ;
#2938 = ORIENTED_EDGE ( 'NONE', *, *, #2191, .F. ) ;
#2939 = CARTESIAN_POINT ( 'NONE',  ( -36.54474198220497527, 71.03114527130296096, -20.90424406778644340 ) ) ;
#2940 = CARTESIAN_POINT ( 'NONE',  ( -61.85151371890196259, 109.2273258866050440, -55.39485264022020772 ) ) ;
#2941 = VERTEX_POINT ( 'NONE', #3645 ) ;
#2942 = ORIENTED_EDGE ( 'NONE', *, *, #1464, .F. ) ;
#2943 = EDGE_CURVE ( 'NONE', #1748, #1419, #261, .T. ) ;
#2944 = CARTESIAN_POINT ( 'NONE',  ( -38.56332155614666135, 87.38011781467112371, -37.45314771409363885 ) ) ;
#2945 = LINE ( 'NONE', #2877, #4049 ) ;
#2946 = DIRECTION ( 'NONE',  ( -0.000000000000000000, 1.000000000000000000, -0.000000000000000000 ) ) ;
#2947 = VERTEX_POINT ( 'NONE', #2268 ) ;
#2948 = CARTESIAN_POINT ( 'NONE',  ( -69.45631932696657884, 116.7676539475924926, 58.27031359042735659 ) ) ;
#2949 = CARTESIAN_POINT ( 'NONE',  ( 117.4999999999999432, 149.0000000000000284, 82.49999999999998579 ) ) ;
#2950 = VECTOR ( 'NONE', #4196, 1000.000000000000000 ) ;
#2951 = ORIENTED_EDGE ( 'NONE', *, *, #264, .T. ) ;
#2952 = DIRECTION ( 'NONE',  ( -0.000000000000000000, 1.000000000000000000, -0.000000000000000000 ) ) ;
#2953 = CARTESIAN_POINT ( 'NONE',  ( 53.52070306269254019, 99.36875705914660273, -46.36082807991279253 ) ) ;
#2954 = PLANE ( 'NONE',  #3040 ) ;
#2955 = CARTESIAN_POINT ( 'NONE',  ( -111.0000000000003979, 149.0000000000000284, -123.5793654197382381 ) ) ;
#2956 = AXIS2_PLACEMENT_3D ( 'NONE', #2101, #4098, #731 ) ;
#2957 = B_SPLINE_CURVE_WITH_KNOTS ( 'NONE', 3,
 ( #4397, #3661, #1354, #630 ),
 .UNSPECIFIED., .F., .F.,
 ( 4, 4 ),
 ( 0.000000000000000000, 4.738929967918284627E-05 ),
 .UNSPECIFIED. ) ;
#2958 = CARTESIAN_POINT ( 'NONE',  ( 49.13181282762866431, 101.4451135293326303, 48.15892863807204094 ) ) ;
#2959 = VERTEX_POINT ( 'NONE', #3625 ) ;
#2960 = EDGE_CURVE ( 'NONE', #1919, #4103, #2673, .T. ) ;
#2961 = CARTESIAN_POINT ( 'NONE',  ( 27.92593424724379148, 46.68322728561765445, 13.74816777465845874 ) ) ;
#2962 = CARTESIAN_POINT ( 'NONE',  ( -91.30861704396667733, 133.6054347076265572, -88.67872328828117645 ) ) ;
#2963 = ORIENTED_EDGE ( 'NONE', *, *, #643, .F. ) ;
#2964 = VECTOR ( 'NONE', #1439, 1000.000000000000000 ) ;
#2965 = ORIENTED_EDGE ( 'NONE', *, *, #2655, .T. ) ;
#2966 = CARTESIAN_POINT ( 'NONE',  ( -69.38531976245991473, 116.7012664625490999, -58.18793119999183006 ) ) ;
#2967 = DIRECTION ( 'NONE',  ( 0.000000000000000000, -1.000000000000000000, 0.000000000000000000 ) ) ;
#2968 = CARTESIAN_POINT ( 'NONE',  ( 26.70879484081406474, 41.41277825732952067, -13.41765791950986753 ) ) ;
#2969 = EDGE_LOOP ( 'NONE', ( #847, #1236, #852, #3657 ) ) ;
#2970 = VECTOR ( 'NONE', #2545, 1000.000000000000000 ) ;
#2971 = EDGE_LOOP ( 'NONE', ( #1942, #2312, #252, #1759 ) ) ;
#2972 = CARTESIAN_POINT ( 'NONE',  ( -60.84537361415995349, 108.0155866124943174, 48.35204916267710473 ) ) ;
#2973 = CARTESIAN_POINT ( 'NONE',  ( 35.44209768378694037, 70.15209780382069482, 23.80824724886250010 ) ) ;
#2974 = LINE ( 'NONE', #606, #3056 ) ;
#2975 = VECTOR ( 'NONE', #2623, 1000.000000000000000 ) ;
#2976 = DIRECTION ( 'NONE',  ( 1.000000000000000000, 0.000000000000000000, -1.224646799147353207E-16 ) ) ;
#2977 = AXIS2_PLACEMENT_3D ( 'NONE', #2842, #2800, #2174 ) ;
#2978 = CARTESIAN_POINT ( 'NONE',  ( 86.47298921209834077, 130.4355194636222279, -82.99659182527923917 ) ) ;
#2979 = PLANE ( 'NONE',  #1901 ) ;
#2980 = CARTESIAN_POINT ( 'NONE',  ( 20.17339482731300748, 47.84369672272172380, -21.71079988861210452 ) ) ;
#2981 = EDGE_CURVE ( 'NONE', #649, #1782, #547, .T. ) ;
#2982 = CARTESIAN_POINT ( 'NONE',  ( 45.88452568737781689, 88.47078066356988302, 38.15593016139990823 ) ) ;
#2983 = ORIENTED_EDGE ( 'NONE', *, *, #1831, .F. ) ;
#2984 = CARTESIAN_POINT ( 'NONE',  ( 26.70879484081406474, 41.41277825732952778, 13.41765791950984621 ) ) ;
#2985 = CARTESIAN_POINT ( 'NONE',  ( -76.96995499167721277, 123.3981027923527733, -72.12567649083246124 ) ) ;
#2986 = EDGE_CURVE ( 'NONE', #2240, #97, #951, .T. ) ;
#2987 = ORIENTED_EDGE ( 'NONE', *, *, #3534, .T. ) ;
#2988 = ORIENTED_EDGE ( 'NONE', *, *, #863, .F. ) ;
#2989 = CARTESIAN_POINT ( 'NONE',  ( -47.70218130486734509, 91.20504816217493271, -33.43235502160713679 ) ) ;
#2990 = CARTESIAN_POINT ( 'NONE',  ( -33.85291417860540264, 69.94739211692728986, 25.76295363070149946 ) ) ;
#2991 = CARTESIAN_POINT ( 'NONE',  ( -29.81674886117215451, 72.00052084103249683, 28.65392096972765401 ) ) ;
#2992 = VERTEX_POINT ( 'NONE', #1935 ) ;
#2993 = ORIENTED_EDGE ( 'NONE', *, *, #3494, .T. ) ;
#2994 = CARTESIAN_POINT ( 'NONE',  ( -55.37009158234308615, 101.6636880506302418, 42.10679049761308335 ) ) ;
#2995 = CARTESIAN_POINT ( 'NONE',  ( 32.19738623289521229, 70.10483652382897901, 27.02070413883278732 ) ) ;
#2996 = CARTESIAN_POINT ( 'NONE',  ( 26.87005768508913306, 0.000000000000000000, -26.87005768508847225 ) ) ;
#2997 = DIRECTION ( 'NONE',  ( 0.000000000000000000, 0.000000000000000000, -1.000000000000000000 ) ) ;
#2998 = CARTESIAN_POINT ( 'NONE',  ( 69.74814387633183799, 117.0258299522177765, -58.61100381156843042 ) ) ;
#2999 = LINE ( 'NONE', #2593, #4385 ) ;
#3000 = ORIENTED_EDGE ( 'NONE', *, *, #2310, .T. ) ;
#3001 = DIRECTION ( 'NONE',  ( -1.000000000000000000, 0.000000000000000000, 0.000000000000000000 ) ) ;
#3002 = DIRECTION ( 'NONE',  ( 1.000000000000000000, 0.000000000000000000, 0.000000000000000000 ) ) ;
#3003 = EDGE_LOOP ( 'NONE', ( #1212, #693, #3063, #3077, #320 ) ) ;
#3004 = FACE_OUTER_BOUND ( 'NONE', #3897, .T. ) ;
#3005 = CARTESIAN_POINT ( 'NONE',  ( -55.36381739208769659, 101.6598563778783273, -42.09943386575130120 ) ) ;
#3006 = CIRCLE ( 'NONE', #1944, 1.000000000000000888 ) ;
#3007 = EDGE_CURVE ( 'NONE', #2608, #1051, #2603, .T. ) ;
#3008 = DIRECTION ( 'NONE',  ( -0.1516885418044136291, 0.9878937349603240659, -0.03250468752951552603 ) ) ;
#3009 = ORIENTED_EDGE ( 'NONE', *, *, #4034, .T. ) ;
#3010 = CARTESIAN_POINT ( 'NONE',  ( -73.80745261940614910, 120.6695183860574048, -63.34220308010435474 ) ) ;
#3011 = CIRCLE ( 'NONE', #1666, 2.649999999999999467 ) ;
#3012 = CARTESIAN_POINT ( 'NONE',  ( -31.39975203936053916, 70.26201778705566880, 27.45586576735149720 ) ) ;
#3013 = DIRECTION ( 'NONE',  ( 0.000000000000000000, 0.000000000000000000, -1.000000000000000000 ) ) ;
#3014 = ORIENTED_EDGE ( 'NONE', *, *, #797, .F. ) ;
#3015 = VERTEX_POINT ( 'NONE', #2308 ) ;
#3016 = VERTEX_POINT ( 'NONE', #3271 ) ;
#3017 = CARTESIAN_POINT ( 'NONE',  ( 111.0000000000004405, 148.0000000000000284, 111.0000000000004690 ) ) ;
#3018 = CARTESIAN_POINT ( 'NONE',  ( 36.45891462313773701, 70.86756620623803826, 21.33010954020808470 ) ) ;
#3019 = ADVANCED_FACE ( 'NONE', ( #3291 ), #2979, .T. ) ;
#3020 = CARTESIAN_POINT ( 'NONE',  ( 101.0632216961258365, 140.0000000000000000, 102.3541798406768351 ) ) ;
#3021 = VERTEX_POINT ( 'NONE', #2289 ) ;
#3022 = DIRECTION ( 'NONE',  ( 0.1516885418044136014, 0.9878937349603240659, -0.03250468752951551910 ) ) ;
#3023 =( NAMED_UNIT ( * ) SI_UNIT ( $, .STERADIAN. ) SOLID_ANGLE_UNIT ( ) );
#3024 = DIRECTION ( 'NONE',  ( -0.000000000000000000, -0.000000000000000000, -1.000000000000000000 ) ) ;
#3025 = CARTESIAN_POINT ( 'NONE',  ( -22.46696356582581799, 55.08811580042760880, 22.83253204511561307 ) ) ;
#3026 = AXIS2_PLACEMENT_3D ( 'NONE', #275, #2360, #13 ) ;
#3027 = EDGE_CURVE ( 'NONE', #3039, #600, #3819, .T. ) ;
#3028 = AXIS2_PLACEMENT_3D ( 'NONE', #3205, #3253, #2464 ) ;
#3029 = CARTESIAN_POINT ( 'NONE',  ( -2.000000000000000000, 28.27228698533838980, -181.2337787489541370 ) ) ;
#3030 = CARTESIAN_POINT ( 'NONE',  ( -34.04968401140406087, 65.25341786835444680, -18.34329066297091515 ) ) ;
#3031 = CARTESIAN_POINT ( 'NONE',  ( -47.53322834534864683, 90.95618240255345199, -33.24177379348989803 ) ) ;
#3032 = CIRCLE ( 'NONE', #1821, 51.50000000000000000 ) ;
#3033 = FACE_OUTER_BOUND ( 'NONE', #2294, .T. ) ;
#3034 = EDGE_LOOP ( 'NONE', ( #2470, #494 ) ) ;
#3035 = AXIS2_PLACEMENT_3D ( 'NONE', #3141, #3496, #3812 ) ;
#3036 = LINE ( 'NONE', #2674, #2524 ) ;
#3037 = CARTESIAN_POINT ( 'NONE',  ( -35.19213281250740977, 70.08786638242855815, 24.18297918686270620 ) ) ;
#3038 = CARTESIAN_POINT ( 'NONE',  ( -41.12367201681401951, 91.11981585315406562, 40.03731395618389399 ) ) ;
#3039 = VERTEX_POINT ( 'NONE', #2662 ) ;
#3040 = AXIS2_PLACEMENT_3D ( 'NONE', #285, #1644, #4308 ) ;
#3041 = EDGE_LOOP ( 'NONE', ( #1471, #4158 ) ) ;
#3042 = EDGE_LOOP ( 'NONE', ( #796, #2383, #3345, #798 ) ) ;
#3043 = CARTESIAN_POINT ( 'NONE',  ( -31.15767095935005315, 57.56838032976749986, 23.35445943087798781 ) ) ;
#3044 = CARTESIAN_POINT ( 'NONE',  ( -82.50000000000002842, 149.0000000000000284, -122.3999999999999631 ) ) ;
#3045 = AXIS2_PLACEMENT_3D ( 'NONE', #4296, #1592, #1255 ) ;
#3046 = CARTESIAN_POINT ( 'NONE',  ( -28.79975494130815861, 70.04738981508901929, -27.71864087600346238 ) ) ;
#3047 = ADVANCED_FACE ( 'NONE', ( #4334 ), #2934, .F. ) ;
#3048 = AXIS2_PLACEMENT_3D ( 'NONE', #521, #1300, #2656 ) ;
#3049 = CARTESIAN_POINT ( 'NONE',  ( 67.34082147696530285, 119.3857578193516389, 66.94097502666255650 ) ) ;
#3050 = CYLINDRICAL_SURFACE ( 'NONE', #1867, 2.649999999999985700 ) ;
#3051 = CARTESIAN_POINT ( 'NONE',  ( 31.05410694263002114, 74.61458143739056936, -29.89621523850073004 ) ) ;
#3052 = EDGE_CURVE ( 'NONE', #1505, #819, #878, .T. ) ;
#3053 = DIRECTION ( 'NONE',  ( 0.000000000000000000, 1.000000000000000000, 0.000000000000000000 ) ) ;
#3054 = DIRECTION ( 'NONE',  ( 0.1516885418044146283, 0.9878937349603240659, 0.03250468752951603951 ) ) ;
#3055 = CARTESIAN_POINT ( 'NONE',  ( -36.26221340560764617, 70.40870964695430700, -20.58781063034512826 ) ) ;
#3056 = VECTOR ( 'NONE', #1578, 999.9999999999998863 ) ;
#3057 = PLANE ( 'NONE',  #3647 ) ;
#3058 = ORIENTED_EDGE ( 'NONE', *, *, #4000, .F. ) ;
#3059 = CARTESIAN_POINT ( 'NONE',  ( -36.54474198220497527, 71.03114527130296096, -20.90424406778644340 ) ) ;
#3060 = CARTESIAN_POINT ( 'NONE',  ( -32.21020639935255048, 70.09784702580263627, 27.02308543924411666 ) ) ;
#3061 = DIRECTION ( 'NONE',  ( 0.000000000000000000, 0.000000000000000000, -1.000000000000000000 ) ) ;
#3062 = VERTEX_POINT ( 'NONE', #2243 ) ;
#3063 = ORIENTED_EDGE ( 'NONE', *, *, #4152, .F. ) ;
#3064 = VERTEX_POINT ( 'NONE', #3668 ) ;
#3065 = DIRECTION ( 'NONE',  ( -1.000000000000000000, -0.000000000000000000, -0.000000000000000000 ) ) ;
#3066 = CYLINDRICAL_SURFACE ( 'NONE', #3664, 4.900000000000001243 ) ;
#3067 = ADVANCED_FACE ( 'NONE', ( #3337 ), #2954, .F. ) ;
#3068 = CARTESIAN_POINT ( 'NONE',  ( -34.53448137420596709, 66.43426756147519541, 18.81668972694991382 ) ) ;
#3069 = DIRECTION ( 'NONE',  ( -0.000000000000000000, 1.000000000000000000, -0.000000000000000000 ) ) ;
#3070 = DIRECTION ( 'NONE',  ( 1.000000000000000000, 0.000000000000000000, 0.000000000000000000 ) ) ;
#3071 = CARTESIAN_POINT ( 'NONE',  ( -2.000000000000001776, 63.07925486862293951, 25.01582634705392394 ) ) ;
#3072 = DIRECTION ( 'NONE',  ( -0.000000000000000000, -1.000000000000000000, -0.000000000000000000 ) ) ;
#3073 = DIRECTION ( 'NONE',  ( 0.000000000000000000, 0.000000000000000000, 1.000000000000000000 ) ) ;
#3074 = CARTESIAN_POINT ( 'NONE',  ( 30.10243467105890858, 54.32079973737479861, -14.99651311142847199 ) ) ;
#3075 = VECTOR ( 'NONE', #2932, 1000.000000000000000 ) ;
#3076 = DIRECTION ( 'NONE',  ( 0.000000000000000000, 0.000000000000000000, 1.000000000000000000 ) ) ;
#3077 = ORIENTED_EDGE ( 'NONE', *, *, #781, .F. ) ;
#3078 = DIRECTION ( 'NONE',  ( -0.1517687389812944765, 0.9884160307623646169, 0.000000000000000000 ) ) ;
#3079 = EDGE_CURVE ( 'NONE', #3016, #4063, #2999, .T. ) ;
#3080 = CYLINDRICAL_SURFACE ( 'NONE', #460, 4.900000000000001243 ) ;
#3081 = CARTESIAN_POINT ( 'NONE',  ( -101.3623258408908470, 140.0000000000000284, 102.1906938417432826 ) ) ;
#3082 = ORIENTED_EDGE ( 'NONE', *, *, #655, .T. ) ;
#3083 = EDGE_CURVE ( 'NONE', #1627, #3604, #1308, .T. ) ;
#3084 = ORIENTED_EDGE ( 'NONE', *, *, #2353, .T. ) ;
#3085 = CIRCLE ( 'NONE', #1157, 3.249999999999999556 ) ;
#3086 = CARTESIAN_POINT ( 'NONE',  ( -34.58732889783469489, 66.61591297414148016, 26.23023684948251599 ) ) ;
#3087 = CARTESIAN_POINT ( 'NONE',  ( -101.7150982367275986, 139.9999999999999716, -101.8975085572363071 ) ) ;
#3088 = DIRECTION ( 'NONE',  ( 0.000000000000000000, 0.000000000000000000, 1.000000000000000000 ) ) ;
#3089 = DIRECTION ( 'NONE',  ( -0.05233595624294395260, 0.9986295347545739443, 0.000000000000000000 ) ) ;
#3090 = CARTESIAN_POINT ( 'NONE',  ( -17.21028008360599770, 33.74595302731918167, 21.11413188016392084 ) ) ;
#3091 = ORIENTED_EDGE ( 'NONE', *, *, #2344, .F. ) ;
#3092 = CARTESIAN_POINT ( 'NONE',  ( 111.0000000000004405, 149.0000000000000284, 123.5793654197382097 ) ) ;
#3093 = LINE ( 'NONE', #2334, #583 ) ;
#3094 = AXIS2_PLACEMENT_3D ( 'NONE', #3932, #879, #2594 ) ;
#3095 = DIRECTION ( 'NONE',  ( -0.000000000000000000, -1.000000000000000000, -0.000000000000000000 ) ) ;
#3096 = CARTESIAN_POINT ( 'NONE',  ( 26.70879484081406474, 41.41277825732952067, -13.41765791950986753 ) ) ;
#3097 = EDGE_CURVE ( 'NONE', #3944, #3436, #1360, .T. ) ;
#3098 = CARTESIAN_POINT ( 'NONE',  ( 68.88585955632058244, 120.6541319161124051, -68.56119109949163715 ) ) ;
#3099 = EDGE_LOOP ( 'NONE', ( #1256, #2738, #4060, #2079, #2402, #4129 ) ) ;
#3100 = DIRECTION ( 'NONE',  ( -1.000000000000000000, -0.000000000000000000, -0.000000000000000000 ) ) ;
#3101 = VECTOR ( 'NONE', #1810, 1000.000000000000000 ) ;
#3102 = CARTESIAN_POINT ( 'NONE',  ( 105.0000000000000284, 9.000000000000017764, -20.29991528752059082 ) ) ;
#3103 = EDGE_LOOP ( 'NONE', ( #993, #2430 ) ) ;
#3104 = ORIENTED_EDGE ( 'NONE', *, *, #75, .T. ) ;
#3105 = AXIS2_PLACEMENT_3D ( 'NONE', #3125, #95, #78 ) ;
#3106 = ORIENTED_EDGE ( 'NONE', *, *, #2323, .F. ) ;
#3107 = CARTESIAN_POINT ( 'NONE',  ( -27.16755364810294537, 43.55857970659587153, 21.37815078065739627 ) ) ;
#3108 = DIRECTION ( 'NONE',  ( 1.000000000000000000, -0.000000000000000000, -0.000000000000000000 ) ) ;
#3109 = CARTESIAN_POINT ( 'NONE',  ( 99.62547606142190659, 139.9999999999999716, 102.6500000000000199 ) ) ;
#3110 = DIRECTION ( 'NONE',  ( 0.000000000000000000, 0.000000000000000000, 1.000000000000000000 ) ) ;
#3111 = DIRECTION ( 'NONE',  ( -1.000000000000000000, 0.000000000000000000, 0.000000000000000000 ) ) ;
#3112 = VECTOR ( 'NONE', #918, 1000.000000000000000 ) ;
#3113 = ORIENTED_EDGE ( 'NONE', *, *, #1841, .F. ) ;
#3114 = CARTESIAN_POINT ( 'NONE',  ( 28.70048080109314270, 69.84737532953143102, 27.62901965775665758 ) ) ;
#3115 = VECTOR ( 'NONE', #3153, 1000.000000000000000 ) ;
#3116 = AXIS2_PLACEMENT_3D ( 'NONE', #2720, #1029, #3751 ) ;
#3117 = DIRECTION ( 'NONE',  ( 0.000000000000000000, 0.000000000000000000, 1.000000000000000000 ) ) ;
#3118 = AXIS2_PLACEMENT_3D ( 'NONE', #3544, #1776, #3461 ) ;
#3119 = DIRECTION ( 'NONE',  ( 0.000000000000000000, -0.000000000000000000, -1.000000000000000000 ) ) ;
#3120 = CARTESIAN_POINT ( 'NONE',  ( -34.58662101621013818, 80.85167674690099204, -33.44842338560919615 ) ) ;
#3121 = EDGE_CURVE ( 'NONE', #3194, #3811, #404, .T. ) ;
#3122 = CONICAL_SURFACE ( 'NONE', #4324, 13.99999999999999822, 0.05235987755983000091 ) ;
#3123 = CARTESIAN_POINT ( 'NONE',  ( 97.83801833078604204, 137.4925128011464892, 92.58985073975024704 ) ) ;
#3124 = ORIENTED_EDGE ( 'NONE', *, *, #705, .F. ) ;
#3125 = CARTESIAN_POINT ( 'NONE',  ( 117.4999999999999147, 149.0000000000000284, -82.50000000000001421 ) ) ;
#3126 = CIRCLE ( 'NONE', #493, 2.649999999999999467 ) ;
#3127 = ORIENTED_EDGE ( 'NONE', *, *, #1502, .T. ) ;
#3128 = ORIENTED_EDGE ( 'NONE', *, *, #1953, .T. ) ;
#3129 = CARTESIAN_POINT ( 'NONE',  ( 117.4999999999999147, 149.0000000000000284, -79.85000000000003695 ) ) ;
#3130 = DIRECTION ( 'NONE',  ( 1.000000000000000000, 0.000000000000000000, 0.000000000000000000 ) ) ;
#3131 = CARTESIAN_POINT ( 'NONE',  ( 25.11760832970491464, 32.79488490836931902, -2.000000000000001776 ) ) ;
#3132 = CARTESIAN_POINT ( 'NONE',  ( 105.0000000000000284, 42.83931635415304839, 21.41333099750923452 ) ) ;
#3133 = ORIENTED_EDGE ( 'NONE', *, *, #3079, .T. ) ;
#3134 = ORIENTED_EDGE ( 'NONE', *, *, #2787, .T. ) ;
#3135 = EDGE_CURVE ( 'NONE', #1806, #2925, #2329, .T. ) ;
#3136 = CARTESIAN_POINT ( 'NONE',  ( 82.50000000000002842, 149.0000000000000284, -117.4999999999999716 ) ) ;
#3137 = CARTESIAN_POINT ( 'NONE',  ( 96.58312545347689593, 136.7827634795382608, 90.98381449132772048 ) ) ;
#3138 = CARTESIAN_POINT ( 'NONE',  ( 35.52402929814056165, 68.75814399472707805, -19.81858934480131040 ) ) ;
#3139 = DIRECTION ( 'NONE',  ( 0.000000000000000000, 0.000000000000000000, 1.000000000000000000 ) ) ;
#3140 = ORIENTED_EDGE ( 'NONE', *, *, #2653, .T. ) ;
#3141 = CARTESIAN_POINT ( 'NONE',  ( 111.0000000000004405, 140.0000000000000000, -111.0000000000004547 ) ) ;
#3142 = ORIENTED_EDGE ( 'NONE', *, *, #1702, .F. ) ;
#3143 = VERTEX_POINT ( 'NONE', #2429 ) ;
#3144 = EDGE_CURVE ( 'NONE', #2959, #455, #1457, .T. ) ;
#3145 = ORIENTED_EDGE ( 'NONE', *, *, #481, .T. ) ;
#3146 = DIRECTION ( 'NONE',  ( -0.000000000000000000, 1.000000000000000000, -0.000000000000000000 ) ) ;
#3147 = CARTESIAN_POINT ( 'NONE',  ( -36.54474198220497527, 71.03114527130296096, -20.90424406778644340 ) ) ;
#3148 = CARTESIAN_POINT ( 'NONE',  ( 117.4999999999999147, 149.0000000000000284, -82.50000000000001421 ) ) ;
#3149 = LINE ( 'NONE', #760, #60 ) ;
#3150 = CIRCLE ( 'NONE', #516, 2.649999999999985700 ) ;
#3151 = ORIENTED_EDGE ( 'NONE', *, *, #1564, .F. ) ;
#3152 = EDGE_CURVE ( 'NONE', #2048, #4169, #4400, .T. ) ;
#3153 = DIRECTION ( 'NONE',  ( -0.000000000000000000, 1.000000000000000000, -0.000000000000000000 ) ) ;
#3154 = DIRECTION ( 'NONE',  ( 0.000000000000000000, 0.03288522411256245698, -0.9994591347499239831 ) ) ;
#3155 = CARTESIAN_POINT ( 'NONE',  ( 26.70879484081416066, 41.41277825732986884, -13.41765791950988351 ) ) ;
#3156 = CYLINDRICAL_SURFACE ( 'NONE', #3335, 2.649999999999985700 ) ;
#3157 = DIRECTION ( 'NONE',  ( -1.000000000000000000, -0.000000000000000000, -0.000000000000000000 ) ) ;
#3158 = ORIENTED_EDGE ( 'NONE', *, *, #2143, .F. ) ;
#3159 = DIRECTION ( 'NONE',  ( 0.000000000000000000, 0.000000000000000000, 1.000000000000000000 ) ) ;
#3160 = VERTEX_POINT ( 'NONE', #780 ) ;
#3161 = DIRECTION ( 'NONE',  ( -7.472654973438555094E-15, 0.000000000000000000, 1.000000000000000000 ) ) ;
#3162 = DIRECTION ( 'NONE',  ( 0.9884160307623646169, 0.1517687389812944765, -0.000000000000000000 ) ) ;
#3163 = VERTEX_POINT ( 'NONE', #389 ) ;
#3164 = EDGE_LOOP ( 'NONE', ( #2112, #2942, #3425, #2084 ) ) ;
#3165 = AXIS2_PLACEMENT_3D ( 'NONE', #2144, #2487, #3495 ) ;
#3166 = CARTESIAN_POINT ( 'NONE',  ( 102.6400071844729354, 140.0000000000000000, 98.92839852658539712 ) ) ;
#3167 = CARTESIAN_POINT ( 'NONE',  ( 82.50000000000000000, 149.0000000000000284, 117.5000000000000000 ) ) ;
#3168 = LINE ( 'NONE', #411, #3267 ) ;
#3169 = CARTESIAN_POINT ( 'NONE',  ( -18.88925619532809463, 42.83931635415305550, -21.41333099750922386 ) ) ;
#3170 = CIRCLE ( 'NONE', #4226, 72.00000000000005684 ) ;
#3171 = VERTEX_POINT ( 'NONE', #3169 ) ;
#3172 = VERTEX_POINT ( 'NONE', #1100 ) ;
#3173 = CYLINDRICAL_SURFACE ( 'NONE', #1549, 4.900000000000001243 ) ;
#3174 = LINE ( 'NONE', #1147, #1844 ) ;
#3175 = EDGE_CURVE ( 'NONE', #1268, #2604, #3149, .T. ) ;
#3176 = ADVANCED_FACE ( 'NONE', ( #85 ), #3801, .F. ) ;
#3177 = VECTOR ( 'NONE', #4147, 1000.000000000000000 ) ;
#3178 = CARTESIAN_POINT ( 'NONE',  ( 29.34703368153444458, 51.84749234732924350, -14.49833636864871700 ) ) ;
#3179 = CARTESIAN_POINT ( 'NONE',  ( -25.13658830302302505, 62.06396467928553307, -24.64684874772613554 ) ) ;
#3180 = CARTESIAN_POINT ( 'NONE',  ( 105.0000000000004690, 140.0000000000000000, -125.0000000000004690 ) ) ;
#3181 = CARTESIAN_POINT ( 'NONE',  ( 105.0000000000000284, 9.787778399604773583, -154.0773987859541592 ) ) ;
#3182 = CYLINDRICAL_SURFACE ( 'NONE', #96, 7.999999999999998224 ) ;
#3183 = ORIENTED_EDGE ( 'NONE', *, *, #2550, .T. ) ;
#3184 = CARTESIAN_POINT ( 'NONE',  ( -26.09173885771982881, 38.55705127661698839, -13.31851176424983407 ) ) ;
#3185 = LINE ( 'NONE', #3320, #2455 ) ;
#3186 = VECTOR ( 'NONE', #3468, 1000.000000000000000 ) ;
#3187 = VERTEX_POINT ( 'NONE', #1779 ) ;
#3188 = CARTESIAN_POINT ( 'NONE',  ( 18.23805686214689814, 39.82557439793328058, -21.31416978500750758 ) ) ;
#3189 = CARTESIAN_POINT ( 'NONE',  ( 125.0000000000004405, 149.0000000000000284, 125.0000000000004690 ) ) ;
#3190 = CARTESIAN_POINT ( 'NONE',  ( 2.000000000000000000, 8.999999999999996447, -27.85000000000000142 ) ) ;
#3191 = CARTESIAN_POINT ( 'NONE',  ( -36.54474198220497527, 71.03114527130296096, -20.90424406778644340 ) ) ;
#3192 = VECTOR ( 'NONE', #1275, 1000.000000000000000 ) ;
#3193 = ORIENTED_EDGE ( 'NONE', *, *, #1448, .F. ) ;
#3194 = VERTEX_POINT ( 'NONE', #737 ) ;
#3195 = CARTESIAN_POINT ( 'NONE',  ( -99.85431797905886242, 140.0000000000000284, 102.6500000000000199 ) ) ;
#3196 = CARTESIAN_POINT ( 'NONE',  ( 105.0000000000000284, 70.91611563613430746, -28.12770094313626856 ) ) ;
#3197 = EDGE_CURVE ( 'NONE', #619, #2959, #2892, .T. ) ;
#3198 = CARTESIAN_POINT ( 'NONE',  ( 31.78480675967523794, 59.34551193544814396, -16.28513244764227963 ) ) ;
#3199 = CARTESIAN_POINT ( 'NONE',  ( 52.71090884992590730, 98.25961279528607406, 39.09194331144693990 ) ) ;
#3200 = CARTESIAN_POINT ( 'NONE',  ( 87.38808736734409877, 131.0791415295153968, -79.53152457756641525 ) ) ;
#3201 = DIRECTION ( 'NONE',  ( 0.000000000000000000, 0.000000000000000000, -1.000000000000000000 ) ) ;
#3202 = CARTESIAN_POINT ( 'NONE',  ( 30.34198170261072747, 73.08733884905086597, -29.18131214403323170 ) ) ;
#3203 = ORIENTED_EDGE ( 'NONE', *, *, #292, .T. ) ;
#3204 = EDGE_CURVE ( 'NONE', #3686, #1579, #4128, .T. ) ;
#3205 = CARTESIAN_POINT ( 'NONE',  ( -117.5000000000000853, 149.0000000000000284, 82.50000000000001421 ) ) ;
#3206 = CARTESIAN_POINT ( 'NONE',  ( -58.16236332368877981, 111.0818505092628783, 57.41104774762039398 ) ) ;
#3207 = B_SPLINE_CURVE_WITH_KNOTS ( 'NONE', 3,
 ( #1249, #1674, #3276, #4360, #1313, #592, #1963, #4028, #3629, #2961, #979, #2984 ),
 .UNSPECIFIED., .F., .F.,
 ( 4, 2, 2, 2, 2, 4 ),
 ( 0.000000000000000000, 0.004075549431683446293, 0.008151098863366892586, 0.01630219772673378864, 0.02445329659010068990, 0.03260439545346758422 ),
 .UNSPECIFIED. ) ;
#3208 = VERTEX_POINT ( 'NONE', #2169 ) ;
#3209 = DIRECTION ( 'NONE',  ( -0.000000000000000000, 1.000000000000000000, -0.000000000000000000 ) ) ;
#3210 = CARTESIAN_POINT ( 'NONE',  ( 2.572411801254072884E-16, 9.000000000000000000, 0.000000000000000000 ) ) ;
#3211 = CARTESIAN_POINT ( 'NONE',  ( 25.51660288519230946, 35.42773524506898752, 21.16946759446172166 ) ) ;
#3212 = PLANE ( 'NONE',  #4030 ) ;
#3213 = AXIS2_PLACEMENT_3D ( 'NONE', #1718, #3717, #3070 ) ;
#3214 = EDGE_CURVE ( 'NONE', #3163, #4233, #1797, .T. ) ;
#3215 = ORIENTED_EDGE ( 'NONE', *, *, #2584, .F. ) ;
#3216 = LINE ( 'NONE', #2817, #978 ) ;
#3217 = CARTESIAN_POINT ( 'NONE',  ( 100.0805973336709940, 140.0000000000000568, -102.6331121852106065 ) ) ;
#3218 = CARTESIAN_POINT ( 'NONE',  ( 21.46396496056324210, 9.000000000000000000, 105.0000000000000284 ) ) ;
#3219 = CARTESIAN_POINT ( 'NONE',  ( -17.21028008360597639, 33.74595302731918167, -21.11413188016391018 ) ) ;
#3220 = AXIS2_PLACEMENT_3D ( 'NONE', #374, #4089, #1673 ) ;
#3221 = CARTESIAN_POINT ( 'NONE',  ( 90.48314432064616142, 133.1025193402654452, 83.32412047278124589 ) ) ;
#3222 = CARTESIAN_POINT ( 'NONE',  ( 111.0000000000004405, 148.0000000000000284, -123.5793654197382097 ) ) ;
#3223 = CARTESIAN_POINT ( 'NONE',  ( 35.52335648591798645, 68.80246728205625573, 27.13299855848678277 ) ) ;
#3224 = CARTESIAN_POINT ( 'NONE',  ( 64.39781336607666162, 116.8714354054322087, 63.86787455720207873 ) ) ;
#3225 = ORIENTED_EDGE ( 'NONE', *, *, #1599, .T. ) ;
#3226 = DIRECTION ( 'NONE',  ( -0.000000000000000000, 1.000000000000000000, -0.000000000000000000 ) ) ;
#3227 = CARTESIAN_POINT ( 'NONE',  ( -77.09846855056450465, 123.5019177022758754, 72.27040860266242817 ) ) ;
#3228 = EDGE_CURVE ( 'NONE', #524, #3944, #1692, .T. ) ;
#3229 = ORIENTED_EDGE ( 'NONE', *, *, #98, .F. ) ;
#3230 = CARTESIAN_POINT ( 'NONE',  ( 53.50000000000000000, 7.000000000000006217, 6.551860375438338315E-15 ) ) ;
#3231 = CARTESIAN_POINT ( 'NONE',  ( -33.73254285935249186, 79.37225959675393483, -32.58916004409014278 ) ) ;
#3232 = AXIS2_PLACEMENT_3D ( 'NONE', #3771, #2650, #3371 ) ;
#3233 = FACE_OUTER_BOUND ( 'NONE', #1118, .T. ) ;
#3234 = DIRECTION ( 'NONE',  ( -0.000000000000000000, 1.000000000000000000, -0.000000000000000000 ) ) ;
#3235 = ORIENTED_EDGE ( 'NONE', *, *, #293, .T. ) ;
#3236 = CIRCLE ( 'NONE', #2038, 145.0000000000000284 ) ;
#3237 = ORIENTED_EDGE ( 'NONE', *, *, #1841, .T. ) ;
#3238 = DIRECTION ( 'NONE',  ( -1.000000000000000000, 0.000000000000000000, 0.000000000000000000 ) ) ;
#3239 = CARTESIAN_POINT ( 'NONE',  ( 21.46396496056323855, 9.000000000000000000, 17.00577048614811915 ) ) ;
#3240 = FACE_OUTER_BOUND ( 'NONE', #1569, .T. ) ;
#3241 = AXIS2_PLACEMENT_3D ( 'NONE', #3545, #1903, #2561 ) ;
#3242 = EDGE_LOOP ( 'NONE', ( #2500, #803, #1101, #1469 ) ) ;
#3243 = AXIS2_PLACEMENT_3D ( 'NONE', #3978, #929, #221 ) ;
#3244 = DIRECTION ( 'NONE',  ( -0.1517687389812944765, -0.9884160307623646169, 0.000000000000000000 ) ) ;
#3245 = EDGE_CURVE ( 'NONE', #2409, #3811, #140, .T. ) ;
#3246 = CARTESIAN_POINT ( 'NONE',  ( 58.03086344209124547, 111.0155811557494729, -57.26922227949732758 ) ) ;
#3247 = CARTESIAN_POINT ( 'NONE',  ( -82.50000000000000000, 149.0000000000000284, 122.3999999999999915 ) ) ;
#3248 = DIRECTION ( 'NONE',  ( -1.000000000000000000, -0.000000000000000000, -0.000000000000000000 ) ) ;
#3249 = VECTOR ( 'NONE', #412, 1000.000000000000000 ) ;
#3250 = FACE_OUTER_BOUND ( 'NONE', #92, .T. ) ;
#3251 = ORIENTED_EDGE ( 'NONE', *, *, #577, .T. ) ;
#3252 = CIRCLE ( 'NONE', #4314, 3.249999999999999556 ) ;
#3253 = DIRECTION ( 'NONE',  ( -0.000000000000000000, 1.000000000000000000, -0.000000000000000000 ) ) ;
#3254 = CARTESIAN_POINT ( 'NONE',  ( -86.53187622013513192, 130.5225337742976137, 83.05036909642831233 ) ) ;
#3255 = CIRCLE ( 'NONE', #3048, 3.249999999999999556 ) ;
#3256 = ADVANCED_FACE ( 'NONE', ( #846 ), #518, .F. ) ;
#3257 = ORIENTED_EDGE ( 'NONE', *, *, #1383, .F. ) ;
#3258 = DIRECTION ( 'NONE',  ( 0.000000000000000000, -0.000000000000000000, -1.000000000000000000 ) ) ;
#3259 = VECTOR ( 'NONE', #4206, 1000.000000000000000 ) ;
#3260 = CARTESIAN_POINT ( 'NONE',  ( -124.5779949544927945, 148.0523359562429562, 111.0000000000004690 ) ) ;
#3261 = CARTESIAN_POINT ( 'NONE',  ( -111.0000000000003837, 148.0523359562429562, 124.5779949544927945 ) ) ;
#3262 = VECTOR ( 'NONE', #3119, 1000.000000000000000 ) ;
#3263 = ORIENTED_EDGE ( 'NONE', *, *, #306, .T. ) ;
#3264 = CARTESIAN_POINT ( 'NONE',  ( -47.69460854716679421, 91.19380935051476911, 33.42381545946338406 ) ) ;
#3265 = FACE_OUTER_BOUND ( 'NONE', #610, .T. ) ;
#3266 = CARTESIAN_POINT ( 'NONE',  ( -2.000000000000001776, 42.83931635415305550, -21.41333099750922386 ) ) ;
#3267 = VECTOR ( 'NONE', #1500, 1000.000000000000000 ) ;
#3268 = DIRECTION ( 'NONE',  ( 0.000000000000000000, 0.000000000000000000, -1.000000000000000000 ) ) ;
#3269 = EDGE_CURVE ( 'NONE', #2073, #841, #1861, .T. ) ;
#3270 = CARTESIAN_POINT ( 'NONE',  ( 39.04137317216172676, 76.45130349527117630, -30.84652168238923053 ) ) ;
#3271 = CARTESIAN_POINT ( 'NONE',  ( 2.000000000000001776, 42.83931635415304839, 21.41333099750923452 ) ) ;
#3272 = CARTESIAN_POINT ( 'NONE',  ( -21.65882751081407775, 52.70436138569375117, 22.37877525811196833 ) ) ;
#3273 = EDGE_CURVE ( 'NONE', #3375, #1586, #2819, .T. ) ;
#3274 = CARTESIAN_POINT ( 'NONE',  ( 36.75727804331307169, 71.50631325448779307, 21.14226578162969972 ) ) ;
#3275 = VERTEX_POINT ( 'NONE', #3878 ) ;
#3276 = CARTESIAN_POINT ( 'NONE',  ( 35.52402929813951715, 68.75814399472469063, 19.81858934480025525 ) ) ;
#3277 = CARTESIAN_POINT ( 'NONE',  ( -102.4344836784436552, 139.9077565031162464, -102.3979611685146978 ) ) ;
#3278 = ORIENTED_EDGE ( 'NONE', *, *, #529, .F. ) ;
#3279 = FACE_BOUND ( 'NONE', #1661, .T. ) ;
#3280 = CARTESIAN_POINT ( 'NONE',  ( 26.09173885771980395, 38.55705127661676812, -13.31851176424872385 ) ) ;
#3281 = FACE_OUTER_BOUND ( 'NONE', #4323, .T. ) ;
#3282 = EDGE_CURVE ( 'NONE', #455, #2556, #1046, .T. ) ;
#3283 = ORIENTED_EDGE ( 'NONE', *, *, #1872, .F. ) ;
#3284 = ORIENTED_EDGE ( 'NONE', *, *, #3204, .T. ) ;
#3285 = CARTESIAN_POINT ( 'NONE',  ( -19.44052550016332148, 500000.0000000000582, 2.000000000000000000 ) ) ;
#3286 = PLANE ( 'NONE',  #1337 ) ;
#3287 = DIRECTION ( 'NONE',  ( 1.000000000000000000, 1.233846596463490407E-16, -0.000000000000000000 ) ) ;
#3288 = TOROIDAL_SURFACE ( 'NONE', #4274, 12.57936541973774958, 1.000000000000000000 ) ;
#3289 = CARTESIAN_POINT ( 'NONE',  ( 33.50000000000000000, 9.000000000000003553, 2.000000000000000000 ) ) ;
#3290 = CARTESIAN_POINT ( 'NONE',  ( 47.15905270655329673, 90.34983813865402169, -39.52389125655314217 ) ) ;
#3291 = FACE_OUTER_BOUND ( 'NONE', #1048, .T. ) ;
#3292 = CARTESIAN_POINT ( 'NONE',  ( -26.61947469463659033, 65.44477026561295929, 25.83354007821021625 ) ) ;
#3293 = B_SPLINE_CURVE_WITH_KNOTS ( 'NONE', 3,
 ( #1020, #2371, #2413, #1085, #47, #680, #2051, #330, #4379, #1335, #3114, #2390 ),
 .UNSPECIFIED., .F., .F.,
 ( 4, 2, 2, 2, 2, 4 ),
 ( 6.938893903907227607E-18, 0.007672357462718183523, 0.01534471492543636011, 0.02301707238815453582, 0.02685325111951361587, 0.03068942985087269940 ),
 .UNSPECIFIED. ) ;
#3294 = AXIS2_PLACEMENT_3D ( 'NONE', #2418, #1316, #1365 ) ;
#3295 = CARTESIAN_POINT ( 'NONE',  ( 34.60026471489800315, 80.90346630274390805, 33.46180827695451399 ) ) ;
#3296 = VERTEX_POINT ( 'NONE', #823 ) ;
#3297 = CARTESIAN_POINT ( 'NONE',  ( 123.5793654197381812, 149.0000000000000284, -111.0000000000004547 ) ) ;
#3298 = CARTESIAN_POINT ( 'NONE',  ( -67.51822087562337060, 114.9099506168434601, -56.02702130038724704 ) ) ;
#3299 = ORIENTED_EDGE ( 'NONE', *, *, #2559, .T. ) ;
#3300 = ORIENTED_EDGE ( 'NONE', *, *, #2207, .F. ) ;
#3301 = LINE ( 'NONE', #4365, #1685 ) ;
#3302 = CARTESIAN_POINT ( 'NONE',  ( -36.50676167079385692, 70.94799258770932227, 21.11530632931004448 ) ) ;
#3303 = CARTESIAN_POINT ( 'NONE',  ( 117.4999999999999432, 149.0000000000000284, 87.39999999999997726 ) ) ;
#3304 = ORIENTED_EDGE ( 'NONE', *, *, #2636, .T. ) ;
#3305 = ORIENTED_EDGE ( 'NONE', *, *, #28, .F. ) ;
#3306 = DIRECTION ( 'NONE',  ( -1.000000000000000000, -0.000000000000000000, -0.000000000000000000 ) ) ;
#3307 = CARTESIAN_POINT ( 'NONE',  ( 33.68009703908845864, 69.94477080704521654, 25.93427329255619895 ) ) ;
#3308 = EDGE_CURVE ( 'NONE', #1326, #900, #3547, .T. ) ;
#3309 = CARTESIAN_POINT ( 'NONE',  ( -29.67564278457764360, 52.95586224893548888, -22.39057183647345539 ) ) ;
#3310 = DIRECTION ( 'NONE',  ( 0.000000000000000000, 1.000000000000000000, 0.000000000000000000 ) ) ;
#3311 = EDGE_CURVE ( 'NONE', #3658, #1636, #1572, .T. ) ;
#3312 = AXIS2_PLACEMENT_3D ( 'NONE', #2634, #3714, #4014 ) ;
#3313 = CARTESIAN_POINT ( 'NONE',  ( 55.36731117451659401, 101.6640246946956836, -42.10341229277887720 ) ) ;
#3314 = CARTESIAN_POINT ( 'NONE',  ( -75025.39455052065023, 488483.0287002871628, -2.000000000000000000 ) ) ;
#3315 = DIRECTION ( 'NONE',  ( 0.000000000000000000, 0.000000000000000000, 1.000000000000000000 ) ) ;
#3316 = EDGE_CURVE ( 'NONE', #3172, #887, #614, .T. ) ;
#3317 = CARTESIAN_POINT ( 'NONE',  ( 37.08872581134007618, 72.28142334832662641, 28.76692001334052762 ) ) ;
#3318 = VERTEX_POINT ( 'NONE', #2518 ) ;
#3319 = CARTESIAN_POINT ( 'NONE',  ( 82.50000000000002842, 146.0000000000000284, -112.5999999999999659 ) ) ;
#3320 = CARTESIAN_POINT ( 'NONE',  ( -117.5000000000000853, 149.0000000000000284, 77.60000000000002274 ) ) ;
#3321 = ORIENTED_EDGE ( 'NONE', *, *, #2930, .T. ) ;
#3322 = ORIENTED_EDGE ( 'NONE', *, *, #605, .T. ) ;
#3323 = CARTESIAN_POINT ( 'NONE',  ( -40.73278074462237441, 79.47420722641192015, -25.59852811002773265 ) ) ;
#3324 = CARTESIAN_POINT ( 'NONE',  ( 28.26289840540522391, 68.95658202081126831, 27.23783349794631548 ) ) ;
#3325 = FACE_OUTER_BOUND ( 'NONE', #1175, .T. ) ;
#3326 = EDGE_LOOP ( 'NONE', ( #3124, #775, #2858, #2988 ) ) ;
#3327 = CIRCLE ( 'NONE', #4046, 2.649999999999999467 ) ;
#3328 = EDGE_LOOP ( 'NONE', ( #2036, #2186, #733, #3513 ) ) ;
#3329 = FACE_OUTER_BOUND ( 'NONE', #739, .T. ) ;
#3330 = CARTESIAN_POINT ( 'NONE',  ( 36.28076765314590801, 70.64693175114598489, 21.96437442369979465 ) ) ;
#3331 = CARTESIAN_POINT ( 'NONE',  ( -32.67789237011817960, 61.78717408780243403, -17.05277823166824192 ) ) ;
#3332 = VECTOR ( 'NONE', #1269, 1000.000000000000114 ) ;
#3333 = ORIENTED_EDGE ( 'NONE', *, *, #3152, .F. ) ;
#3334 = DIRECTION ( 'NONE',  ( 0.000000000000000000, -1.000000000000000000, 0.000000000000000000 ) ) ;
#3335 = AXIS2_PLACEMENT_3D ( 'NONE', #4239, #505, #2526 ) ;
#3336 = CARTESIAN_POINT ( 'NONE',  ( 73.98488410899423684, 124.6626161571689977, -73.93997758153579980 ) ) ;
#3337 = FACE_OUTER_BOUND ( 'NONE', #1126, .T. ) ;
#3338 = ORIENTED_EDGE ( 'NONE', *, *, #1435, .F. ) ;
#3339 = DIRECTION ( 'NONE',  ( 0.000000000000000000, 0.000000000000000000, 1.000000000000000000 ) ) ;
#3340 = CARTESIAN_POINT ( 'NONE',  ( 82.50000000000002842, 149.0000000000000284, -112.5999999999999659 ) ) ;
#3341 = VERTEX_POINT ( 'NONE', #2233 ) ;
#3342 = CARTESIAN_POINT ( 'NONE',  ( -27.92593424724393003, 46.68322728561812340, -13.74816777465849427 ) ) ;
#3343 = CARTESIAN_POINT ( 'NONE',  ( -67.51798439783090089, 119.5337468917037995, -67.12642308413225578 ) ) ;
#3344 = EDGE_CURVE ( 'NONE', #2282, #3062, #868, .T. ) ;
#3345 = ORIENTED_EDGE ( 'NONE', *, *, #4229, .F. ) ;
#3346 =( BOUNDED_CURVE ( )  B_SPLINE_CURVE ( 3, ( #2459, #704, #2759, #3788 ),
 .UNSPECIFIED., .F., .F. ) 
 B_SPLINE_CURVE_WITH_KNOTS ( ( 4, 4 ),
 ( 1.357991292691188567, 1.418438830715719634 ),
 .UNSPECIFIED. ) 
 CURVE ( )  GEOMETRIC_REPRESENTATION_ITEM ( )  RATIONAL_B_SPLINE_CURVE ( ( 1.000000000000000000, 0.9996955311070472305, 0.9996955311070472305, 1.000000000000000000 ) ) 
 REPRESENTATION_ITEM ( '' )  );
#3347 = CARTESIAN_POINT ( 'NONE',  ( -102.6400071844727648, 139.9999999999999432, -98.92839852658499922 ) ) ;
#3348 = CARTESIAN_POINT ( 'NONE',  ( -35.55574736031265815, 70.20027772957647016, 23.59801994738573683 ) ) ;
#3349 = CARTESIAN_POINT ( 'NONE',  ( -117.5000000000000853, 146.0000000000000284, 85.15000000000001990 ) ) ;
#3350 = ORIENTED_EDGE ( 'NONE', *, *, #292, .F. ) ;
#3351 = ORIENTED_EDGE ( 'NONE', *, *, #2172, .F. ) ;
#3352 = FACE_OUTER_BOUND ( 'NONE', #4291, .T. ) ;
#3353 = FACE_OUTER_BOUND ( 'NONE', #2090, .T. ) ;
#3354 = CARTESIAN_POINT ( 'NONE',  ( -27.92593424724381279, 46.68322728561766866, 13.74816777465844986 ) ) ;
#3355 = EDGE_CURVE ( 'NONE', #756, #3524, #538, .T. ) ;
#3356 = CARTESIAN_POINT ( 'NONE',  ( 68.92386488954610968, 120.6850064212964639, 68.60110328172331151 ) ) ;
#3357 = SHAPE_DEFINITION_REPRESENTATION ( #907, #3699 ) ;
#3358 = CARTESIAN_POINT ( 'NONE',  ( 36.26243563074088172, 70.40920230842694139, -20.58805951484172780 ) ) ;
#3359 = CARTESIAN_POINT ( 'NONE',  ( 26.09164514596918849, 38.55661757986628402, -13.31849670700811572 ) ) ;
#3360 = CARTESIAN_POINT ( 'NONE',  ( -26.87005768508894832, 18.19238815542511389, 26.87005768508865700 ) ) ;
#3361 = VECTOR ( 'NONE', #679, 1000.000000000000000 ) ;
#3362 = DIRECTION ( 'NONE',  ( -0.000000000000000000, 1.000000000000000000, -0.000000000000000000 ) ) ;
#3363 = ADVANCED_FACE ( 'NONE', ( #498 ), #4230, .F. ) ;
#3364 = CARTESIAN_POINT ( 'NONE',  ( 21.46396496056324210, 9.000000000000000000, 1.999999999999988010 ) ) ;
#3365 = CARTESIAN_POINT ( 'NONE',  ( -45.88649130980353164, 88.47381518454709237, -38.15803640552120868 ) ) ;
#3366 = VECTOR ( 'NONE', #312, 1000.000000000000000 ) ;
#3367 = FACE_OUTER_BOUND ( 'NONE', #4205, .T. ) ;
#3368 = ORIENTED_EDGE ( 'NONE', *, *, #1557, .T. ) ;
#3369 = ADVANCED_FACE ( 'NONE', ( #1905, #1526 ), #3212, .F. ) ;
#3370 = CYLINDRICAL_SURFACE ( 'NONE', #2384, 2.649999999999985700 ) ;
#3371 = DIRECTION ( 'NONE',  ( 0.000000000000000000, 0.000000000000000000, 1.000000000000000000 ) ) ;
#3372 = DIRECTION ( 'NONE',  ( -0.05233595624294395260, -0.9986295347545739443, -0.000000000000000000 ) ) ;
#3373 = ORIENTED_EDGE ( 'NONE', *, *, #1959, .F. ) ;
#3374 = ORIENTED_EDGE ( 'NONE', *, *, #3993, .F. ) ;
#3375 = VERTEX_POINT ( 'NONE', #3261 ) ;
#3376 = CARTESIAN_POINT ( 'NONE',  ( -22.48801905586028482, 55.14958927053601201, 22.84457137738185750 ) ) ;
#3377 = EDGE_CURVE ( 'NONE', #2640, #2254, #1767, .T. ) ;
#3378 = DIRECTION ( 'NONE',  ( -0.1516885418044136291, -0.9878937349603240659, 0.03250468752951552603 ) ) ;
#3379 = CARTESIAN_POINT ( 'NONE',  ( -34.04968401140320822, 65.25341786835235780, 18.34329066297013000 ) ) ;
#3380 = CARTESIAN_POINT ( 'NONE',  ( -82.50000000000000000, 146.0000000000000284, 122.3999999999999915 ) ) ;
#3381 = DIRECTION ( 'NONE',  ( -0.000000000000000000, 1.000000000000000000, -0.000000000000000000 ) ) ;
#3382 = CARTESIAN_POINT ( 'NONE',  ( 36.28106010199955023, 70.64726350721517178, -21.96339712917600551 ) ) ;
#3383 = CARTESIAN_POINT ( 'NONE',  ( -117.5000000000000853, 140.0000000000000000, 85.15000000000000568 ) ) ;
#3384 = AXIS2_PLACEMENT_3D ( 'NONE', #1286, #1583, #3315 ) ;
#3385 = ADVANCED_FACE ( 'NONE', ( #1209, #4273, #558, #1925, #3281, #2857 ), #230, .F. ) ;
#3386 = CARTESIAN_POINT ( 'NONE',  ( 26.87005768508875292, 0.000000000000000000, 26.87005768508885239 ) ) ;
#3387 = LINE ( 'NONE', #333, #2616 ) ;
#3388 = FACE_OUTER_BOUND ( 'NONE', #2544, .T. ) ;
#3389 = DIRECTION ( 'NONE',  ( 0.000000000000000000, 0.000000000000000000, 1.000000000000000000 ) ) ;
#3390 = EDGE_LOOP ( 'NONE', ( #2745, #3113, #1574, #3752 ) ) ;
#3391 = AXIS2_PLACEMENT_3D ( 'NONE', #1766, #1408, #1111 ) ;
#3392 = CARTESIAN_POINT ( 'NONE',  ( -90.45504075680462108, 133.0464285133662941, -83.31271906416532147 ) ) ;
#3393 = CARTESIAN_POINT ( 'NONE',  ( 25.18768324352807753, 62.18796673935641195, 24.68493927844345137 ) ) ;
#3394 = CARTESIAN_POINT ( 'NONE',  ( -67.38986106205645399, 119.4265485742860875, 66.99233088678381876 ) ) ;
#3395 = ORIENTED_EDGE ( 'NONE', *, *, #2081, .F. ) ;
#3396 = VECTOR ( 'NONE', #4021, 1000.000000000000000 ) ;
#3397 = ORIENTED_EDGE ( 'NONE', *, *, #325, .T. ) ;
#3398 = ORIENTED_EDGE ( 'NONE', *, *, #1417, .T. ) ;
#3399 = CARTESIAN_POINT ( 'NONE',  ( -26098.14543882872385, 498630.4984935392276, -2.000000000000000000 ) ) ;
#3400 = DIRECTION ( 'NONE',  ( 0.000000000000000000, 0.000000000000000000, 1.000000000000000000 ) ) ;
#3401 = CIRCLE ( 'NONE', #406, 3.249999999999999556 ) ;
#3402 = CARTESIAN_POINT ( 'NONE',  ( -34.59414008692706943, 66.57778449277493849, -18.87568333513302576 ) ) ;
#3403 = ORIENTED_EDGE ( 'NONE', *, *, #3451, .F. ) ;
#3404 = CIRCLE ( 'NONE', #1477, 2.649999999999985700 ) ;
#3405 = CARTESIAN_POINT ( 'NONE',  ( 29.28886028646980932, 70.90820755833459543, 28.12386314898613193 ) ) ;
#3406 =( LENGTH_UNIT ( ) NAMED_UNIT ( * ) SI_UNIT ( .MILLI., .METRE. ) );
#3407 = CARTESIAN_POINT ( 'NONE',  ( 35.16284046205524305, 67.97146957501060172, -26.71568483158493379 ) ) ;
#3408 = AXIS2_PLACEMENT_3D ( 'NONE', #4067, #3111, #1402 ) ;
#3409 = CIRCLE ( 'NONE', #1485, 7.999999999999999112 ) ;
#3410 = CARTESIAN_POINT ( 'NONE',  ( 25.11760832970491464, 32.79488490836931902, -13.11845880216451476 ) ) ;
#3411 = CARTESIAN_POINT ( 'NONE',  ( 105.0000000000000284, 42.83931635415304839, 21.41333099750923452 ) ) ;
#3412 = CARTESIAN_POINT ( 'NONE',  ( -32.81622089239288442, 77.73854344221916790, -31.66770667719420018 ) ) ;
#3413 = ADVANCED_FACE ( 'NONE', ( #2607 ), #1696, .T. ) ;
#3414 = DIRECTION ( 'NONE',  ( 0.000000000000000000, 0.000000000000000000, -1.000000000000000000 ) ) ;
#3415 = ORIENTED_EDGE ( 'NONE', *, *, #752, .F. ) ;
#3416 = DIRECTION ( 'NONE',  ( 0.000000000000000000, 0.000000000000000000, 1.000000000000000000 ) ) ;
#3417 = CARTESIAN_POINT ( 'NONE',  ( -35.06176410376252051, 70.05780497357439174, 24.37119900574477427 ) ) ;
#3418 = CARTESIAN_POINT ( 'NONE',  ( -100.5263340300873125, 140.0000000000000284, 102.5543780950304580 ) ) ;
#3419 = EDGE_LOOP ( 'NONE', ( #3458, #3990 ) ) ;
#3420 = ORIENTED_EDGE ( 'NONE', *, *, #2034, .F. ) ;
#3421 = CARTESIAN_POINT ( 'NONE',  ( -27.20965497227780716, 66.73739468947529474, 26.32555387156159910 ) ) ;
#3422 = CARTESIAN_POINT ( 'NONE',  ( -102.4131271325025523, 140.0000000000000000, -100.7280523255225546 ) ) ;
#3423 = CARTESIAN_POINT ( 'NONE',  ( -28.26289840538396092, 68.95658202082908872, -27.23783349795366249 ) ) ;
#3424 = EDGE_CURVE ( 'NONE', #2062, #3493, #1162, .T. ) ;
#3425 = ORIENTED_EDGE ( 'NONE', *, *, #4062, .F. ) ;
#3426 = DIRECTION ( 'NONE',  ( 0.000000000000000000, 0.000000000000000000, 1.000000000000000000 ) ) ;
#3427 = CARTESIAN_POINT ( 'NONE',  ( 29.24229335221802017, 70.91611563613429325, 28.12770094313626856 ) ) ;
#3428 = EDGE_LOOP ( 'NONE', ( #4192, #4359 ) ) ;
#3429 = CARTESIAN_POINT ( 'NONE',  ( 33.15028611164287042, 69.98054781977913308, -26.36747222017875103 ) ) ;
#3430 = DIRECTION ( 'NONE',  ( -0.000000000000000000, 1.000000000000000000, -0.000000000000000000 ) ) ;
#3431 = CARTESIAN_POINT ( 'NONE',  ( -82.50000000000000000, 140.0000000000000000, 120.1499999999999773 ) ) ;
#3432 = EDGE_CURVE ( 'NONE', #3187, #97, #4345, .T. ) ;
#3433 = CARTESIAN_POINT ( 'NONE',  ( 29.33524450591268362, 51.80672096065022458, -14.49135393865892496 ) ) ;
#3434 = ADVANCED_FACE ( 'NONE', ( #251 ), #2676, .F. ) ;
#3435 = CARTESIAN_POINT ( 'NONE',  ( 86.61315024548795805, 133.0414803312331742, -87.64873465041587508 ) ) ;
#3436 = VERTEX_POINT ( 'NONE', #2968 ) ;
#3437 = CARTESIAN_POINT ( 'NONE',  ( -33.49999999999999289, 9.000000000000000000, 2.000000000000001776 ) ) ;
#3438 = DIRECTION ( 'NONE',  ( -0.000000000000000000, 1.000000000000000000, -0.000000000000000000 ) ) ;
#3439 = ORIENTED_EDGE ( 'NONE', *, *, #4290, .T. ) ;
#3440 = ORIENTED_EDGE ( 'NONE', *, *, #705, .T. ) ;
#3441 = ORIENTED_EDGE ( 'NONE', *, *, #2098, .F. ) ;
#3442 = CIRCLE ( 'NONE', #1519, 7.999999999999998224 ) ;
#3443 = CARTESIAN_POINT ( 'NONE',  ( -18.88925619532807687, 42.83931635415304839, 21.41333099750926294 ) ) ;
#3444 = CARTESIAN_POINT ( 'NONE',  ( -101.3572397810058305, 140.0000000000000000, -102.1839561536226313 ) ) ;
#3445 = DIRECTION ( 'NONE',  ( -0.000000000000000000, 1.000000000000000000, -0.000000000000000000 ) ) ;
#3446 = CARTESIAN_POINT ( 'NONE',  ( -29.28886028647068329, 70.90820755833635758, -28.12386314898693840 ) ) ;
#3447 = ORIENTED_EDGE ( 'NONE', *, *, #1482, .T. ) ;
#3448 = ORIENTED_EDGE ( 'NONE', *, *, #2843, .F. ) ;
#3449 = CARTESIAN_POINT ( 'NONE',  ( 35.43876311266372880, 70.15894279562364488, -23.79707228410779152 ) ) ;
#3450 = CARTESIAN_POINT ( 'NONE',  ( 2.000000000000001776, 9.000000000000017764, 20.29991528752059082 ) ) ;
#3451 = EDGE_CURVE ( 'NONE', #2569, #3821, #765, .T. ) ;
#3452 = CARTESIAN_POINT ( 'NONE',  ( 117.4999999999999432, 149.0000000000000284, 87.39999999999997726 ) ) ;
#3453 = CARTESIAN_POINT ( 'NONE',  ( 27.28378832221368100, 44.07384053296433990, -13.51004563560604232 ) ) ;
#3454 = CIRCLE ( 'NONE', #1170, 4.900000000000001243 ) ;
#3455 = CARTESIAN_POINT ( 'NONE',  ( 105.0000000000004690, 140.0000000000000000, 125.0000000000004690 ) ) ;
#3456 = VERTEX_POINT ( 'NONE', #1009 ) ;
#3457 = FACE_OUTER_BOUND ( 'NONE', #4002, .T. ) ;
#3458 = ORIENTED_EDGE ( 'NONE', *, *, #3511, .F. ) ;
#3459 = CIRCLE ( 'NONE', #1178, 13.99999999999999822 ) ;
#3460 = ORIENTED_EDGE ( 'NONE', *, *, #1953, .F. ) ;
#3461 = DIRECTION ( 'NONE',  ( 0.000000000000000000, 0.000000000000000000, 1.000000000000000000 ) ) ;
#3462 = CARTESIAN_POINT ( 'NONE',  ( -99.62547606142199186, 140.0000000000000000, -102.6500000000000199 ) ) ;
#3463 = PLANE ( 'NONE',  #3975 ) ;
#3464 = CARTESIAN_POINT ( 'NONE',  ( 117.4999999999999147, 140.0000000000000000, -82.50000000000001421 ) ) ;
#3465 = ORIENTED_EDGE ( 'NONE', *, *, #3862, .F. ) ;
#3466 = AXIS2_PLACEMENT_3D ( 'NONE', #3968, #2280, #4209 ) ;
#3467 = DIRECTION ( 'NONE',  ( 0.000000000000000000, 0.000000000000000000, 1.000000000000000000 ) ) ;
#3468 = DIRECTION ( 'NONE',  ( -1.000000000000000000, -0.000000000000000000, -0.000000000000000000 ) ) ;
#3469 = CYLINDRICAL_SURFACE ( 'NONE', #2649, 145.0000000000000284 ) ;
#3470 = CIRCLE ( 'NONE', #1625, 4.900000000000001243 ) ;
#3471 = DIRECTION ( 'NONE',  ( -0.000000000000000000, 1.000000000000000000, -0.000000000000000000 ) ) ;
#3472 = CARTESIAN_POINT ( 'NONE',  ( -41.58538241616670206, 81.03670345153102517, -26.55533907701427410 ) ) ;
#3473 = VECTOR ( 'NONE', #4175, 1000.000000000000000 ) ;
#3474 = CARTESIAN_POINT ( 'NONE',  ( 88.41837150296517223, 131.7697059525118277, 80.78926743839014080 ) ) ;
#3475 = ORIENTED_EDGE ( 'NONE', *, *, #3007, .F. ) ;
#3476 = CARTESIAN_POINT ( 'NONE',  ( -33.42390576024246940, 78.85942825004956092, 32.27853112619612119 ) ) ;
#3477 = CIRCLE ( 'NONE', #351, 53.50000000000000000 ) ;
#3478 = ORIENTED_EDGE ( 'NONE', *, *, #9, .T. ) ;
#3479 = EDGE_CURVE ( 'NONE', #2904, #3537, #3401, .T. ) ;
#3480 = VERTEX_POINT ( 'NONE', #1996 ) ;
#3481 = CYLINDRICAL_SURFACE ( 'NONE', #257, 1.000000000000000888 ) ;
#3482 = FACE_BOUND ( 'NONE', #3419, .T. ) ;
#3483 = CARTESIAN_POINT ( 'NONE',  ( 17.21028008360597639, 34.00903482021967505, -13.11845880216452009 ) ) ;
#3484 = ORIENTED_EDGE ( 'NONE', *, *, #552, .F. ) ;
#3485 = CARTESIAN_POINT ( 'NONE',  ( -25.11760832970491464, 32.79488490836931902, 13.11845880216452898 ) ) ;
#3486 = EDGE_CURVE ( 'NONE', #1366, #490, #989, .T. ) ;
#3487 = PLANE ( 'NONE',  #3970 ) ;
#3488 = LINE ( 'NONE', #744, #3797 ) ;
#3489 = CARTESIAN_POINT ( 'NONE',  ( 37.04130552682031663, 72.11830305846868328, 21.46041799585944077 ) ) ;
#3490 = LINE ( 'NONE', #833, #681 ) ;
#3491 = ORIENTED_EDGE ( 'NONE', *, *, #3984, .F. ) ;
#3492 = CARTESIAN_POINT ( 'NONE',  ( 72.44936017423411556, 119.5173476586033274, 67.07421481072226754 ) ) ;
#3493 = VERTEX_POINT ( 'NONE', #3349 ) ;
#3494 = EDGE_CURVE ( 'NONE', #3275, #2805, #4322, .T. ) ;
#3495 = DIRECTION ( 'NONE',  ( 0.000000000000000000, 0.000000000000000000, -1.000000000000000000 ) ) ;
#3496 = DIRECTION ( 'NONE',  ( -0.000000000000000000, -1.000000000000000000, -0.000000000000000000 ) ) ;
#3497 = ADVANCED_FACE ( 'NONE', ( #3325 ), #2629, .F. ) ;
#3498 = ORIENTED_EDGE ( 'NONE', *, *, #3027, .T. ) ;
#3499 = CARTESIAN_POINT ( 'NONE',  ( -18.13301624013294955, 9.000000000000000000, 20.29991528752058727 ) ) ;
#3500 = FACE_OUTER_BOUND ( 'NONE', #1317, .T. ) ;
#3501 = LINE ( 'NONE', #3190, #700 ) ;
#3502 = DIRECTION ( 'NONE',  ( 0.9884160307623646169, -0.1517687389812946153, 0.000000000000000000 ) ) ;
#3503 = ORIENTED_EDGE ( 'NONE', *, *, #2772, .F. ) ;
#3504 = CARTESIAN_POINT ( 'NONE',  ( 111.0000000000004405, 149.0000000000000284, 111.0000000000004690 ) ) ;
#3505 = ADVANCED_FACE ( 'NONE', ( #14 ), #1370, .T. ) ;
#3506 = SURFACE_STYLE_FILL_AREA ( #2481 ) ;
#3507 = CYLINDRICAL_SURFACE ( 'NONE', #1304, 2.649999999999985700 ) ;
#3508 = CARTESIAN_POINT ( 'NONE',  ( 81.35315320857668553, 126.7847121950439231, 72.24899091049292110 ) ) ;
#3509 = CARTESIAN_POINT ( 'NONE',  ( 72.32746253307793438, 119.3781974727690880, -61.61208997803500864 ) ) ;
#3510 = LINE ( 'NONE', #2867, #4012 ) ;
#3511 = EDGE_CURVE ( 'NONE', #4364, #3208, #2258, .T. ) ;
#3512 = CARTESIAN_POINT ( 'NONE',  ( 99.27723827605628060, 138.2950610589768132, 98.33434183417796248 ) ) ;
#3513 = ORIENTED_EDGE ( 'NONE', *, *, #3424, .F. ) ;
#3514 = CARTESIAN_POINT ( 'NONE',  ( -21.92085531914359109, 11.97556504556079204, 12.43344029990138466 ) ) ;
#3515 = CARTESIAN_POINT ( 'NONE',  ( -70.96678305795923336, 118.1913896312108818, 65.42674481118885410 ) ) ;
#3516 = AXIS2_PLACEMENT_3D ( 'NONE', #1750, #1152, #4218 ) ;
#3517 = ORIENTED_EDGE ( 'NONE', *, *, #1331, .T. ) ;
#3518 = CARTESIAN_POINT ( 'NONE',  ( 82.50000000000002842, 146.0000000000000284, -120.1499999999999631 ) ) ;
#3519 = CARTESIAN_POINT ( 'NONE',  ( -82.50000000000000000, 149.0000000000000284, 122.3999999999999915 ) ) ;
#3520 = CARTESIAN_POINT ( 'NONE',  ( -2.000000000000001776, 9.000000000000017764, -20.29991528752059082 ) ) ;
#3521 = CARTESIAN_POINT ( 'NONE',  ( -35.44114511435649462, 70.15181060383545741, -23.80976437960330827 ) ) ;
#3522 = CIRCLE ( 'NONE', #329, 4.900000000000001243 ) ;
#3523 = ORIENTED_EDGE ( 'NONE', *, *, #2305, .T. ) ;
#3524 = VERTEX_POINT ( 'NONE', #3656 ) ;
#3525 = VERTEX_POINT ( 'NONE', #1971 ) ;
#3526 = CARTESIAN_POINT ( 'NONE',  ( 2.000000000000000000, 8.999999999999989342, 27.85000000000000142 ) ) ;
#3527 = DIRECTION ( 'NONE',  ( 0.000000000000000000, 0.9994591347499238720, 0.03288522411256245004 ) ) ;
#3528 = AXIS2_PLACEMENT_3D ( 'NONE', #3634, #3234, #1946 ) ;
#3529 = CARTESIAN_POINT ( 'NONE',  ( 99.62547606142190659, 139.9999999999999716, 102.6500000000000199 ) ) ;
#3530 = CARTESIAN_POINT ( 'NONE',  ( -19.49607084475987406, 45.36681355495159096, -21.49649328899496936 ) ) ;
#3531 = CARTESIAN_POINT ( 'NONE',  ( 47.71265484030173809, 91.22096591489601281, -33.44415441773058006 ) ) ;
#3532 = DIRECTION ( 'NONE',  ( -0.000000000000000000, 1.000000000000000000, -0.000000000000000000 ) ) ;
#3533 = CIRCLE ( 'NONE', #2682, 2.649999999999999467 ) ;
#3534 = EDGE_CURVE ( 'NONE', #1203, #2569, #350, .T. ) ;
#3535 = ADVANCED_FACE ( 'NONE', ( #3265 ), #1193, .T. ) ;
#3536 = CARTESIAN_POINT ( 'NONE',  ( 80.21490383725178219, 125.9527762063152920, 75.79070897600932710 ) ) ;
#3537 = VERTEX_POINT ( 'NONE', #1164 ) ;
#3538 = CARTESIAN_POINT ( 'NONE',  ( -82.50000000000000000, 146.0000000000000284, 117.5000000000000000 ) ) ;
#3539 = CARTESIAN_POINT ( 'NONE',  ( -55.40655235457779781, 101.7139922783289734, 42.14791313829750408 ) ) ;
#3540 = EDGE_CURVE ( 'NONE', #2519, #161, #2907, .T. ) ;
#3541 = CIRCLE ( 'NONE', #3118, 4.900000000000001243 ) ;
#3542 = CIRCLE ( 'NONE', #2059, 3.249999999999999556 ) ;
#3543 = ORIENTED_EDGE ( 'NONE', *, *, #4185, .F. ) ;
#3544 = CARTESIAN_POINT ( 'NONE',  ( 82.50000000000002842, 149.0000000000000284, -117.4999999999999716 ) ) ;
#3545 = CARTESIAN_POINT ( 'NONE',  ( -19.44052550016332148, 500000.0000000000582, -2.000000000000000000 ) ) ;
#3546 = CARTESIAN_POINT ( 'NONE',  ( -17.21028008360599770, 33.74595302731918167, 21.11413188016392084 ) ) ;
#3547 = LINE ( 'NONE', #3303, #2182 ) ;
#3548 = ORIENTED_EDGE ( 'NONE', *, *, #3344, .F. ) ;
#3549 = EDGE_LOOP ( 'NONE', ( #642, #428, #3321, #4056 ) ) ;
#3550 = EDGE_CURVE ( 'NONE', #3493, #2339, #2391, .T. ) ;
#3551 = CARTESIAN_POINT ( 'NONE',  ( 29.28886028647081119, 70.90820755833668443, -28.12386314898709827 ) ) ;
#3552 = DIRECTION ( 'NONE',  ( -0.000000000000000000, 1.000000000000000000, -0.000000000000000000 ) ) ;
#3553 = DIRECTION ( 'NONE',  ( 0.000000000000000000, 0.000000000000000000, 1.000000000000000000 ) ) ;
#3554 = EDGE_CURVE ( 'NONE', #2152, #1997, #2734, .T. ) ;
#3555 = CARTESIAN_POINT ( 'NONE',  ( 117.4999999999999432, 149.0000000000000284, 79.85000000000000853 ) ) ;
#3556 = FACE_OUTER_BOUND ( 'NONE', #2212, .T. ) ;
#3557 = CARTESIAN_POINT ( 'NONE',  ( 69.38264692600766637, 116.6988190126470926, -58.18482262993966714 ) ) ;
#3558 = DIRECTION ( 'NONE',  ( -0.000000000000000000, 1.000000000000000000, -0.000000000000000000 ) ) ;
#3559 = CARTESIAN_POINT ( 'NONE',  ( 61.85912108758482475, 114.5779494814733255, -61.23261405837924087 ) ) ;
#3560 = ORIENTED_EDGE ( 'NONE', *, *, #2310, .F. ) ;
#3561 = DIRECTION ( 'NONE',  ( 0.000000000000000000, 0.9986295347545740553, -0.05233595624294258564 ) ) ;
#3562 = CARTESIAN_POINT ( 'NONE',  ( -72.49653043437091071, 119.5587411744985928, 67.12676815270634734 ) ) ;
#3563 = VERTEX_POINT ( 'NONE', #1864 ) ;
#3564 = CARTESIAN_POINT ( 'NONE',  ( -76.85897921851147885, 126.7355146584366281, -77.00422231202367129 ) ) ;
#3565 = CARTESIAN_POINT ( 'NONE',  ( 26.65485930189101893, 41.16316529198820717, 21.35818056523109476 ) ) ;
#3566 = DIRECTION ( 'NONE',  ( -0.1516885418044136014, -0.9878937349603240659, -0.03250468752951592155 ) ) ;
#3567 = VERTEX_POINT ( 'NONE', #2928 ) ;
#3568 = EDGE_LOOP ( 'NONE', ( #958, #2840, #182, #1080, #3091 ) ) ;
#3569 = CARTESIAN_POINT ( 'NONE',  ( -39.11899415284467096, 76.38557797073220001, 23.78867100081299668 ) ) ;
#3570 = CARTESIAN_POINT ( 'NONE',  ( -25.51660288520811193, 35.42773524506432636, 21.16946759447121806 ) ) ;
#3571 = CARTESIAN_POINT ( 'NONE',  ( 29.24229335221802017, 70.91611563613429325, 28.12770094313626856 ) ) ;
#3572 = VECTOR ( 'NONE', #2030, 1000.000000000000000 ) ;
#3573 = ORIENTED_EDGE ( 'NONE', *, *, #4197, .F. ) ;
#3574 = EDGE_CURVE ( 'NONE', #1636, #635, #441, .T. ) ;
#3575 = ORIENTED_EDGE ( 'NONE', *, *, #3663, .F. ) ;
#3576 = CARTESIAN_POINT ( 'NONE',  ( -111.0000000000004832, 148.0000000000000284, 111.0000000000004690 ) ) ;
#3577 = AXIS2_PLACEMENT_3D ( 'NONE', #723, #1465, #2157 ) ;
#3578 = CARTESIAN_POINT ( 'NONE',  ( 63.63484410393223101, 111.0161598999666239, 51.55002506172889554 ) ) ;
#3579 = CARTESIAN_POINT ( 'NONE',  ( 96.57897556306653541, 136.7808483137645510, -90.97824209911652815 ) ) ;
#3580 = CARTESIAN_POINT ( 'NONE',  ( 111.0000000000004405, 148.0523359562429562, 111.0000000000004690 ) ) ;
#3581 = ADVANCED_FACE ( 'NONE', ( #152 ), #2194, .F. ) ;
#3582 = CARTESIAN_POINT ( 'NONE',  ( 28.96834837797872453, 70.24053253890350845, 27.80204680872348177 ) ) ;
#3583 = VERTEX_POINT ( 'NONE', #897 ) ;
#3584 = CARTESIAN_POINT ( 'NONE',  ( -26.70879484081410027, 41.41277825732981910, -13.41765791950984266 ) ) ;
#3585 = CARTESIAN_POINT ( 'NONE',  ( -57.71527129588390181, 104.4807843984891065, 50.90211554505125235 ) ) ;
#3586 = ORIENTED_EDGE ( 'NONE', *, *, #2259, .T. ) ;
#3587 = CARTESIAN_POINT ( 'NONE',  ( -33.50000000000000000, 8.999999999999996447, 2.000000000000000000 ) ) ;
#3588 = CARTESIAN_POINT ( 'NONE',  ( 26.04236631131852420, 38.30418473236834132, 21.26411147010433922 ) ) ;
#3589 = CARTESIAN_POINT ( 'NONE',  ( 105.0000000000000284, 9.787778399604734503, 154.0773987859541592 ) ) ;
#3590 = ORIENTED_EDGE ( 'NONE', *, *, #1968, .F. ) ;
#3591 = FACE_OUTER_BOUND ( 'NONE', #38, .T. ) ;
#3592 = CARTESIAN_POINT ( 'NONE',  ( -99.62547606142192080, 139.9999999999999716, 102.6500000000000199 ) ) ;
#3593 = DIRECTION ( 'NONE',  ( 0.000000000000000000, 0.000000000000000000, 1.000000000000000000 ) ) ;
#3594 = EDGE_CURVE ( 'NONE', #3208, #4364, #3533, .T. ) ;
#3595 = CIRCLE ( 'NONE', #183, 2.649999999999985700 ) ;
#3596 = ORIENTED_EDGE ( 'NONE', *, *, #246, .T. ) ;
#3597 = VECTOR ( 'NONE', #1431, 1000.000000000000000 ) ;
#3598 = CARTESIAN_POINT ( 'NONE',  ( 28.79975494122804491, 70.04738981512313956, -27.71864087601949223 ) ) ;
#3599 = CARTESIAN_POINT ( 'NONE',  ( 40.39913427040799121, 79.00120070253345261, -25.22250054996147739 ) ) ;
#3600 = CARTESIAN_POINT ( 'NONE',  ( -117.5000000000000995, 149.0000000000000284, -79.85000000000000853 ) ) ;
#3601 = CARTESIAN_POINT ( 'NONE',  ( 29.24229335221807702, 70.91611563613430746, -28.12770094313626856 ) ) ;
#3602 = VECTOR ( 'NONE', #42, 999.9999999999998863 ) ;
#3603 = CARTESIAN_POINT ( 'NONE',  ( 17.21028008360599770, 33.74595302731918167, 21.11413188016392084 ) ) ;
#3604 = VERTEX_POINT ( 'NONE', #2521 ) ;
#3605 = DIRECTION ( 'NONE',  ( 0.000000000000000000, 0.000000000000000000, 1.000000000000000000 ) ) ;
#3606 = CARTESIAN_POINT ( 'NONE',  ( -99.26878685577179340, 138.2906989640526945, 98.32352212904451960 ) ) ;
#3607 = AXIS2_PLACEMENT_3D ( 'NONE', #3991, #944, #603 ) ;
#3608 = VERTEX_POINT ( 'NONE', #561 ) ;
#3609 = CARTESIAN_POINT ( 'NONE',  ( -81.72392267613852823, 129.9896603022159809, -82.27371173554949735 ) ) ;
#3610 = VECTOR ( 'NONE', #3146, 1000.000000000000000 ) ;
#3611 = DIRECTION ( 'NONE',  ( -0.000000000000000000, -0.9986295347545739443, 0.05233595624294394566 ) ) ;
#3612 = DIRECTION ( 'NONE',  ( 0.000000000000000000, 0.000000000000000000, 1.000000000000000000 ) ) ;
#3613 = ADVANCED_FACE ( 'NONE', ( #1930 ), #3286, .F. ) ;
#3614 = B_SPLINE_CURVE_WITH_KNOTS ( 'NONE', 3,
 ( #90, #1446, #3137, #3221, #2889, #3508, #2803, #2552, #2219, #1466, #2821, #3864, #3578, #4216, #3846, #1171, #3199, #1823, #1510, #4156, #2865, #2199, #174, #1534, #3489, #1198 ),
 .UNSPECIFIED., .F., .F.,
 ( 4, 2, 2, 2, 2, 2, 2, 2, 2, 2, 2, 2, 4 ),
 ( 0.000000000000000000, 0.01567928168738294895, 0.03135856337476589789, 0.04703784506214885031, 0.05487748590584030917, 0.06271712674953176803, 0.07055676759322322689, 0.07839640843691469962, 0.09407569012429768673, 0.1097549718116806600, 0.1175946126553721327, 0.1215144330772179038, 0.1254342534990636748 ),
 .UNSPECIFIED. ) ;
#3615 = ORIENTED_EDGE ( 'NONE', *, *, #4399, .F. ) ;
#3616 = CIRCLE ( 'NONE', #835, 8.000000000000000000 ) ;
#3617 = EDGE_LOOP ( 'NONE', ( #2247, #3284, #2398, #2377, #3669 ) ) ;
#3618 = PLANE ( 'NONE',  #1699 ) ;
#3619 = DIRECTION ( 'NONE',  ( 0.000000000000000000, 0.000000000000000000, -1.000000000000000000 ) ) ;
#3620 = DIRECTION ( 'NONE',  ( -0.000000000000000000, 1.000000000000000000, -0.000000000000000000 ) ) ;
#3621 = AXIS2_PLACEMENT_3D ( 'NONE', #4045, #996, #3088 ) ;
#3622 = EDGE_LOOP ( 'NONE', ( #3922, #337, #584, #2777, #1973 ) ) ;
#3623 = DIRECTION ( 'NONE',  ( -0.000000000000000000, -1.000000000000000000, -0.000000000000000000 ) ) ;
#3624 = CARTESIAN_POINT ( 'NONE',  ( 60.92789998260020923, 108.1790448961092181, -48.44227394840411449 ) ) ;
#3625 = CARTESIAN_POINT ( 'NONE',  ( 117.4999999999999147, 140.0000000000000000, -85.15000000000000568 ) ) ;
#3626 = CARTESIAN_POINT ( 'NONE',  ( -24.20583331332836963, 59.76792442537094274, 23.96655230539235859 ) ) ;
#3627 = CARTESIAN_POINT ( 'NONE',  ( 38.27003099427088983, 86.93661151083975369, 37.15732134559178235 ) ) ;
#3628 = EDGE_LOOP ( 'NONE', ( #3548, #4109, #2083, #2491 ) ) ;
#3629 = CARTESIAN_POINT ( 'NONE',  ( 29.33524450591238875, 51.80672096064928667, 14.49135393865878285 ) ) ;
#3630 = CARTESIAN_POINT ( 'NONE',  ( -66.31360651273222118, 113.7641446090668751, -60.28945467003612890 ) ) ;
#3631 = VERTEX_POINT ( 'NONE', #827 ) ;
#3632 = CARTESIAN_POINT ( 'NONE',  ( -85.86513411578610544, 129.9950543490530492, -77.69385116266519731 ) ) ;
#3633 = CARTESIAN_POINT ( 'NONE',  ( -111.0000000000003837, 140.0000000000000000, 125.0000000000004690 ) ) ;
#3634 = CARTESIAN_POINT ( 'NONE',  ( 117.4999999999999147, 146.0000000000000284, -82.50000000000001421 ) ) ;
#3635 = ORIENTED_EDGE ( 'NONE', *, *, #3731, .T. ) ;
#3636 = ADVANCED_FACE ( 'NONE', ( #1595 ), #892, .T. ) ;
#3637 = ORIENTED_EDGE ( 'NONE', *, *, #3355, .T. ) ;
#3638 = EDGE_CURVE ( 'NONE', #4169, #4236, #2762, .T. ) ;
#3639 = DIRECTION ( 'NONE',  ( -0.000000000000000000, -1.000000000000000000, -0.000000000000000000 ) ) ;
#3640 = CARTESIAN_POINT ( 'NONE',  ( 99.85431797905887663, 140.0000000000000284, -102.6499999999998636 ) ) ;
#3641 = CARTESIAN_POINT ( 'NONE',  ( 15.51802098675178421, 22.72486903623266485, 20.75150493083803482 ) ) ;
#3642 = EDGE_LOOP ( 'NONE', ( #2229, #1840 ) ) ;
#3643 = CARTESIAN_POINT ( 'NONE',  ( 111.0000000000004405, 148.0523359562429562, 124.5779949544927945 ) ) ;
#3644 = CARTESIAN_POINT ( 'NONE',  ( 72.34562735522477794, 119.4256520771193095, -66.95875746369385695 ) ) ;
#3645 = CARTESIAN_POINT ( 'NONE',  ( 124.5779949544927661, 148.0523359562429562, 111.0000000000004690 ) ) ;
#3646 = DIRECTION ( 'NONE',  ( 0.000000000000000000, 0.000000000000000000, 1.000000000000000000 ) ) ;
#3647 = AXIS2_PLACEMENT_3D ( 'NONE', #3455, #10, #401 ) ;
#3648 = CARTESIAN_POINT ( 'NONE',  ( 18.23805686214689814, 39.82557439793326637, 21.31416978500752180 ) ) ;
#3649 = ORIENTED_EDGE ( 'NONE', *, *, #3245, .F. ) ;
#3650 = CYLINDRICAL_SURFACE ( 'NONE', #692, 4.900000000000001243 ) ;
#3651 = CARTESIAN_POINT ( 'NONE',  ( -91.52628073446619794, 133.7239687652169664, -84.63990744891965790 ) ) ;
#3652 = EDGE_CURVE ( 'NONE', #920, #3604, #3892, .T. ) ;
#3653 = ORIENTED_EDGE ( 'NONE', *, *, #4034, .F. ) ;
#3654 = CARTESIAN_POINT ( 'NONE',  ( -45.28418498343727805, 87.46382669408882293, -30.71020540396190057 ) ) ;
#3655 = CARTESIAN_POINT ( 'NONE',  ( 26.04236631130048707, 38.30418473235902610, -21.26411147006119862 ) ) ;
#3656 = CARTESIAN_POINT ( 'NONE',  ( 25.11760832970491464, 32.79488490836931902, 2.000000000000001776 ) ) ;
#3657 = ORIENTED_EDGE ( 'NONE', *, *, #4331, .F. ) ;
#3658 = VERTEX_POINT ( 'NONE', #2056 ) ;
#3659 = AXIS2_PLACEMENT_3D ( 'NONE', #772, #1516, #3561 ) ;
#3660 = DIRECTION ( 'NONE',  ( 0.000000000000000000, 0.000000000000000000, -1.000000000000000000 ) ) ;
#3661 = CARTESIAN_POINT ( 'NONE',  ( 29.27425707143404310, 70.91362602667727799, -28.12649252424588653 ) ) ;
#3662 = CARTESIAN_POINT ( 'NONE',  ( 117.4999999999999432, 146.0000000000000284, 87.39999999999999147 ) ) ;
#3663 = EDGE_CURVE ( 'NONE', #1984, #579, #3252, .T. ) ;
#3664 = AXIS2_PLACEMENT_3D ( 'NONE', #3688, #604, #2725 ) ;
#3665 = CARTESIAN_POINT ( 'NONE',  ( -117.5000000000000853, 146.0000000000000284, 82.50000000000001421 ) ) ;
#3666 = AXIS2_PLACEMENT_3D ( 'NONE', #12, #1705, #622 ) ;
#3667 = CARTESIAN_POINT ( 'NONE',  ( 67.79185445936984422, 115.2085863093331852, -61.91702025639746410 ) ) ;
#3668 = CARTESIAN_POINT ( 'NONE',  ( -117.5000000000000853, 146.0000000000000284, 77.60000000000002274 ) ) ;
#3669 = ORIENTED_EDGE ( 'NONE', *, *, #2911, .F. ) ;
#3670 = LINE ( 'NONE', #2332, #108 ) ;
#3671 = EDGE_CURVE ( 'NONE', #1586, #2236, #2535, .T. ) ;
#3672 = VECTOR ( 'NONE', #3847, 1000.000000000000000 ) ;
#3673 = CARTESIAN_POINT ( 'NONE',  ( -117.5000000000000853, 149.0000000000000284, 79.85000000000003695 ) ) ;
#3674 = ORIENTED_EDGE ( 'NONE', *, *, #1677, .T. ) ;
#3675 = CARTESIAN_POINT ( 'NONE',  ( -82.50000000000000000, 149.0000000000000284, 117.5000000000000000 ) ) ;
#3676 = CARTESIAN_POINT ( 'NONE',  ( -89.70323800431843608, 132.5838389853689989, -86.77903121909308481 ) ) ;
#3677 = ORIENTED_EDGE ( 'NONE', *, *, #399, .T. ) ;
#3678 = EDGE_CURVE ( 'NONE', #1366, #555, #1191, .T. ) ;
#3679 = CARTESIAN_POINT ( 'NONE',  ( -99.62547606142199186, 140.0000000000000000, -102.6500000000000199 ) ) ;
#3680 = CARTESIAN_POINT ( 'NONE',  ( 35.59231196800411112, 68.91461937328156750, 19.88932736441388371 ) ) ;
#3681 = CARTESIAN_POINT ( 'NONE',  ( -30.35623762170506978, 73.08088843181894845, 29.19573258531943338 ) ) ;
#3682 = AXIS2_PLACEMENT_3D ( 'NONE', #215, #849, #1886 ) ;
#3683 = CIRCLE ( 'NONE', #975, 4.900000000000001243 ) ;
#3684 = EDGE_LOOP ( 'NONE', ( #3475, #1522 ) ) ;
#3685 = VECTOR ( 'NONE', #123, 1000.000000000000000 ) ;
#3686 = VERTEX_POINT ( 'NONE', #4094 ) ;
#3687 = DIRECTION ( 'NONE',  ( 0.000000000000000000, -1.000000000000000000, 0.000000000000000000 ) ) ;
#3688 = CARTESIAN_POINT ( 'NONE',  ( -117.5000000000000853, 149.0000000000000284, 82.50000000000001421 ) ) ;
#3689 = CARTESIAN_POINT ( 'NONE',  ( -32.63914457951279502, 61.68281537303975171, 17.01886269215176029 ) ) ;
#3690 = CONICAL_SURFACE ( 'NONE', #4401, 13.99999999999999822, 0.05235987755983000091 ) ;
#3691 = EDGE_CURVE ( 'NONE', #393, #2873, #3683, .T. ) ;
#3692 = CARTESIAN_POINT ( 'NONE',  ( 93.15475583592065334, 136.7825430952893271, 95.00788240538328466 ) ) ;
#3693 = DIRECTION ( 'NONE',  ( 0.000000000000000000, 0.000000000000000000, 1.000000000000000000 ) ) ;
#3694 = VECTOR ( 'NONE', #2793, 1000.000000000000000 ) ;
#3695 = CARTESIAN_POINT ( 'NONE',  ( 89.67523858017953842, 132.5656957767286883, -86.74603765862545401 ) ) ;
#3696 = CARTESIAN_POINT ( 'NONE',  ( 25.11760832970491464, 32.79488490836931902, -13.11845880216451476 ) ) ;
#3697 = EDGE_LOOP ( 'NONE', ( #3058, #3615, #2743, #804 ) ) ;
#3698 = CARTESIAN_POINT ( 'NONE',  ( 82.50000000000000000, 149.0000000000000284, 117.5000000000000000 ) ) ;
#3699 = ADVANCED_BREP_SHAPE_REPRESENTATION ( '3HR0015-01 (Combine)', ( #1137, #3213 ), #2012 ) ;
#3700 = ADVANCED_FACE ( 'NONE', ( #4117, #32 ), #1005, .F. ) ;
#3701 = CARTESIAN_POINT ( 'NONE',  ( 123.5793654197381812, 148.0000000000000284, 111.0000000000004690 ) ) ;
#3702 = EDGE_LOOP ( 'NONE', ( #621, #4149, #751, #2609 ) ) ;
#3703 = CARTESIAN_POINT ( 'NONE',  ( -82.50000000000002842, 146.0000000000000284, -117.4999999999999716 ) ) ;
#3704 = CARTESIAN_POINT ( 'NONE',  ( -93.94734396719553615, 137.2052232843573165, -95.91830391350592322 ) ) ;
#3705 = CARTESIAN_POINT ( 'NONE',  ( 64.95885117839898726, 117.3462380929975666, -64.45432195443562762 ) ) ;
#3706 = ORIENTED_EDGE ( 'NONE', *, *, #4386, .T. ) ;
#3707 = CARTESIAN_POINT ( 'NONE',  ( 117.4999999999999432, 149.0000000000000284, 82.49999999999998579 ) ) ;
#3708 = CARTESIAN_POINT ( 'NONE',  ( 24.24532394420930359, 59.86922964708830364, 23.99405807284281167 ) ) ;
#3709 = CARTESIAN_POINT ( 'NONE',  ( -59.62015360519210816, 112.4943547182532910, 58.91462637627450505 ) ) ;
#3710 = VERTEX_POINT ( 'NONE', #2737 ) ;
#3711 = ORIENTED_EDGE ( 'NONE', *, *, #2960, .T. ) ;
#3712 = VERTEX_POINT ( 'NONE', #1069 ) ;
#3713 = CARTESIAN_POINT ( 'NONE',  ( -36.61878317189979271, 71.19298541363203014, 20.98433241754304746 ) ) ;
#3714 = DIRECTION ( 'NONE',  ( 0.000000000000000000, -1.000000000000000000, 0.000000000000000000 ) ) ;
#3715 = CARTESIAN_POINT ( 'NONE',  ( -30.10243467105852488, 54.32079973737363332, 14.99651311142824994 ) ) ;
#3716 = DIRECTION ( 'NONE',  ( 0.000000000000000000, 0.000000000000000000, -1.000000000000000000 ) ) ;
#3717 = DIRECTION ( 'NONE',  ( 0.000000000000000000, 0.000000000000000000, 1.000000000000000000 ) ) ;
#3718 = CARTESIAN_POINT ( 'NONE',  ( 35.55565156020445272, 70.20024168501322492, -23.59818756328721534 ) ) ;
#3719 = CARTESIAN_POINT ( 'NONE',  ( -25.07833924772959833, 32.53913928909219067, -21.07442406334192597 ) ) ;
#3720 = EDGE_CURVE ( 'NONE', #390, #2564, #2431, .T. ) ;
#3721 = CARTESIAN_POINT ( 'NONE',  ( -82.50000000000000000, 140.0000000000000000, 117.5000000000000000 ) ) ;
#3722 = FACE_OUTER_BOUND ( 'NONE', #3042, .T. ) ;
#3723 = CARTESIAN_POINT ( 'NONE',  ( -70.83070777726436518, 118.0677979973857390, -65.27577463667134339 ) ) ;
#3724 = CIRCLE ( 'NONE', #31, 2.649999999999985700 ) ;
#3725 = CARTESIAN_POINT ( 'NONE',  ( 85.15000000000000568, 146.0000000000000284, 117.5000000000000000 ) ) ;
#3726 = ORIENTED_EDGE ( 'NONE', *, *, #2633, .T. ) ;
#3727 = DIRECTION ( 'NONE',  ( -1.000000000000000000, 0.000000000000000000, 0.000000000000000000 ) ) ;
#3728 = CARTESIAN_POINT ( 'NONE',  ( 26.70879484081405408, 41.41277825732951356, 13.41765791950986575 ) ) ;
#3729 = CARTESIAN_POINT ( 'NONE',  ( -83.39225260708089138, 131.1033696001169631, 84.08148835392721310 ) ) ;
#3730 = EDGE_LOOP ( 'NONE', ( #1006, #11, #1962, #342 ) ) ;
#3731 = EDGE_CURVE ( 'NONE', #3480, #900, #2723, .T. ) ;
#3732 = ORIENTED_EDGE ( 'NONE', *, *, #840, .T. ) ;
#3733 = ORIENTED_EDGE ( 'NONE', *, *, #2411, .T. ) ;
#3734 = CARTESIAN_POINT ( 'NONE',  ( -117.5000000000000853, 149.0000000000000284, 82.50000000000001421 ) ) ;
#3735 = CARTESIAN_POINT ( 'NONE',  ( -26.70879484081405408, 41.41277825732952778, -13.41765791950986753 ) ) ;
#3736 = CARTESIAN_POINT ( 'NONE',  ( 101.1635635645489515, 140.0000000000000000, 102.3022985975310490 ) ) ;
#3737 = CARTESIAN_POINT ( 'NONE',  ( 73.70004160399886928, 124.4483043273321528, 73.63777609872573748 ) ) ;
#3738 = CARTESIAN_POINT ( 'NONE',  ( -117.5000000000000995, 149.0000000000000284, -82.49999999999998579 ) ) ;
#3739 = EDGE_CURVE ( 'NONE', #3525, #2062, #2021, .T. ) ;
#3740 = DIRECTION ( 'NONE',  ( -0.000000000000000000, 1.000000000000000000, -0.000000000000000000 ) ) ;
#3741 = CIRCLE ( 'NONE', #1604, 1.000000000000000888 ) ;
#3742 = AXIS2_PLACEMENT_3D ( 'NONE', #968, #3992, #945 ) ;
#3743 = DIRECTION ( 'NONE',  ( 1.000000000000000000, -0.000000000000000000, -0.000000000000000000 ) ) ;
#3744 = CARTESIAN_POINT ( 'NONE',  ( -117.5000000000000995, 149.0000000000000284, -82.49999999999998579 ) ) ;
#3745 = DIRECTION ( 'NONE',  ( -1.000000000000000000, 0.000000000000000000, 0.000000000000000000 ) ) ;
#3746 = ADVANCED_FACE ( 'NONE', ( #3367 ), #2013, .F. ) ;
#3747 = CARTESIAN_POINT ( 'NONE',  ( 96.41027045025586517, 138.4684709091575598, -98.77222647709147907 ) ) ;
#3748 = VERTEX_POINT ( 'NONE', #315 ) ;
#3749 = FACE_OUTER_BOUND ( 'NONE', #3549, .T. ) ;
#3750 = CARTESIAN_POINT ( 'NONE',  ( 26.69209996229014692, 65.60621085237919203, 25.89320006738514124 ) ) ;
#3751 = DIRECTION ( 'NONE',  ( -1.000000000000000000, 0.000000000000000000, 0.000000000000000000 ) ) ;
#3752 = ORIENTED_EDGE ( 'NONE', *, *, #510, .T. ) ;
#3753 = AXIS2_PLACEMENT_3D ( 'NONE', #2190, #3919, #3943 ) ;
#3754 = ORIENTED_EDGE ( 'NONE', *, *, #1094, .T. ) ;
#3755 = CARTESIAN_POINT ( 'NONE',  ( -29.34703368154023195, 51.84749234735036083, 14.49833636861164621 ) ) ;
#3756 = LINE ( 'NONE', #324, #4017 ) ;
#3757 = ADVANCED_FACE ( 'NONE', ( #3033 ), #3057, .T. ) ;
#3758 = CARTESIAN_POINT ( 'NONE',  ( 100.7525440471255536, 140.0000000000000000, 102.4897413754589621 ) ) ;
#3759 = ORIENTED_EDGE ( 'NONE', *, *, #1242, .F. ) ;
#3760 = CARTESIAN_POINT ( 'NONE',  ( 76.91780929527998012, 126.7767640168362107, 77.06733538784449422 ) ) ;
#3761 = DIRECTION ( 'NONE',  ( 0.05233595624294395260, -0.9986295347545739443, -0.000000000000000000 ) ) ;
#3762 = DIRECTION ( 'NONE',  ( 0.000000000000000000, 0.000000000000000000, 1.000000000000000000 ) ) ;
#3763 = VECTOR ( 'NONE', #3885, 1000.000000000000000 ) ;
#3764 = DIRECTION ( 'NONE',  ( 0.000000000000000000, 0.000000000000000000, -1.000000000000000000 ) ) ;
#3765 = CARTESIAN_POINT ( 'NONE',  ( -111.0000000000004832, 140.0000000000000000, 111.0000000000004690 ) ) ;
#3766 = CARTESIAN_POINT ( 'NONE',  ( -37.25050462723034173, 72.59971037903059710, -21.69466273553858926 ) ) ;
#3767 = AXIS2_PLACEMENT_3D ( 'NONE', #1184, #1547, #845 ) ;
#3768 = DIRECTION ( 'NONE',  ( 0.000000000000000000, 0.000000000000000000, -1.000000000000000000 ) ) ;
#3769 = ORIENTED_EDGE ( 'NONE', *, *, #272, .F. ) ;
#3770 = DIRECTION ( 'NONE',  ( -0.000000000000000000, 0.000000000000000000, -1.000000000000000000 ) ) ;
#3771 = CARTESIAN_POINT ( 'NONE',  ( -117.5000000000000995, 146.0000000000000284, -82.49999999999998579 ) ) ;
#3772 = CARTESIAN_POINT ( 'NONE',  ( -102.4137540495839147, 140.0000000000000000, 100.7257758104756675 ) ) ;
#3773 = EDGE_LOOP ( 'NONE', ( #3082, #791, #3907, #2905 ) ) ;
#3774 = EDGE_CURVE ( 'NONE', #1997, #55, #449, .T. ) ;
#3775 = EDGE_LOOP ( 'NONE', ( #628, #1645, #720, #46, #2345 ) ) ;
#3776 = CARTESIAN_POINT ( 'NONE',  ( 82.50000000000002842, 146.0000000000000284, -117.4999999999999716 ) ) ;
#3777 = DIRECTION ( 'NONE',  ( -0.000000000000000000, -1.000000000000000000, -0.000000000000000000 ) ) ;
#3778 = CARTESIAN_POINT ( 'NONE',  ( 102.6053271122396637, 139.9999999999999716, 99.83724493475503436 ) ) ;
#3779 = CARTESIAN_POINT ( 'NONE',  ( -32.77458834042096214, 70.01970713160015691, -26.64569719544982362 ) ) ;
#3780 = EDGE_CURVE ( 'NONE', #3583, #1095, #489, .T. ) ;
#3781 = EDGE_CURVE ( 'NONE', #2959, #619, #3724, .T. ) ;
#3782 = ADVANCED_FACE ( 'NONE', ( #3832 ), #3182, .T. ) ;
#3783 = CARTESIAN_POINT ( 'NONE',  ( 21.46396496056324210, 9.000000000000000000, -12.33553522306277195 ) ) ;
#3784 = ORIENTED_EDGE ( 'NONE', *, *, #1788, .F. ) ;
#3785 = CARTESIAN_POINT ( 'NONE',  ( 30.14657302063807620, 70.60742608081798721, -27.93272573450478546 ) ) ;
#3786 = DIRECTION ( 'NONE',  ( -0.000000000000000000, 1.000000000000000000, -0.000000000000000000 ) ) ;
#3787 = CARTESIAN_POINT ( 'NONE',  ( -2.000000000000001776, 9.000000000000017764, 20.29991528752059082 ) ) ;
#3788 = CARTESIAN_POINT ( 'NONE',  ( -25.11760832970491464, 32.79488490836931902, -13.11845880216451476 ) ) ;
#3789 = ORIENTED_EDGE ( 'NONE', *, *, #2002, .T. ) ;
#3790 = CARTESIAN_POINT ( 'NONE',  ( -82.50000000000000000, 149.0000000000000284, 117.5000000000000000 ) ) ;
#3791 = ORIENTED_EDGE ( 'NONE', *, *, #1773, .T. ) ;
#3792 = CARTESIAN_POINT ( 'NONE',  ( 117.4999999999999147, 146.0000000000000284, -82.50000000000001421 ) ) ;
#3793 = CARTESIAN_POINT ( 'NONE',  ( 117.4999999999999147, 146.0000000000000284, -87.40000000000001990 ) ) ;
#3794 = CIRCLE ( 'NONE', #2228, 7.999999999999999112 ) ;
#3795 = ORIENTED_EDGE ( 'NONE', *, *, #1564, .T. ) ;
#3796 = ORIENTED_EDGE ( 'NONE', *, *, #1188, .F. ) ;
#3797 = VECTOR ( 'NONE', #4154, 1000.000000000000000 ) ;
#3798 = CARTESIAN_POINT ( 'NONE',  ( -2.000000000000001776, 63.07925486862299636, -25.01582634705393104 ) ) ;
#3799 = CARTESIAN_POINT ( 'NONE',  ( -25.11760832970491464, 32.79488490836931902, 105.0000000000000284 ) ) ;
#3800 = CARTESIAN_POINT ( 'NONE',  ( -26.87005768508894832, 9.000000000000000000, 26.87005768508865700 ) ) ;
#3801 = CYLINDRICAL_SURFACE ( 'NONE', #2531, 4.900000000000001243 ) ;
#3802 = VERTEX_POINT ( 'NONE', #2849 ) ;
#3803 = ORIENTED_EDGE ( 'NONE', *, *, #2579, .F. ) ;
#3804 = CARTESIAN_POINT ( 'NONE',  ( 36.50669674756984051, 70.94785044721324141, -21.11566711762207049 ) ) ;
#3805 = DIRECTION ( 'NONE',  ( 0.000000000000000000, 0.000000000000000000, 1.000000000000000000 ) ) ;
#3806 = AXIS2_PLACEMENT_3D ( 'NONE', #507, #1200, #2160 ) ;
#3807 = DIRECTION ( 'NONE',  ( 1.000000000000000000, 1.233846596463490160E-16, -0.000000000000000000 ) ) ;
#3808 = CARTESIAN_POINT ( 'NONE',  ( -40.45939382399539852, 78.96381466450949915, -25.29181979435649907 ) ) ;
#3809 = AXIS2_PLACEMENT_3D ( 'NONE', #1281, #2681, #3400 ) ;
#3810 = CARTESIAN_POINT ( 'NONE',  ( 89.72424336049270721, 132.6400404999731109, 86.77801331970316312 ) ) ;
#3811 = VERTEX_POINT ( 'NONE', #1432 ) ;
#3812 = DIRECTION ( 'NONE',  ( 0.000000000000000000, 0.000000000000000000, 1.000000000000000000 ) ) ;
#3813 = EDGE_CURVE ( 'NONE', #900, #3480, #1382, .T. ) ;
#3814 = ORIENTED_EDGE ( 'NONE', *, *, #3144, .F. ) ;
#3815 = DIRECTION ( 'NONE',  ( -0.000000000000000000, 1.000000000000000000, -0.000000000000000000 ) ) ;
#3816 = DIRECTION ( 'NONE',  ( 0.000000000000000000, 0.000000000000000000, 1.000000000000000000 ) ) ;
#3817 = DIRECTION ( 'NONE',  ( 0.000000000000000000, 0.000000000000000000, -1.000000000000000000 ) ) ;
#3818 = CARTESIAN_POINT ( 'NONE',  ( -18.13301624013294955, 9.000000000000000000, -20.29991528752058372 ) ) ;
#3819 = CIRCLE ( 'NONE', #1333, 4.900000000000001243 ) ;
#3820 = ORIENTED_EDGE ( 'NONE', *, *, #1024, .F. ) ;
#3821 = VERTEX_POINT ( 'NONE', #790 ) ;
#3822 = AXIS2_PLACEMENT_3D ( 'NONE', #4055, #4363, #4031 ) ;
#3823 = DIRECTION ( 'NONE',  ( -0.000000000000000000, 1.000000000000000000, -0.000000000000000000 ) ) ;
#3824 = AXIS2_PLACEMENT_3D ( 'NONE', #416, #1105, #2520 ) ;
#3825 = CARTESIAN_POINT ( 'NONE',  ( 82.50000000000000000, 146.0000000000000284, 117.5000000000000000 ) ) ;
#3826 = VECTOR ( 'NONE', #2854, 1000.000000000000000 ) ;
#3827 = DIRECTION ( 'NONE',  ( 0.000000000000000000, 0.000000000000000000, 1.000000000000000000 ) ) ;
#3828 = CARTESIAN_POINT ( 'NONE',  ( -35.16263169969089120, 67.97098251761117638, -26.71546252200627336 ) ) ;
#3829 = ADVANCED_FACE ( 'NONE', ( #2161 ), #2443, .F. ) ;
#3830 = ORIENTED_EDGE ( 'NONE', *, *, #637, .T. ) ;
#3831 = AXIS2_PLACEMENT_3D ( 'NONE', #4087, #3740, #1359 ) ;
#3832 = FACE_OUTER_BOUND ( 'NONE', #1144, .T. ) ;
#3833 = ORIENTED_EDGE ( 'NONE', *, *, #1094, .F. ) ;
#3834 = DIRECTION ( 'NONE',  ( 0.000000000000000000, -1.000000000000000000, -0.000000000000000000 ) ) ;
#3835 = CARTESIAN_POINT ( 'NONE',  ( 2.000000000000001776, 40.47158021804848005, 93.37438869950383946 ) ) ;
#3836 = AXIS2_PLACEMENT_3D ( 'NONE', #2996, #4351, #3906 ) ;
#3837 = VERTEX_POINT ( 'NONE', #114 ) ;
#3838 = DIRECTION ( 'NONE',  ( 0.000000000000000000, -0.9994591347499238720, 0.03288522411256204064 ) ) ;
#3839 = CARTESIAN_POINT ( 'NONE',  ( -100.7525440471257241, 140.0000000000000284, -102.4897413754588058 ) ) ;
#3840 = CARTESIAN_POINT ( 'NONE',  ( 82.50000000000002842, 140.0000000000000000, -114.8499999999999801 ) ) ;
#3841 = CARTESIAN_POINT ( 'NONE',  ( -21.46396496056323855, 9.000000000000000000, -17.00577048614811915 ) ) ;
#3842 = ORIENTED_EDGE ( 'NONE', *, *, #3886, .F. ) ;
#3843 = ORIENTED_EDGE ( 'NONE', *, *, #2778, .F. ) ;
#3844 = LINE ( 'NONE', #2501, #1271 ) ;
#3845 = FACE_OUTER_BOUND ( 'NONE', #3617, .T. ) ;
#3846 = CARTESIAN_POINT ( 'NONE',  ( 59.42861531326136770, 106.4251495401354930, 46.73298766046336539 ) ) ;
#3847 = DIRECTION ( 'NONE',  ( -1.000000000000000000, -0.000000000000000000, -0.000000000000000000 ) ) ;
#3848 = CARTESIAN_POINT ( 'NONE',  ( -14.01352707304467060, 13.18971495741114630, 12.43344029990141308 ) ) ;
#3849 = ORIENTED_EDGE ( 'NONE', *, *, #3052, .T. ) ;
#3850 = DIRECTION ( 'NONE',  ( -0.000000000000000000, 1.000000000000000000, -0.000000000000000000 ) ) ;
#3851 = CARTESIAN_POINT ( 'NONE',  ( -45.09796622767363061, 87.16874932620805794, 30.50065538541468158 ) ) ;
#3852 = ADVANCED_FACE ( 'NONE', ( #3868 ), #1811, .T. ) ;
#3853 = VERTEX_POINT ( 'NONE', #908 ) ;
#3854 = ORIENTED_EDGE ( 'NONE', *, *, #1168, .T. ) ;
#3855 = CARTESIAN_POINT ( 'NONE',  ( 117.4999999999999147, 146.0000000000000284, -85.15000000000001990 ) ) ;
#3856 = CARTESIAN_POINT ( 'NONE',  ( -41.13063161916767285, 91.12951362839153546, -40.04435163411010024 ) ) ;
#3857 = CARTESIAN_POINT ( 'NONE',  ( 105.0000000000000284, 9.000000000000017764, -20.29991528752059082 ) ) ;
#3858 = CARTESIAN_POINT ( 'NONE',  ( -36.50657450190244191, 70.94758280708795439, -21.11634645463340121 ) ) ;
#3859 = EDGE_LOOP ( 'NONE', ( #1998, #4179, #943, #1684, #3448 ) ) ;
#3860 = EDGE_LOOP ( 'NONE', ( #1225, #1515, #2910, #3927 ) ) ;
#3861 = ADVANCED_FACE ( 'NONE', ( #3250 ), #2271, .T. ) ;
#3862 = EDGE_CURVE ( 'NONE', #1880, #4095, #2716, .T. ) ;
#3863 = CARTESIAN_POINT ( 'NONE',  ( 27.16755364806768114, 43.55857970659543810, -21.37815078068834396 ) ) ;
#3864 = CARTESIAN_POINT ( 'NONE',  ( 65.06476960828140932, 112.4894935948635606, 53.19440276157101977 ) ) ;
#3865 = CYLINDRICAL_SURFACE ( 'NONE', #1180, 1.000000000000000888 ) ;
#3866 = DIRECTION ( 'NONE',  ( -0.000000000000000000, -1.000000000000000000, -0.000000000000000000 ) ) ;
#3867 = CIRCLE ( 'NONE', #3516, 4.899999999999987921 ) ;
#3868 = FACE_OUTER_BOUND ( 'NONE', #4032, .T. ) ;
#3869 = ORIENTED_EDGE ( 'NONE', *, *, #2156, .T. ) ;
#3870 = CARTESIAN_POINT ( 'NONE',  ( 102.6400071844729354, 140.0000000000000000, -98.92839852658524080 ) ) ;
#3871 = CARTESIAN_POINT ( 'NONE',  ( -63.45926339419666817, 110.8713220006416691, 57.15755601158496546 ) ) ;
#3872 = EDGE_CURVE ( 'NONE', #4061, #2320, #2575, .T. ) ;
#3873 = ORIENTED_EDGE ( 'NONE', *, *, #3534, .F. ) ;
#3874 = VECTOR ( 'NONE', #1795, 1000.000000000000000 ) ;
#3875 = CARTESIAN_POINT ( 'NONE',  ( -13.41060265127030959, 9.000000000000017764, 20.29991528752059082 ) ) ;
#3876 = FACE_BOUND ( 'NONE', #1504, .T. ) ;
#3877 = CARTESIAN_POINT ( 'NONE',  ( -30.98637812482312270, 56.96276258151238636, -2.000000000000001776 ) ) ;
#3878 = CARTESIAN_POINT ( 'NONE',  ( 21.46396496056324210, 9.000000000000000000, -2.000000000000015543 ) ) ;
#3879 = CIRCLE ( 'NONE', #1252, 1.000000000000000888 ) ;
#3880 = ORIENTED_EDGE ( 'NONE', *, *, #4153, .F. ) ;
#3881 = ADVANCED_FACE ( 'NONE', ( #288 ), #2797, .T. ) ;
#3882 = VERTEX_POINT ( 'NONE', #1989 ) ;
#3883 = CARTESIAN_POINT ( 'NONE',  ( -25.56108810415095078, 35.68311157035265069, 13.21873329303681466 ) ) ;
#3884 = DIRECTION ( 'NONE',  ( 0.9884160307623646169, 0.1517687389812944765, -0.000000000000000000 ) ) ;
#3885 = DIRECTION ( 'NONE',  ( -0.000000000000000000, -1.000000000000000000, -0.000000000000000000 ) ) ;
#3886 = EDGE_CURVE ( 'NONE', #477, #837, #3150, .T. ) ;
#3887 = CARTESIAN_POINT ( 'NONE',  ( 34.59414008692836262, 66.57778449277796540, -18.87568333513551977 ) ) ;
#3888 = LINE ( 'NONE', #484, #1774 ) ;
#3889 = PLANE ( 'NONE',  #121 ) ;
#3890 = CIRCLE ( 'NONE', #2755, 2.649999999999985700 ) ;
#3891 = CARTESIAN_POINT ( 'NONE',  ( -26.87005768508856463, 18.19238815542511389, -26.87005768508904069 ) ) ;
#3892 = CIRCLE ( 'NONE', #755, 2.649999999999999467 ) ;
#3893 = ORIENTED_EDGE ( 'NONE', *, *, #970, .T. ) ;
#3894 = CARTESIAN_POINT ( 'NONE',  ( -82.50000000000000000, 149.0000000000000284, 120.1499999999999773 ) ) ;
#3895 = CARTESIAN_POINT ( 'NONE',  ( -80.22666431457736280, 125.9614175154254525, 75.80418197078130049 ) ) ;
#3896 = AXIS2_PLACEMENT_3D ( 'NONE', #742, #2456, #2635 ) ;
#3897 = EDGE_LOOP ( 'NONE', ( #2667, #977, #1031, #3251 ) ) ;
#3898 = FACE_OUTER_BOUND ( 'NONE', #4249, .T. ) ;
#3899 = LINE ( 'NONE', #2515, #3951 ) ;
#3900 = LINE ( 'NONE', #3633, #1272 ) ;
#3901 = DIRECTION ( 'NONE',  ( 0.000000000000000000, 0.000000000000000000, 1.000000000000000000 ) ) ;
#3902 = EDGE_CURVE ( 'NONE', #2941, #842, #3006, .T. ) ;
#3903 = ORIENTED_EDGE ( 'NONE', *, *, #655, .F. ) ;
#3904 = CARTESIAN_POINT ( 'NONE',  ( -117.5000000000000853, 149.0000000000000284, 82.50000000000001421 ) ) ;
#3905 = CARTESIAN_POINT ( 'NONE',  ( 18.13301624013295310, 9.000000000000000000, 20.29991528752058372 ) ) ;
#3906 = DIRECTION ( 'NONE',  ( -1.000000000000000000, 0.000000000000000000, -1.067522139062650592E-14 ) ) ;
#3907 = ORIENTED_EDGE ( 'NONE', *, *, #3671, .T. ) ;
#3908 = DIRECTION ( 'NONE',  ( -0.000000000000000000, -1.000000000000000000, 0.000000000000000000 ) ) ;
#3909 = CARTESIAN_POINT ( 'NONE',  ( 117.4999999999999147, 149.0000000000000284, -87.40000000000000568 ) ) ;
#3910 = DIRECTION ( 'NONE',  ( 0.000000000000000000, 0.000000000000000000, 1.000000000000000000 ) ) ;
#3911 = CARTESIAN_POINT ( 'NONE',  ( 36.26087566750912572, 70.40574384818577869, 20.58631241002458268 ) ) ;
#3912 = ORIENTED_EDGE ( 'NONE', *, *, #1166, .T. ) ;
#3913 = FACE_BOUND ( 'NONE', #1662, .T. ) ;
#3914 = CARTESIAN_POINT ( 'NONE',  ( -66.42851350495395479, 113.8941362904046883, 60.41425457996675163 ) ) ;
#3915 = ORIENTED_EDGE ( 'NONE', *, *, #2761, .F. ) ;
#3916 = EDGE_CURVE ( 'NONE', #298, #1349, #2095, .T. ) ;
#3917 = DIRECTION ( 'NONE',  ( 0.000000000000000000, -1.000000000000000000, 0.000000000000000000 ) ) ;
#3918 = CARTESIAN_POINT ( 'NONE',  ( 17.21028008360595152, 33.74595302731916036, 21.11413188016392439 ) ) ;
#3919 = DIRECTION ( 'NONE',  ( -0.000000000000000000, -1.000000000000000000, -0.000000000000000000 ) ) ;
#3920 = VECTOR ( 'NONE', #3996, 1000.000000000000000 ) ;
#3921 = VERTEX_POINT ( 'NONE', #332 ) ;
#3922 = ORIENTED_EDGE ( 'NONE', *, *, #3963, .T. ) ;
#3923 = FACE_BOUND ( 'NONE', #3041, .T. ) ;
#3924 = CARTESIAN_POINT ( 'NONE',  ( 102.4137540495838437, 140.0000000000000000, -100.7257758104756675 ) ) ;
#3925 = CYLINDRICAL_SURFACE ( 'NONE', #1993, 4.900000000000001243 ) ;
#3926 = AXIS2_PLACEMENT_3D ( 'NONE', #1025, #2035, #2397 ) ;
#3927 = ORIENTED_EDGE ( 'NONE', *, *, #2655, .F. ) ;
#3928 = EDGE_CURVE ( 'NONE', #3631, #298, #4070, .T. ) ;
#3929 = CYLINDRICAL_SURFACE ( 'NONE', #4143, 3.249999999999999556 ) ;
#3930 = CARTESIAN_POINT ( 'NONE',  ( 42.41083210968893269, 82.59276806204778154, -34.44334958352564513 ) ) ;
#3931 = DIRECTION ( 'NONE',  ( -0.1517687389812944765, 0.9884160307623647279, 0.000000000000000000 ) ) ;
#3932 = CARTESIAN_POINT ( 'NONE',  ( 168.4379327902477712, 10.78841775608150932, 2.000000000000001776 ) ) ;
#3933 = CARTESIAN_POINT ( 'NONE',  ( 36.10536734848132312, 70.13394477170497510, 27.71942419104337318 ) ) ;
#3934 = EDGE_LOOP ( 'NONE', ( #3952, #937 ) ) ;
#3935 = EDGE_CURVE ( 'NONE', #179, #3658, #1866, .T. ) ;
#3936 = DIRECTION ( 'NONE',  ( 0.000000000000000000, -0.000000000000000000, 1.000000000000000000 ) ) ;
#3937 = CARTESIAN_POINT ( 'NONE',  ( -67.66146110042221551, 119.6526958867109585, 67.27673524164902119 ) ) ;
#3938 =( BOUNDED_SURFACE ( )  B_SPLINE_SURFACE ( 3, 2, ( 
 ( #4051, #3719, #331 ),
 ( #467, #1829, #2895 ),
 ( #3184, #817, #2204 ),
 ( #3584, #4246, #1878 ) ),
 .UNSPECIFIED., .F., .F., .F. ) 
 B_SPLINE_SURFACE_WITH_KNOTS ( ( 4, 4 ),
 ( 3, 3 ),
 ( 4.864746476463866820, 4.925194014488397443 ),
 ( 0.000000000000000000, 1.000000000000000000 ),
 .UNSPECIFIED. ) 
 GEOMETRIC_REPRESENTATION_ITEM ( )  RATIONAL_B_SPLINE_SURFACE ( (
 ( 1.000000000000000000, 0.7088691518872438646, 1.000000000000000000),
 ( 1.000000000000000000, 0.7091001306688580197, 1.000000000000000000),
 ( 1.000000000000000000, 0.7093299240211838885, 1.000000000000000000),
 ( 1.000000000000000000, 0.7095581163979195471, 1.000000000000000000) ) ) 
 REPRESENTATION_ITEM ( '' )  SURFACE ( )  );
#3939 = ORIENTED_EDGE ( 'NONE', *, *, #23, .T. ) ;
#3940 = CARTESIAN_POINT ( 'NONE',  ( -55.04469711150667166, 107.9906181452780913, -54.20208420233687718 ) ) ;
#3941 = CIRCLE ( 'NONE', #3026, 2.649999999999985700 ) ;
#3942 = CARTESIAN_POINT ( 'NONE',  ( 18.23815574413739427, 39.82603202250875540, 21.31418484223818055 ) ) ;
#3943 = DIRECTION ( 'NONE',  ( 0.000000000000000000, 0.000000000000000000, -1.000000000000000000 ) ) ;
#3944 = VERTEX_POINT ( 'NONE', #3410 ) ;
#3945 = ORIENTED_EDGE ( 'NONE', *, *, #3214, .T. ) ;
#3946 = CIRCLE ( 'NONE', #3742, 2.649999999999999467 ) ;
#3947 = EDGE_LOOP ( 'NONE', ( #4027, #1660, #2385, #4199, #2265 ) ) ;
#3948 = CARTESIAN_POINT ( 'NONE',  ( -37.55085457762027801, 73.19818067840651565, 22.03124642529346744 ) ) ;
#3949 = CARTESIAN_POINT ( 'NONE',  ( 13.41060265127030959, 9.000000000000017764, 20.29991528752059082 ) ) ;
#3950 = CARTESIAN_POINT ( 'NONE',  ( -21.46396496056324210, 9.000000000000000000, 12.33553522306277195 ) ) ;
#3951 = VECTOR ( 'NONE', #166, 1000.000000000000000 ) ;
#3952 = ORIENTED_EDGE ( 'NONE', *, *, #2305, .F. ) ;
#3953 = CARTESIAN_POINT ( 'NONE',  ( 36.10109768320882750, 70.06325527011246379, -20.42355790282859473 ) ) ;
#3954 = CARTESIAN_POINT ( 'NONE',  ( 70.50383619440887628, 117.7227747179877611, -59.48915741211712316 ) ) ;
#3955 = DIRECTION ( 'NONE',  ( 0.000000000000000000, -1.000000000000000000, 0.000000000000000000 ) ) ;
#3956 = DIRECTION ( 'NONE',  ( 0.000000000000000000, 0.000000000000000000, -1.000000000000000000 ) ) ;
#3957 = CARTESIAN_POINT ( 'NONE',  ( 30.02892739321856652, 72.42822969473925809, 28.86699606569692733 ) ) ;
#3958 = ORIENTED_EDGE ( 'NONE', *, *, #3916, .F. ) ;
#3959 = LINE ( 'NONE', #2295, #3332 ) ;
#3960 = CARTESIAN_POINT ( 'NONE',  ( -88.35706370225685191, 131.6834396965295753, -80.73005114779897440 ) ) ;
#3961 = ADVANCED_FACE ( 'NONE', ( #4358 ), #1043, .T. ) ;
#3962 = TOROIDAL_SURFACE ( 'NONE', #4174, 12.57936541973774958, 1.000000000000000000 ) ;
#3963 = EDGE_CURVE ( 'NONE', #4095, #179, #1803, .T. ) ;
#3964 = ORIENTED_EDGE ( 'NONE', *, *, #637, .F. ) ;
#3965 = CARTESIAN_POINT ( 'NONE',  ( -96.58053887839913898, 136.7816532854872662, -90.98028997002360541 ) ) ;
#3966 = VECTOR ( 'NONE', #2085, 1000.000000000000000 ) ;
#3967 = CARTESIAN_POINT ( 'NONE',  ( -117.5000000000000995, 140.0000000000000000, -79.85000000000000853 ) ) ;
#3968 = CARTESIAN_POINT ( 'NONE',  ( -111.0000000000004832, 140.0000000000000000, -111.0000000000004690 ) ) ;
#3969 = VERTEX_POINT ( 'NONE', #353 ) ;
#3970 = AXIS2_PLACEMENT_3D ( 'NONE', #1127, #3154, #3527 ) ;
#3971 = EDGE_LOOP ( 'NONE', ( #3106, #639, #3299, #4231 ) ) ;
#3972 = CARTESIAN_POINT ( 'NONE',  ( -59.45870446231439388, 106.4594199441999933, 46.76734505394764341 ) ) ;
#3973 = CARTESIAN_POINT ( 'NONE',  ( -18.88925619532805200, 42.83931635415301287, 21.41333099750923807 ) ) ;
#3974 = FACE_OUTER_BOUND ( 'NONE', #3568, .T. ) ;
#3975 = AXIS2_PLACEMENT_3D ( 'NONE', #4127, #474, #2150 ) ;
#3976 = CARTESIAN_POINT ( 'NONE',  ( 26.69209996231345627, 65.60621085238130945, -25.89320006738592284 ) ) ;
#3977 = CARTESIAN_POINT ( 'NONE',  ( 91.28474166378062193, 133.5905266326989533, -88.65029994392455137 ) ) ;
#3978 = CARTESIAN_POINT ( 'NONE',  ( -111.0000000000004832, 149.0000000000000284, -111.0000000000004690 ) ) ;
#3979 = CARTESIAN_POINT ( 'NONE',  ( -82.50000000000002842, 140.0000000000000000, -117.4999999999999716 ) ) ;
#3980 = CARTESIAN_POINT ( 'NONE',  ( 17.67822770767662277, 36.79353012582574678, 21.21440637103620830 ) ) ;
#3981 = EDGE_LOOP ( 'NONE', ( #2154, #2834, #1928, #2700 ) ) ;
#3982 = DIRECTION ( 'NONE',  ( -0.000000000000000000, 1.000000000000000000, -0.000000000000000000 ) ) ;
#3983 = CARTESIAN_POINT ( 'NONE',  ( -62.73915041011196791, 115.3798647934266484, -62.14542023139522797 ) ) ;
#3984 = EDGE_CURVE ( 'NONE', #3187, #3802, #378, .T. ) ;
#3985 = EDGE_LOOP ( 'NONE', ( #3784, #1619 ) ) ;
#3986 = CARTESIAN_POINT ( 'NONE',  ( -29.24229335221802017, 70.91611563613429325, 28.12770094313626856 ) ) ;
#3987 = CARTESIAN_POINT ( 'NONE',  ( 25.07833924772956280, 32.53913928909214093, -21.07442406334193308 ) ) ;
#3988 = CARTESIAN_POINT ( 'NONE',  ( -62.70004802513805231, 115.3593910878345952, 62.10333360341881814 ) ) ;
#3989 = VERTEX_POINT ( 'NONE', #3340 ) ;
#3990 = ORIENTED_EDGE ( 'NONE', *, *, #3594, .F. ) ;
#3991 = CARTESIAN_POINT ( 'NONE',  ( -111.0000000000003979, 148.0000000000000284, -123.5793654197382381 ) ) ;
#3992 = DIRECTION ( 'NONE',  ( -0.000000000000000000, 1.000000000000000000, -0.000000000000000000 ) ) ;
#3993 = EDGE_CURVE ( 'NONE', #2362, #490, #1299, .T. ) ;
#3994 = DIRECTION ( 'NONE',  ( 0.000000000000000000, 0.000000000000000000, 1.000000000000000000 ) ) ;
#3995 = CIRCLE ( 'NONE', #2217, 2.649999999999985700 ) ;
#3996 = DIRECTION ( 'NONE',  ( -0.000000000000000000, 1.000000000000000000, -0.000000000000000000 ) ) ;
#3997 = CARTESIAN_POINT ( 'NONE',  ( 48.82023240480208415, 92.77358501455798034, -34.69587694905568753 ) ) ;
#3998 = LINE ( 'NONE', #904, #187 ) ;
#3999 = DIRECTION ( 'NONE',  ( 0.000000000000000000, 1.000000000000000000, 0.000000000000000000 ) ) ;
#4000 = EDGE_CURVE ( 'NONE', #3525, #2339, #2354, .T. ) ;
#4001 = CARTESIAN_POINT ( 'NONE',  ( 33.41308992232330866, 78.84001791799312286, 32.26765578852543825 ) ) ;
#4002 = EDGE_LOOP ( 'NONE', ( #3517, #3283, #385, #3733 ) ) ;
#4003 = CARTESIAN_POINT ( 'NONE',  ( -29.33524450591269783, 51.80672096065023169, -14.49135393865893739 ) ) ;
#4004 = CARTESIAN_POINT ( 'NONE',  ( -58.03733675980129192, 111.0223604619605879, -57.27584789937743892 ) ) ;
#4005 = ORIENTED_EDGE ( 'NONE', *, *, #2471, .F. ) ;
#4006 = CARTESIAN_POINT ( 'NONE',  ( -37.53743381663596779, 73.20450791493672682, -22.01610441860834300 ) ) ;
#4007 = CARTESIAN_POINT ( 'NONE',  ( 27.16755364822659047, 43.55857970655547717, 21.37815078073663599 ) ) ;
#4008 = CARTESIAN_POINT ( 'NONE',  ( -34.91667712971809578, 81.43973779283015801, 33.78024138177151059 ) ) ;
#4009 = ADVANCED_FACE ( 'NONE', ( #615 ), #1311, .F. ) ;
#4010 = ORIENTED_EDGE ( 'NONE', *, *, #3774, .T. ) ;
#4011 = ORIENTED_EDGE ( 'NONE', *, *, #1784, .F. ) ;
#4012 = VECTOR ( 'NONE', #57, 1000.000000000000000 ) ;
#4013 = CARTESIAN_POINT ( 'NONE',  ( 120.1499999999999346, 146.0000000000000284, 82.49999999999998579 ) ) ;
#4014 = DIRECTION ( 'NONE',  ( 0.000000000000000000, 0.000000000000000000, -1.000000000000000000 ) ) ;
#4015 = CARTESIAN_POINT ( 'NONE',  ( 101.7150982367274707, 140.0000000000000568, 101.8975085572365487 ) ) ;
#4016 = EDGE_CURVE ( 'NONE', #579, #1984, #447, .T. ) ;
#4017 = VECTOR ( 'NONE', #3378, 1000.000000000000114 ) ;
#4018 = EDGE_CURVE ( 'NONE', #3318, #4313, #866, .T. ) ;
#4019 = CARTESIAN_POINT ( 'NONE',  ( 31.45297707993180580, 75.20937698679661310, 30.29752673311662647 ) ) ;
#4020 = CARTESIAN_POINT ( 'NONE',  ( 67.50292427498050074, 114.8950979015739904, -56.00933539413212969 ) ) ;
#4021 = DIRECTION ( 'NONE',  ( -0.000000000000000000, 1.000000000000000000, -0.000000000000000000 ) ) ;
#4022 = ORIENTED_EDGE ( 'NONE', *, *, #3731, .F. ) ;
#4023 = FACE_OUTER_BOUND ( 'NONE', #3326, .T. ) ;
#4024 = EDGE_CURVE ( 'NONE', #749, #3989, #3093, .T. ) ;
#4025 = AXIS2_PLACEMENT_3D ( 'NONE', #462, #3955, #634 ) ;
#4026 = CARTESIAN_POINT ( 'NONE',  ( 26.87005768508875292, 9.000000000000000000, 26.87005768508885239 ) ) ;
#4027 = ORIENTED_EDGE ( 'NONE', *, *, #1906, .F. ) ;
#4028 = CARTESIAN_POINT ( 'NONE',  ( 30.10243467105855686, 54.32079973737361911, 14.99651311142824106 ) ) ;
#4029 = CARTESIAN_POINT ( 'NONE',  ( -54.99774687032392251, 107.9450916937679921, -54.15374299347736553 ) ) ;
#4030 = AXIS2_PLACEMENT_3D ( 'NONE', #1884, #168, #2878 ) ;
#4031 = DIRECTION ( 'NONE',  ( -1.000000000000000000, -2.010773395782446296E-16, 0.000000000000000000 ) ) ;
#4032 = EDGE_LOOP ( 'NONE', ( #2492, #3484, #3869, #2460 ) ) ;
#4033 = FACE_OUTER_BOUND ( 'NONE', #2530, .T. ) ;
#4034 = EDGE_CURVE ( 'NONE', #477, #3208, #638, .T. ) ;
#4035 = CARTESIAN_POINT ( 'NONE',  ( 31.78480675967464109, 59.34551193544650260, 16.28513244764678802 ) ) ;
#4036 = CARTESIAN_POINT ( 'NONE',  ( -68.96680931352454991, 120.7196305553680986, 68.64624898007225795 ) ) ;
#4037 = CIRCLE ( 'NONE', #1410, 12.57936541973775313 ) ;
#4038 = EDGE_LOOP ( 'NONE', ( #2702, #233, #299, #864 ) ) ;
#4039 = ORIENTED_EDGE ( 'NONE', *, *, #1724, .F. ) ;
#4040 = VECTOR ( 'NONE', #3838, 1000.000000000000227 ) ;
#4041 = ORIENTED_EDGE ( 'NONE', *, *, #3691, .T. ) ;
#4042 = CARTESIAN_POINT ( 'NONE',  ( -26.70879484081407185, 41.41277825732952778, 13.41765791950987285 ) ) ;
#4043 = CARTESIAN_POINT ( 'NONE',  ( 32.58645075900322752, 70.04426365859833936, 26.77463301502992721 ) ) ;
#4044 = APPLICATION_CONTEXT ( 'automotive_design' ) ;
#4045 = CARTESIAN_POINT ( 'NONE',  ( 82.50000000000000000, 149.0000000000000284, 117.5000000000000000 ) ) ;
#4046 = AXIS2_PLACEMENT_3D ( 'NONE', #3703, #3982, #2644 ) ;
#4047 = CARTESIAN_POINT ( 'NONE',  ( 33.50000000000000000, 9.000000000000000000, -2.000000000000001776 ) ) ;
#4048 = EDGE_CURVE ( 'NONE', #362, #1154, #3085, .T. ) ;
#4049 = VECTOR ( 'NONE', #867, 999.9999999999998863 ) ;
#4050 = CARTESIAN_POINT ( 'NONE',  ( 33.33028006202977878, 69.96677489291684537, -26.22369970065348710 ) ) ;
#4051 = CARTESIAN_POINT ( 'NONE',  ( -25.11760832970486845, 32.79488490836931192, -13.11845880216452365 ) ) ;
#4052 = DIRECTION ( 'NONE',  ( -0.000000000000000000, 0.9986295347545740553, 0.05233595624294281462 ) ) ;
#4053 = DIRECTION ( 'NONE',  ( -0.000000000000000000, 1.000000000000000000, -0.000000000000000000 ) ) ;
#4054 = CARTESIAN_POINT ( 'NONE',  ( -74.32227071721928269, 121.1117435467962906, -63.94526622265323113 ) ) ;
#4055 = CARTESIAN_POINT ( 'NONE',  ( 1.157585310564369825E-15, 0.000000000000000000, 0.000000000000000000 ) ) ;
#4056 = ORIENTED_EDGE ( 'NONE', *, *, #206, .T. ) ;
#4057 = CARTESIAN_POINT ( 'NONE',  ( -99.63173750892480030, 138.4681102043920191, -94.90295308700429189 ) ) ;
#4058 = LINE ( 'NONE', #1707, #420 ) ;
#4059 = CARTESIAN_POINT ( 'NONE',  ( 53.50000000000004974, -357.0889244992079057, 6.551860375438338315E-15 ) ) ;
#4060 = ORIENTED_EDGE ( 'NONE', *, *, #552, .T. ) ;
#4061 = VERTEX_POINT ( 'NONE', #2438 ) ;
#4062 = EDGE_CURVE ( 'NONE', #4191, #1579, #3442, .T. ) ;
#4063 = VERTEX_POINT ( 'NONE', #3450 ) ;
#4064 = CARTESIAN_POINT ( 'NONE',  ( -27.93001563843736434, 46.70012947830413452, 13.74956306423827535 ) ) ;
#4065 = CARTESIAN_POINT ( 'NONE',  ( -18.23805686214687682, 39.82557439793320953, -21.31416978500750758 ) ) ;
#4066 = CARTESIAN_POINT ( 'NONE',  ( -35.52402929813951005, 68.75814399472470484, 19.81858934480025880 ) ) ;
#4067 = CARTESIAN_POINT ( 'NONE',  ( 111.0000000000004405, 148.0000000000000284, 123.5793654197382239 ) ) ;
#4068 = PRODUCT_CONTEXT ( 'NONE', #4044, 'mechanical' ) ;
#4069 = FACE_BOUND ( 'NONE', #2014, .T. ) ;
#4070 = LINE ( 'NONE', #2372, #1741 ) ;
#4071 = DIRECTION ( 'NONE',  ( -0.9884160307623645059, 0.1517687389812955034, 0.000000000000000000 ) ) ;
#4072 = DIRECTION ( 'NONE',  ( -0.000000000000000000, 1.000000000000000000, -0.000000000000000000 ) ) ;
#4073 = AXIS2_PLACEMENT_3D ( 'NONE', #644, #2376, #3389 ) ;
#4074 = ADVANCED_FACE ( 'NONE', ( #1445 ), #3469, .F. ) ;
#4075 = CARTESIAN_POINT ( 'NONE',  ( -123.5793654197382381, 148.0000000000000284, 111.0000000000004690 ) ) ;
#4076 = ORIENTED_EDGE ( 'NONE', *, *, #3282, .T. ) ;
#4077 = CARTESIAN_POINT ( 'NONE',  ( -21.46396496056324210, 9.000000000000000000, 105.0000000000000284 ) ) ;
#4078 = B_SPLINE_CURVE_WITH_KNOTS ( 'NONE', 3,
 ( #1562, #2915, #1223, #2573, #3292, #1265, #3626, #3025, #3272, #636, #4335, #4309 ),
 .UNSPECIFIED., .F., .F.,
 ( 4, 2, 2, 2, 2, 4 ),
 ( 0.000000000000000000, 0.003891038003328186126, 0.007782076006656372252, 0.01556415201331275838, 0.02334622801996914451, 0.03112830402662553064 ),
 .UNSPECIFIED. ) ;
#4079 = CARTESIAN_POINT ( 'NONE',  ( 31.95383607458090225, 59.85168520054440222, 23.94789159582401794 ) ) ;
#4080 = CARTESIAN_POINT ( 'NONE',  ( -117.5000000000000853, 149.0000000000000284, 85.15000000000000568 ) ) ;
#4081 = ORIENTED_EDGE ( 'NONE', *, *, #682, .T. ) ;
#4082 = ORIENTED_EDGE ( 'NONE', *, *, #1372, .F. ) ;
#4083 = DIRECTION ( 'NONE',  ( 0.000000000000000000, 1.000000000000000000, 0.000000000000000000 ) ) ;
#4084 = CARTESIAN_POINT ( 'NONE',  ( 36.05911874797757122, 70.44995432275959502, 22.59070247687638400 ) ) ;
#4085 = CARTESIAN_POINT ( 'NONE',  ( -29.34600250330214877, 71.12024411569167626, -28.22333804573992566 ) ) ;
#4086 = CARTESIAN_POINT ( 'NONE',  ( 53.59231713243460149, 106.3846443223742853, 52.71760622561106402 ) ) ;
#4087 = CARTESIAN_POINT ( 'NONE',  ( -117.5000000000000995, 149.0000000000000284, -82.49999999999998579 ) ) ;
#4088 = CIRCLE ( 'NONE', #809, 2.649999999999999467 ) ;
#4089 = DIRECTION ( 'NONE',  ( 0.000000000000000000, -1.000000000000000000, 0.000000000000000000 ) ) ;
#4090 = CARTESIAN_POINT ( 'NONE',  ( -111.0000000000004405, 140.0000000000000000, -125.0000000000004690 ) ) ;
#4091 = CARTESIAN_POINT ( 'NONE',  ( 82.50000000000002842, 146.0000000000000284, -117.4999999999999716 ) ) ;
#4092 = ADVANCED_FACE ( 'NONE', ( #2414 ), #3507, .F. ) ;
#4093 = VECTOR ( 'NONE', #3100, 1000.000000000000000 ) ;
#4094 = CARTESIAN_POINT ( 'NONE',  ( -2.000000000000001776, 42.83931635415304839, 21.41333099750926294 ) ) ;
#4095 = VERTEX_POINT ( 'NONE', #132 ) ;
#4096 = AXIS2_PLACEMENT_3D ( 'NONE', #4091, #4072, #2032 ) ;
#4097 = ADVANCED_FACE ( 'NONE', ( #3845 ), #1509, .F. ) ;
#4098 = DIRECTION ( 'NONE',  ( -0.000000000000000000, -1.000000000000000000, -0.000000000000000000 ) ) ;
#4099 = CARTESIAN_POINT ( 'NONE',  ( 34.59414008693101295, 66.57778449278413291, 18.87568333515445218 ) ) ;
#4100 = CARTESIAN_POINT ( 'NONE',  ( -102.6400071844727080, 139.9999999999999432, 99.38471073751561846 ) ) ;
#4101 = EDGE_CURVE ( 'NONE', #3837, #1203, #3488, .T. ) ;
#4102 = ORIENTED_EDGE ( 'NONE', *, *, #3691, .F. ) ;
#4103 = VERTEX_POINT ( 'NONE', #4133 ) ;
#4104 = CARTESIAN_POINT ( 'NONE',  ( -33.24117158541016437, 63.26238238184404139, 25.02084087800610490 ) ) ;
#4105 = DIRECTION ( 'NONE',  ( -0.000000000000000000, -0.000000000000000000, -1.000000000000000000 ) ) ;
#4106 = DIRECTION ( 'NONE',  ( 0.000000000000000000, 0.000000000000000000, -1.000000000000000000 ) ) ;
#4107 = CARTESIAN_POINT ( 'NONE',  ( -33.32890016304880021, 69.96175775475340686, -26.23556194025105626 ) ) ;
#4108 = CARTESIAN_POINT ( 'NONE',  ( -53.50000000000000000, -1.075763766743608751E-14, 0.000000000000000000 ) ) ;
#4109 = ORIENTED_EDGE ( 'NONE', *, *, #2273, .T. ) ;
#4110 =( BOUNDED_SURFACE ( )  B_SPLINE_SURFACE ( 3, 2, ( 
 ( #3728, #2341, #667 ),
 ( #318, #4007, #1657 ),
 ( #4390, #360, #963 ),
 ( #2317, #2741, #1970 ),
 ( #1347, #1369, #2675 ),
 ( #4035, #35, #3708 ),
 ( #2039, #4079, #3393 ),
 ( #2719, #1028, #3750 ),
 ( #4099, #689, #2060 ),
 ( #3680, #1729, #3324 ),
 ( #1634, #1871, #2891 ),
 ( #4264, #3223, #463 ) ),
 .UNSPECIFIED., .F., .F., .F. ) 
 B_SPLINE_SURFACE_WITH_KNOTS ( ( 4, 2, 2, 2, 2, 4 ),
 ( 3, 3 ),
 ( 0.04865746300679145431, 0.05718261693774805837, 0.06570777086870466244, 0.07423292479966125956, 0.07849550176513955813, 0.08275807873061785669 ),
 ( 0.000000000000000000, 1.000000000000000000 ),
 .UNSPECIFIED. ) 
 GEOMETRIC_REPRESENTATION_ITEM ( )  RATIONAL_B_SPLINE_SURFACE ( (
 ( 1.000000000000000000, 0.7095581163979196582, 1.000000000000000000),
 ( 1.000000000000000000, 0.7123902603178172699, 1.000000000000000000),
 ( 1.000000000000000000, 0.7158370914238271210, 1.000000000000000000),
 ( 1.000000000000000000, 0.7237793910992161850, 1.000000000000000000),
 ( 1.000000000000000000, 0.7282746848198983214, 1.000000000000000000),
 ( 1.000000000000000000, 0.7381418156297444577, 1.000000000000000000),
 ( 1.000000000000000000, 0.7435136423621432344, 1.000000000000000000),
 ( 1.000000000000000000, 0.7521078368567029049, 1.000000000000000000),
 ( 1.000000000000000000, 0.7550673467505302217, 1.000000000000000000),
 ( 1.000000000000000000, 0.7610808902996990533, 1.000000000000000000),
 ( 1.000000000000000000, 0.7641416289640424742, 1.000000000000000000),
 ( 1.000000000000000000, 0.7672448872756966187, 1.000000000000000000) ) ) 
 REPRESENTATION_ITEM ( '' )  SURFACE ( )  );
#4111 = CARTESIAN_POINT ( 'NONE',  ( 34.64991184076541941, 69.98379859020559479, -24.92178902255603390 ) ) ;
#4112 = AXIS2_PLACEMENT_3D ( 'NONE', #1018, #2728, #3716 ) ;
#4113 = AXIS2_PLACEMENT_3D ( 'NONE', #2195, #2522, #3553 ) ;
#4114 = CARTESIAN_POINT ( 'NONE',  ( 18.88925619532807687, 43.10239814705354888, 13.41765791950984443 ) ) ;
#4115 = CARTESIAN_POINT ( 'NONE',  ( -29.27425707143324729, 70.91362602667572901, 28.12649252424516533 ) ) ;
#4116 = CARTESIAN_POINT ( 'NONE',  ( -43.51457295794484992, 84.60322113282904866, -35.62158365855743369 ) ) ;
#4117 = FACE_BOUND ( 'NONE', #1427, .T. ) ;
#4118 = VERTEX_POINT ( 'NONE', #2844 ) ;
#4119 = DIRECTION ( 'NONE',  ( -1.000000000000000000, -0.000000000000000000, -0.000000000000000000 ) ) ;
#4120 = CYLINDRICAL_SURFACE ( 'NONE', #2446, 140.0000000000000284 ) ;
#4121 = ORIENTED_EDGE ( 'NONE', *, *, #936, .T. ) ;
#4122 = VERTEX_POINT ( 'NONE', #1764 ) ;
#4123 = EDGE_CURVE ( 'NONE', #1966, #3436, #3794, .T. ) ;
#4124 = ORIENTED_EDGE ( 'NONE', *, *, #4331, .T. ) ;
#4125 = CARTESIAN_POINT ( 'NONE',  ( 82.50000000000000000, 149.0000000000000284, 112.5999999999999943 ) ) ;
#4126 = CARTESIAN_POINT ( 'NONE',  ( -117.5000000000000995, 149.0000000000000284, -85.14999999999997726 ) ) ;
#4127 = CARTESIAN_POINT ( 'NONE',  ( 13.00000000000000000, 0.000000000000000000, 125.0000000000004690 ) ) ;
#4128 = LINE ( 'NONE', #3132, #2964 ) ;
#4129 = ORIENTED_EDGE ( 'NONE', *, *, #853, .T. ) ;
#4130 = ORIENTED_EDGE ( 'NONE', *, *, #1831, .T. ) ;
#4131 = EDGE_LOOP ( 'NONE', ( #2123, #4039, #2647, #3523 ) ) ;
#4132 = PLANE ( 'NONE',  #2469 ) ;
#4133 = CARTESIAN_POINT ( 'NONE',  ( -123.5793654197382381, 149.0000000000000284, -111.0000000000004690 ) ) ;
#4134 = DIRECTION ( 'NONE',  ( 0.000000000000000000, 0.000000000000000000, 1.000000000000000000 ) ) ;
#4135 = CARTESIAN_POINT ( 'NONE',  ( -39.12945822236491011, 76.46695563244905713, -30.94186769505377654 ) ) ;
#4136 = CIRCLE ( 'NONE', #302, 2.649999999999985700 ) ;
#4137 = ADVANCED_FACE ( 'NONE', ( #2457 ), #2482, .F. ) ;
#4138 = CARTESIAN_POINT ( 'NONE',  ( 93.94285063647807021, 137.2022562562216024, 95.91350198548032324 ) ) ;
#4139 = ORIENTED_EDGE ( 'NONE', *, *, #348, .F. ) ;
#4140 = PLANE ( 'NONE',  #888 ) ;
#4141 = AXIS2_PLACEMENT_3D ( 'NONE', #4312, #568, #223 ) ;
#4142 = VERTEX_POINT ( 'NONE', #3529 ) ;
#4143 = AXIS2_PLACEMENT_3D ( 'NONE', #1913, #3623, #3268 ) ;
#4144 = CARTESIAN_POINT ( 'NONE',  ( -26.87005768508894832, 18.19238815542511389, 26.87005768508865700 ) ) ;
#4145 = CARTESIAN_POINT ( 'NONE',  ( -102.6400071844727648, 139.9999999999999432, -98.92839852658499922 ) ) ;
#4146 = CARTESIAN_POINT ( 'NONE',  ( -25.11760832970491464, 32.79488490836931902, -2.000000000000015543 ) ) ;
#4147 = DIRECTION ( 'NONE',  ( 0.000000000000000000, 0.9986295347545739443, -0.05233595624294394566 ) ) ;
#4148 = ORIENTED_EDGE ( 'NONE', *, *, #4152, .T. ) ;
#4149 = ORIENTED_EDGE ( 'NONE', *, *, #2863, .F. ) ;
#4150 = ORIENTED_EDGE ( 'NONE', *, *, #682, .F. ) ;
#4151 = LINE ( 'NONE', #3196, #488 ) ;
#4152 = EDGE_CURVE ( 'NONE', #2165, #3171, #311, .T. ) ;
#4153 = EDGE_CURVE ( 'NONE', #2254, #2640, #3011, .T. ) ;
#4154 = DIRECTION ( 'NONE',  ( -0.000000000000000000, -0.000000000000000000, 1.000000000000000000 ) ) ;
#4155 = CIRCLE ( 'NONE', #4371, 51.50000000000000000 ) ;
#4156 = CARTESIAN_POINT ( 'NONE',  ( 41.83606322694927115, 81.51431343183193690, 26.83638977660135794 ) ) ;
#4157 = CARTESIAN_POINT ( 'NONE',  ( -37.06262853302008153, 72.25946444578188732, -28.73894322042101024 ) ) ;
#4158 = ORIENTED_EDGE ( 'NONE', *, *, #3720, .F. ) ;
#4159 = CARTESIAN_POINT ( 'NONE',  ( 97.24594176109063426, 138.8878318295952567, 99.75276352941553171 ) ) ;
#4160 = ORIENTED_EDGE ( 'NONE', *, *, #2879, .T. ) ;
#4161 = DIRECTION ( 'NONE',  ( -0.000000000000000000, 1.000000000000000000, -0.000000000000000000 ) ) ;
#4162 = ORIENTED_EDGE ( 'NONE', *, *, #1872, .T. ) ;
#4163 = ORIENTED_EDGE ( 'NONE', *, *, #1702, .T. ) ;
#4164 = CARTESIAN_POINT ( 'NONE',  ( 17.67822770767662277, 36.79353012582573967, -21.21440637103619764 ) ) ;
#4165 = DIRECTION ( 'NONE',  ( 0.000000000000000000, 0.000000000000000000, -1.000000000000000000 ) ) ;
#4166 = FACE_BOUND ( 'NONE', #120, .T. ) ;
#4167 = DIRECTION ( 'NONE',  ( -1.000000000000000000, -0.000000000000000000, -0.000000000000000000 ) ) ;
#4168 = VECTOR ( 'NONE', #211, 1000.000000000000000 ) ;
#4169 = VERTEX_POINT ( 'NONE', #2096 ) ;
#4170 = ADVANCED_FACE ( 'NONE', ( #767 ), #2775, .T. ) ;
#4171 = VECTOR ( 'NONE', #3372, 1000.000000000000000 ) ;
#4172 = DIRECTION ( 'NONE',  ( -0.000000000000000000, -0.000000000000000000, -1.000000000000000000 ) ) ;
#4173 = CARTESIAN_POINT ( 'NONE',  ( 21.67305304103141594, 52.74869656238108462, -22.38594160175009762 ) ) ;
#4174 = AXIS2_PLACEMENT_3D ( 'NONE', #3017, #3687, #39 ) ;
#4175 = DIRECTION ( 'NONE',  ( -0.000000000000000000, -0.000000000000000000, -1.000000000000000000 ) ) ;
#4176 = CARTESIAN_POINT ( 'NONE',  ( -125.0000000000004690, 140.0000000000000000, -105.0000000000004690 ) ) ;
#4177 = STYLED_ITEM ( 'NONE', ( #1801 ), #1137 ) ;
#4178 = CARTESIAN_POINT ( 'NONE',  ( 38.56956422640113402, 87.39031713192130724, -37.45943496297989128 ) ) ;
#4179 = ORIENTED_EDGE ( 'NONE', *, *, #3486, .T. ) ;
#4180 = CARTESIAN_POINT ( 'NONE',  ( 30.98855264903897933, 70.34591114324469174, 27.67418845325205368 ) ) ;
#4181 = CARTESIAN_POINT ( 'NONE',  ( -72.93081909730236134, 119.9101801434067482, 62.31669732481359603 ) ) ;
#4182 = AXIS2_PLACEMENT_3D ( 'NONE', #3148, #125, #1078 ) ;
#4183 = ORIENTED_EDGE ( 'NONE', *, *, #3594, .T. ) ;
#4184 = ORIENTED_EDGE ( 'NONE', *, *, #1851, .T. ) ;
#4185 = EDGE_CURVE ( 'NONE', #4313, #390, #2615, .T. ) ;
#4186 = DIRECTION ( 'NONE',  ( -0.000000000000000000, -1.000000000000000000, -0.000000000000000000 ) ) ;
#4187 = CARTESIAN_POINT ( 'NONE',  ( -100.5299604021474096, 140.0000000000000284, -102.5535748831192819 ) ) ;
#4188 = FACE_OUTER_BOUND ( 'NONE', #3971, .T. ) ;
#4189 = CARTESIAN_POINT ( 'NONE',  ( -35.76611636692842922, 70.29011644072005538, -23.20750477098091480 ) ) ;
#4190 = ADVANCED_FACE ( 'NONE', ( #927 ), #3929, .F. ) ;
#4191 = VERTEX_POINT ( 'NONE', #1558 ) ;
#4192 = ORIENTED_EDGE ( 'NONE', *, *, #287, .T. ) ;
#4193 = CARTESIAN_POINT ( 'NONE',  ( 29.67564278457717108, 52.95586224898356420, -22.39057183648305127 ) ) ;
#4194 = LINE ( 'NONE', #1804, #3473 ) ;
#4195 = FACE_OUTER_BOUND ( 'NONE', #3981, .T. ) ;
#4196 = DIRECTION ( 'NONE',  ( -1.000000000000000000, -0.000000000000000000, -0.000000000000000000 ) ) ;
#4197 = EDGE_CURVE ( 'NONE', #4122, #578, #2551, .T. ) ;
#4198 = CARTESIAN_POINT ( 'NONE',  ( 46.50284890093217882, 98.26465250064488544, -45.48693464709601386 ) ) ;
#4199 = ORIENTED_EDGE ( 'NONE', *, *, #1364, .F. ) ;
#4200 = DIRECTION ( 'NONE',  ( -0.000000000000000000, 1.000000000000000000, -0.000000000000000000 ) ) ;
#4201 = CARTESIAN_POINT ( 'NONE',  ( -82.16877544319966375, 127.3952647025912199, 73.22293132818636252 ) ) ;
#4202 = CIRCLE ( 'NONE', #440, 3.249999999999999556 ) ;
#4203 = ADVANCED_FACE ( 'NONE', ( #1580 ), #4306, .F. ) ;
#4204 = ORIENTED_EDGE ( 'NONE', *, *, #722, .T. ) ;
#4205 = EDGE_LOOP ( 'NONE', ( #3842, #3009, #4183, #3441 ) ) ;
#4206 = DIRECTION ( 'NONE',  ( -0.000000000000000000, 1.000000000000000000, -0.000000000000000000 ) ) ;
#4207 = FACE_OUTER_BOUND ( 'NONE', #4270, .T. ) ;
#4208 = LINE ( 'NONE', #1161, #207 ) ;
#4209 = DIRECTION ( 'NONE',  ( 0.000000000000000000, 0.000000000000000000, 1.000000000000000000 ) ) ;
#4210 = EDGE_LOOP ( 'NONE', ( #2463, #99, #1994, #1556 ) ) ;
#4211 = AXIS2_PLACEMENT_3D ( 'NONE', #2783, #770, #3139 ) ;
#4212 = ORIENTED_EDGE ( 'NONE', *, *, #4269, .F. ) ;
#4213 = CARTESIAN_POINT ( 'NONE',  ( 82.50000000000002842, 149.0000000000000284, -120.1499999999999488 ) ) ;
#4214 = CARTESIAN_POINT ( 'NONE',  ( 33.49999999993569588, 500000.0000000000582, 2.000000000000000000 ) ) ;
#4215 = DIRECTION ( 'NONE',  ( 0.9774423306857495941, 0.2112024862155034155, 0.000000000000000000 ) ) ;
#4216 = CARTESIAN_POINT ( 'NONE',  ( 60.81555718979584668, 107.9826149263245583, 48.31793653122008436 ) ) ;
#4217 = CARTESIAN_POINT ( 'NONE',  ( 4.708657348451055797E-14, -357.0889244992079057, 0.000000000000000000 ) ) ;
#4218 = DIRECTION ( 'NONE',  ( 0.000000000000000000, 0.000000000000000000, 1.000000000000000000 ) ) ;
#4219 = CIRCLE ( 'NONE', #391, 3.249999999999999556 ) ;
#4220 = CARTESIAN_POINT ( 'NONE',  ( 77.07445669184644998, 123.4832328700925785, 72.24324211628690762 ) ) ;
#4221 = EDGE_LOOP ( 'NONE', ( #1403, #208, #2235, #2790 ) ) ;
#4222 = FACE_BOUND ( 'NONE', #253, .T. ) ;
#4223 = CARTESIAN_POINT ( 'NONE',  ( -61.02910602730950984, 108.2196938293278237, 48.56217782357024504 ) ) ;
#4224 = AXIS2_PLACEMENT_3D ( 'NONE', #1155, #3834, #3161 ) ;
#4225 = ORIENTED_EDGE ( 'NONE', *, *, #1875, .F. ) ;
#4226 = AXIS2_PLACEMENT_3D ( 'NONE', #3835, #4119, #1749 ) ;
#4227 = CARTESIAN_POINT ( 'NONE',  ( 26.87005768508913306, 0.000000000000000000, -23.62005768508847225 ) ) ;
#4228 = FACE_BOUND ( 'NONE', #2350, .T. ) ;
#4229 = EDGE_CURVE ( 'NONE', #2240, #1586, #2286, .T. ) ;
#4230 = CYLINDRICAL_SURFACE ( 'NONE', #4237, 140.0000000000000000 ) ;
#4231 = ORIENTED_EDGE ( 'NONE', *, *, #2809, .T. ) ;
#4232 = ORIENTED_EDGE ( 'NONE', *, *, #2273, .F. ) ;
#4233 = VERTEX_POINT ( 'NONE', #3643 ) ;
#4234 = CARTESIAN_POINT ( 'NONE',  ( 101.1663436305012169, 140.0000000000000284, -102.3093951734224589 ) ) ;
#4235 = DIRECTION ( 'NONE',  ( -0.1517687389812944765, -0.9884160307623646169, 0.000000000000000000 ) ) ;
#4236 = VERTEX_POINT ( 'NONE', #3219 ) ;
#4237 = AXIS2_PLACEMENT_3D ( 'NONE', #3589, #1501, #3612 ) ;
#4238 = DIRECTION ( 'NONE',  ( 1.000000000000000000, 0.000000000000000000, -0.000000000000000000 ) ) ;
#4239 = CARTESIAN_POINT ( 'NONE',  ( -117.5000000000000995, 149.0000000000000284, -82.49999999999998579 ) ) ;
#4240 = DIRECTION ( 'NONE',  ( 0.000000000000000000, 0.000000000000000000, 1.000000000000000000 ) ) ;
#4241 = VECTOR ( 'NONE', #3306, 1000.000000000000000 ) ;
#4242 = LINE ( 'NONE', #3102, #2950 ) ;
#4243 = AXIS2_PLACEMENT_3D ( 'NONE', #2812, #3815, #1140 ) ;
#4244 = CARTESIAN_POINT ( 'NONE',  ( 50.88944609612592984, 95.84905842832944245, 43.52776974903789409 ) ) ;
#4245 = ORIENTED_EDGE ( 'NONE', *, *, #2034, .T. ) ;
#4246 = CARTESIAN_POINT ( 'NONE',  ( -26.65485930189107577, 41.16316529198848428, -21.35818056523108766 ) ) ;
#4247 = CARTESIAN_POINT ( 'NONE',  ( -59.71933435619340713, 112.5900375151050952, 59.01696471938574717 ) ) ;
#4248 = VECTOR ( 'NONE', #313, 1000.000000000000000 ) ;
#4249 = EDGE_LOOP ( 'NONE', ( #1070, #3491, #3903, #2192 ) ) ;
#4250 = LINE ( 'NONE', #184, #2670 ) ;
#4251 = CARTESIAN_POINT ( 'NONE',  ( 25.11760832970484003, 32.79488490836925507, -13.11845880216452187 ) ) ;
#4252 = DIRECTION ( 'NONE',  ( 0.1517687389812944765, 0.9884160307623647279, 0.000000000000000000 ) ) ;
#4253 = EDGE_CURVE ( 'NONE', #2789, #3563, #4202, .T. ) ;
#4254 = EDGE_LOOP ( 'NONE', ( #1374, #2799, #1293, #1775, #1458, #1312, #111, #1908, #1704, #2796, #2630, #4245 ) ) ;
#4255 = ORIENTED_EDGE ( 'NONE', *, *, #3872, .F. ) ;
#4256 = DIRECTION ( 'NONE',  ( -0.000000000000000000, 1.000000000000000000, -0.000000000000000000 ) ) ;
#4257 = DIRECTION ( 'NONE',  ( -0.05233595624294395260, 0.9986295347545739443, 0.000000000000000000 ) ) ;
#4258 = CARTESIAN_POINT ( 'NONE',  ( -28.99302625983458270, 50.63167043974064541, -22.02425588188019745 ) ) ;
#4259 = ORIENTED_EDGE ( 'NONE', *, *, #2509, .F. ) ;
#4260 = EDGE_CURVE ( 'NONE', #559, #1799, #2153, .T. ) ;
#4261 = CARTESIAN_POINT ( 'NONE',  ( 117.4999999999999147, 146.0000000000000284, -82.50000000000001421 ) ) ;
#4262 = CARTESIAN_POINT ( 'NONE',  ( 62.72025095961264185, 115.3627687694285129, -62.12580248742057165 ) ) ;
#4263 = LINE ( 'NONE', #2822, #748 ) ;
#4264 = CARTESIAN_POINT ( 'NONE',  ( 36.61878317189945165, 71.19298541363126276, 20.98433241754267442 ) ) ;
#4265 = CARTESIAN_POINT ( 'NONE',  ( 41.59831271880862147, 81.08858971991342912, 26.56948881933211482 ) ) ;
#4266 = ORIENTED_EDGE ( 'NONE', *, *, #3377, .T. ) ;
#4267 = CARTESIAN_POINT ( 'NONE',  ( 2.572411801254072884E-16, 9.000000000000000000, -51.50000000000000000 ) ) ;
#4268 = CARTESIAN_POINT ( 'NONE',  ( -87.31188531080387349, 133.4973389747554222, 88.40073983832583338 ) ) ;
#4269 = EDGE_CURVE ( 'NONE', #4347, #1627, #4136, .T. ) ;
#4270 = EDGE_LOOP ( 'NONE', ( #3711, #2798, #370, #3754, #3478, #825, #531, #1761 ) ) ;
#4271 = CARTESIAN_POINT ( 'NONE',  ( -29.28886028647068329, 70.90820755833635758, -28.12386314898693840 ) ) ;
#4272 = CARTESIAN_POINT ( 'NONE',  ( -36.45884831199931853, 70.86748681527207339, 21.33033988723231289 ) ) ;
#4273 = FACE_BOUND ( 'NONE', #3684, .T. ) ;
#4274 = AXIS2_PLACEMENT_3D ( 'NONE', #3576, #525, #563 ) ;
#4275 = EDGE_LOOP ( 'NONE', ( #1371, #2678, #128, #921 ) ) ;
#4276 = ORIENTED_EDGE ( 'NONE', *, *, #2292, .T. ) ;
#4277 = FACE_OUTER_BOUND ( 'NONE', #1862, .T. ) ;
#4278 = CARTESIAN_POINT ( 'NONE',  ( 125.0000000000004405, 140.0000000000000000, -111.0000000000004547 ) ) ;
#4279 = CARTESIAN_POINT ( 'NONE',  ( -27.28532067294664643, 44.08093223201910149, -13.51029184790439608 ) ) ;
#4280 = AXIS2_PLACEMENT_3D ( 'NONE', #1721, #3072, #27 ) ;
#4281 = ADVANCED_FACE ( 'NONE', ( #1621 ), #3288, .T. ) ;
#4282 = CARTESIAN_POINT ( 'NONE',  ( 21.46396496056324210, 9.000000000000000000, 105.0000000000000284 ) ) ;
#4283 = CARTESIAN_POINT ( 'NONE',  ( 72.77886910367188023, 119.7770384199175027, -62.13912287785774424 ) ) ;
#4284 = DIRECTION ( 'NONE',  ( 0.000000000000000000, 0.000000000000000000, -1.000000000000000000 ) ) ;
#4285 = CARTESIAN_POINT ( 'NONE',  ( 27.12896672067411430, 66.56258938584625184, -26.25754109328630648 ) ) ;
#4286 = CARTESIAN_POINT ( 'NONE',  ( 55.37004132238931930, 101.6685966985063914, 42.10644462967683666 ) ) ;
#4287 = ORIENTED_EDGE ( 'NONE', *, *, #2744, .F. ) ;
#4288 = CARTESIAN_POINT ( 'NONE',  ( -35.52402929814054033, 68.75814399472709226, -19.81858934480129975 ) ) ;
#4289 = CARTESIAN_POINT ( 'NONE',  ( -104.0520008154653908, 140.7093620404373837, -100.8303096505561456 ) ) ;
#4290 = EDGE_CURVE ( 'NONE', #1063, #3969, #1377, .T. ) ;
#4291 = EDGE_LOOP ( 'NONE', ( #470, #2536, #3278, #664 ) ) ;
#4292 = EDGE_LOOP ( 'NONE', ( #1394, #224 ) ) ;
#4293 = CARTESIAN_POINT ( 'NONE',  ( -96.41041983131097481, 138.4685420652387791, -98.77240664158806283 ) ) ;
#4294 = AXIS2_PLACEMENT_3D ( 'NONE', #789, #3438, #1512 ) ;
#4295 = CARTESIAN_POINT ( 'NONE',  ( -18.88925619532809463, 42.83931635415304839, 21.41333099750923452 ) ) ;
#4296 = CARTESIAN_POINT ( 'NONE',  ( 53.50000000000000000, 9.000000000000000000, 125.0000000000004690 ) ) ;
#4297 = EDGE_CURVE ( 'NONE', #3686, #841, #1169, .T. ) ;
#4298 = CIRCLE ( 'NONE', #2448, 72.00000000000007105 ) ;
#4299 = EDGE_LOOP ( 'NONE', ( #3596, #534 ) ) ;
#4300 = CARTESIAN_POINT ( 'NONE',  ( -40.73588801183859687, 79.51024131699307418, 25.60178822805000109 ) ) ;
#4301 = CARTESIAN_POINT ( 'NONE',  ( 102.6052983300276367, 140.0000000000000000, -99.83674725116654258 ) ) ;
#4302 = CARTESIAN_POINT ( 'NONE',  ( -29.34703368153730452, 51.84749234733966006, -14.49833636862898523 ) ) ;
#4303 = VECTOR ( 'NONE', #2278, 1000.000000000000000 ) ;
#4304 = ORIENTED_EDGE ( 'NONE', *, *, #3144, .T. ) ;
#4305 = AXIS2_PLACEMENT_3D ( 'NONE', #3180, #1172, #2914 ) ;
#4306 = PLANE ( 'NONE',  #2436 ) ;
#4307 = CARTESIAN_POINT ( 'NONE',  ( 78.92360560866030994, 124.9294560072122380, -69.36069636989395804 ) ) ;
#4308 = DIRECTION ( 'NONE',  ( 0.000000000000000000, 0.000000000000000000, -1.000000000000000000 ) ) ;
#4309 = CARTESIAN_POINT ( 'NONE',  ( -18.88925619532809463, 42.83931635415304839, 21.41333099750923452 ) ) ;
#4310 = ADVANCED_FACE ( 'NONE', ( #854 ), #1890, .T. ) ;
#4311 = EDGE_CURVE ( 'NONE', #2206, #4370, #3995, .T. ) ;
#4312 = CARTESIAN_POINT ( 'NONE',  ( 123.5793654197381812, 148.0000000000000284, 125.0000000000004690 ) ) ;
#4313 = VERTEX_POINT ( 'NONE', #4377 ) ;
#4314 = AXIS2_PLACEMENT_3D ( 'NONE', #663, #2338, #3414 ) ;
#4315 = CYLINDRICAL_SURFACE ( 'NONE', #274, 2.649999999999985700 ) ;
#4316 = CARTESIAN_POINT ( 'NONE',  ( -83.93880885601848263, 131.4040108740086055, -84.69477264176256881 ) ) ;
#4317 = VERTEX_POINT ( 'NONE', #3427 ) ;
#4318 = ORIENTED_EDGE ( 'NONE', *, *, #1132, .T. ) ;
#4319 = CARTESIAN_POINT ( 'NONE',  ( -117.5000000000000853, 146.0000000000000284, 82.50000000000001421 ) ) ;
#4320 = CIRCLE ( 'NONE', #2396, 4.900000000000001243 ) ;
#4321 = CARTESIAN_POINT ( 'NONE',  ( 33.50000000000000000, 9.000000000000003553, 2.000000000000000000 ) ) ;
#4322 = LINE ( 'NONE', #1322, #1978 ) ;
#4323 = EDGE_LOOP ( 'NONE', ( #1637, #1877 ) ) ;
#4324 = AXIS2_PLACEMENT_3D ( 'NONE', #1088, #3095, #3073 ) ;
#4325 = ADVANCED_FACE ( 'NONE', ( #2637 ), #609, .T. ) ;
#4326 = ORIENTED_EDGE ( 'NONE', *, *, #3228, .F. ) ;
#4327 = CARTESIAN_POINT ( 'NONE',  ( 82.50000000000002842, 149.0000000000000284, -117.4999999999999716 ) ) ;
#4328 = LINE ( 'NONE', #995, #1319 ) ;
#4329 = CARTESIAN_POINT ( 'NONE',  ( -24.24532394420003811, 59.86922964710845463, -23.99405807284774994 ) ) ;
#4330 = AXIS2_PLACEMENT_3D ( 'NONE', #1904, #2967, #1525 ) ;
#4331 = EDGE_CURVE ( 'NONE', #887, #3160, #2026, .T. ) ;
#4332 = CARTESIAN_POINT ( 'NONE',  ( -82.50000000000002842, 140.0000000000000000, -117.4999999999999716 ) ) ;
#4333 = CARTESIAN_POINT ( 'NONE',  ( 76.95671510406893390, 123.3874211777465746, -72.11076390047719542 ) ) ;
#4334 = FACE_OUTER_BOUND ( 'NONE', #4341, .T. ) ;
#4335 = CARTESIAN_POINT ( 'NONE',  ( -19.49607084475986696, 45.36681355495157675, 21.49649328899499068 ) ) ;
#4336 = CARTESIAN_POINT ( 'NONE',  ( 47.53121399637867484, 90.95320699084059868, 33.23950180692522594 ) ) ;
#4337 = ORIENTED_EDGE ( 'NONE', *, *, #676, .F. ) ;
#4338 = EDGE_CURVE ( 'NONE', #3583, #3064, #1015, .T. ) ;
#4339 = CARTESIAN_POINT ( 'NONE',  ( -31.75437436594378937, 59.25885387253516257, -16.26024991098909922 ) ) ;
#4340 = CARTESIAN_POINT ( 'NONE',  ( -84.89703061747545121, 129.3416745096709519, -81.17098197570541629 ) ) ;
#4341 = EDGE_LOOP ( 'NONE', ( #3305, #37, #3849, #1010 ) ) ;
#4342 = EDGE_CURVE ( 'NONE', #3567, #2362, #1653, .T. ) ;
#4343 = CARTESIAN_POINT ( 'NONE',  ( -42.41408480143073945, 82.51219333997470073, -27.48576486927902351 ) ) ;
#4344 = CARTESIAN_POINT ( 'NONE',  ( -34.65001082199107429, 69.98380998870412384, 24.92167011282853295 ) ) ;
#4345 = LINE ( 'NONE', #4367, #4171 ) ;
#4346 = ORIENTED_EDGE ( 'NONE', *, *, #2287, .T. ) ;
#4347 = VERTEX_POINT ( 'NONE', #2306 ) ;
#4348 = CARTESIAN_POINT ( 'NONE',  ( -90.48081274609386071, 133.1009893311677388, 83.32126850057508705 ) ) ;
#4349 = CARTESIAN_POINT ( 'NONE',  ( 36.54474198220380288, 71.03114527130040301, 20.90424406778521416 ) ) ;
#4350 = AXIS2_PLACEMENT_3D ( 'NONE', #2888, #4238, #2997 ) ;
#4351 = DIRECTION ( 'NONE',  ( 0.000000000000000000, -1.000000000000000000, 0.000000000000000000 ) ) ;
#4352 = ADVANCED_FACE ( 'NONE', ( #1668 ), #3050, .F. ) ;
#4353 = CARTESIAN_POINT ( 'NONE',  ( -82.50000000000000000, 146.0000000000000284, 120.1499999999999915 ) ) ;
#4354 = CARTESIAN_POINT ( 'NONE',  ( 47.56039178823962033, 90.90596980126339588, -33.27509624108051867 ) ) ;
#4355 = DIRECTION ( 'NONE',  ( 0.000000000000000000, -0.9994591347499238720, -0.03288522411256245004 ) ) ;
#4356 = DIRECTION ( 'NONE',  ( 0.000000000000000000, 0.000000000000000000, 1.000000000000000000 ) ) ;
#4357 = VECTOR ( 'NONE', #219, 1000.000000000000000 ) ;
#4358 = FACE_OUTER_BOUND ( 'NONE', #1115, .T. ) ;
#4359 = ORIENTED_EDGE ( 'NONE', *, *, #2772, .T. ) ;
#4360 = CARTESIAN_POINT ( 'NONE',  ( 34.53448137420595287, 66.43426756147516699, 18.81668972694990671 ) ) ;
#4361 = CARTESIAN_POINT ( 'NONE',  ( -78.93674363384440085, 124.9396918771549281, -69.37628608873436065 ) ) ;
#4362 = EDGE_CURVE ( 'NONE', #984, #3802, #2709, .T. ) ;
#4363 = DIRECTION ( 'NONE',  ( -2.010773395782446296E-16, 1.000000000000000000, 0.000000000000000000 ) ) ;
#4364 = VERTEX_POINT ( 'NONE', #4353 ) ;
#4365 = CARTESIAN_POINT ( 'NONE',  ( 105.0000000000000284, 63.07925486862299636, -25.01582634705393104 ) ) ;
#4366 = CARTESIAN_POINT ( 'NONE',  ( -30.14659348692032736, 70.60741932125210951, 27.93272029649567756 ) ) ;
#4367 = CARTESIAN_POINT ( 'NONE',  ( -125.0000000000004690, 140.0000000000000000, -111.0000000000004690 ) ) ;
#4368 = ORIENTED_EDGE ( 'NONE', *, *, #2098, .T. ) ;
#4369 = ORIENTED_EDGE ( 'NONE', *, *, #371, .F. ) ;
#4370 = VERTEX_POINT ( 'NONE', #949 ) ;
#4371 = AXIS2_PLACEMENT_3D ( 'NONE', #1850, #3558, #157 ) ;
#4372 = CARTESIAN_POINT ( 'NONE',  ( -32.67789237011363213, 61.78717408779088771, 17.05277823166773743 ) ) ;
#4373 = CARTESIAN_POINT ( 'NONE',  ( -82.50000000000002842, 140.0000000000000000, -114.8499999999999801 ) ) ;
#4374 = CARTESIAN_POINT ( 'NONE',  ( 102.6400071844729354, 140.0000000000000000, 98.92839852658539712 ) ) ;
#4375 = AXIS2_PLACEMENT_3D ( 'NONE', #387, #63, #2130 ) ;
#4376 = DIRECTION ( 'NONE',  ( -0.000000000000000000, 1.000000000000000000, -0.000000000000000000 ) ) ;
#4377 = CARTESIAN_POINT ( 'NONE',  ( 117.4999999999999432, 140.0000000000000000, 79.85000000000000853 ) ) ;
#4378 = AXIS2_PLACEMENT_3D ( 'NONE', #3707, #646, #273 ) ;
#4379 = CARTESIAN_POINT ( 'NONE',  ( 27.12896672067410009, 66.56258938584622342, 26.25754109328632069 ) ) ;
#4380 = DIRECTION ( 'NONE',  ( 1.000000000000000000, 0.000000000000000000, 0.000000000000000000 ) ) ;
#4381 = CIRCLE ( 'NONE', #1330, 145.0000000000000284 ) ;
#4382 = DIRECTION ( 'NONE',  ( 0.000000000000000000, 0.000000000000000000, -1.000000000000000000 ) ) ;
#4383 = DIRECTION ( 'NONE',  ( 0.000000000000000000, 0.000000000000000000, -1.000000000000000000 ) ) ;
#4384 = CARTESIAN_POINT ( 'NONE',  ( -87.28287924173780254, 133.4407365334504618, -88.39328535902036776 ) ) ;
#4385 = VECTOR ( 'NONE', #4355, 1000.000000000000227 ) ;
#4386 = EDGE_CURVE ( 'NONE', #2941, #1493, #2660, .T. ) ;
#4387 = CARTESIAN_POINT ( 'NONE',  ( -17.21028008360589467, 33.74595302731882640, 21.11413188016391373 ) ) ;
#4388 = ORIENTED_EDGE ( 'NONE', *, *, #4024, .F. ) ;
#4389 = CARTESIAN_POINT ( 'NONE',  ( -81.29996117049994098, 126.7450090174835111, -72.18541424510429749 ) ) ;
#4390 = CARTESIAN_POINT ( 'NONE',  ( 27.93001563844262947, 46.70012947832322681, 13.74956306421852226 ) ) ;
#4391 = CARTESIAN_POINT ( 'NONE',  ( -33.73598121540717187, 79.40873813568639150, 32.59240124421126694 ) ) ;
#4392 = VECTOR ( 'NONE', #2136, 1000.000000000000000 ) ;
#4393 = ORIENTED_EDGE ( 'NONE', *, *, #2126, .F. ) ;
#4394 = VECTOR ( 'NONE', #392, 1000.000000000000000 ) ;
#4395 = ORIENTED_EDGE ( 'NONE', *, *, #1502, .F. ) ;
#4396 = CARTESIAN_POINT ( 'NONE',  ( -28.26289840538566978, 68.95658202082306332, 27.23783349795117203 ) ) ;
#4397 = CARTESIAN_POINT ( 'NONE',  ( 29.28886028647081119, 70.90820755833668443, -28.12386314898709827 ) ) ;
#4398 = PLANE ( 'NONE',  #2548 ) ;
#4399 = EDGE_CURVE ( 'NONE', #2062, #3525, #1151, .T. ) ;
#4400 =( BOUNDED_CURVE ( )  B_SPLINE_CURVE ( 3, ( #2774, #3841, #3818, #475 ),
 .UNSPECIFIED., .F., .T. ) 
 B_SPLINE_CURVE_WITH_KNOTS ( ( 4, 4 ),
 ( 2.932980942203300856, 4.498786299282883760 ),
 .UNSPECIFIED. ) 
 CURVE ( )  GEOMETRIC_REPRESENTATION_ITEM ( )  RATIONAL_B_SPLINE_CURVE ( ( 1.000000000000000000, 0.8059127679248293541, 0.8059127679248293541, 1.000000000000000000 ) ) 
 REPRESENTATION_ITEM ( '' )  );
#4401 = AXIS2_PLACEMENT_3D ( 'NONE', #3765, #2781, #4134 ) ;
#4402 = EDGE_LOOP ( 'NONE', ( #1082, #2513, #4124, #4121 ) ) ;
ENDSEC;
END-ISO-10303-21;
