ISO-10303-21;
HEADER;
FILE_DESCRIPTION (( 'STEP AP214' ),
    '1' );
FILE_NAME ('3HR0076-01-R1 (Combine) STEP.STEP',
    '2023-09-21T08:23:37',
    ( '' ),
    ( '' ),
    'SwSTEP 2.0',
    'SolidWorks 2023',
    '' );
FILE_SCHEMA (( 'AUTOMOTIVE_DESIGN' ));
ENDSEC;

DATA;
#1 = EDGE_CURVE ( 'NONE', #4073, #7734, #7776, .T. ) ;
#2 = CARTESIAN_POINT ( 'NONE',  ( 2.500000000000000000, 56.26542339484620214, 39.75000000000000000 ) ) ;
#3 = EDGE_CURVE ( 'NONE', #1906, #7874, #6787, .T. ) ;
#4 = VERTEX_POINT ( 'NONE', #144 ) ;
#5 = CARTESIAN_POINT ( 'NONE',  ( 23.60135793806080073, 84.16232746884341509, 39.28800294079545807 ) ) ;
#6 = CARTESIAN_POINT ( 'NONE',  ( -62.49627132169547394, 177.6932981675497842, 93.60675282340625358 ) ) ;
#7 = ORIENTED_EDGE ( 'NONE', *, *, #4958, .F. ) ;
#8 = EDGE_LOOP ( 'NONE', ( #6075, #1354, #605, #823 ) ) ;
#9 = CARTESIAN_POINT ( 'NONE',  ( 38.34048759201160550, 8.500000000000000000, -4.500000000000000888 ) ) ;
#10 = CARTESIAN_POINT ( 'NONE',  ( -24.57578048681761018, 93.66984472574777953, 41.69377081092403614 ) ) ;
#11 = CARTESIAN_POINT ( 'NONE',  ( -24.74420466249360118, 9.500000000000001776, 4.500000000000000888 ) ) ;
#12 = ORIENTED_EDGE ( 'NONE', *, *, #3869, .T. ) ;
#13 = CARTESIAN_POINT ( 'NONE',  ( 24.13247034433955562, 48.80183053181086450, 4.446572992257159740 ) ) ;
#14 = VERTEX_POINT ( 'NONE', #9 ) ;
#15 = ORIENTED_EDGE ( 'NONE', *, *, #7369, .F. ) ;
#16 = CARTESIAN_POINT ( 'NONE',  ( 118.5796815760056262, 222.5000000000001421, 118.9392555010862509 ) ) ;
#17 = CARTESIAN_POINT ( 'NONE',  ( 24.23177876418038323, 52.83478491286670931, -2.568787872332665145 ) ) ;
#18 = CARTESIAN_POINT ( 'NONE',  ( -68.54112065680676835, 190.0546754595749235, 101.2765225132930027 ) ) ;
#19 = PRODUCT_RELATED_PRODUCT_CATEGORY ( 'part', '', ( #2382 ) ) ;
#20 = CARTESIAN_POINT ( 'NONE',  ( 64.27137399885332059, 179.2885185728772512, 94.59652708758659401 ) ) ;
#21 = CIRCLE ( 'NONE', #5966, 57.25000000000000000 ) ;
#22 = VECTOR ( 'NONE', #7379, 1000.000000000000000 ) ;
#23 = CARTESIAN_POINT ( 'NONE',  ( 39.75000000000000000, 8.500000000000000000, 2.500000000000000000 ) ) ;
#24 = VERTEX_POINT ( 'NONE', #769 ) ;
#25 = CARTESIAN_POINT ( 'NONE',  ( -40.49054663598511183, 118.8060644647604533, 50.84300026802721106 ) ) ;
#26 = CARTESIAN_POINT ( 'NONE',  ( 24.74420466249359407, 8.500000000000000000, -6.299630403166124992 ) ) ;
#27 = VERTEX_POINT ( 'NONE', #5490 ) ;
#28 = CARTESIAN_POINT ( 'NONE',  ( 68.90881923931291908, 176.9180591568628245, 86.88186488114205019 ) ) ;
#29 = ORIENTED_EDGE ( 'NONE', *, *, #7590, .F. ) ;
#30 = CARTESIAN_POINT ( 'NONE',  ( 68.16021960062109031, 176.4000011608327156, -88.71980713429857701 ) ) ;
#31 = EDGE_CURVE ( 'NONE', #779, #143, #4843, .T. ) ;
#32 = AXIS2_PLACEMENT_3D ( 'NONE', #7882, #4592, #1302 ) ;
#33 = CARTESIAN_POINT ( 'NONE',  ( -132.2499999999996589, 229.9999999999999716, 107.4500000000004576 ) ) ;
#34 = CARTESIAN_POINT ( 'NONE',  ( 8.086217949887721801, 8.499999999998834710, -25.97994932626546927 ) ) ;
#35 = VECTOR ( 'NONE', #7707, 1000.000000000000000 ) ;
#36 = CARTESIAN_POINT ( 'NONE',  ( 24.17567898490996470, 53.17503500571877595, -3.671572875253810153 ) ) ;
#37 = ORIENTED_EDGE ( 'NONE', *, *, #2419, .T. ) ;
#38 = VECTOR ( 'NONE', #8416, 1000.000000000000000 ) ;
#39 = CARTESIAN_POINT ( 'NONE',  ( -9.064505502960995997, 9.789545194358588276, -26.16317632121847225 ) ) ;
#40 = CARTESIAN_POINT ( 'NONE',  ( 19.89000153996624576, 8.499999999999996447, 18.31473768239981226 ) ) ;
#41 = DIRECTION ( 'NONE',  ( -0.000000000000000000, -1.000000000000000000, -0.000000000000000000 ) ) ;
#42 = EDGE_CURVE ( 'NONE', #3586, #2067, #7896, .T. ) ;
#43 = DIRECTION ( 'NONE',  ( -0.000000000000000000, -0.000000000000000000, 1.000000000000000000 ) ) ;
#44 = DIRECTION ( 'NONE',  ( 0.000000000000000000, 0.000000000000000000, 1.000000000000000000 ) ) ;
#45 = CARTESIAN_POINT ( 'NONE',  ( 13.58996270211883584, -5.471864023437076233E-15, 12.13567189905954180 ) ) ;
#46 = CARTESIAN_POINT ( 'NONE',  ( 3.281888544476970093, 55.38602967042145053, 39.46379797084151164 ) ) ;
#47 = CIRCLE ( 'NONE', #4500, 5.000000000000004441 ) ;
#48 = DIRECTION ( 'NONE',  ( 0.000000000000000000, 0.000000000000000000, 1.000000000000000000 ) ) ;
#49 = CYLINDRICAL_SURFACE ( 'NONE', #314, 2.700000000000008171 ) ;
#50 = ORIENTED_EDGE ( 'NONE', *, *, #5574, .F. ) ;
#51 = CARTESIAN_POINT ( 'NONE',  ( 43.51395206679671901, 124.8824637770449471, 59.01416615752169292 ) ) ;
#52 = CARTESIAN_POINT ( 'NONE',  ( -24.41383171847507327, 85.82379070519621678, -39.73612998050332124 ) ) ;
#53 = VERTEX_POINT ( 'NONE', #5296 ) ;
#54 = VERTEX_POINT ( 'NONE', #7956 ) ;
#55 = CARTESIAN_POINT ( 'NONE',  ( -4.138491120745254825, 53.52698046735356741, 38.94082011069406946 ) ) ;
#56 = VECTOR ( 'NONE', #2045, 1000.000000000000000 ) ;
#57 = ADVANCED_FACE ( 'NONE', ( #7438 ), #6692, .F. ) ;
#58 = CARTESIAN_POINT ( 'NONE',  ( 36.23922253581055486, 8.500000000000000000, 36.23922253581257991 ) ) ;
#59 = EDGE_CURVE ( 'NONE', #1023, #7534, #6649, .T. ) ;
#60 = AXIS2_PLACEMENT_3D ( 'NONE', #6160, #2805, #5520 ) ;
#61 = CARTESIAN_POINT ( 'NONE',  ( -86.88107549716377775, 193.0690741269954742, 97.42399204894590525 ) ) ;
#62 = VECTOR ( 'NONE', #4070, 1000.000000000000000 ) ;
#63 = ORIENTED_EDGE ( 'NONE', *, *, #59, .F. ) ;
#64 = AXIS2_PLACEMENT_3D ( 'NONE', #6279, #2394, #4550 ) ;
#65 = CARTESIAN_POINT ( 'NONE',  ( 24.14184983044384580, 49.75114090243897635, 4.317438219424820645 ) ) ;
#66 = ORIENTED_EDGE ( 'NONE', *, *, #3588, .T. ) ;
#67 = CARTESIAN_POINT ( 'NONE',  ( -69.68299993045717144, 178.3966964870022878, -86.80893935915420911 ) ) ;
#68 = CARTESIAN_POINT ( 'NONE',  ( 24.74683815393345299, 49.60301474156275248, -3.408719109512410306 ) ) ;
#69 = CARTESIAN_POINT ( 'NONE',  ( -32.51289601523752282, 116.3789801251299849, 55.56352455132525137 ) ) ;
#70 = ADVANCED_FACE ( 'NONE', ( #3420 ), #7343, .F. ) ;
#71 = AXIS2_PLACEMENT_3D ( 'NONE', #4625, #1338, #3976 ) ;
#72 = CARTESIAN_POINT ( 'NONE',  ( -128.6499999999999773, 222.4999999999999716, -128.6499999999999773 ) ) ;
#73 = CARTESIAN_POINT ( 'NONE',  ( -35.04663047464815406, 121.5603247499921764, 58.77835401715376662 ) ) ;
#74 = ORIENTED_EDGE ( 'NONE', *, *, #1391, .T. ) ;
#75 = ORIENTED_EDGE ( 'NONE', *, *, #8474, .F. ) ;
#76 = CARTESIAN_POINT ( 'NONE',  ( -18.51370253461190885, 87.41649213276015473, 17.60064327102286086 ) ) ;
#77 = CARTESIAN_POINT ( 'NONE',  ( 23.59429546639141506, 8.500000000000008882, -13.58205721618314854 ) ) ;
#78 = VERTEX_POINT ( 'NONE', #7481 ) ;
#79 = CARTESIAN_POINT ( 'NONE',  ( 24.23177876883822535, 52.83478489955949442, 2.500000000000000000 ) ) ;
#80 = ORIENTED_EDGE ( 'NONE', *, *, #3726, .T. ) ;
#81 = DIRECTION ( 'NONE',  ( 0.000000000000000000, 0.000000000000000000, -1.000000000000000000 ) ) ;
#82 = DIRECTION ( 'NONE',  ( 0.7071067811865474617, 0.000000000000000000, 0.7071067811865474617 ) ) ;
#83 = CARTESIAN_POINT ( 'NONE',  ( -39.51561378894523813, 9.169629727256928931, -2.500000000000000000 ) ) ;
#84 = VERTEX_POINT ( 'NONE', #814 ) ;
#85 = CARTESIAN_POINT ( 'NONE',  ( -104.7500000000000000, 227.4999999999999716, -132.2500000000000000 ) ) ;
#86 = CARTESIAN_POINT ( 'NONE',  ( -3.613409653390409648, 53.42408548365003895, -38.91187423970256987 ) ) ;
#87 = CARTESIAN_POINT ( 'NONE',  ( 23.31343348655929404, 9.589769255000989645, -10.75796090494013946 ) ) ;
#88 = CARTESIAN_POINT ( 'NONE',  ( 139.6500000000000057, 9.499999999999994671, -27.59419916606945122 ) ) ;
#89 = CARTESIAN_POINT ( 'NONE',  ( 25.11745863182639127, 47.27753493378752125, -4.500000000000000888 ) ) ;
#90 = CARTESIAN_POINT ( 'NONE',  ( 4.500000000000000888, 9.500000000000001776, 0.000000000000000000 ) ) ;
#91 = CARTESIAN_POINT ( 'NONE',  ( 4.317195558217300722, 52.40364133491249987, 38.62480830490802930 ) ) ;
#92 = LINE ( 'NONE', #4148, #3376 ) ;
#93 = ADVANCED_FACE ( 'NONE', ( #8085 ), #6574, .F. ) ;
#94 = ORIENTED_EDGE ( 'NONE', *, *, #1521, .T. ) ;
#95 = DIRECTION ( 'NONE',  ( -4.026401060382563240E-16, -1.000000000000000000, 0.000000000000000000 ) ) ;
#96 = PRESENTATION_STYLE_ASSIGNMENT (( #5562 ) ) ;
#97 = ORIENTED_EDGE ( 'NONE', *, *, #1124, .T. ) ;
#98 = VERTEX_POINT ( 'NONE', #5653 ) ;
#99 = CARTESIAN_POINT ( 'NONE',  ( -3.673567704323378535, 51.17145820986780080, 38.27817708450670864 ) ) ;
#100 =( BOUNDED_CURVE ( )  B_SPLINE_CURVE ( 3, ( #1955, #2016, #5288, #8078 ),
 .UNSPECIFIED., .F., .T. ) 
 B_SPLINE_CURVE_WITH_KNOTS ( ( 4, 4 ),
 ( 3.141592653589793116, 4.712388980384691450 ),
 .UNSPECIFIED. ) 
 CURVE ( )  GEOMETRIC_REPRESENTATION_ITEM ( )  RATIONAL_B_SPLINE_CURVE ( ( 1.000000000000000000, 0.8047378541243646044, 0.8047378541243646044, 1.000000000000000000 ) ) 
 REPRESENTATION_ITEM ( '' )  );
#101 = FACE_BOUND ( 'NONE', #747, .T. ) ;
#102 = CARTESIAN_POINT ( 'NONE',  ( -40.45946519827175791, 8.500000000000000000, -2.499999999999998224 ) ) ;
#103 = CARTESIAN_POINT ( 'NONE',  ( 3.500000000000000000, -6.496707006939539397, 23.09409040825522297 ) ) ;
#104 = CARTESIAN_POINT ( 'NONE',  ( 23.74425346923881364, 9.509879833416237105, 139.6500000000000057 ) ) ;
#105 = ORIENTED_EDGE ( 'NONE', *, *, #3923, .F. ) ;
#106 = DIRECTION ( 'NONE',  ( 1.000000000000000000, 0.000000000000000000, 0.000000000000000000 ) ) ;
#108 = EDGE_CURVE ( 'NONE', #5409, #2589, #2799, .T. ) ;
#107 = DIRECTION ( 'NONE',  ( 0.000000000000000000, -0.000000000000000000, -1.000000000000000000 ) ) ;
#109 = CARTESIAN_POINT ( 'NONE',  ( -12.34246835640794693, 87.41649213276018315, -42.24154385045493854 ) ) ;
#110 = ORIENTED_EDGE ( 'NONE', *, *, #5876, .T. ) ;
#111 = CARTESIAN_POINT ( 'NONE',  ( -68.54112065680683941, 190.0546754595751224, -101.2765225132931448 ) ) ;
#112 = CARTESIAN_POINT ( 'NONE',  ( 24.14974014120620538, 50.54972983909966189, -3.609156717809010040 ) ) ;
#113 = CARTESIAN_POINT ( 'NONE',  ( 3.741039921110103528, 1.177315643557741875, 24.21409010057346478 ) ) ;
#114 = CARTESIAN_POINT ( 'NONE',  ( 139.6500000000000057, 119.4999999999999858, 57.50000000000000000 ) ) ;
#115 = FACE_BOUND ( 'NONE', #7643, .T. ) ;
#116 = EDGE_CURVE ( 'NONE', #1376, #584, #7657, .T. ) ;
#117 = EDGE_LOOP ( 'NONE', ( #3419, #975, #5505 ) ) ;
#118 = ADVANCED_FACE ( 'NONE', ( #8220 ), #4289, .F. ) ;
#119 = VERTEX_POINT ( 'NONE', #6305 ) ;
#120 = CARTESIAN_POINT ( 'NONE',  ( -40.56961974550382877, 118.9040933879957720, 50.53004398028197386 ) ) ;
#121 = DIRECTION ( 'NONE',  ( 0.000000000000000000, 1.000000000000000000, 0.000000000000000000 ) ) ;
#122 = EDGE_LOOP ( 'NONE', ( #3576, #6118, #3558, #4642, #7620 ) ) ;
#123 = AXIS2_PLACEMENT_3D ( 'NONE', #3443, #126, #2794 ) ;
#124 = DIRECTION ( 'NONE',  ( -0.000000000000000000, 1.000000000000000000, -0.000000000000000000 ) ) ;
#125 = EDGE_LOOP ( 'NONE', ( #2286, #4251, #408, #5078 ) ) ;
#126 = DIRECTION ( 'NONE',  ( 0.009879833416224214140, -0.9999511932547846538, 0.000000000000000000 ) ) ;
#127 = CARTESIAN_POINT ( 'NONE',  ( -40.45946519827175791, 9.500000000000001776, 0.000000000000000000 ) ) ;
#128 = CARTESIAN_POINT ( 'NONE',  ( 32.36096775576671547, 119.4999999999999858, 57.50000000000000000 ) ) ;
#129 = FACE_OUTER_BOUND ( 'NONE', #3204, .T. ) ;
#130 = ORIENTED_EDGE ( 'NONE', *, *, #743, .T. ) ;
#131 = DIRECTION ( 'NONE',  ( -4.026401060382563240E-16, -1.000000000000000000, -0.000000000000000000 ) ) ;
#132 = CARTESIAN_POINT ( 'NONE',  ( 24.17394958380500469, 53.00000000000002132, -2.500000000000000000 ) ) ;
#133 = CARTESIAN_POINT ( 'NONE',  ( 4.938849362433376911, 9.770803289222245169, -26.63156445936786909 ) ) ;
#134 = DIRECTION ( 'NONE',  ( 0.000000000000000000, 0.000000000000000000, 1.000000000000000000 ) ) ;
#135 = DIRECTION ( 'NONE',  ( 0.000000000000000000, 0.000000000000000000, 1.000000000000000000 ) ) ;
#136 = DIRECTION ( 'NONE',  ( 0.000000000000000000, 0.000000000000000000, 1.000000000000000000 ) ) ;
#137 = CARTESIAN_POINT ( 'NONE',  ( 2.638634717626695103, 56.21442008522053868, 39.74282600950836297 ) ) ;
#138 = CARTESIAN_POINT ( 'NONE',  ( -33.12259749579623502, 119.5000000000001137, -57.50000000000002842 ) ) ;
#139 = VERTEX_POINT ( 'NONE', #4975 ) ;
#140 = CARTESIAN_POINT ( 'NONE',  ( -24.69983047679828658, 49.89796715515183223, -3.382345644509594518 ) ) ;
#141 = CARTESIAN_POINT ( 'NONE',  ( 16.70285822052401414, 88.17196868736121473, -48.68696441624355487 ) ) ;
#142 = VERTEX_POINT ( 'NONE', #375 ) ;
#143 = VERTEX_POINT ( 'NONE', #7617 ) ;
#144 = CARTESIAN_POINT ( 'NONE',  ( 139.6500000000000057, 222.4999999999999716, -128.6499999999999773 ) ) ;
#145 = DIRECTION ( 'NONE',  ( 0.7071067811865489050, -2.847095493573221970E-16, -0.7071067811865461294 ) ) ;
#146 = VECTOR ( 'NONE', #2815, 1000.000000000000114 ) ;
#147 = EDGE_CURVE ( 'NONE', #1846, #2178, #2956, .T. ) ;
#148 = CARTESIAN_POINT ( 'NONE',  ( -23.79452631181554523, 8.500000000000003553, -12.94377510716736701 ) ) ;
#149 = SPHERICAL_SURFACE ( 'NONE', #755, 1.000000000000000000 ) ;
#150 = ORIENTED_EDGE ( 'NONE', *, *, #4318, .T. ) ;
#151 = CARTESIAN_POINT ( 'NONE',  ( 132.2499999999988916, 229.9999999999999716, -104.7500000000013785 ) ) ;
#152 = EDGE_LOOP ( 'NONE', ( #3179, #7464, #4171, #5619 ) ) ;
#153 = FACE_BOUND ( 'NONE', #2616, .T. ) ;
#154 = AXIS2_PLACEMENT_3D ( 'NONE', #6064, #7516, #7469 ) ;
#155 = EDGE_LOOP ( 'NONE', ( #7413, #1813 ) ) ;
#156 = CYLINDRICAL_SURFACE ( 'NONE', #1461, 5.000000000000004441 ) ;
#157 = CARTESIAN_POINT ( 'NONE',  ( 24.17186927024880205, 52.78944867435326671, -2.907801685537724889 ) ) ;
#158 = CARTESIAN_POINT ( 'NONE',  ( 17.92891526790295487, 102.9659034645036257, 52.84871567069050968 ) ) ;
#159 = EDGE_CURVE ( 'NONE', #2383, #5304, #2652, .T. ) ;
#160 = CARTESIAN_POINT ( 'NONE',  ( -132.2500000000003695, 229.9999999999999716, -104.7499999999995310 ) ) ;
#161 = DIRECTION ( 'NONE',  ( 0.000000000000000000, 0.000000000000000000, 1.000000000000000000 ) ) ;
#162 = ORIENTED_EDGE ( 'NONE', *, *, #7160, .F. ) ;
#163 = VERTEX_POINT ( 'NONE', #6337 ) ;
#164 = CARTESIAN_POINT ( 'NONE',  ( -18.51370253461190885, 87.41649213276019736, 1.760064327102282666 ) ) ;
#165 = VERTEX_POINT ( 'NONE', #2952 ) ;
#166 = DIRECTION ( 'NONE',  ( 0.7071067811865489050, 0.000000000000000000, -0.7071067811865462405 ) ) ;
#167 = ORIENTED_EDGE ( 'NONE', *, *, #5807, .F. ) ;
#168 = CARTESIAN_POINT ( 'NONE',  ( -34.76161214853001979, 118.9756130651438184, -57.17463762947132722 ) ) ;
#169 = DIRECTION ( 'NONE',  ( -0.000000000000000000, -1.000000000000000000, -0.000000000000000000 ) ) ;
#170 = EDGE_CURVE ( 'NONE', #7299, #53, #175, .T. ) ;
#171 = CARTESIAN_POINT ( 'NONE',  ( -2.500000000000000000, 9.500000000000001776, -39.75000000000000000 ) ) ;
#172 = ADVANCED_FACE ( 'NONE', ( #8174 ), #326, .T. ) ;
#173 = AXIS2_PLACEMENT_3D ( 'NONE', #3969, #3280, #4011 ) ;
#174 = LINE ( 'NONE', #5515, #8095 ) ;
#175 = CIRCLE ( 'NONE', #6969, 2.700000000000008171 ) ;
#176 = EDGE_LOOP ( 'NONE', ( #321, #3808, #2353, #1295 ) ) ;
#177 = CARTESIAN_POINT ( 'NONE',  ( 24.57196064623454035, 36.48528137423858198, -20.32931995911123835 ) ) ;
#178 = CARTESIAN_POINT ( 'NONE',  ( -4.340457583908666983, 52.21690256509030093, -38.57227594477065935 ) ) ;
#179 = CARTESIAN_POINT ( 'NONE',  ( 17.70747031096819768, 9.754903154477833738, -21.40489897829403532 ) ) ;
#180 = CARTESIAN_POINT ( 'NONE',  ( -67.51757240010755368, 176.2790535813547024, 89.70572756727143826 ) ) ;
#181 = FACE_OUTER_BOUND ( 'NONE', #5860, .T. ) ;
#182 = CARTESIAN_POINT ( 'NONE',  ( 0.000000000000000000, 0.000000000000000000, 0.000000000000000000 ) ) ;
#183 = CARTESIAN_POINT ( 'NONE',  ( -132.2500000000000000, 229.9999999999999716, 4.617484070620044083E-13 ) ) ;
#184 = AXIS2_PLACEMENT_3D ( 'NONE', #3385, #6658, #6615 ) ;
#185 = ORIENTED_EDGE ( 'NONE', *, *, #6460, .F. ) ;
#186 = CARTESIAN_POINT ( 'NONE',  ( -8.466084175594867034, 35.07637172486150945, -33.75039273379249494 ) ) ;
#187 = LINE ( 'NONE', #3459, #2552 ) ;
#188 = VERTEX_POINT ( 'NONE', #1038 ) ;
#189 = AXIS2_PLACEMENT_3D ( 'NONE', #7063, #2406, #402 ) ;
#190 = EDGE_LOOP ( 'NONE', ( #3856, #313, #695, #97 ) ) ;
#191 = LINE ( 'NONE', #1651, #3639 ) ;
#192 = DIRECTION ( 'NONE',  ( -0.000000000000000000, 1.000000000000000000, -0.000000000000000000 ) ) ;
#193 = DIRECTION ( 'NONE',  ( -0.000000000000000000, -0.000000000000000000, -1.000000000000000000 ) ) ;
#194 = CARTESIAN_POINT ( 'NONE',  ( 139.6500000000000057, 222.4999999999999716, 128.6499999999999773 ) ) ;
#195 = CIRCLE ( 'NONE', #7538, 1.000000000000000000 ) ;
#196 = CARTESIAN_POINT ( 'NONE',  ( 4.938849362433378687, 8.500000000000000000, 27.59419916606943701 ) ) ;
#197 = AXIS2_PLACEMENT_3D ( 'NONE', #8562, #7286, #484 ) ;
#198 = VECTOR ( 'NONE', #3998, 1000.000000000000000 ) ;
#199 = ORIENTED_EDGE ( 'NONE', *, *, #935, .F. ) ;
#200 = CARTESIAN_POINT ( 'NONE',  ( 36.23922253581055486, -1.459136440456272859E-14, 36.23922253581257991 ) ) ;
#201 = ORIENTED_EDGE ( 'NONE', *, *, #517, .T. ) ;
#202 = DIRECTION ( 'NONE',  ( -4.026401060382563240E-16, -1.000000000000000000, -0.000000000000000000 ) ) ;
#203 = VERTEX_POINT ( 'NONE', #3553 ) ;
#204 = VECTOR ( 'NONE', #6673, 1000.000000000000000 ) ;
#205 = ADVANCED_FACE ( 'NONE', ( #410 ), #8267, .F. ) ;
#206 = CARTESIAN_POINT ( 'NONE',  ( -75.72784926556839480, 190.7580737790275407, -94.47870904904107192 ) ) ;
#207 = B_SPLINE_CURVE_WITH_KNOTS ( 'NONE', 3,
 ( #7885, #5869, #2475, #3298, #2646, #7753 ),
 .UNSPECIFIED., .F., .F.,
 ( 4, 2, 4 ),
 ( 0.000000000000000000, 0.0007108616703902676274, 0.001421723340780535255 ),
 .UNSPECIFIED. ) ;
#208 = AXIS2_PLACEMENT_3D ( 'NONE', #2416, #4404, #3633 ) ;
#209 = CARTESIAN_POINT ( 'NONE',  ( 24.14532552245889363, 50.10292035369889163, -3.644949131463244285 ) ) ;
#210 = CARTESIAN_POINT ( 'NONE',  ( 118.1244800410619291, 221.1463888095067318, -120.5677612664212717 ) ) ;
#211 = CARTESIAN_POINT ( 'NONE',  ( -39.06265754616451602, 9.296972031307872086, -3.299666838763877230 ) ) ;
#212 = DIRECTION ( 'NONE',  ( -0.000000000000000000, 1.000000000000000000, -0.000000000000000000 ) ) ;
#213 = DIRECTION ( 'NONE',  ( -0.000000000000000000, -1.000000000000000000, -0.000000000000000000 ) ) ;
#214 = ORIENTED_EDGE ( 'NONE', *, *, #5732, .T. ) ;
#215 = EDGE_CURVE ( 'NONE', #2342, #366, #357, .T. ) ;
#216 = CARTESIAN_POINT ( 'NONE',  ( -18.51370253461190885, 87.41649213276015473, 14.08051461681828620 ) ) ;
#217 = CARTESIAN_POINT ( 'NONE',  ( 24.59863938000867023, 50.53289659423931823, -3.500000000000001776 ) ) ;
#218 = CIRCLE ( 'NONE', #4935, 1.000000000000001110 ) ;
#219 = ORIENTED_EDGE ( 'NONE', *, *, #5129, .T. ) ;
#220 = AXIS2_PLACEMENT_3D ( 'NONE', #3390, #1445, #4088 ) ;
#221 = LINE ( 'NONE', #2183, #4376 ) ;
#222 = ORIENTED_EDGE ( 'NONE', *, *, #3177, .T. ) ;
#223 = CARTESIAN_POINT ( 'NONE',  ( -16.33339549393271639, 91.51910817887005578, -49.62856394249796921 ) ) ;
#224 = DIRECTION ( 'NONE',  ( -1.000000000000000000, 0.000000000000000000, 0.000000000000000000 ) ) ;
#225 = CARTESIAN_POINT ( 'NONE',  ( -24.23177876883822890, 52.83478489955945179, -3.500000000000000888 ) ) ;
#226 = ADVANCED_FACE ( 'NONE', ( #5126 ), #4487, .F. ) ;
#227 = EDGE_CURVE ( 'NONE', #7691, #8168, #5404, .T. ) ;
#228 = CARTESIAN_POINT ( 'NONE',  ( 128.6499999999999773, 222.4999999999999716, -139.6500000000000057 ) ) ;
#229 = EDGE_LOOP ( 'NONE', ( #1334, #6190, #5295, #1395 ) ) ;
#230 = CARTESIAN_POINT ( 'NONE',  ( -23.79452631169610655, 8.500000000000000000, -12.94377510715020385 ) ) ;
#231 = CARTESIAN_POINT ( 'NONE',  ( -2.568776798877355105, 56.26542341291477811, -39.75000000000000000 ) ) ;
#232 = ORIENTED_EDGE ( 'NONE', *, *, #3145, .F. ) ;
#233 = LINE ( 'NONE', #5336, #8489 ) ;
#234 = PLANE ( 'NONE',  #3740 ) ;
#235 = EDGE_CURVE ( 'NONE', #4097, #7202, #2832, .T. ) ;
#236 = ORIENTED_EDGE ( 'NONE', *, *, #3006, .T. ) ;
#237 = EDGE_CURVE ( 'NONE', #3735, #7281, #536, .T. ) ;
#238 = CARTESIAN_POINT ( 'NONE',  ( -24.23177876883822890, 52.83478489955945179, -2.500000000000000000 ) ) ;
#239 =( LENGTH_UNIT ( ) NAMED_UNIT ( * ) SI_UNIT ( .MILLI., .METRE. ) );
#240 = VERTEX_POINT ( 'NONE', #7033 ) ;
#241 = ORIENTED_EDGE ( 'NONE', *, *, #7492, .F. ) ;
#242 = CARTESIAN_POINT ( 'NONE',  ( 132.2500000000011084, 229.9999999999999716, 99.74999999999860734 ) ) ;
#243 = CARTESIAN_POINT ( 'NONE',  ( -3.051832638386824836, 56.27843143878792631, 39.71484370241687145 ) ) ;
#244 = FACE_OUTER_BOUND ( 'NONE', #6827, .T. ) ;
#245 = CARTESIAN_POINT ( 'NONE',  ( 85.37482668035399058, 191.7154629365022345, 102.3069786793788865 ) ) ;
#246 = CARTESIAN_POINT ( 'NONE',  ( 18.34981410305088545, 8.499999999999991118, 22.13114441659373810 ) ) ;
#247 = EDGE_LOOP ( 'NONE', ( #1118, #3830, #8055, #8180 ) ) ;
#248 = DIRECTION ( 'NONE',  ( -0.000000000000000000, 1.000000000000000000, -0.000000000000000000 ) ) ;
#249 = FACE_BOUND ( 'NONE', #7525, .T. ) ;
#250 = ORIENTED_EDGE ( 'NONE', *, *, #6659, .T. ) ;
#251 = DIRECTION ( 'NONE',  ( 0.000000000000000000, 0.000000000000000000, 1.000000000000000000 ) ) ;
#252 = CARTESIAN_POINT ( 'NONE',  ( -66.52608496433367691, 176.2792574820269920, -90.92575082810105869 ) ) ;
#253 = DIRECTION ( 'NONE',  ( 0.000000000000000000, -0.000000000000000000, -1.000000000000000000 ) ) ;
#254 = CARTESIAN_POINT ( 'NONE',  ( 5.575179539897963998, 8.499999999999408473, -26.26775692606339518 ) ) ;
#255 = DIRECTION ( 'NONE',  ( -0.000000000000000000, 1.000000000000000000, -0.000000000000000000 ) ) ;
#256 = VERTEX_POINT ( 'NONE', #1804 ) ;
#257 = EDGE_LOOP ( 'NONE', ( #4294, #5488, #3389, #3427, #2596 ) ) ;
#258 = CARTESIAN_POINT ( 'NONE',  ( -23.30900834993261128, 9.590158977978431309, 10.78036940489559292 ) ) ;
#259 = CARTESIAN_POINT ( 'NONE',  ( 4.938849362433376911, 9.770803289222245169, -26.63156445936786909 ) ) ;
#260 = ORIENTED_EDGE ( 'NONE', *, *, #5774, .F. ) ;
#261 = CARTESIAN_POINT ( 'NONE',  ( 3.500000000000000000, 9.500000000000001776, 27.59419916606945833 ) ) ;
#262 = EDGE_LOOP ( 'NONE', ( #1331, #1468 ) ) ;
#263 = DIRECTION ( 'NONE',  ( -0.000000000000000000, 1.000000000000000000, -0.000000000000000000 ) ) ;
#264 = CARTESIAN_POINT ( 'NONE',  ( 33.36864519346828928, 119.3252623688171354, 57.39158187185230275 ) ) ;
#265 = ADVANCED_FACE ( 'NONE', ( #1112 ), #3760, .F. ) ;
#266 = CARTESIAN_POINT ( 'NONE',  ( -40.45946519827175791, 8.500000000000000000, 2.500000000000000000 ) ) ;
#267 = DIRECTION ( 'NONE',  ( 0.000000000000000000, 0.000000000000000000, 1.000000000000000000 ) ) ;
#268 = CIRCLE ( 'NONE', #7736, 5.000000000000004441 ) ;
#269 = PLANE ( 'NONE',  #2285 ) ;
#270 = ORIENTED_EDGE ( 'NONE', *, *, #3059, .F. ) ;
#271 = CARTESIAN_POINT ( 'NONE',  ( -4.500000000000000888, 9.500000000000001776, -27.59419916606945833 ) ) ;
#272 = CARTESIAN_POINT ( 'NONE',  ( -69.00000000000000000, 177.0000000000000000, 85.94234171967497105 ) ) ;
#273 = ORIENTED_EDGE ( 'NONE', *, *, #1252, .T. ) ;
#274 = FACE_OUTER_BOUND ( 'NONE', #6469, .T. ) ;
#275 = ADVANCED_FACE ( 'NONE', ( #7729 ), #2712, .F. ) ;
#276 = CARTESIAN_POINT ( 'NONE',  ( 0.000000000000000000, 227.4999999999999716, -127.2500000000000000 ) ) ;
#277 = ORIENTED_EDGE ( 'NONE', *, *, #8061, .T. ) ;
#278 = ORIENTED_EDGE ( 'NONE', *, *, #3531, .T. ) ;
#279 = CARTESIAN_POINT ( 'NONE',  ( 15.48303348533531931, 85.68502314608005577, 47.98735008901537924 ) ) ;
#280 = CARTESIAN_POINT ( 'NONE',  ( 36.23922253581258701, -1.459136440456354901E-14, -36.23922253580852271 ) ) ;
#281 = EDGE_LOOP ( 'NONE', ( #309, #5067 ) ) ;
#282 = AXIS2_PLACEMENT_3D ( 'NONE', #4569, #3918, #1153 ) ;
#283 = ORIENTED_EDGE ( 'NONE', *, *, #2665, .F. ) ;
#284 = CARTESIAN_POINT ( 'NONE',  ( -40.04775958895595522, 118.4884924611324664, -52.07270153429600867 ) ) ;
#285 = DIRECTION ( 'NONE',  ( -0.000000000000000000, -0.000000000000000000, 1.000000000000000000 ) ) ;
#286 = CARTESIAN_POINT ( 'NONE',  ( 55.46151313459827747, 164.8334528008674340, 85.62770244091825589 ) ) ;
#287 = CARTESIAN_POINT ( 'NONE',  ( 10.26372537777929494, 8.500000000000007105, 26.83698739325265237 ) ) ;
#288 = EDGE_CURVE ( 'NONE', #2840, #4581, #4660, .T. ) ;
#289 = EDGE_CURVE ( 'NONE', #2554, #3629, #459, .T. ) ;
#290 = ORIENTED_EDGE ( 'NONE', *, *, #2096, .F. ) ;
#291 = CARTESIAN_POINT ( 'NONE',  ( 128.6499999999999773, 0.000000000000000000, -128.6499999999999773 ) ) ;
#292 = CARTESIAN_POINT ( 'NONE',  ( 33.36864519346828928, 119.3252623688171354, 57.39158187185230275 ) ) ;
#293 = VERTEX_POINT ( 'NONE', #6587 ) ;
#294 = DIRECTION ( 'NONE',  ( 0.000000000000000000, 1.000000000000000000, 0.000000000000000000 ) ) ;
#295 = AXIS2_PLACEMENT_3D ( 'NONE', #5435, #6033, #8132 ) ;
#296 = DIRECTION ( 'NONE',  ( 0.000000000000000000, 0.000000000000000000, 1.000000000000000000 ) ) ;
#297 = CARTESIAN_POINT ( 'NONE',  ( -24.74420466249360118, 9.500000000000001776, 4.500000000000000888 ) ) ;
#298 = CARTESIAN_POINT ( 'NONE',  ( 4.938849362433376022, 8.500000000000000000, -27.59419916606945122 ) ) ;
#299 = CARTESIAN_POINT ( 'NONE',  ( 36.23922253581055486, 8.500000000000000000, 36.23922253581257991 ) ) ;
#300 = CARTESIAN_POINT ( 'NONE',  ( -18.51758409709810138, 8.499999999997664091, 20.03083504257792313 ) ) ;
#301 = CARTESIAN_POINT ( 'NONE',  ( 25.11745863182639127, 47.27753493378752125, -3.500000000000000000 ) ) ;
#302 = CARTESIAN_POINT ( 'NONE',  ( 69.68299993045715723, 178.3966964870022309, -86.80893935915419490 ) ) ;
#303 = CARTESIAN_POINT ( 'NONE',  ( -24.52011454121089429, 88.03581969839414967, -39.32433692232760336 ) ) ;
#304 = CARTESIAN_POINT ( 'NONE',  ( -39.58175593539392878, 8.500000000000000000, -4.499999999999997335 ) ) ;
#305 = CARTESIAN_POINT ( 'NONE',  ( -24.14532552245916364, 50.10292035369872821, 3.644949131463492531 ) ) ;
#306 = FACE_OUTER_BOUND ( 'NONE', #3391, .T. ) ;
#307 = CARTESIAN_POINT ( 'NONE',  ( -128.6499999999999773, 229.9999999999999716, -139.6500000000000057 ) ) ;
#308 = CARTESIAN_POINT ( 'NONE',  ( 24.40909996849736885, 85.81411454232045344, 39.76823981571465083 ) ) ;
#309 = ORIENTED_EDGE ( 'NONE', *, *, #2209, .T. ) ;
#310 = EDGE_CURVE ( 'NONE', #1950, #4648, #5243, .T. ) ;
#311 = CARTESIAN_POINT ( 'NONE',  ( 22.83036957500062769, 84.94571719601395898, -43.72978915517957432 ) ) ;
#312 = CARTESIAN_POINT ( 'NONE',  ( 3.671572875253807045, 56.53622668406840290, -39.78736529329842853 ) ) ;
#313 = ORIENTED_EDGE ( 'NONE', *, *, #875, .T. ) ;
#314 = AXIS2_PLACEMENT_3D ( 'NONE', #714, #4270, #6192 ) ;
#315 = CARTESIAN_POINT ( 'NONE',  ( -24.50000000000000711, 86.00000000000000000, -38.46815680934845005 ) ) ;
#316 = CARTESIAN_POINT ( 'NONE',  ( 39.75000000000000000, 8.500000000000000000, -4.500000000000000888 ) ) ;
#317 = VECTOR ( 'NONE', #107, 1000.000000000000000 ) ;
#318 = ORIENTED_EDGE ( 'NONE', *, *, #8379, .F. ) ;
#319 = DIRECTION ( 'NONE',  ( 0.9438514093265258920, 0.3303702727430709585, 0.000000000000000000 ) ) ;
#320 = CARTESIAN_POINT ( 'NONE',  ( -20.96849615172856574, 84.84943933395602755, 45.76668015660234090 ) ) ;
#321 = ORIENTED_EDGE ( 'NONE', *, *, #7478, .T. ) ;
#322 = EDGE_CURVE ( 'NONE', #855, #7308, #6021, .T. ) ;
#323 = ORIENTED_EDGE ( 'NONE', *, *, #7091, .T. ) ;
#324 = CARTESIAN_POINT ( 'NONE',  ( 7.501334485717005229, 9.785589607617078300, 26.49977930600021025 ) ) ;
#325 = CARTESIAN_POINT ( 'NONE',  ( -38.03566060289778505, 118.2258979742877756, -55.00675333333536798 ) ) ;
#326 = PLANE ( 'NONE',  #3239 ) ;
#327 = CARTESIAN_POINT ( 'NONE',  ( -23.77139899355055164, 12.25731476308553169, 7.455085942938502797 ) ) ;
#328 = VECTOR ( 'NONE', #848, 999.9999999999998863 ) ;
#329 = CARTESIAN_POINT ( 'NONE',  ( -104.7500000000000000, 229.9999999999999716, 132.2500000000000000 ) ) ;
#330 = AXIS2_PLACEMENT_3D ( 'NONE', #2398, #559, #7677 ) ;
#331 = VERTEX_POINT ( 'NONE', #7426 ) ;
#332 = VECTOR ( 'NONE', #8122, 1000.000000000000114 ) ;
#333 = CARTESIAN_POINT ( 'NONE',  ( -119.0000000000000000, 229.9999999999999716, 139.6500000000000057 ) ) ;
#334 = ORIENTED_EDGE ( 'NONE', *, *, #1221, .T. ) ;
#335 = EDGE_CURVE ( 'NONE', #8127, #2886, #4793, .T. ) ;
#336 = APPLICATION_CONTEXT ( 'automotive_design' ) ;
#337 = AXIS2_PLACEMENT_3D ( 'NONE', #7993, #1634, #1584 ) ;
#338 = CARTESIAN_POINT ( 'NONE',  ( -132.2500000000003695, 222.4999999999999716, -104.7499999999995310 ) ) ;
#339 = EDGE_CURVE ( 'NONE', #1685, #2184, #5705, .T. ) ;
#340 = EDGE_LOOP ( 'NONE', ( #1847, #6099, #3483, #1352 ) ) ;
#341 = CIRCLE ( 'NONE', #3537, 1.000000000000000000 ) ;
#342 = CARTESIAN_POINT ( 'NONE',  ( -24.17567898490996470, 53.17503500571876174, 3.671572875253810597 ) ) ;
#343 = DIRECTION ( 'NONE',  ( 0.000000000000000000, 0.000000000000000000, 1.000000000000000000 ) ) ;
#344 = CARTESIAN_POINT ( 'NONE',  ( 38.61791111448114577, 8.500000000000000000, 4.499999999992781774 ) ) ;
#345 = CARTESIAN_POINT ( 'NONE',  ( -22.00531708494816385, 9.662168303787199264, 15.06487334526188704 ) ) ;
#346 = AXIS2_PLACEMENT_3D ( 'NONE', #5119, #8405, #442 ) ;
#347 = DIRECTION ( 'NONE',  ( 0.000000000000000000, 0.000000000000000000, 1.000000000000000000 ) ) ;
#348 = ORIENTED_EDGE ( 'NONE', *, *, #3923, .T. ) ;
#349 = CARTESIAN_POINT ( 'NONE',  ( -24.62891874628371269, 8.500000000000007105, 8.998480834225739855 ) ) ;
#350 = DIRECTION ( 'NONE',  ( -0.000000000000000000, 1.000000000000000000, -0.000000000000000000 ) ) ;
#351 = EDGE_CURVE ( 'NONE', #5234, #4669, #6133, .T. ) ;
#352 = CARTESIAN_POINT ( 'NONE',  ( 68.77305503950380228, 176.7960527937180757, -87.32719435105718730 ) ) ;
#353 = CYLINDRICAL_SURFACE ( 'NONE', #5836, 2.700000000000008171 ) ;
#354 = CARTESIAN_POINT ( 'NONE',  ( 20.93137345671754090, 8.500000000000000000, -18.99543636287089399 ) ) ;
#355 = CIRCLE ( 'NONE', #2568, 11.00000000000001066 ) ;
#356 = CARTESIAN_POINT ( 'NONE',  ( -24.14974014120567603, 50.54972983909996742, 3.609156717808511328 ) ) ;
#357 = B_SPLINE_CURVE_WITH_KNOTS ( 'NONE', 3,
 ( #4886, #4245, #957, #3680, #448, #2581, #7815, #1202, #5802, #4440, #5841, #4533, #3876, #1916, #6535, #1839, #3232, #7070, #7856, #4567, #6414, #5763, #5206, #2490, #7193, #5164, #8448, #3275, #5884, #5725, #495, #6373, #7765, #1237, #1276, #616, #2531, #7117 ),
 .UNSPECIFIED., .F., .F.,
 ( 4, 2, 2, 2, 2, 2, 2, 2, 2, 2, 2, 2, 2, 2, 2, 2, 2, 2, 4 ),
 ( -5.999999999890147231E-08, 0.0004798138719428535269, 0.0009596877438857059385, 0.001919435487771414123, 0.003838930975542829190, 0.004798678719428534772, 0.005758426463314239921, 0.007677921951085651953, 0.01151691292662847775, 0.01535590390217130181, 0.01727539938994271385, 0.01919489487771413108, 0.02303388585325695861, 0.02495338134102837238, 0.02687287682879978615, 0.02879237231657119991, 0.02975212006045691027, 0.03023199393239976024, 0.03071186780434261715 ),
 .UNSPECIFIED. ) ;
#358 = CARTESIAN_POINT ( 'NONE',  ( -40.45946519827176502, 9.500000000000001776, 2.500000000000000000 ) ) ;
#359 = CARTESIAN_POINT ( 'NONE',  ( -139.6500000000000057, 229.9999999999999716, 139.6500000000000057 ) ) ;
#360 = AXIS2_PLACEMENT_3D ( 'NONE', #2223, #2888, #8194 ) ;
#361 = CARTESIAN_POINT ( 'NONE',  ( -42.49990958091900950, 122.8088038621040425, 51.15692978474199748 ) ) ;
#362 = CARTESIAN_POINT ( 'NONE',  ( 17.57173621264043817, 0.9999999999999954481, 4.922285077681814336 ) ) ;
#363 = ORIENTED_EDGE ( 'NONE', *, *, #4424, .T. ) ;
#364 = CARTESIAN_POINT ( 'NONE',  ( 24.33690143115909876, 85.66647258956129463, -40.26624217900864977 ) ) ;
#365 = CARTESIAN_POINT ( 'NONE',  ( -68.85325290250619901, 176.8681237049793538, 87.11232768649858826 ) ) ;
#366 = VERTEX_POINT ( 'NONE', #5422 ) ;
#367 = LINE ( 'NONE', #4280, #7242 ) ;
#368 = LINE ( 'NONE', #7571, #8430 ) ;
#369 = EDGE_CURVE ( 'NONE', #4097, #1645, #8319, .T. ) ;
#370 = CARTESIAN_POINT ( 'NONE',  ( 24.43336478312285109, 51.56992169722777675, 3.148479130221286670 ) ) ;
#371 = CARTESIAN_POINT ( 'NONE',  ( -24.15402589228058261, 50.98349645438518252, -4.062283021601167832 ) ) ;
#372 = ORIENTED_EDGE ( 'NONE', *, *, #2096, .T. ) ;
#373 = EDGE_LOOP ( 'NONE', ( #260, #725, #3528, #5768, #8129 ) ) ;
#374 = CARTESIAN_POINT ( 'NONE',  ( 25.04432443495393912, 87.11311288945637443, -40.13426666595287173 ) ) ;
#375 = CARTESIAN_POINT ( 'NONE',  ( 3.500000000000000000, 49.15594766088219103, 38.75000000000000000 ) ) ;
#376 = DIRECTION ( 'NONE',  ( 0.000000000000000000, 0.000000000000000000, 1.000000000000000000 ) ) ;
#377 = CARTESIAN_POINT ( 'NONE',  ( 18.51370253461190174, 87.41649213276018315, -38.72141519625036921 ) ) ;
#378 = ADVANCED_FACE ( 'NONE', ( #6441 ), #3780, .F. ) ;
#379 = ORIENTED_EDGE ( 'NONE', *, *, #5471, .T. ) ;
#380 = CARTESIAN_POINT ( 'NONE',  ( 116.5598381591798471, 222.5000000000000284, -120.5443508810593585 ) ) ;
#381 = ORIENTED_EDGE ( 'NONE', *, *, #6911, .F. ) ;
#382 = CARTESIAN_POINT ( 'NONE',  ( 6.123233995736764310E-16, 229.9999999999999716, -137.2500000000000000 ) ) ;
#383 = CARTESIAN_POINT ( 'NONE',  ( -62.66038079590821752, 177.6028071464922391, -93.55060654826887401 ) ) ;
#384 = DIRECTION ( 'NONE',  ( 1.000000000000000000, -4.026401060382563733E-16, 0.000000000000000000 ) ) ;
#385 = CARTESIAN_POINT ( 'NONE',  ( -40.03496371582124169, 8.500000000000000000, -3.729093447217952217 ) ) ;
#386 = ADVANCED_FACE ( 'NONE', ( #6358 ), #3095, .T. ) ;
#387 = CARTESIAN_POINT ( 'NONE',  ( 132.2500000000011084, 222.4999999999999716, 102.0499999999986045 ) ) ;
#388 = CARTESIAN_POINT ( 'NONE',  ( -24.74420466249359762, 8.500000000000003553, 6.299630403166118775 ) ) ;
#389 = CARTESIAN_POINT ( 'NONE',  ( -8.691772750449906937, 0.9999999999999961142, -16.37030331351277823 ) ) ;
#390 = CARTESIAN_POINT ( 'NONE',  ( 40.88186813186812429, 119.4999999999999716, -57.50000000000000711 ) ) ;
#391 = CARTESIAN_POINT ( 'NONE',  ( -38.34048759201160550, 8.500000000000000000, -4.500000000000000888 ) ) ;
#392 = CARTESIAN_POINT ( 'NONE',  ( -24.17229368704709458, 52.83240446784549249, 3.186755825677611842 ) ) ;
#393 = CARTESIAN_POINT ( 'NONE',  ( -38.34048759201160550, 9.500000000000001776, -3.500000000000000000 ) ) ;
#394 = EDGE_CURVE ( 'NONE', #1565, #4581, #6323, .T. ) ;
#395 = EDGE_CURVE ( 'NONE', #943, #8549, #5706, .T. ) ;
#396 = DIRECTION ( 'NONE',  ( -0.000000000000000000, -1.000000000000000000, -0.000000000000000000 ) ) ;
#397 = DIRECTION ( 'NONE',  ( -0.000000000000000000, 1.000000000000000000, -0.000000000000000000 ) ) ;
#398 = CARTESIAN_POINT ( 'NONE',  ( 15.73731124075470866, 0.9999999999999961142, -9.340130589362017233 ) ) ;
#399 = EDGE_LOOP ( 'NONE', ( #7798, #691, #4178, #1890 ) ) ;
#400 = FACE_OUTER_BOUND ( 'NONE', #3032, .T. ) ;
#401 = CARTESIAN_POINT ( 'NONE',  ( -3.620162371181011807, 50.28166195270558347, -38.02786432154741902 ) ) ;
#402 = DIRECTION ( 'NONE',  ( -1.000000000000000000, 0.000000000000000000, 0.000000000000000000 ) ) ;
#403 = B_SPLINE_CURVE_WITH_KNOTS ( 'NONE', 3,
 ( #3737, #6351, #8391, #425, #3090, #470, #1175, #767, #1377, #4013, #5230, #2607, #2746, #8557, #736, #7928, #4727, #4035, #694, #7886, #7224, #3388, #6662, #77, #8015, #7179, #5953, #2089, #602, #26 ),
 .UNSPECIFIED., .F., .F.,
 ( 4, 2, 2, 2, 2, 2, 2, 2, 2, 2, 2, 2, 2, 2, 4 ),
 ( 0.000000000000000000, 0.002038512757751181816, 0.004077025515502363633, 0.008154051031004727265, 0.009173307409880319258, 0.01019256378875591125, 0.01223107654650709177, 0.01630810206200944412, 0.01732735844088503438, 0.01834661481976061770, 0.02038512757751179821, 0.02446215309301414537, 0.02650066585076531894, 0.02853917860851648905, 0.03261620412401883273 ),
 .UNSPECIFIED. ) ;
#404 = DIRECTION ( 'NONE',  ( 0.000000000000000000, 0.000000000000000000, 1.000000000000000000 ) ) ;
#405 = VECTOR ( 'NONE', #3348, 1000.000000000000000 ) ;
#406 = CARTESIAN_POINT ( 'NONE',  ( 24.23813469959311817, 52.79490423953731693, 2.638658884424945228 ) ) ;
#407 = PLANE ( 'NONE',  #8233 ) ;
#408 = ORIENTED_EDGE ( 'NONE', *, *, #3934, .F. ) ;
#409 = CARTESIAN_POINT ( 'NONE',  ( 35.57119362459041412, 108.6399689851174628, -46.78165956642779122 ) ) ;
#410 = FACE_OUTER_BOUND ( 'NONE', #5068, .T. ) ;
#411 = DIRECTION ( 'NONE',  ( 0.000000000000000000, 0.000000000000000000, -1.000000000000000000 ) ) ;
#412 = CARTESIAN_POINT ( 'NONE',  ( 7.305840457278534039, -2.941624376417211753E-15, -16.66927398577371022 ) ) ;
#413 = CIRCLE ( 'NONE', #1542, 2.999999999999992450 ) ;
#414 = ORIENTED_EDGE ( 'NONE', *, *, #683, .T. ) ;
#415 = CARTESIAN_POINT ( 'NONE',  ( 4.446512007246276710, 51.25663860139302841, -38.30213958039438182 ) ) ;
#416 = ORIENTED_EDGE ( 'NONE', *, *, #3145, .T. ) ;
#417 = EDGE_LOOP ( 'NONE', ( #5370, #7663, #5557, #381 ) ) ;
#418 = EDGE_CURVE ( 'NONE', #5723, #4089, #3173, .T. ) ;
#419 = AXIS2_PLACEMENT_3D ( 'NONE', #6995, #3072, #2198 ) ;
#420 = DIRECTION ( 'NONE',  ( -4.026401060382563240E-16, -1.000000000000000000, -0.000000000000000000 ) ) ;
#421 = CARTESIAN_POINT ( 'NONE',  ( -38.34048759201159839, 9.500000000000001776, 3.500000000000000000 ) ) ;
#422 = VERTEX_POINT ( 'NONE', #1099 ) ;
#423 = AXIS2_PLACEMENT_3D ( 'NONE', #8302, #285, #5012 ) ;
#424 = CARTESIAN_POINT ( 'NONE',  ( -20.13043663848455367, 8.500000000000028422, 20.07840647002846879 ) ) ;
#425 = CARTESIAN_POINT ( 'NONE',  ( 7.650857058379665787, 8.500000000000005329, -27.41284842835463920 ) ) ;
#426 = DIRECTION ( 'NONE',  ( 0.000000000000000000, 1.000000000000000000, 0.000000000000000000 ) ) ;
#427 = EDGE_CURVE ( 'NONE', #8539, #1007, #5449, .T. ) ;
#428 = CARTESIAN_POINT ( 'NONE',  ( 23.63512554491363105, 9.556933125919806926, -8.884661600469128118 ) ) ;
#429 = CARTESIAN_POINT ( 'NONE',  ( -24.23177876418085219, 52.83478491286533796, 2.568787872332800593 ) ) ;
#430 = DIRECTION ( 'NONE',  ( -1.000000000000000000, 0.000000000000000000, 0.000000000000000000 ) ) ;
#431 = DIRECTION ( 'NONE',  ( 0.000000000000000000, 0.000000000000000000, 1.000000000000000000 ) ) ;
#432 = B_SPLINE_CURVE_WITH_KNOTS ( 'NONE', 3,
 ( #808, #186, #3415, #5385, #5431, #2199, #4240 ),
 .UNSPECIFIED., .F., .F.,
 ( 4, 3, 4 ),
 ( 0.05564017168695142151, 0.1346007060163103286, 0.1348918625985232322 ),
 .UNSPECIFIED. ) ;
#433 = LINE ( 'NONE', #1715, #4911 ) ;
#434 = CARTESIAN_POINT ( 'NONE',  ( 0.000000000000000000, 0.000000000000000000, 0.000000000000000000 ) ) ;
#435 = ORIENTED_EDGE ( 'NONE', *, *, #2032, .F. ) ;
#436 = CARTESIAN_POINT ( 'NONE',  ( -24.74420466249360118, 9.500000000000001776, -6.299630403166123216 ) ) ;
#437 = EDGE_CURVE ( 'NONE', #8408, #5504, #6530, .T. ) ;
#438 = EDGE_CURVE ( 'NONE', #6463, #27, #1512, .T. ) ;
#439 = DIRECTION ( 'NONE',  ( -0.000000000000000000, 1.000000000000000000, -0.000000000000000000 ) ) ;
#440 = DIRECTION ( 'NONE',  ( 0.000000000000000000, 1.000000000000000000, -0.000000000000000000 ) ) ;
#441 = DIRECTION ( 'NONE',  ( -0.000000000000000000, 1.000000000000000000, -0.000000000000000000 ) ) ;
#442 = DIRECTION ( 'NONE',  ( 0.000000000000000000, -0.2708032892222390631, 0.9626347067015692538 ) ) ;
#443 = CARTESIAN_POINT ( 'NONE',  ( -24.56145383000314908, 50.76621949510624177, -3.281141510480942713 ) ) ;
#444 = DIRECTION ( 'NONE',  ( -0.000000000000000000, 1.000000000000000000, -0.000000000000000000 ) ) ;
#445 = ORIENTED_EDGE ( 'NONE', *, *, #4443, .T. ) ;
#446 = ADVANCED_FACE ( 'NONE', ( #6395 ), #7795, .F. ) ;
#447 = CARTESIAN_POINT ( 'NONE',  ( 4.938849362433376911, 8.499999999999991118, 26.27406881924597215 ) ) ;
#448 = CARTESIAN_POINT ( 'NONE',  ( -5.745230066163862226, 9.775966556024487275, -26.61585771405032119 ) ) ;
#449 = DIRECTION ( 'NONE',  ( 0.000000000000000000, 0.000000000000000000, 1.000000000000000000 ) ) ;
#450 = DIRECTION ( 'NONE',  ( 1.000000000000000000, -4.026401060382563240E-16, 0.000000000000000000 ) ) ;
#451 = VECTOR ( 'NONE', #6591, 1000.000000000000000 ) ;
#452 = VECTOR ( 'NONE', #1526, 1000.000000000000000 ) ;
#453 = FACE_OUTER_BOUND ( 'NONE', #8381, .T. ) ;
#454 = ORIENTED_EDGE ( 'NONE', *, *, #1361, .T. ) ;
#455 = CARTESIAN_POINT ( 'NONE',  ( 132.2500000000011084, 229.9999999999999716, 109.7499999999986073 ) ) ;
#456 = VERTEX_POINT ( 'NONE', #5748 ) ;
#457 = ORIENTED_EDGE ( 'NONE', *, *, #3833, .F. ) ;
#458 = CARTESIAN_POINT ( 'NONE',  ( -20.32931995911323142, 8.185399544022992740E-15, 24.57196064623257925 ) ) ;
#459 = CIRCLE ( 'NONE', #895, 5.000000000000004441 ) ;
#460 = CARTESIAN_POINT ( 'NONE',  ( 38.34048759201160550, 9.500000000000001776, 3.500000000000000444 ) ) ;
#461 = CARTESIAN_POINT ( 'NONE',  ( -22.66301560317176467, 9.632051440999145342, 13.23917157603388617 ) ) ;
#462 = CARTESIAN_POINT ( 'NONE',  ( -15.74850436085880467, 8.499999999999996447, 24.23184220717226722 ) ) ;
#463 = EDGE_CURVE ( 'NONE', #5194, #1023, #1884, .T. ) ;
#464 = VECTOR ( 'NONE', #781, 1000.000000000000000 ) ;
#465 = ORIENTED_EDGE ( 'NONE', *, *, #7904, .F. ) ;
#466 = CARTESIAN_POINT ( 'NONE',  ( 36.23922253581258701, -1.459136440456354901E-14, -36.23922253580852271 ) ) ;
#467 = ORIENTED_EDGE ( 'NONE', *, *, #7806, .T. ) ;
#468 = AXIS2_PLACEMENT_3D ( 'NONE', #5683, #3627, #319 ) ;
#469 = CARTESIAN_POINT ( 'NONE',  ( 4.500000000000000888, 9.500000000000001776, -27.59419916606945122 ) ) ;
#470 = CARTESIAN_POINT ( 'NONE',  ( 10.30224642687853276, 8.500000000000008882, -26.87268630445918305 ) ) ;
#471 = AXIS2_PLACEMENT_3D ( 'NONE', #3036, #7685, #2444 ) ;
#472 = CARTESIAN_POINT ( 'NONE',  ( -2.500000000000000000, 56.40340286106960832, -39.75000000000000000 ) ) ;
#473 = CARTESIAN_POINT ( 'NONE',  ( -24.28332098059190614, 52.51138028660958668, 2.843377912935912022 ) ) ;
#474 = DIRECTION ( 'NONE',  ( -1.000000000000000000, 0.000000000000000000, 0.000000000000000000 ) ) ;
#475 = VECTOR ( 'NONE', #5822, 1000.000000000000000 ) ;
#476 = CARTESIAN_POINT ( 'NONE',  ( -119.3749415223306585, 222.5000000000000000, -117.4019334841990627 ) ) ;
#477 = EDGE_CURVE ( 'NONE', #6916, #1655, #3378, .T. ) ;
#478 = FACE_OUTER_BOUND ( 'NONE', #1378, .T. ) ;
#479 = CARTESIAN_POINT ( 'NONE',  ( 9.984049513053191660, 0.9999999999999985567, -15.59164677574353419 ) ) ;
#480 = ORIENTED_EDGE ( 'NONE', *, *, #7044, .T. ) ;
#481 = AXIS2_PLACEMENT_3D ( 'NONE', #8057, #3387, #2695 ) ;
#482 = DIRECTION ( 'NONE',  ( -4.026401060382563240E-16, -1.000000000000000000, -0.000000000000000000 ) ) ;
#483 = CARTESIAN_POINT ( 'NONE',  ( 104.7500000000000000, 229.9999999999999716, 127.2500000000000000 ) ) ;
#484 = DIRECTION ( 'NONE',  ( 0.000000000000000000, 0.000000000000000000, 1.000000000000000000 ) ) ;
#485 = DIRECTION ( 'NONE',  ( 0.000000000000000000, 0.000000000000000000, 1.000000000000000000 ) ) ;
#486 = CIRCLE ( 'NONE', #1478, 2.700000000000008171 ) ;
#487 = CIRCLE ( 'NONE', #2300, 2.700000000000008171 ) ;
#488 = ADVANCED_FACE ( 'NONE', ( #3824 ), #3261, .F. ) ;
#489 = EDGE_CURVE ( 'NONE', #5934, #2637, #554, .T. ) ;
#490 = CARTESIAN_POINT ( 'NONE',  ( 24.17567898490996470, 53.17503500571878305, 2.500000000000002220 ) ) ;
#491 = CARTESIAN_POINT ( 'NONE',  ( -24.17394958395130899, 53.00000001475940792, -2.602124701189600042 ) ) ;
#492 = DIRECTION ( 'NONE',  ( 0.000000000000000000, 0.000000000000000000, -1.000000000000000000 ) ) ;
#493 = ORIENTED_EDGE ( 'NONE', *, *, #3909, .T. ) ;
#494 = CARTESIAN_POINT ( 'NONE',  ( 11.81672480680069270, 9.790930717447608345, 25.28711092950202755 ) ) ;
#495 = CARTESIAN_POINT ( 'NONE',  ( -23.60892207749145655, 9.556544107859373582, -8.871111792497462289 ) ) ;
#496 = VECTOR ( 'NONE', #7173, 1000.000000000000114 ) ;
#497 = CARTESIAN_POINT ( 'NONE',  ( -130.9067253938548276, 232.6333291848803526, -121.9721242737977462 ) ) ;
#498 = DIRECTION ( 'NONE',  ( 1.000000000000000000, 0.000000000000000000, 0.000000000000000000 ) ) ;
#499 = B_SPLINE_CURVE_WITH_KNOTS ( 'NONE', 3,
 ( #2569, #5323, #28, #2699, #5271, #6480 ),
 .UNSPECIFIED., .F., .F.,
 ( 4, 2, 4 ),
 ( 0.000000000000000000, 0.0007169972094514604410, 0.001433994418902920882 ),
 .UNSPECIFIED. ) ;
#500 = CARTESIAN_POINT ( 'NONE',  ( 18.51370253461190174, 87.41649213276018315, -8.800321635511512142 ) ) ;
#501 = EDGE_CURVE ( 'NONE', #8241, #3363, #5949, .T. ) ;
#502 = DIRECTION ( 'NONE',  ( -1.000000000000000000, 0.000000000000000000, 0.000000000000000000 ) ) ;
#503 = EDGE_CURVE ( 'NONE', #24, #4153, #5980, .T. ) ;
#504 = AXIS2_PLACEMENT_3D ( 'NONE', #8462, #1931, #5894 ) ;
#505 = CARTESIAN_POINT ( 'NONE',  ( 115.3512105787648210, 222.5000000000000853, -121.0128305468408598 ) ) ;
#506 = ORIENTED_EDGE ( 'NONE', *, *, #1298, .T. ) ;
#507 = ORIENTED_EDGE ( 'NONE', *, *, #5459, .F. ) ;
#508 = VERTEX_POINT ( 'NONE', #2038 ) ;
#509 = DIRECTION ( 'NONE',  ( -0.000000000000000000, 1.000000000000000000, -0.000000000000000000 ) ) ;
#510 = CARTESIAN_POINT ( 'NONE',  ( 39.74999999999181455, 8.500000000000000000, 2.663467475211261704 ) ) ;
#511 = CARTESIAN_POINT ( 'NONE',  ( -16.76803868631507299, 9.765405353312845094, 22.27143982628374630 ) ) ;
#512 = CARTESIAN_POINT ( 'NONE',  ( -5.620151896871758090, 8.500000000000000000, 27.59419916606944412 ) ) ;
#513 = VERTEX_POINT ( 'NONE', #3986 ) ;
#514 = ORIENTED_EDGE ( 'NONE', *, *, #6315, .T. ) ;
#515 = DIRECTION ( 'NONE',  ( -0.000000000000000000, 1.000000000000000000, -0.000000000000000000 ) ) ;
#516 = DIRECTION ( 'NONE',  ( -1.000000000000000000, 0.000000000000000000, 0.000000000000000000 ) ) ;
#517 = EDGE_CURVE ( 'NONE', #2142, #6897, #1394, .T. ) ;
#518 = DIRECTION ( 'NONE',  ( -0.000000000000000000, 1.000000000000000000, -0.000000000000000000 ) ) ;
#519 = CARTESIAN_POINT ( 'NONE',  ( -19.13911614863177491, 85.04574497046344561, -46.99456157715867732 ) ) ;
#520 = CARTESIAN_POINT ( 'NONE',  ( -118.5796815760055409, 222.5000000000000568, -118.9392555010862367 ) ) ;
#521 = PLANE ( 'NONE',  #800 ) ;
#522 = CARTESIAN_POINT ( 'NONE',  ( -6.296282991417964325, 1.000000000000004885, -17.44500107909261288 ) ) ;
#523 = ORIENTED_EDGE ( 'NONE', *, *, #2367, .F. ) ;
#524 = CARTESIAN_POINT ( 'NONE',  ( -2.500000000000000000, 56.53622668406843843, -39.78736529329843563 ) ) ;
#525 = ORIENTED_EDGE ( 'NONE', *, *, #5246, .F. ) ;
#526 = CARTESIAN_POINT ( 'NONE',  ( 132.2500000000000000, 229.9999999999999716, -5.000000000001389999 ) ) ;
#527 = ADVANCED_FACE ( 'NONE', ( #7275, #5905, #115, #1351, #8554, #4724 ), #2645, .F. ) ;
#528 = CARTESIAN_POINT ( 'NONE',  ( 23.71329777707624586, 6.376812704455099734, -4.981994184909035894 ) ) ;
#529 = CARTESIAN_POINT ( 'NONE',  ( -17.27450110833658670, 89.27423230140085764, -48.99704736899175828 ) ) ;
#530 = CARTESIAN_POINT ( 'NONE',  ( 15.54656623057183040, 85.87413050490111743, -48.04054876804528362 ) ) ;
#531 = CARTESIAN_POINT ( 'NONE',  ( -104.7500000000000000, 227.4999999999999716, 132.2500000000000000 ) ) ;
#532 = CARTESIAN_POINT ( 'NONE',  ( -21.57594489812816008, 84.84449415096221969, 45.20070626665803104 ) ) ;
#533 = ORIENTED_EDGE ( 'NONE', *, *, #5661, .F. ) ;
#534 = DIRECTION ( 'NONE',  ( 0.000000000000000000, 0.000000000000000000, -1.000000000000000000 ) ) ;
#535 = CARTESIAN_POINT ( 'NONE',  ( 24.28487151138000044, 8.499999999999996447, 10.98187561865831796 ) ) ;
#536 = LINE ( 'NONE', #4403, #5440 ) ;
#537 = ADVANCED_FACE ( 'NONE', ( #690 ), #5363, .F. ) ;
#538 = CARTESIAN_POINT ( 'NONE',  ( -60.64609638229804744, 176.0306130424966398, -92.57511923803012621 ) ) ;
#539 = CARTESIAN_POINT ( 'NONE',  ( -40.19202138593395546, 8.500000000000000000, 3.507237950841466834 ) ) ;
#540 = CARTESIAN_POINT ( 'NONE',  ( -17.35913852505232668, 8.500000000000003553, -23.03910990934647529 ) ) ;
#541 = CARTESIAN_POINT ( 'NONE',  ( 31.97981589117410905, 116.5422261516611258, 55.66481257099364655 ) ) ;
#542 = CARTESIAN_POINT ( 'NONE',  ( 35.42124542124544462, 108.3333333333333570, -54.35865256890313191 ) ) ;
#543 = CARTESIAN_POINT ( 'NONE',  ( 20.97650327407055926, 78.79464714472852904, 46.04898606354041135 ) ) ;
#544 = ORIENTED_EDGE ( 'NONE', *, *, #289, .F. ) ;
#545 = ORIENTED_EDGE ( 'NONE', *, *, #2005, .T. ) ;
#546 = ORIENTED_EDGE ( 'NONE', *, *, #4904, .T. ) ;
#547 = ADVANCED_FACE ( 'NONE', ( #5315 ), #7926, .F. ) ;
#548 = CARTESIAN_POINT ( 'NONE',  ( 39.51561378894456311, 9.169629727258874041, 2.630923291040159651 ) ) ;
#549 = EDGE_CURVE ( 'NONE', #5950, #3168, #733, .T. ) ;
#550 = AXIS2_PLACEMENT_3D ( 'NONE', #3626, #1550, #404 ) ;
#551 = CARTESIAN_POINT ( 'NONE',  ( -121.7980777583334770, 230.9856811478813654, 126.6726720998999980 ) ) ;
#552 = VERTEX_POINT ( 'NONE', #6711 ) ;
#553 = ORIENTED_EDGE ( 'NONE', *, *, #2548, .F. ) ;
#554 = B_SPLINE_CURVE_WITH_KNOTS ( 'NONE', 3,
 ( #1991, #6004, #6569, #73, #4031, #3944, #3899 ),
 .UNSPECIFIED., .F., .F.,
 ( 4, 3, 4 ),
 ( -0.09801373349737613205, -0.02647765273573905731, -0.02361564439896875200 ),
 .UNSPECIFIED. ) ;
#555 = CARTESIAN_POINT ( 'NONE',  ( 24.74420466249360118, 8.500000000000000000, 0.000000000000000000 ) ) ;
#556 = CIRCLE ( 'NONE', #1940, 5.000000000000004441 ) ;
#557 = DIRECTION ( 'NONE',  ( -4.026401060382563240E-16, -1.000000000000000000, 0.000000000000000000 ) ) ;
#558 = CARTESIAN_POINT ( 'NONE',  ( -23.52147247187643586, 85.13523155627386529, -42.54700828748281083 ) ) ;
#559 = DIRECTION ( 'NONE',  ( -0.000000000000000000, 1.000000000000000000, -0.000000000000000000 ) ) ;
#560 = CARTESIAN_POINT ( 'NONE',  ( -60.07778636113657456, 158.7545743564815552, -74.62174133075052396 ) ) ;
#561 =( BOUNDED_SURFACE ( )  B_SPLINE_SURFACE ( 3, 2, ( 
 ( #8382, #8271, #7622 ),
 ( #2459, #5093, #1737 ),
 ( #415, #3082, #7735 ),
 ( #4447, #3159, #5689 ),
 ( #7007, #5769, #5657 ),
 ( #7772, #1083, #1845 ),
 ( #4495, #1210, #3007 ),
 ( #1045, #3688, #8306 ),
 ( #2020, #623, #5983 ),
 ( #5250, #3884, #8496 ),
 ( #7822, #2627, #7863 ),
 ( #4667, #3279, #3925 ),
 ( #7298, #1924, #1374 ),
 ( #5212, #5173, #670 ),
 ( #3198, #1887, #7907 ),
 ( #4578, #1420, #4539 ) ),
 .UNSPECIFIED., .F., .F., .F. ) 
 B_SPLINE_SURFACE_WITH_KNOTS ( ( 4, 2, 2, 2, 2, 2, 2, 4 ),
 ( 3, 3 ),
 ( 0.3816639381781791185, 0.4933730048271326996, 0.5213002714893710809, 0.5492275381516095178, 0.6050820714760862806, 0.7167911381250398062, 0.7726456714495166800, 0.8285002047739934428 ),
 ( 0.000000000000000000, 1.000000000000000000 ),
 .UNSPECIFIED. ) 
 GEOMETRIC_REPRESENTATION_ITEM ( )  RATIONAL_B_SPLINE_SURFACE ( (
 ( 1.000000000000000000, 0.7071067811865663355, 1.000000000000000000),
 ( 1.000000000000000000, 0.7522428303029218277, 1.000000000000000000),
 ( 1.000000000000000000, 0.7904969223661633126, 1.000000000000000000),
 ( 1.000000000000000000, 0.8300349926991434923, 1.000000000000000000),
 ( 1.000000000000000000, 0.8376126662480151142, 1.000000000000000000),
 ( 1.000000000000000000, 0.8527191825733736463, 1.000000000000000000),
 ( 1.000000000000000000, 0.8601494276729754196, 1.000000000000000000),
 ( 1.000000000000000000, 0.8819295566531449859, 1.000000000000000000),
 ( 1.000000000000000000, 0.8957687510845409040, 1.000000000000000000),
 ( 1.000000000000000000, 0.9340592855701240760, 1.000000000000000000),
 ( 1.000000000000000000, 0.9551668359497819116, 1.000000000000000000),
 ( 1.000000000000000000, 0.9764057314859680980, 1.000000000000000000),
 ( 1.000000000000000000, 0.9817723874261087280, 1.000000000000000000),
 ( 1.000000000000000000, 0.9888766379498651338, 1.000000000000000000),
 ( 1.000000000000000000, 0.9906199750928998959, 1.000000000000000000),
 ( 1.000000000000000000, 0.9906146341291278690, 1.000000000000000000) ) ) 
 REPRESENTATION_ITEM ( '' )  SURFACE ( )  );
#562 = CARTESIAN_POINT ( 'NONE',  ( -37.71067716385499580, 118.2570269489850148, 55.31672505225144221 ) ) ;
#563 = VERTEX_POINT ( 'NONE', #598 ) ;
#564 = CARTESIAN_POINT ( 'NONE',  ( 39.58175593539392878, 8.500000000000000000, -4.500000000000000888 ) ) ;
#565 = ORIENTED_EDGE ( 'NONE', *, *, #3097, .F. ) ;
#566 = CARTESIAN_POINT ( 'NONE',  ( -11.99331898875635183, 60.38194016050075419, 40.86922100821710302 ) ) ;
#567 = DIRECTION ( 'NONE',  ( -0.000000000000000000, 0.000000000000000000, 1.000000000000000000 ) ) ;
#568 = CARTESIAN_POINT ( 'NONE',  ( -33.12291965381363923, 119.5000000000000000, 57.49999999999998579 ) ) ;
#569 = VECTOR ( 'NONE', #6667, 1000.000000000000000 ) ;
#570 = EDGE_CURVE ( 'NONE', #188, #6946, #787, .T. ) ;
#571 = CARTESIAN_POINT ( 'NONE',  ( -104.7500000000000000, 222.4999999999999716, -132.2500000000000000 ) ) ;
#572 = ORIENTED_EDGE ( 'NONE', *, *, #3340, .F. ) ;
#573 = LINE ( 'NONE', #3310, #7818 ) ;
#574 = B_SPLINE_CURVE_WITH_KNOTS ( 'NONE', 3,
 ( #3151, #4974, #374, #2452, #8301, #409, #5685 ),
 .UNSPECIFIED., .F., .F.,
 ( 4, 3, 4 ),
 ( -0.05444835291825018964, -0.05221481032689249263, -0.01603977780917657109 ),
 .UNSPECIFIED. ) ;
#575 = CARTESIAN_POINT ( 'NONE',  ( 23.63539789538730673, 9.556914809001652245, 8.883589862507561108 ) ) ;
#576 = CARTESIAN_POINT ( 'NONE',  ( 34.68056298297506146, 120.8117372951101629, -58.31388365628324522 ) ) ;
#577 = CARTESIAN_POINT ( 'NONE',  ( -39.06265754616455155, 9.296972031307896955, 3.299666838763841703 ) ) ;
#578 = CARTESIAN_POINT ( 'NONE',  ( -119.3770098713969503, 222.5000000000000284, 117.3956919336453097 ) ) ;
#579 = CARTESIAN_POINT ( 'NONE',  ( 74.38174685072938530, 188.0053699644128358, 100.0050055293196465 ) ) ;
#580 = ADVANCED_FACE ( 'NONE', ( #644 ), #2786, .F. ) ;
#581 = CARTESIAN_POINT ( 'NONE',  ( 21.84314508292822410, 80.56688095610039113, 38.24267087291327272 ) ) ;
#582 = EDGE_LOOP ( 'NONE', ( #2007, #6957, #4973, #3042 ) ) ;
#583 = VERTEX_POINT ( 'NONE', #1900 ) ;
#584 = VERTEX_POINT ( 'NONE', #1944 ) ;
#585 = CARTESIAN_POINT ( 'NONE',  ( 132.2500000000000000, 229.9999999999999716, -1.385245221186013225E-12 ) ) ;
#586 = AXIS2_PLACEMENT_3D ( 'NONE', #2450, #7726, #3796 ) ;
#587 = CARTESIAN_POINT ( 'NONE',  ( -5.263357322422820950, 9.772964560302060733, 26.62946309012502866 ) ) ;
#588 = DIRECTION ( 'NONE',  ( 0.000000000000000000, 0.000000000000000000, 1.000000000000000000 ) ) ;
#589 = EDGE_CURVE ( 'NONE', #657, #5304, #2546, .T. ) ;
#590 = EDGE_CURVE ( 'NONE', #6311, #6840, #1851, .T. ) ;
#591 = AXIS2_PLACEMENT_3D ( 'NONE', #8374, #6455, #1772 ) ;
#592 = ORIENTED_EDGE ( 'NONE', *, *, #4509, .T. ) ;
#593 = CARTESIAN_POINT ( 'NONE',  ( -8.154144141088014663, 9.787262240594877483, 26.36025687054805644 ) ) ;
#594 = CARTESIAN_POINT ( 'NONE',  ( -139.6500000000000057, 222.4999999999999716, 139.6500000000000057 ) ) ;
#595 = AXIS2_PLACEMENT_3D ( 'NONE', #358, #2149, #7472 ) ;
#596 = CARTESIAN_POINT ( 'NONE',  ( -24.41383171847507327, 85.82379070519620257, 39.73612998050331413 ) ) ;
#597 = VECTOR ( 'NONE', #2513, 1000.000000000000000 ) ;
#598 = CARTESIAN_POINT ( 'NONE',  ( -23.74425346923881364, 9.509879833416231776, 4.500000000000000888 ) ) ;
#599 = CARTESIAN_POINT ( 'NONE',  ( 5.001881619155664538, -2.013958145527641874E-15, -17.54428597496414000 ) ) ;
#600 = CIRCLE ( 'NONE', #471, 2.700000000000008171 ) ;
#601 = CARTESIAN_POINT ( 'NONE',  ( -33.94842799962899704, 119.3145623853462780, -57.38494293454229478 ) ) ;
#602 = CARTESIAN_POINT ( 'NONE',  ( 24.74420466249359762, 8.500000000000000000, -7.658839624464082618 ) ) ;
#603 = VERTEX_POINT ( 'NONE', #6756 ) ;
#604 = FACE_OUTER_BOUND ( 'NONE', #7499, .T. ) ;
#605 = ORIENTED_EDGE ( 'NONE', *, *, #8329, .F. ) ;
#606 = CARTESIAN_POINT ( 'NONE',  ( 38.82721024286599487, 118.2719185630555643, 53.77800575996108989 ) ) ;
#607 = AXIS2_PLACEMENT_3D ( 'NONE', #5618, #1696, #7699 ) ;
#608 = CARTESIAN_POINT ( 'NONE',  ( -23.64085703565775631, 84.24310090437876397, -39.24802033211277319 ) ) ;
#609 =( BOUNDED_SURFACE ( )  B_SPLINE_SURFACE ( 3, 2, ( 
 ( #4680, #2880, #7495 ),
 ( #5400, #4125, #17 ),
 ( #5499, #5309, #7353 ),
 ( #2172, #157, #4720 ),
 ( #2828, #6704, #784 ),
 ( #8049, #7450, #3431 ),
 ( #1570, #4166, #2740 ),
 ( #2035, #6752, #8142 ),
 ( #827, #112, #8098 ),
 ( #6655, #209, #2215 ),
 ( #5451, #6843, #2123 ),
 ( #8006, #4027, #68 ),
 ( #2688, #7966, #1435 ),
 ( #4817, #4076, #6046 ),
 ( #2781, #4768, #7403 ),
 ( #1530, #5999, #924 ) ),
 .UNSPECIFIED., .F., .F., .F. ) 
 B_SPLINE_SURFACE_WITH_KNOTS ( ( 4, 2, 2, 2, 2, 2, 2, 4 ),
 ( 3, 3 ),
 ( 0.1715082237233233331, 0.2272859624016890234, 0.2830637010800547415, 0.3946191784367861777, 0.4503969171151518958, 0.4782857864543347270, 0.5061746557935176138, 0.6177301331502490500 ),
 ( 0.000000000000000000, 1.000000000000000000 ),
 .UNSPECIFIED. ) 
 GEOMETRIC_REPRESENTATION_ITEM ( )  RATIONAL_B_SPLINE_SURFACE ( (
 ( 1.000000000000000000, 0.9850231824050905693, 1.000000000000000000),
 ( 1.000000000000000000, 0.9850284554917901891, 1.000000000000000000),
 ( 1.000000000000000000, 0.9833148238171197653, 1.000000000000000000),
 ( 1.000000000000000000, 0.9763319172314809391, 1.000000000000000000),
 ( 1.000000000000000000, 0.9710569706147853530, 1.000000000000000000),
 ( 1.000000000000000000, 0.9501837924618282694, 1.000000000000000000),
 ( 1.000000000000000000, 0.9294421179659244636, 1.000000000000000000),
 ( 1.000000000000000000, 0.8918406472962555620, 1.000000000000000000),
 ( 1.000000000000000000, 0.8782541365759806151, 1.000000000000000000),
 ( 1.000000000000000000, 0.8568804122530210288, 1.000000000000000000),
 ( 1.000000000000000000, 0.8495901953380747829, 1.000000000000000000),
 ( 1.000000000000000000, 0.8347716862093815804, 1.000000000000000000),
 ( 1.000000000000000000, 0.8273368766803800289, 1.000000000000000000),
 ( 1.000000000000000000, 0.7886206401891913131, 1.000000000000000000),
 ( 1.000000000000000000, 0.7511876268289903180, 1.000000000000000000),
 ( 1.000000000000000000, 0.7071067811863935848, 1.000000000000000000) ) ) 
 REPRESENTATION_ITEM ( '' )  SURFACE ( )  );
#610 = AXIS2_PLACEMENT_3D ( 'NONE', #8361, #1676, #5640 ) ;
#611 = DIRECTION ( 'NONE',  ( -0.000000000000000000, 1.000000000000000000, -0.000000000000000000 ) ) ;
#612 = VERTEX_POINT ( 'NONE', #6140 ) ;
#613 = AXIS2_PLACEMENT_3D ( 'NONE', #7428, #1507, #7334 ) ;
#614 = CARTESIAN_POINT ( 'NONE',  ( 36.23922253581260122, 36.48528137423857487, -36.23922253580852271 ) ) ;
#615 = CARTESIAN_POINT ( 'NONE',  ( 6.190611004176652443, -2.492588271163283140E-15, 17.15805882814740713 ) ) ;
#616 = CARTESIAN_POINT ( 'NONE',  ( -23.74261240974887599, 9.515816005180456116, -6.622473972250149110 ) ) ;
#617 = CARTESIAN_POINT ( 'NONE',  ( -103.2559021775177115, 207.7845370634977655, -106.5543833424670623 ) ) ;
#618 = CARTESIAN_POINT ( 'NONE',  ( -38.34048759201159839, 8.500000000000000000, 4.500000000000000888 ) ) ;
#619 = VECTOR ( 'NONE', #2091, 1000.000000000000114 ) ;
#620 = CARTESIAN_POINT ( 'NONE',  ( -116.9425980970149226, 222.5000000000000568, 120.3423877656878886 ) ) ;
#621 = DIRECTION ( 'NONE',  ( -0.000000000000000000, 0.000000000000000000, 1.000000000000000000 ) ) ;
#622 = ORIENTED_EDGE ( 'NONE', *, *, #7151, .F. ) ;
#623 = CARTESIAN_POINT ( 'NONE',  ( 3.577079459902634984, 53.78410775008406119, -39.01315379389276217 ) ) ;
#624 = CIRCLE ( 'NONE', #6564, 3.000000000000002665 ) ;
#625 = CARTESIAN_POINT ( 'NONE',  ( -24.72907807671451152, 86.46845179732629560, -39.93519832322808583 ) ) ;
#626 = ORIENTED_EDGE ( 'NONE', *, *, #7790, .F. ) ;
#627 = CIRCLE ( 'NONE', #5065, 2.999999999999981792 ) ;
#628 = CARTESIAN_POINT ( 'NONE',  ( -17.57173621264044883, 0.9999999999999995559, 4.922285077681810783 ) ) ;
#629 = ORIENTED_EDGE ( 'NONE', *, *, #5484, .F. ) ;
#630 = ORIENTED_EDGE ( 'NONE', *, *, #6339, .F. ) ;
#631 = B_SPLINE_CURVE_WITH_KNOTS ( 'NONE', 3,
 ( #1978, #7345, #5351, #4713, #61, #7870, #4017 ),
 .UNSPECIFIED., .F., .F.,
 ( 4, 3, 4 ),
 ( -0.08320447473982668651, -0.08068179953927902270, -0.009180788422091898382 ),
 .UNSPECIFIED. ) ;
#632 = CARTESIAN_POINT ( 'NONE',  ( 69.00000000000000000, 177.0000000000000000, 85.92752664624262593 ) ) ;
#633 = CARTESIAN_POINT ( 'NONE',  ( -23.51144931848951103, -14.05254055660225632, 19.92970774382592580 ) ) ;
#634 = ADVANCED_FACE ( 'NONE', ( #970 ), #4170, .T. ) ;
#635 = LINE ( 'NONE', #4584, #2873 ) ;
#636 = ORIENTED_EDGE ( 'NONE', *, *, #4174, .T. ) ;
#637 = CARTESIAN_POINT ( 'NONE',  ( -81.53375201778611370, 194.8015917120431766, 104.2218055131979639 ) ) ;
#638 = VERTEX_POINT ( 'NONE', #4216 ) ;
#639 = ORIENTED_EDGE ( 'NONE', *, *, #4787, .F. ) ;
#640 = CARTESIAN_POINT ( 'NONE',  ( -4.938849362433377799, 8.499999999999989342, 27.59419916606944057 ) ) ;
#641 = CYLINDRICAL_SURFACE ( 'NONE', #1480, 2.999999999999992450 ) ;
#642 = EDGE_CURVE ( 'NONE', #6757, #6208, #4774, .T. ) ;
#643 = CARTESIAN_POINT ( 'NONE',  ( 0.000000000000000000, 0.000000000000000000, -3.500000000000000000 ) ) ;
#644 = FACE_OUTER_BOUND ( 'NONE', #6219, .T. ) ;
#645 = DIRECTION ( 'NONE',  ( -0.009879833416224212406, 0.9999511932547845428, 0.000000000000000000 ) ) ;
#646 = DIRECTION ( 'NONE',  ( 1.000000000000000000, -0.000000000000000000, -0.000000000000000000 ) ) ;
#647 = CARTESIAN_POINT ( 'NONE',  ( 3.500000000000000000, 8.229196710777760160, -27.23670352594756494 ) ) ;
#648 = ORIENTED_EDGE ( 'NONE', *, *, #3877, .T. ) ;
#649 = CARTESIAN_POINT ( 'NONE',  ( 38.36054287937019325, -1.544549305263469316E-14, 34.11790219225294862 ) ) ;
#650 = VERTEX_POINT ( 'NONE', #7498 ) ;
#651 = CARTESIAN_POINT ( 'NONE',  ( 40.72524680315136436, 119.1855003731379838, 49.72071047040054026 ) ) ;
#652 = EDGE_CURVE ( 'NONE', #7364, #1972, #7384, .T. ) ;
#653 = ADVANCED_FACE ( 'NONE', ( #3476 ), #4299, .F. ) ;
#654 = CARTESIAN_POINT ( 'NONE',  ( -11.83395169151016901, 78.78355745805599497, -46.04586637171288999 ) ) ;
#655 = CARTESIAN_POINT ( 'NONE',  ( -119.6307288578716879, 222.4999999999999716, 115.6847746359883331 ) ) ;
#656 = CARTESIAN_POINT ( 'NONE',  ( 104.7500000000000000, 227.4999999999999716, -132.2500000000000000 ) ) ;
#657 = VERTEX_POINT ( 'NONE', #6093 ) ;
#658 = CARTESIAN_POINT ( 'NONE',  ( -15.17339135924924776, 8.499999999999996447, -24.65628246860338635 ) ) ;
#659 = CARTESIAN_POINT ( 'NONE',  ( 20.12454452079170863, 9.714080754865969780, 18.44404460641459664 ) ) ;
#660 = CARTESIAN_POINT ( 'NONE',  ( 19.69418660193293746, 8.500000000000014211, 20.63058671097087782 ) ) ;
#661 = CARTESIAN_POINT ( 'NONE',  ( 23.73586149392754763, 9.521729464125675335, -6.945473896998485941 ) ) ;
#662 = CARTESIAN_POINT ( 'NONE',  ( 23.94580881102880809, 85.32008735278276390, 41.56783505382699673 ) ) ;
#663 = CARTESIAN_POINT ( 'NONE',  ( -118.1244800410619291, 221.1463888095067603, -120.5677612664212717 ) ) ;
#664 = DIRECTION ( 'NONE',  ( -1.000000000000000000, 0.000000000000000000, 0.000000000000000000 ) ) ;
#665 =( BOUNDED_CURVE ( )  B_SPLINE_CURVE ( 3, ( #4882, #3550, #3501, #7523 ),
 .UNSPECIFIED., .F., .T. ) 
 B_SPLINE_CURVE_WITH_KNOTS ( ( 4, 4 ),
 ( 3.141592653589793116, 4.712388980384692339 ),
 .UNSPECIFIED. ) 
 CURVE ( )  GEOMETRIC_REPRESENTATION_ITEM ( )  RATIONAL_B_SPLINE_CURVE ( ( 1.000000000000000000, 0.8047378541243643824, 0.8047378541243643824, 1.000000000000000000 ) ) 
 REPRESENTATION_ITEM ( '' )  );
#666 = CARTESIAN_POINT ( 'NONE',  ( -119.5853809715776066, 222.4999999999999147, 116.5520852409011212 ) ) ;
#667 = CARTESIAN_POINT ( 'NONE',  ( 3.051832638386679175, 56.27843143878909160, 39.71484370241717698 ) ) ;
#668 = CARTESIAN_POINT ( 'NONE',  ( 66.60004995905038072, 185.9167454667127686, 98.70909258308591916 ) ) ;
#669 = EDGE_LOOP ( 'NONE', ( #2152, #66, #8130, #4160 ) ) ;
#670 = CARTESIAN_POINT ( 'NONE',  ( 2.638634717626560988, 56.21442008521994183, -39.74282600950839850 ) ) ;
#671 = FACE_BOUND ( 'NONE', #155, .T. ) ;
#672 = ORIENTED_EDGE ( 'NONE', *, *, #7649, .T. ) ;
#673 = ORIENTED_EDGE ( 'NONE', *, *, #1361, .F. ) ;
#674 = CARTESIAN_POINT ( 'NONE',  ( -3.500000000000001332, 50.09968843111768422, 38.88274407361624441 ) ) ;
#675 = CARTESIAN_POINT ( 'NONE',  ( -23.56994981981591053, -8.131626342475069436, -1.119644870922301916 ) ) ;
#676 = CARTESIAN_POINT ( 'NONE',  ( 4.500000000000000888, 9.500000000000001776, -27.59419916606945478 ) ) ;
#677 = CARTESIAN_POINT ( 'NONE',  ( -5.018645672197600049, 9.771347989664715072, 26.63171755958194709 ) ) ;
#678 = VECTOR ( 'NONE', #3142, 1000.000000000000000 ) ;
#679 = VERTEX_POINT ( 'NONE', #1487 ) ;
#680 = CARTESIAN_POINT ( 'NONE',  ( 24.11750743857157531, 47.28741476720119152, 3.499999999999560352 ) ) ;
#681 = CARTESIAN_POINT ( 'NONE',  ( -55.46220089706140755, 164.8340708680526348, 85.62808592836077537 ) ) ;
#682 = ORIENTED_EDGE ( 'NONE', *, *, #1410, .F. ) ;
#683 = EDGE_CURVE ( 'NONE', #936, #2519, #7095, .T. ) ;
#684 = DIRECTION ( 'NONE',  ( -0.000000000000000000, 1.000000000000000000, -0.000000000000000000 ) ) ;
#685 = DIRECTION ( 'NONE',  ( -1.000000000000000000, -0.000000000000000000, -0.000000000000000000 ) ) ;
#686 = CARTESIAN_POINT ( 'NONE',  ( -69.68299993045719987, 178.3966964870022878, 86.80893935915420911 ) ) ;
#687 = CIRCLE ( 'NONE', #2491, 1.000000000000000888 ) ;
#688 = LINE ( 'NONE', #4169, #4354 ) ;
#689 = DIRECTION ( 'NONE',  ( -4.026401060382563240E-16, -1.000000000000000000, 0.000000000000000000 ) ) ;
#690 = FACE_OUTER_BOUND ( 'NONE', #5406, .T. ) ;
#691 = ORIENTED_EDGE ( 'NONE', *, *, #6779, .T. ) ;
#692 = EDGE_CURVE ( 'NONE', #6444, #366, #7600, .T. ) ;
#693 = CARTESIAN_POINT ( 'NONE',  ( 38.36054287937223251, -1.544549305263551358E-14, -34.11790219224888432 ) ) ;
#694 = CARTESIAN_POINT ( 'NONE',  ( 20.33602100135656698, 8.500000000000010658, -19.81073329203241329 ) ) ;
#695 = ORIENTED_EDGE ( 'NONE', *, *, #3993, .F. ) ;
#696 = LINE ( 'NONE', #5872, #5736 ) ;
#697 = ORIENTED_EDGE ( 'NONE', *, *, #6156, .T. ) ;
#698 = DIRECTION ( 'NONE',  ( -0.000000000000000000, 1.000000000000000000, -0.000000000000000000 ) ) ;
#699 = CARTESIAN_POINT ( 'NONE',  ( 65.07455987663455232, 176.5718057049467689, 92.22150621649163327 ) ) ;
#700 = CARTESIAN_POINT ( 'NONE',  ( 3.500000000000000000, 8.500000000000000000, 38.75000000000000000 ) ) ;
#701 = CARTESIAN_POINT ( 'NONE',  ( 15.53461083445568214, 85.78835847365913025, 48.01641983520926971 ) ) ;
#702 = ADVANCED_FACE ( 'NONE', ( #5503 ), #3569, .F. ) ;
#703 = EDGE_CURVE ( 'NONE', #6159, #1608, #8231, .T. ) ;
#704 = PLANE ( 'NONE',  #6403 ) ;
#705 = ORIENTED_EDGE ( 'NONE', *, *, #3589, .T. ) ;
#706 = CARTESIAN_POINT ( 'NONE',  ( 24.74420466249359407, 8.500000000000000000, -6.299630403166124992 ) ) ;
#707 = CARTESIAN_POINT ( 'NONE',  ( 5.262114546392967718, 9.772967135636969616, 26.63001982998672190 ) ) ;
#708 = CARTESIAN_POINT ( 'NONE',  ( 23.79433781656698343, 8.500000000000003553, 12.94442089645705884 ) ) ;
#709 = CARTESIAN_POINT ( 'NONE',  ( 23.74260580633075080, 9.515825295563786312, -6.622980331963820966 ) ) ;
#710 = CARTESIAN_POINT ( 'NONE',  ( -65.67992689487752500, 176.4194547047939636, 91.74127102156566593 ) ) ;
#711 = CARTESIAN_POINT ( 'NONE',  ( -39.48502839705266609, 9.178228381842062689, 2.761747889309387194 ) ) ;
#712 = CARTESIAN_POINT ( 'NONE',  ( 18.51370253461190174, 87.41649213276018315, 35.20128654204571461 ) ) ;
#713 = CARTESIAN_POINT ( 'NONE',  ( 3.613409653391457699, 53.42408548366069709, 38.91187423970530546 ) ) ;
#714 = CARTESIAN_POINT ( 'NONE',  ( -104.7500000000000000, 229.9999999999999716, -132.2500000000000000 ) ) ;
#715 = CARTESIAN_POINT ( 'NONE',  ( 41.75922944351101762, 121.2941545923483346, 58.00472205250724045 ) ) ;
#716 = FACE_BOUND ( 'NONE', #1466, .T. ) ;
#717 = ORIENTED_EDGE ( 'NONE', *, *, #159, .F. ) ;
#718 = ORIENTED_EDGE ( 'NONE', *, *, #6214, .T. ) ;
#719 = CARTESIAN_POINT ( 'NONE',  ( -3.649263761375700188, 52.87949357661066330, 38.75867253329993645 ) ) ;
#720 = CARTESIAN_POINT ( 'NONE',  ( 23.74425346923881364, 9.509879833416226447, -6.299630403166124992 ) ) ;
#721 = DIRECTION ( 'NONE',  ( -0.000000000000000000, 0.9626347067015693648, 0.2708032892222390076 ) ) ;
#722 = CARTESIAN_POINT ( 'NONE',  ( -5.506664826485666353, 9.774528422454160648, 26.62502493717770236 ) ) ;
#723 = ORIENTED_EDGE ( 'NONE', *, *, #4165, .T. ) ;
#724 = CARTESIAN_POINT ( 'NONE',  ( -85.37482668035399058, 191.7154629365022345, 102.3069786793788865 ) ) ;
#725 = ORIENTED_EDGE ( 'NONE', *, *, #7733, .F. ) ;
#726 = CARTESIAN_POINT ( 'NONE',  ( 119.4375850158313455, 222.5000000000000853, 117.1918798369648727 ) ) ;
#727 = VECTOR ( 'NONE', #5339, 999.9999999999998863 ) ;
#728 = CARTESIAN_POINT ( 'NONE',  ( -37.11812783944746030, 12.99222091195516704, 2.500000000000000000 ) ) ;
#729 = CARTESIAN_POINT ( 'NONE',  ( -70.34645875728597275, 179.7534325148993730, 94.88498870288142939 ) ) ;
#730 = AXIS2_PLACEMENT_3D ( 'NONE', #333, #963, #5397 ) ;
#731 = DIRECTION ( 'NONE',  ( 0.000000000000000000, -1.000000000000000000, -1.040834085586083310E-14 ) ) ;
#732 = AXIS2_PLACEMENT_3D ( 'NONE', #6915, #6249, #5008 ) ;
#733 = LINE ( 'NONE', #1439, #4766 ) ;
#734 = ORIENTED_EDGE ( 'NONE', *, *, #6157, .T. ) ;
#735 = CARTESIAN_POINT ( 'NONE',  ( -18.51370253461190885, 87.41649213276018315, 8.800321635511432206 ) ) ;
#736 = CARTESIAN_POINT ( 'NONE',  ( 18.35341993643850600, 8.500000000000007105, -22.12883478508959456 ) ) ;
#737 = ORIENTED_EDGE ( 'NONE', *, *, #2615, .T. ) ;
#738 = DIRECTION ( 'NONE',  ( 1.000000000000000000, -4.026401060382563733E-16, 0.000000000000000000 ) ) ;
#739 = ORIENTED_EDGE ( 'NONE', *, *, #3166, .T. ) ;
#740 = CARTESIAN_POINT ( 'NONE',  ( 67.51757240010753947, 176.2790535813547024, -89.70572756727136721 ) ) ;
#741 = VECTOR ( 'NONE', #1790, 1000.000000000000000 ) ;
#742 = LINE ( 'NONE', #5960, #7072 ) ;
#743 = EDGE_CURVE ( 'NONE', #5252, #2854, #4261, .T. ) ;
#744 = CARTESIAN_POINT ( 'NONE',  ( 17.27450110833659380, 89.27423230140085764, 48.99704736899177249 ) ) ;
#745 = AXIS2_PLACEMENT_3D ( 'NONE', #359, #7601, #4705 ) ;
#746 = DIRECTION ( 'NONE',  ( 0.000000000000000000, 1.000000000000000000, 0.000000000000000000 ) ) ;
#747 = EDGE_LOOP ( 'NONE', ( #8415, #3429, #5411, #8479, #5610 ) ) ;
#748 = AXIS2_PLACEMENT_3D ( 'NONE', #5721, #6369, #8370 ) ;
#749 = CARTESIAN_POINT ( 'NONE',  ( -12.18250293251473870, 8.500000000000000000, -26.17181748821585430 ) ) ;
#750 = CARTESIAN_POINT ( 'NONE',  ( -6.190611004176655996, 2.492588271163283929E-15, 17.15805882814741423 ) ) ;
#751 = CARTESIAN_POINT ( 'NONE',  ( 13.01737055843794799, 9.788275134385875376, -24.73837643954097132 ) ) ;
#752 = FACE_OUTER_BOUND ( 'NONE', #3119, .T. ) ;
#753 = CARTESIAN_POINT ( 'NONE',  ( -24.74420466249360118, 9.500000000000008882, -4.500000000000003553 ) ) ;
#754 = CARTESIAN_POINT ( 'NONE',  ( 139.6500000000000057, 0.000000000000000000, -128.6499999999999773 ) ) ;
#755 = AXIS2_PLACEMENT_3D ( 'NONE', #2072, #775, #4759 ) ;
#756 = CARTESIAN_POINT ( 'NONE',  ( -118.8258859957755647, 222.5000000000001705, 118.5675732285358066 ) ) ;
#757 = EDGE_CURVE ( 'NONE', #8549, #6208, #2221, .T. ) ;
#758 = CARTESIAN_POINT ( 'NONE',  ( 3.658154823716720738, 52.69454102696717968, 38.70664266314638979 ) ) ;
#759 = EDGE_CURVE ( 'NONE', #2848, #552, #2261, .T. ) ;
#760 = AXIS2_PLACEMENT_3D ( 'NONE', #8048, #5399, #6129 ) ;
#761 = CARTESIAN_POINT ( 'NONE',  ( 41.81886969338022197, 121.4161155527550306, 50.85022614414025810 ) ) ;
#762 = ORIENTED_EDGE ( 'NONE', *, *, #1091, .F. ) ;
#763 = CARTESIAN_POINT ( 'NONE',  ( -24.60683358881355076, 50.48148155454449437, -3.319382646643824764 ) ) ;
#764 = CIRCLE ( 'NONE', #8251, 1.000000000000000888 ) ;
#765 = DIRECTION ( 'NONE',  ( 0.000000000000000000, 0.000000000000000000, -1.000000000000000000 ) ) ;
#766 = ORIENTED_EDGE ( 'NONE', *, *, #1145, .F. ) ;
#767 = CARTESIAN_POINT ( 'NONE',  ( 13.10988891203686180, 8.500000000000007105, -25.74967030868115003 ) ) ;
#768 = ORIENTED_EDGE ( 'NONE', *, *, #477, .F. ) ;
#769 = CARTESIAN_POINT ( 'NONE',  ( -4.500000000000000888, 49.42675095010444153, 37.78736529329842853 ) ) ;
#770 = AXIS2_PLACEMENT_3D ( 'NONE', #5642, #3749, #2326 ) ;
#771 = DIRECTION ( 'NONE',  ( -0.000000000000000000, -1.000000000000000000, -0.000000000000000000 ) ) ;
#772 = CARTESIAN_POINT ( 'NONE',  ( 81.53375201778611370, 194.8015917120431766, 104.2218055131979639 ) ) ;
#773 = DIRECTION ( 'NONE',  ( 0.3303702727430711805, 0.9438514093265257809, -0.000000000000000000 ) ) ;
#774 = ADVANCED_FACE ( 'NONE', ( #2311 ), #7454, .F. ) ;
#775 = DIRECTION ( 'NONE',  ( 0.000000000000000000, 1.000000000000000000, 0.000000000000000000 ) ) ;
#776 = EDGE_CURVE ( 'NONE', #1926, #5735, #2923, .T. ) ;
#777 = AXIS2_PLACEMENT_3D ( 'NONE', #2360, #6355, #6942 ) ;
#778 = AXIS2_PLACEMENT_3D ( 'NONE', #4943, #2212, #3511 ) ;
#779 = VERTEX_POINT ( 'NONE', #2259 ) ;
#780 = CIRCLE ( 'NONE', #4796, 2.999999999999999112 ) ;
#781 = DIRECTION ( 'NONE',  ( -0.000000000000000000, 1.000000000000000000, -0.000000000000000000 ) ) ;
#782 = VERTEX_POINT ( 'NONE', #6935 ) ;
#783 = CARTESIAN_POINT ( 'NONE',  ( 117.6553171338056671, 222.5000000000000000, 119.8469575957298758 ) ) ;
#784 = CARTESIAN_POINT ( 'NONE',  ( 24.28332098059276944, 52.51138028660696477, -2.843377912936049690 ) ) ;
#785 = CARTESIAN_POINT ( 'NONE',  ( 11.94233556256705953, 60.01616791996196554, 40.76632390181264043 ) ) ;
#786 = DIRECTION ( 'NONE',  ( -0.000000000000000000, -1.000000000000000000, -0.000000000000000000 ) ) ;
#787 = LINE ( 'NONE', #3435, #3794 ) ;
#788 = EDGE_LOOP ( 'NONE', ( #1422, #7953 ) ) ;
#789 = CARTESIAN_POINT ( 'NONE',  ( -17.79887264869807950, 7.166539970633213025E-15, -3.925513032651584133 ) ) ;
#790 = ORIENTED_EDGE ( 'NONE', *, *, #4398, .F. ) ;
#791 = FACE_OUTER_BOUND ( 'NONE', #1697, .T. ) ;
#792 = VERTEX_POINT ( 'NONE', #7593 ) ;
#793 = DIRECTION ( 'NONE',  ( -0.000000000000000000, 1.000000000000000000, -0.000000000000000000 ) ) ;
#794 = DIRECTION ( 'NONE',  ( 3.469446951953612611E-15, -0.000000000000000000, -1.000000000000000000 ) ) ;
#795 = AXIS2_PLACEMENT_3D ( 'NONE', #2836, #4302, #5408 ) ;
#796 = CARTESIAN_POINT ( 'NONE',  ( -132.2500000000000000, 229.9999999999999716, -4.999999999999542588 ) ) ;
#797 = EDGE_LOOP ( 'NONE', ( #4620, #1161, #2312, #7895, #5443, #3523, #5487, #6423, #1212, #2265 ) ) ;
#798 = ADVANCED_FACE ( 'NONE', ( #1663 ), #1011, .F. ) ;
#799 = CARTESIAN_POINT ( 'NONE',  ( -38.36054287937020035, 1.544549305263469632E-14, 34.11790219225090226 ) ) ;
#800 = AXIS2_PLACEMENT_3D ( 'NONE', #2603, #8434, #1223 ) ;
#801 = CARTESIAN_POINT ( 'NONE',  ( -12.34246835640793627, 87.41649213276018315, 42.24154385045486748 ) ) ;
#802 = CARTESIAN_POINT ( 'NONE',  ( 16.76803868631508365, 9.765405353312836212, -22.27143982628376051 ) ) ;
#803 = CYLINDRICAL_SURFACE ( 'NONE', #7355, 5.000000000000004441 ) ;
#804 = FACE_OUTER_BOUND ( 'NONE', #6274, .T. ) ;
#805 = CARTESIAN_POINT ( 'NONE',  ( 2.500000000000000000, 56.53622668406843843, 39.78736529329843563 ) ) ;
#806 = DIRECTION ( 'NONE',  ( -1.000000000000000000, 0.000000000000000000, -0.000000000000000000 ) ) ;
#807 = DIRECTION ( 'NONE',  ( -1.000000000000000000, 0.000000000000000000, -0.000000000000000000 ) ) ;
#808 = CARTESIAN_POINT ( 'NONE',  ( -4.938849362433380463, 9.770803289222239840, -26.63156445936787620 ) ) ;
#809 = CARTESIAN_POINT ( 'NONE',  ( 2.500000000000000000, 56.26542339484620214, -39.75000000000000000 ) ) ;
#810 = ORIENTED_EDGE ( 'NONE', *, *, #4165, .F. ) ;
#811 = EDGE_CURVE ( 'NONE', #6169, #2487, #1817, .T. ) ;
#812 = ORIENTED_EDGE ( 'NONE', *, *, #6315, .F. ) ;
#813 = DIRECTION ( 'NONE',  ( 0.3303702727430710140, -0.9438514093265257809, -0.000000000000000000 ) ) ;
#814 = CARTESIAN_POINT ( 'NONE',  ( -40.67700504028896091, 119.0810664868829889, 50.00582184530286867 ) ) ;
#815 =( NAMED_UNIT ( * ) SI_UNIT ( $, .STERADIAN. ) SOLID_ANGLE_UNIT ( ) );
#816 = DIRECTION ( 'NONE',  ( -4.026401060382563240E-16, -1.000000000000000000, 0.000000000000000000 ) ) ;
#817 = CARTESIAN_POINT ( 'NONE',  ( 121.8831455530563375, 224.5241652044668115, 122.6635444790245231 ) ) ;
#818 = CARTESIAN_POINT ( 'NONE',  ( 24.23177876883822535, 52.83478489955949442, -2.500000000000000000 ) ) ;
#819 = CARTESIAN_POINT ( 'NONE',  ( 38.34048759201160550, 8.500000000000000000, -4.500000000000000888 ) ) ;
#820 = CARTESIAN_POINT ( 'NONE',  ( 3.500000000000000000, 9.500000000000001776, -38.75000000000000000 ) ) ;
#821 = DIRECTION ( 'NONE',  ( 0.000000000000000000, 0.000000000000000000, 1.000000000000000000 ) ) ;
#822 = CARTESIAN_POINT ( 'NONE',  ( -132.2499999999996589, 222.4999999999999716, 107.4500000000004576 ) ) ;
#823 = ORIENTED_EDGE ( 'NONE', *, *, #6356, .F. ) ;
#824 = ADVANCED_FACE ( 'NONE', ( #7135 ), #7045, .F. ) ;
#825 = CARTESIAN_POINT ( 'NONE',  ( 119.1373245550281439, 222.4999999999999716, 118.0047180304253942 ) ) ;
#826 = EDGE_CURVE ( 'NONE', #6737, #2250, #2388, .T. ) ;
#827 = CARTESIAN_POINT ( 'NONE',  ( 24.15104534499271338, 50.68183126515648240, -4.138765292532114337 ) ) ;
#828 = CARTESIAN_POINT ( 'NONE',  ( -74.37635831402674569, 187.9943507095827044, 99.99816849613922898 ) ) ;
#829 = DIRECTION ( 'NONE',  ( 0.9438514093265257809, -0.3303702727430711805, 0.000000000000000000 ) ) ;
#830 = CYLINDRICAL_SURFACE ( 'NONE', #8343, 1.000000000000000888 ) ;
#831 = CARTESIAN_POINT ( 'NONE',  ( -38.36054287936816110, 36.48528137423860329, -34.11790219225091647 ) ) ;
#832 = ORIENTED_EDGE ( 'NONE', *, *, #4414, .T. ) ;
#833 = CARTESIAN_POINT ( 'NONE',  ( -40.65913521830348998, 119.0445237048452896, 50.10912376220377240 ) ) ;
#834 = DIRECTION ( 'NONE',  ( -1.734808146315999476E-15, -0.000000000000000000, -1.000000000000000000 ) ) ;
#835 = ADVANCED_FACE ( 'NONE', ( #5778 ), #3813, .F. ) ;
#836 = ORIENTED_EDGE ( 'NONE', *, *, #3188, .F. ) ;
#837 = CARTESIAN_POINT ( 'NONE',  ( -68.77305503950388754, 176.7960527937182178, -87.32719435105727257 ) ) ;
#838 = ORIENTED_EDGE ( 'NONE', *, *, #6068, .T. ) ;
#839 = CARTESIAN_POINT ( 'NONE',  ( 68.50820040728000038, 176.5580375401749222, -88.03679469810444402 ) ) ;
#840 = CARTESIAN_POINT ( 'NONE',  ( -4.500000000000000888, 9.500000000000001776, 27.59419916606945122 ) ) ;
#841 = VERTEX_POINT ( 'NONE', #4507 ) ;
#842 = DIRECTION ( 'NONE',  ( -0.000000000000000000, 1.000000000000000000, -0.000000000000000000 ) ) ;
#843 = CARTESIAN_POINT ( 'NONE',  ( -2.637553597598094157, 56.53622670213922419, -39.78736529838202074 ) ) ;
#844 = DIRECTION ( 'NONE',  ( -0.000000000000000000, 1.000000000000000000, -0.000000000000000000 ) ) ;
#845 = DIRECTION ( 'NONE',  ( 0.000000000000000000, 0.000000000000000000, 1.000000000000000000 ) ) ;
#846 = VECTOR ( 'NONE', #8564, 1000.000000000000000 ) ;
#847 = CARTESIAN_POINT ( 'NONE',  ( 23.73427553772389587, 9.500000000000001776, -3.500000000000000000 ) ) ;
#848 = DIRECTION ( 'NONE',  ( -0.7071067811865489050, 2.847095493573221477E-16, 0.7071067811865462405 ) ) ;
#849 = DIRECTION ( 'NONE',  ( 0.000000000000000000, 0.000000000000000000, 1.000000000000000000 ) ) ;
#850 = EDGE_CURVE ( 'NONE', #1007, #3678, #4914, .T. ) ;
#851 = CARTESIAN_POINT ( 'NONE',  ( 69.00000000000000000, 177.0000000000000000, 85.92752664624262593 ) ) ;
#852 = VERTEX_POINT ( 'NONE', #3698 ) ;
#853 = CARTESIAN_POINT ( 'NONE',  ( -24.14647668158838201, 50.21943071341839016, -4.235447154113455959 ) ) ;
#854 = CARTESIAN_POINT ( 'NONE',  ( 27.72472064656875190, 109.4247441004669668, -54.66568245633059320 ) ) ;
#855 = VERTEX_POINT ( 'NONE', #387 ) ;
#856 = ORIENTED_EDGE ( 'NONE', *, *, #3018, .F. ) ;
#857 = CARTESIAN_POINT ( 'NONE',  ( 0.000000000000000000, 229.9999999999999716, -132.2500000000000000 ) ) ;
#858 = APPLICATION_PROTOCOL_DEFINITION ( 'draft international standard', 'automotive_design', 1998, #1937 ) ;
#859 = CARTESIAN_POINT ( 'NONE',  ( 119.6307288578716879, 222.4999999999999716, 139.6500000000000057 ) ) ;
#860 = DIRECTION ( 'NONE',  ( 0.000000000000000000, 0.9626347067015693648, -0.2708032892222390076 ) ) ;
#861 = VECTOR ( 'NONE', #4112, 1000.000000000000000 ) ;
#862 = CARTESIAN_POINT ( 'NONE',  ( 5.085854180375626754, 1.000000000000000444, 17.82680998471258249 ) ) ;
#863 = DIRECTION ( 'NONE',  ( 0.000000000000000000, 0.000000000000000000, -1.000000000000000000 ) ) ;
#864 = EDGE_CURVE ( 'NONE', #3727, #4282, #7367, .T. ) ;
#865 = VERTEX_POINT ( 'NONE', #5066 ) ;
#866 = CARTESIAN_POINT ( 'NONE',  ( -24.41383171847507327, 85.82379070519620257, 39.73612998050331413 ) ) ;
#867 = LINE ( 'NONE', #5572, #5395 ) ;
#868 = ORIENTED_EDGE ( 'NONE', *, *, #3210, .T. ) ;
#869 = DIRECTION ( 'NONE',  ( -1.000000000000000000, -0.000000000000000000, 0.000000000000000000 ) ) ;
#870 = DIRECTION ( 'NONE',  ( 0.000000000000000000, 1.000000000000000000, 0.000000000000000000 ) ) ;
#871 = CARTESIAN_POINT ( 'NONE',  ( -72.36140853565636633, 183.8738916122410672, 97.44157859951033629 ) ) ;
#872 = DIRECTION ( 'NONE',  ( 1.000000000000000000, 0.000000000000000000, 0.000000000000000000 ) ) ;
#873 = CARTESIAN_POINT ( 'NONE',  ( -38.66142681920377555, 8.500000000000000000, -3.554678142873358926 ) ) ;
#874 = CARTESIAN_POINT ( 'NONE',  ( 0.000000000000000000, 222.4999999999999716, -132.2500000000000000 ) ) ;
#875 = EDGE_CURVE ( 'NONE', #8120, #1035, #4878, .T. ) ;
#876 = ADVANCED_FACE ( 'NONE', ( #7013 ), #1678, .T. ) ;
#877 = DIRECTION ( 'NONE',  ( 1.000000000000000000, 0.000000000000000000, -0.000000000000000000 ) ) ;
#878 = VERTEX_POINT ( 'NONE', #5817 ) ;
#879 = CARTESIAN_POINT ( 'NONE',  ( -14.15933185562234797, 5.701114879778640868E-15, -11.46975976141678721 ) ) ;
#880 = DIRECTION ( 'NONE',  ( 0.000000000000000000, 0.000000000000000000, 1.000000000000000000 ) ) ;
#881 = ORIENTED_EDGE ( 'NONE', *, *, #2443, .F. ) ;
#882 = FACE_OUTER_BOUND ( 'NONE', #4242, .T. ) ;
#883 = ORIENTED_EDGE ( 'NONE', *, *, #1923, .F. ) ;
#884 = CARTESIAN_POINT ( 'NONE',  ( -17.95907887796247948, 103.1823073443301695, -52.90959326221044279 ) ) ;
#885 = CARTESIAN_POINT ( 'NONE',  ( 4.500000000000000888, 8.500000000000000000, -27.59419916606945122 ) ) ;
#886 = CIRCLE ( 'NONE', #6822, 5.000000000000004441 ) ;
#887 = CIRCLE ( 'NONE', #6824, 2.700000000000008171 ) ;
#888 = ADVANCED_FACE ( 'NONE', ( #6559 ), #4586, .F. ) ;
#889 = DIRECTION ( 'NONE',  ( 0.000000000000000000, 1.000000000000000000, 0.000000000000000000 ) ) ;
#890 = DIRECTION ( 'NONE',  ( -0.000000000000000000, 1.000000000000000000, -0.000000000000000000 ) ) ;
#891 = CIRCLE ( 'NONE', #7229, 4.999999999999976907 ) ;
#892 = VECTOR ( 'NONE', #6130, 1000.000000000000000 ) ;
#893 = EDGE_LOOP ( 'NONE', ( #5772, #4923, #2046 ) ) ;
#894 = CARTESIAN_POINT ( 'NONE',  ( -24.14137322303829336, 8.500000000000000000, -11.63863609550868361 ) ) ;
#895 = AXIS2_PLACEMENT_3D ( 'NONE', #6636, #8073, #1503 ) ;
#896 = CARTESIAN_POINT ( 'NONE',  ( -5.001881619155670755, 2.013958145527645029E-15, 17.54428597496414000 ) ) ;
#897 = ORIENTED_EDGE ( 'NONE', *, *, #4835, .T. ) ;
#898 = CARTESIAN_POINT ( 'NONE',  ( 4.500000000000000888, 8.500000000000000000, 27.59419916606945122 ) ) ;
#899 = CARTESIAN_POINT ( 'NONE',  ( -4.500000000000000888, 9.500000000000001776, 0.000000000000000000 ) ) ;
#900 = CARTESIAN_POINT ( 'NONE',  ( 128.6499999999999773, 222.4999999999999716, 139.6500000000000057 ) ) ;
#901 = DIRECTION ( 'NONE',  ( 0.000000000000000000, 0.000000000000000000, 1.000000000000000000 ) ) ;
#902 = VECTOR ( 'NONE', #7434, 1000.000000000000114 ) ;
#903 = ORIENTED_EDGE ( 'NONE', *, *, #7036, .T. ) ;
#904 = CARTESIAN_POINT ( 'NONE',  ( -25.11745863182679273, 47.27753493378493488, -3.499999999999999556 ) ) ;
#905 = LINE ( 'NONE', #6689, #6401 ) ;
#906 = ORIENTED_EDGE ( 'NONE', *, *, #116, .T. ) ;
#907 = ORIENTED_EDGE ( 'NONE', *, *, #4163, .F. ) ;
#908 = DIRECTION ( 'NONE',  ( 1.000000000000000000, 0.000000000000000000, 0.000000000000000000 ) ) ;
#909 = DIRECTION ( 'NONE',  ( -0.7071067811865470176, 0.000000000000000000, -0.7071067811865479058 ) ) ;
#910 = CARTESIAN_POINT ( 'NONE',  ( 23.74420466249360118, 9.500000000000008882, 139.6500000000000057 ) ) ;
#911 = CARTESIAN_POINT ( 'NONE',  ( 101.7496533607079812, 206.4309258730044974, 111.4373699729001146 ) ) ;
#912 = AXIS2_PLACEMENT_3D ( 'NONE', #2384, #2498, #2344 ) ;
#913 = CARTESIAN_POINT ( 'NONE',  ( 22.89587953930300657, 8.500000000000023093, 15.49586389518242768 ) ) ;
#914 = CIRCLE ( 'NONE', #1177, 1.000000000000001110 ) ;
#915 = ORIENTED_EDGE ( 'NONE', *, *, #6468, .F. ) ;
#916 =( BOUNDED_SURFACE ( )  B_SPLINE_SURFACE ( 3, 2, ( 
 ( #4698, #3915, #1364 ),
 ( #4606, #6489, #4048 ),
 ( #3230, #7329, #4565 ),
 ( #39, #3957, #1235 ),
 ( #2710, #2054, #4531 ),
 ( #5839, #4658, #7813 ),
 ( #2617, #8490, #5241 ),
 ( #8446, #5333, #7289 ),
 ( #7897, #6676, #749 ),
 ( #4001, #2579, #7985 ),
 ( #6584, #5800, #658 ),
 ( #5203, #7238, #7854 ),
 ( #6632, #3352, #7941 ),
 ( #5920, #5968, #8570 ),
 ( #7191, #2529, #5162 ),
 ( #1878, #1958, #2659 ),
 ( #5282, #6771, #4141 ),
 ( #6155, #3448, #4274 ),
 ( #4099, #1545, #7466 ),
 ( #2755, #2850, #8206 ),
 ( #3538, #2277, #230 ),
 ( #4921, #7565, #894 ),
 ( #2940, #5474, #5555 ),
 ( #1454, #4832, #4738 ),
 ( #8069, #4874, #2898 ),
 ( #5517, #5375, #3584 ) ),
 .UNSPECIFIED., .F., .F., .F. ) 
 B_SPLINE_SURFACE_WITH_KNOTS ( ( 4, 2, 2, 2, 2, 2, 2, 2, 2, 2, 2, 2, 4 ),
 ( 3, 3 ),
 ( 0.000000000000000000, 0.004034133196057781631, 0.005042666495072227473, 0.006051199794086672447, 0.008068266392115563262, 0.01210239958817334489, 0.01613653278423112652, 0.01815359938226001821, 0.02017066598028890989, 0.02420479917634668979, 0.02622186577437558147, 0.02823893237240446968, 0.03227306556846225305 ),
 ( 0.000000000000000000, 1.000000000000000000 ),
 .UNSPECIFIED. ) 
 GEOMETRIC_REPRESENTATION_ITEM ( )  RATIONAL_B_SPLINE_SURFACE ( (
 ( 1.000000000000000000, 0.6038198037402194851, 1.000000000000000000),
 ( 1.000000000000000000, 0.6001716483012344838, 1.000000000000000000),
 ( 1.000000000000000000, 0.5976676042115287579, 1.000000000000000000),
 ( 1.000000000000000000, 0.5960096582838999568, 1.000000000000000000),
 ( 1.000000000000000000, 0.5957519168047371583, 1.000000000000000000),
 ( 1.000000000000000000, 0.5953866053908636324, 1.000000000000000000),
 ( 1.000000000000000000, 0.5952791142618215625, 1.000000000000000000),
 ( 1.000000000000000000, 0.5951865678271180959, 1.000000000000000000),
 ( 1.000000000000000000, 0.5954285437314796869, 1.000000000000000000),
 ( 1.000000000000000000, 0.5970238273972721110, 1.000000000000000000),
 ( 1.000000000000000000, 0.5992423480768820365, 1.000000000000000000),
 ( 1.000000000000000000, 0.6058995005945833068, 1.000000000000000000),
 ( 1.000000000000000000, 0.6102229037345650031, 1.000000000000000000),
 ( 1.000000000000000000, 0.6179737768518644980, 1.000000000000000000),
 ( 1.000000000000000000, 0.6207700752455376225, 1.000000000000000000),
 ( 1.000000000000000000, 0.6267685539203813327, 1.000000000000000000),
 ( 1.000000000000000000, 0.6299534982345433853, 1.000000000000000000),
 ( 1.000000000000000000, 0.6398876273499695122, 1.000000000000000000),
 ( 1.000000000000000000, 0.6470594545946943832, 1.000000000000000000),
 ( 1.000000000000000000, 0.6585066255481653030, 1.000000000000000000),
 ( 1.000000000000000000, 0.6624540841365933463, 1.000000000000000000),
 ( 1.000000000000000000, 0.6704321436310638482, 1.000000000000000000),
 ( 1.000000000000000000, 0.6744744543594395347, 1.000000000000000000),
 ( 1.000000000000000000, 0.6867387990697850775, 1.000000000000000000),
 ( 1.000000000000000000, 0.6950972705284429454, 1.000000000000000000),
 ( 1.000000000000000000, 0.7036050620141154344, 1.000000000000000000) ) ) 
 REPRESENTATION_ITEM ( '' )  SURFACE ( )  );
#917 = DIRECTION ( 'NONE',  ( 0.000000000000000000, 0.000000000000000000, 1.000000000000000000 ) ) ;
#918 = ORIENTED_EDGE ( 'NONE', *, *, #6488, .T. ) ;
#919 = DIRECTION ( 'NONE',  ( 0.000000000000000000, 0.000000000000000000, 1.000000000000000000 ) ) ;
#920 = ORIENTED_EDGE ( 'NONE', *, *, #6913, .T. ) ;
#921 = AXIS2_PLACEMENT_3D ( 'NONE', #434, #5033, #4272 ) ;
#922 = CARTESIAN_POINT ( 'NONE',  ( -22.45064030267087318, 36.48528137423859619, -22.45064030267285204 ) ) ;
#923 = VECTOR ( 'NONE', #4976, 1000.000000000000000 ) ;
#924 = CARTESIAN_POINT ( 'NONE',  ( 25.11745863182679628, 47.27753493378494909, -3.500000000000000444 ) ) ;
#925 = ADVANCED_FACE ( 'NONE', ( #7830 ), #7170, .F. ) ;
#926 = CARTESIAN_POINT ( 'NONE',  ( 114.2834053784940096, 224.2325175850476739, -122.4825881002403349 ) ) ;
#927 = LINE ( 'NONE', #3347, #3065 ) ;
#928 = AXIS2_PLACEMENT_3D ( 'NONE', #6327, #2403, #4965 ) ;
#929 = CARTESIAN_POINT ( 'NONE',  ( -23.77139899355054808, 12.25731476308552281, -7.455085942938506349 ) ) ;
#930 = CARTESIAN_POINT ( 'NONE',  ( -21.29979104959743808, 8.499999999999987566, 18.43556397786747425 ) ) ;
#931 = CYLINDRICAL_SURFACE ( 'NONE', #795, 5.000000000000004441 ) ;
#932 = ORIENTED_EDGE ( 'NONE', *, *, #7519, .T. ) ;
#933 = AXIS2_PLACEMENT_3D ( 'NONE', #6798, #870, #6088 ) ;
#934 = CARTESIAN_POINT ( 'NONE',  ( -3.085786437626904632, 56.26542339484620214, 39.74999999999999289 ) ) ;
#935 = EDGE_CURVE ( 'NONE', #8205, #1246, #2776, .T. ) ;
#936 = VERTEX_POINT ( 'NONE', #3428 ) ;
#937 = CARTESIAN_POINT ( 'NONE',  ( 24.28541820681862617, 8.500000000000014211, -10.97899073157142347 ) ) ;
#938 = B_SPLINE_CURVE_WITH_KNOTS ( 'NONE', 3,
 ( #1265, #2649, #3866, #7282, #1355, #3221, #7181 ),
 .UNSPECIFIED., .F., .F.,
 ( 4, 3, 4 ),
 ( -0.09781566862524740391, -0.02631465750806037673, -0.02379198230751260190 ),
 .UNSPECIFIED. ) ;
#939 =( GEOMETRIC_REPRESENTATION_CONTEXT ( 3 ) GLOBAL_UNCERTAINTY_ASSIGNED_CONTEXT ( ( #1942 ) ) GLOBAL_UNIT_ASSIGNED_CONTEXT ( ( #3247, #5349, #815 ) ) REPRESENTATION_CONTEXT ( 'NONE', 'WORKASPACE' ) );
#940 = CARTESIAN_POINT ( 'NONE',  ( 132.2499999999988916, 222.4999999999999716, -104.7500000000013785 ) ) ;
#941 = CARTESIAN_POINT ( 'NONE',  ( -34.45920245038954022, 122.4104287123563211, 58.31874636647322774 ) ) ;
#942 = CARTESIAN_POINT ( 'NONE',  ( 8.691772750449903384, 0.9999999999999988898, 16.37030331351277468 ) ) ;
#943 = VERTEX_POINT ( 'NONE', #6040 ) ;
#944 = LINE ( 'NONE', #8026, #1323 ) ;
#945 = ADVANCED_FACE ( 'NONE', ( #5928, #8414 ), #8535, .F. ) ;
#946 = EDGE_CURVE ( 'NONE', #679, #142, #2544, .T. ) ;
#947 = CARTESIAN_POINT ( 'NONE',  ( -3.007755225399103782, 55.99239606799835656, -39.63437774923169599 ) ) ;
#948 = EDGE_LOOP ( 'NONE', ( #5398, #5213, #1534, #6631 ) ) ;
#949 = DIRECTION ( 'NONE',  ( 0.000000000000000000, 0.000000000000000000, 1.000000000000000000 ) ) ;
#950 = LINE ( 'NONE', #3587, #6477 ) ;
#951 = ORIENTED_EDGE ( 'NONE', *, *, #8503, .T. ) ;
#952 = DIRECTION ( 'NONE',  ( 1.000000000000000000, -4.026401060382563240E-16, 0.000000000000000000 ) ) ;
#953 = DIRECTION ( 'NONE',  ( -0.000000000000000000, 1.000000000000000000, -0.000000000000000000 ) ) ;
#954 = ORIENTED_EDGE ( 'NONE', *, *, #8070, .T. ) ;
#955 = EDGE_LOOP ( 'NONE', ( #8299, #4121, #273, #5132 ) ) ;
#956 = CARTESIAN_POINT ( 'NONE',  ( -37.02586956556425690, 118.3653852599638441, -55.87589453710453569 ) ) ;
#957 = CARTESIAN_POINT ( 'NONE',  ( -5.262112214712142411, 9.772967120784985084, -26.63001987934053361 ) ) ;
#958 = CARTESIAN_POINT ( 'NONE',  ( 118.1244800410619717, 221.1463888095067603, 120.5677612664213569 ) ) ;
#959 = CARTESIAN_POINT ( 'NONE',  ( -24.14137322291886179, 8.499999999999998224, -11.63863609549150979 ) ) ;
#960 = EDGE_LOOP ( 'NONE', ( #2798, #2423, #7046, #7865, #932, #906, #5548, #7826, #2262, #8192, #5850, #6855 ) ) ;
#961 = DIRECTION ( 'NONE',  ( 1.000000000000000000, 0.000000000000000000, -0.000000000000000000 ) ) ;
#962 = EDGE_LOOP ( 'NONE', ( #2767, #1012, #5197, #3536 ) ) ;
#963 = DIRECTION ( 'NONE',  ( 0.000000000000000000, -1.000000000000000000, 0.000000000000000000 ) ) ;
#964 = ORIENTED_EDGE ( 'NONE', *, *, #7893, .F. ) ;
#965 = CARTESIAN_POINT ( 'NONE',  ( 104.7500000000000000, 222.4999999999999716, -129.5500000000000114 ) ) ;
#966 = ORIENTED_EDGE ( 'NONE', *, *, #6511, .T. ) ;
#967 = CARTESIAN_POINT ( 'NONE',  ( -64.14165317891318807, 176.9054435284479325, -92.85135475174654118 ) ) ;
#968 = DIRECTION ( 'NONE',  ( -0.000000000000000000, 1.000000000000000000, -0.000000000000000000 ) ) ;
#969 = CARTESIAN_POINT ( 'NONE',  ( 8.154144141087757092, 9.787262240592061957, -26.36025687054724997 ) ) ;
#970 = FACE_OUTER_BOUND ( 'NONE', #8, .T. ) ;
#971 = EDGE_CURVE ( 'NONE', #1640, #7281, #4466, .T. ) ;
#972 = CARTESIAN_POINT ( 'NONE',  ( -23.57256040634438321, 8.499999999990819788, 8.894244535804270768 ) ) ;
#973 = DIRECTION ( 'NONE',  ( 0.000000000000000000, 0.2708032892222309584, 0.9626347067015715853 ) ) ;
#974 = SPHERICAL_SURFACE ( 'NONE', #3822, 1.000000000000000000 ) ;
#975 = ORIENTED_EDGE ( 'NONE', *, *, #2253, .T. ) ;
#976 = CARTESIAN_POINT ( 'NONE',  ( -23.58572472490096672, -6.535027037734855604, -22.04449476896594007 ) ) ;
#977 = CARTESIAN_POINT ( 'NONE',  ( 33.76852986489500097, 120.1265800839803433, 57.88876937600630868 ) ) ;
#978 = FACE_OUTER_BOUND ( 'NONE', #1234, .T. ) ;
#979 = DIRECTION ( 'NONE',  ( 0.000000000000000000, 0.000000000000000000, 1.000000000000000000 ) ) ;
#980 = EDGE_CURVE ( 'NONE', #513, #5812, #3649, .T. ) ;
#981 = CARTESIAN_POINT ( 'NONE',  ( -35.36028566416223384, 124.1479317250574894, 58.80753149711249961 ) ) ;
#982 = DIRECTION ( 'NONE',  ( 0.000000000000000000, 0.000000000000000000, 1.000000000000000000 ) ) ;
#983 = ORIENTED_EDGE ( 'NONE', *, *, #2942, .T. ) ;
#984 = DIRECTION ( 'NONE',  ( 0.000000000000000000, 0.000000000000000000, 1.000000000000000000 ) ) ;
#985 = CARTESIAN_POINT ( 'NONE',  ( 0.000000000000000000, 229.9999999999999716, 132.2500000000000000 ) ) ;
#986 = VERTEX_POINT ( 'NONE', #7906 ) ;
#987 = FACE_OUTER_BOUND ( 'NONE', #7727, .T. ) ;
#988 = DIRECTION ( 'NONE',  ( -4.026401060382563240E-16, -1.000000000000000000, -0.000000000000000000 ) ) ;
#989 = EDGE_CURVE ( 'NONE', #1578, #2487, #7082, .T. ) ;
#990 = ADVANCED_FACE ( 'NONE', ( #3194 ), #7482, .T. ) ;
#991 = CARTESIAN_POINT ( 'NONE',  ( 24.12522552400243825, 48.06857254700324944, 4.499999998059416306 ) ) ;
#992 = CYLINDRICAL_SURFACE ( 'NONE', #468, 1.000000000000000666 ) ;
#993 = DIRECTION ( 'NONE',  ( 0.000000000000000000, 0.000000000000000000, 1.000000000000000000 ) ) ;
#994 = EDGE_LOOP ( 'NONE', ( #2787, #626, #3087, #1003 ) ) ;
#995 = AXIS2_PLACEMENT_3D ( 'NONE', #4113, #5987, #2025 ) ;
#996 = ORIENTED_EDGE ( 'NONE', *, *, #4664, .T. ) ;
#997 = CARTESIAN_POINT ( 'NONE',  ( 14.65587893420478416, 9.781843824948419197, 23.84555294752722077 ) ) ;
#998 = CARTESIAN_POINT ( 'NONE',  ( -25.04432443495393557, 87.11311288945636022, 40.13426666595285752 ) ) ;
#999 = CARTESIAN_POINT ( 'NONE',  ( -3.148351528231625007, 54.64798021318821952, 39.52249473245991140 ) ) ;
#1000 = CARTESIAN_POINT ( 'NONE',  ( 104.7500000000000000, 229.9999999999999716, 132.2500000000000000 ) ) ;
#1001 = CARTESIAN_POINT ( 'NONE',  ( -2.583404794687970796, 1.000000000000003553, 18.34198800857245359 ) ) ;
#1002 = EDGE_CURVE ( 'NONE', #4669, #7775, #1243, .T. ) ;
#1003 = ORIENTED_EDGE ( 'NONE', *, *, #2310, .T. ) ;
#1004 = FACE_BOUND ( 'NONE', #7165, .T. ) ;
#1005 = VERTEX_POINT ( 'NONE', #1280 ) ;
#1006 = FACE_BOUND ( 'NONE', #7068, .T. ) ;
#1007 = VERTEX_POINT ( 'NONE', #3922 ) ;
#1008 = PLANE ( 'NONE',  #7570 ) ;
#1009 = DIRECTION ( 'NONE',  ( -0.000000000000000000, 1.000000000000000000, -0.000000000000000000 ) ) ;
#1010 = CARTESIAN_POINT ( 'NONE',  ( 12.98620304616108712, 9.788183310222082767, -24.74437355108468495 ) ) ;
#1011 = CYLINDRICAL_SURFACE ( 'NONE', #7103, 1.000000000000000888 ) ;
#1012 = ORIENTED_EDGE ( 'NONE', *, *, #2784, .F. ) ;
#1013 = CARTESIAN_POINT ( 'NONE',  ( -7.305840457278536704, 2.941624376417212936E-15, -16.66927398577371022 ) ) ;
#1014 = CARTESIAN_POINT ( 'NONE',  ( 3.306546357697840421E-16, 222.4999999999999716, -134.9500000000000171 ) ) ;
#1015 = FACE_OUTER_BOUND ( 'NONE', #893, .T. ) ;
#1016 = CARTESIAN_POINT ( 'NONE',  ( -24.27506694604273463, 63.23422387490283825, -28.89382918582663606 ) ) ;
#1017 = CARTESIAN_POINT ( 'NONE',  ( 20.12383579204235673, 9.714092243962991091, -18.44488690326704727 ) ) ;
#1018 = CARTESIAN_POINT ( 'NONE',  ( -24.23813469959316436, 52.79490423953727429, 2.638658884424739615 ) ) ;
#1019 = DIRECTION ( 'NONE',  ( -3.469446951953611033E-15, 0.000000000000000000, 1.000000000000000000 ) ) ;
#1020 = DIRECTION ( 'NONE',  ( -0.3303702727430711805, -0.9438514093265257809, 0.000000000000000000 ) ) ;
#1021 = ADVANCED_BREP_SHAPE_REPRESENTATION ( '3HR0076-01-R1 (Combine) STEP', ( #1281, #3023 ), #939 ) ;
#1022 = CARTESIAN_POINT ( 'NONE',  ( 11.85747494681107383, 0.9999999999999976685, -14.07935099051024785 ) ) ;
#1023 = VERTEX_POINT ( 'NONE', #4871 ) ;
#1024 = CARTESIAN_POINT ( 'NONE',  ( -68.77305503950394439, 176.7960527937182462, 87.32719435105734362 ) ) ;
#1025 = CARTESIAN_POINT ( 'NONE',  ( -4.499999998761967213, 50.37049172035503375, -38.05285344054451713 ) ) ;
#1026 = EDGE_LOOP ( 'NONE', ( #3666, #3687, #5202, #1342 ) ) ;
#1027 = EDGE_CURVE ( 'NONE', #2383, #24, #5551, .T. ) ;
#1028 = CARTESIAN_POINT ( 'NONE',  ( 2.500000000000000000, 0.000000000000000000, -38.75000000000000000 ) ) ;
#1029 = LINE ( 'NONE', #2282, #5793 ) ;
#1030 = FACE_OUTER_BOUND ( 'NONE', #8536, .T. ) ;
#1031 = AXIS2_PLACEMENT_3D ( 'NONE', #4146, #6820, #1459 ) ;
#1032 = VECTOR ( 'NONE', #2824, 1000.000000000000000 ) ;
#1033 = DIRECTION ( 'NONE',  ( 0.000000000000000000, 0.5272234480220612252, -0.8497266830315081121 ) ) ;
#1034 = CARTESIAN_POINT ( 'NONE',  ( 4.500000000000003553, 9.770803289222232735, 26.63156445936788330 ) ) ;
#1035 = VERTEX_POINT ( 'NONE', #8157 ) ;
#1036 = ORIENTED_EDGE ( 'NONE', *, *, #946, .T. ) ;
#1037 = CARTESIAN_POINT ( 'NONE',  ( 11.55521568080907180, 8.500000000000021316, 26.41826139870284962 ) ) ;
#1038 = CARTESIAN_POINT ( 'NONE',  ( -139.6500000000000057, 222.4999999999999716, 128.6499999999999773 ) ) ;
#1039 = ADVANCED_FACE ( 'NONE', ( #3617, #2229 ), #2063, .F. ) ;
#1040 = DIRECTION ( 'NONE',  ( -0.000000000000000000, 1.000000000000000000, -0.000000000000000000 ) ) ;
#1041 = CARTESIAN_POINT ( 'NONE',  ( 14.15933185562234264, -5.701114879778640079E-15, -11.46975976141678899 ) ) ;
#1042 = AXIS2_PLACEMENT_3D ( 'NONE', #5405, #161, #877 ) ;
#1043 = ORIENTED_EDGE ( 'NONE', *, *, #4308, .T. ) ;
#1044 = VECTOR ( 'NONE', #3407, 1000.000000000000000 ) ;
#1045 = CARTESIAN_POINT ( 'NONE',  ( 4.138491120745144691, 53.52698046735608273, -38.94082011069478710 ) ) ;
#1046 = ORIENTED_EDGE ( 'NONE', *, *, #6902, .F. ) ;
#1047 = SPHERICAL_SURFACE ( 'NONE', #4784, 1.000000000000000000 ) ;
#1048 = VECTOR ( 'NONE', #4894, 1000.000000000000000 ) ;
#1049 = CARTESIAN_POINT ( 'NONE',  ( -63.32451480530200172, 177.2665251094623216, -93.27515705703810056 ) ) ;
#1050 = EDGE_CURVE ( 'NONE', #782, #8094, #4491, .T. ) ;
#1051 = EDGE_CURVE ( 'NONE', #3851, #4130, #4961, .T. ) ;
#1052 = CIRCLE ( 'NONE', #5847, 1.000000000000001332 ) ;
#1053 = CIRCLE ( 'NONE', #6150, 2.700000000000008171 ) ;
#1054 = CARTESIAN_POINT ( 'NONE',  ( -17.36327860447406479, 8.500000000000000000, 23.03384533592340944 ) ) ;
#1055 = CARTESIAN_POINT ( 'NONE',  ( -20.93137345671637561, 8.500000000000003553, 18.99543636286971449 ) ) ;
#1056 = CARTESIAN_POINT ( 'NONE',  ( -15.73731124075470866, 0.9999999999999988898, -9.340130589362008351 ) ) ;
#1057 = DIRECTION ( 'NONE',  ( -0.000000000000000000, -1.000000000000000000, -0.000000000000000000 ) ) ;
#1058 = CARTESIAN_POINT ( 'NONE',  ( 19.48358976007261489, 8.500000000000007105, -20.86520758190391334 ) ) ;
#1059 = AXIS2_PLACEMENT_3D ( 'NONE', #614, #6533, #3272 ) ;
#1060 = CARTESIAN_POINT ( 'NONE',  ( -24.35912097720427028, 52.03576878200930622, 3.035261871262608491 ) ) ;
#1061 = LINE ( 'NONE', #3497, #2535 ) ;
#1062 = CARTESIAN_POINT ( 'NONE',  ( 0.000000000000000000, 8.500000000000000000, -57.25000000000000000 ) ) ;
#1063 = FACE_OUTER_BOUND ( 'NONE', #2289, .T. ) ;
#1064 = AXIS2_PLACEMENT_3D ( 'NONE', #2599, #557, #3213 ) ;
#1065 = CARTESIAN_POINT ( 'NONE',  ( 18.20358859669335061, 0.9999999999999952260, -1.000008714907283158 ) ) ;
#1066 = VERTEX_POINT ( 'NONE', #5514 ) ;
#1067 =( BOUNDED_SURFACE ( )  B_SPLINE_SURFACE ( 3, 2, ( 
 ( #1669, #6353, #1630 ),
 ( #5632, #5550, #4304 ),
 ( #428, #2269, #3613 ),
 ( #3057, #6191, #937 ),
 ( #5590, #6234, #4910 ),
 ( #5027, #4223, #7555 ),
 ( #5668, #8247, #2432 ),
 ( #3092, #4269, #2318 ),
 ( #5072, #6941, #7598 ),
 ( #6281, #6899, #4957 ),
 ( #1017, #3739, #354 ),
 ( #3026, #7673, #8283 ),
 ( #1750, #8317, #1582 ),
 ( #2359, #4990, #7636 ),
 ( #4345, #6982, #1058 ),
 ( #3705, #4387, #7019 ),
 ( #8353, #1132, #7051 ),
 ( #3777, #4419, #7711 ),
 ( #1787, #2351, #4985 ),
 ( #8144, #5327, #6846 ),
 ( #3646, #8277, #4260 ),
 ( #1010, #3014, #7980 ),
 ( #2218, #6934, #2970 ),
 ( #5961, #7629, #7497 ),
 ( #1572, #5623, #6183 ),
 ( #969, #34, #5581 ),
 ( #2306, #1703, #5542 ),
 ( #6626, #1405, #4860 ),
 ( #4212, #254, #8189 ),
 ( #8236, #4950, #298 ) ),
 .UNSPECIFIED., .F., .F., .F. ) 
 B_SPLINE_SURFACE_WITH_KNOTS ( ( 4, 2, 2, 2, 2, 2, 2, 2, 2, 2, 2, 2, 2, 2, 4 ),
 ( 3, 3 ),
 ( 0.000000000000000000, 0.004020129209460765463, 0.006030193814191148194, 0.008040258418921530925, 0.01206038762838229639, 0.01407045223311267912, 0.01507548453547787048, 0.01608051683784306185, 0.02010064604730382731, 0.02211071065203421004, 0.02311574295439940141, 0.02412077525676459278, 0.02814090446622535824, 0.03015096907095574097, 0.03216103367568612370 ),
 ( 0.000000000000000000, 1.000000000000000000 ),
 .UNSPECIFIED. ) 
 GEOMETRIC_REPRESENTATION_ITEM ( )  RATIONAL_B_SPLINE_SURFACE ( (
 ( 1.000000000000000000, 0.7036050620141154344, 1.000000000000000000),
 ( 1.000000000000000000, 0.6950866112245027706, 1.000000000000000000),
 ( 1.000000000000000000, 0.6867314138726697825, 1.000000000000000000),
 ( 1.000000000000000000, 0.6744902967790021853, 1.000000000000000000),
 ( 1.000000000000000000, 0.6704587897542977348, 1.000000000000000000),
 ( 1.000000000000000000, 0.6625080527908713268, 1.000000000000000000),
 ( 1.000000000000000000, 0.6585776959175387857, 1.000000000000000000),
 ( 1.000000000000000000, 0.6470594485845421184, 1.000000000000000000),
 ( 1.000000000000000000, 0.6398916484782359859, 1.000000000000000000),
 ( 1.000000000000000000, 0.6300134938702194320, 1.000000000000000000),
 ( 1.000000000000000000, 0.6268674309960924340, 1.000000000000000000),
 ( 1.000000000000000000, 0.6223930011617316849, 1.000000000000000000),
 ( 1.000000000000000000, 0.6209423900183519418, 1.000000000000000000),
 ( 1.000000000000000000, 0.6181282173422431026, 1.000000000000000000),
 ( 1.000000000000000000, 0.6167612519311783670, 1.000000000000000000),
 ( 1.000000000000000000, 0.6102307936555030343, 1.000000000000000000),
 ( 1.000000000000000000, 0.6059285190574235092, 1.000000000000000000),
 ( 1.000000000000000000, 0.6009860031702841665, 1.000000000000000000),
 ( 1.000000000000000000, 0.5995917015814197226, 1.000000000000000000),
 ( 1.000000000000000000, 0.5979101778342573725, 1.000000000000000000),
 ( 1.000000000000000000, 0.5974168788015721265, 1.000000000000000000),
 ( 1.000000000000000000, 0.5965806900160626203, 1.000000000000000000),
 ( 1.000000000000000000, 0.5962375179148536875, 1.000000000000000000),
 ( 1.000000000000000000, 0.5948934470809671415, 1.000000000000000000),
 ( 1.000000000000000000, 0.5950011754488140348, 1.000000000000000000),
 ( 1.000000000000000000, 0.5969667570054352224, 1.000000000000000000),
 ( 1.000000000000000000, 0.5979306431261272037, 1.000000000000000000),
 ( 1.000000000000000000, 0.6004441651922515222, 1.000000000000000000),
 ( 1.000000000000000000, 0.6019911068226684314, 1.000000000000000000),
 ( 1.000000000000000000, 0.6038198037402224827, 1.000000000000000000) ) ) 
 REPRESENTATION_ITEM ( '' )  SURFACE ( )  );
#1068 = CYLINDRICAL_SURFACE ( 'NONE', #2869, 5.000000000000004441 ) ;
#1069 = DIRECTION ( 'NONE',  ( 0.000000000000000000, 0.000000000000000000, 1.000000000000000000 ) ) ;
#1070 = B_SPLINE_SURFACE_WITH_KNOTS ( 'NONE', 3, 1, ( 
 ( #2043, #8014 ),
 ( #8105, #4687 ),
 ( #1490, #1535 ),
 ( #4864, #6052 ),
 ( #1576, #7316 ),
 ( #5318, #4034 ),
 ( #6759, #7973 ),
 ( #3481, #5407 ),
 ( #76, #5367 ),
 ( #216, #6661 ),
 ( #2887, #7456 ),
 ( #735, #4172 ),
 ( #4217, #7410 ),
 ( #2088, #2789 ),
 ( #164, #6008 ),
 ( #4131, #3342 ),
 ( #4726, #3438 ),
 ( #7361, #789 ),
 ( #5952, #1442 ),
 ( #2835, #2130 ),
 ( #4085, #4778 ),
 ( #6714, #6095 ),
 ( #5460, #2180 ),
 ( #6806, #879 ),
 ( #3524, #6187 ),
 ( #4384, #3054 ),
 ( #5586, #5024 ),
 ( #7594, #1665 ),
 ( #6276, #8314 ),
 ( #7708, #1013 ) ),
 .UNSPECIFIED., .F., .F., .F.,
 ( 4, 2, 2, 2, 2, 2, 2, 2, 2, 2, 2, 2, 2, 2, 4 ),
 ( 2, 2 ),
 ( 0.000000000000000000, 0.1250000000000000000, 0.1874999999999999722, 0.2499999999999999445, 0.3125000000000000000, 0.3750000000000000000, 0.4375000000000000000, 0.5000000000000000000, 0.5625000000000000000, 0.6250000000000000000, 0.6875000000000000000, 0.7500000000000000000, 0.8125000000000000000, 0.8750000000000000000, 1.000000000000000000 ),
 ( 0.000000000000000000, 1.000000000000000000 ),
 .UNSPECIFIED. ) ;
#1071 = CYLINDRICAL_SURFACE ( 'NONE', #189, 1.000000000000000888 ) ;
#1072 = DIRECTION ( 'NONE',  ( 0.000000000000000000, 0.000000000000000000, -1.000000000000000000 ) ) ;
#1073 = ADVANCED_FACE ( 'NONE', ( #1671 ), #2894, .F. ) ;
#1074 = DIRECTION ( 'NONE',  ( 0.000000000000000000, 0.000000000000000000, 1.000000000000000000 ) ) ;
#1075 = CARTESIAN_POINT ( 'NONE',  ( -39.75000000000000000, 8.499999999999992895, 2.500000000000000000 ) ) ;
#1076 = ORIENTED_EDGE ( 'NONE', *, *, #1901, .T. ) ;
#1077 = ORIENTED_EDGE ( 'NONE', *, *, #3825, .T. ) ;
#1078 = DIRECTION ( 'NONE',  ( 0.000000000000000000, 1.000000000000000000, 0.000000000000000000 ) ) ;
#1079 = DIRECTION ( 'NONE',  ( -1.000000000000000000, -0.000000000000000000, -0.000000000000000000 ) ) ;
#1080 = CYLINDRICAL_SURFACE ( 'NONE', #7261, 1.000000000000000888 ) ;
#1081 = CARTESIAN_POINT ( 'NONE',  ( 18.19999999999999574, -7.328049929896266014E-15, 0.9912134538010168860 ) ) ;
#1082 = EDGE_CURVE ( 'NONE', #4393, #4449, #6944, .T. ) ;
#1083 = CARTESIAN_POINT ( 'NONE',  ( 3.658154823716594617, 52.69454102696443698, -38.70664266314636848 ) ) ;
#1084 = ORIENTED_EDGE ( 'NONE', *, *, #437, .T. ) ;
#1085 = EDGE_LOOP ( 'NONE', ( #2053, #2517, #7575, #7147 ) ) ;
#1086 = DIRECTION ( 'NONE',  ( 1.000000000000000000, 0.000000000000000000, 0.000000000000000000 ) ) ;
#1087 = DIRECTION ( 'NONE',  ( 1.000000000000000000, -4.026401060382564719E-16, 0.000000000000000000 ) ) ;
#1088 = CARTESIAN_POINT ( 'NONE',  ( -14.01636169110990515, 8.499999999999998224, 25.28703064758448349 ) ) ;
#1089 = ADVANCED_FACE ( 'NONE', ( #2273 ), #3658, .F. ) ;
#1090 = ORIENTED_EDGE ( 'NONE', *, *, #4369, .T. ) ;
#1091 = EDGE_CURVE ( 'NONE', #6999, #6361, #4224, .T. ) ;
#1092 = ORIENTED_EDGE ( 'NONE', *, *, #394, .T. ) ;
#1093 = CARTESIAN_POINT ( 'NONE',  ( -23.59429546633688091, 8.500000000000010658, 13.58205721614955408 ) ) ;
#1094 = CARTESIAN_POINT ( 'NONE',  ( -3.500000000000000000, -6.496707006939539397, -23.09409040825522297 ) ) ;
#1095 = CARTESIAN_POINT ( 'NONE',  ( -24.74420466249360118, 9.500000000000001776, 4.500000000000000888 ) ) ;
#1096 = FACE_OUTER_BOUND ( 'NONE', #7831, .T. ) ;
#1097 = DIRECTION ( 'NONE',  ( 0.000000000000000000, 0.000000000000000000, 1.000000000000000000 ) ) ;
#1098 = CARTESIAN_POINT ( 'NONE',  ( 139.6500000000000057, 9.499999999999994671, 27.59419916606945122 ) ) ;
#1099 = CARTESIAN_POINT ( 'NONE',  ( -132.2500000000000000, 222.4999999999999716, 2.700000000000470024 ) ) ;
#1100 = ADVANCED_FACE ( 'NONE', ( #3578 ), #1434, .F. ) ;
#1101 = CARTESIAN_POINT ( 'NONE',  ( -11.83395169150998072, 78.78355745805563970, 46.04586637171279051 ) ) ;
#1102 = CARTESIAN_POINT ( 'NONE',  ( 35.63207005635692326, 108.7644578680556577, 46.44077124185844241 ) ) ;
#1103 = ORIENTED_EDGE ( 'NONE', *, *, #463, .F. ) ;
#1104 = CARTESIAN_POINT ( 'NONE',  ( 19.62540321174888192, 84.97289814293105792, -46.72141578099910930 ) ) ;
#1105 = CARTESIAN_POINT ( 'NONE',  ( 104.7500000000000000, 227.4999999999999716, 132.2500000000000000 ) ) ;
#1106 = CARTESIAN_POINT ( 'NONE',  ( -24.50000000000001776, 85.99999999999997158, -38.90092901844946738 ) ) ;
#1107 = CIRCLE ( 'NONE', #4438, 5.000000000000004441 ) ;
#1108 = CARTESIAN_POINT ( 'NONE',  ( 24.15402589228057195, 50.98349645438418065, 4.062283021597041355 ) ) ;
#1109 = CYLINDRICAL_SURFACE ( 'NONE', #1453, 2.700000000000008171 ) ;
#1110 = ORIENTED_EDGE ( 'NONE', *, *, #2357, .F. ) ;
#1111 = CARTESIAN_POINT ( 'NONE',  ( 7.637071249056575972, 8.499999999999987566, 27.45092694231134800 ) ) ;
#1112 = FACE_OUTER_BOUND ( 'NONE', #5434, .T. ) ;
#1113 = CIRCLE ( 'NONE', #1613, 1.000000000000000888 ) ;
#1114 = ADVANCED_FACE ( 'NONE', ( #306 ), #49, .F. ) ;
#1115 = CARTESIAN_POINT ( 'NONE',  ( 11.78044997827179330, -4.743281628429730300E-15, -13.89603248059096785 ) ) ;
#1116 = AXIS2_PLACEMENT_3D ( 'NONE', #3878, #6493, #3235 ) ;
#1117 = CARTESIAN_POINT ( 'NONE',  ( 43.35388810268691628, 124.5551419627979328, -51.69619085662334612 ) ) ;
#1118 = ORIENTED_EDGE ( 'NONE', *, *, #5990, .F. ) ;
#1119 = CARTESIAN_POINT ( 'NONE',  ( 112.3555234424488987, 222.4999999999999716, -121.4076260998840411 ) ) ;
#1120 = ORIENTED_EDGE ( 'NONE', *, *, #4202, .T. ) ;
#1121 = ORIENTED_EDGE ( 'NONE', *, *, #2443, .T. ) ;
#1122 = DIRECTION ( 'NONE',  ( -0.000000000000000000, 1.000000000000000000, -0.000000000000000000 ) ) ;
#1123 = AXIS2_PLACEMENT_3D ( 'NONE', #1105, #6328, #1069 ) ;
#1124 = EDGE_CURVE ( 'NONE', #1926, #1896, #3444, .T. ) ;
#1125 = CARTESIAN_POINT ( 'NONE',  ( -23.73586149392754407, 9.521729464125678888, 6.945473896998482388 ) ) ;
#1126 = CARTESIAN_POINT ( 'NONE',  ( 104.7500000000000000, 229.9999999999999716, 137.2500000000000000 ) ) ;
#1127 = VERTEX_POINT ( 'NONE', #4055 ) ;
#1128 = EDGE_LOOP ( 'NONE', ( #7213, #3748, #4587, #4577 ) ) ;
#1129 = CARTESIAN_POINT ( 'NONE',  ( -11.57519277116443490, 8.500000000000000000, 26.44894940740832823 ) ) ;
#1130 = DIRECTION ( 'NONE',  ( -0.9438514093265258920, 0.3303702727430709585, 0.000000000000000000 ) ) ;
#1131 = CARTESIAN_POINT ( 'NONE',  ( 66.52617087843641741, 185.9342163622333715, -98.71993261666419528 ) ) ;
#1132 = CARTESIAN_POINT ( 'NONE',  ( 16.50247935643853836, 8.500000000002314593, -22.03769279500948741 ) ) ;
#1133 = EDGE_CURVE ( 'NONE', #7202, #4097, #5170, .T. ) ;
#1134 = CARTESIAN_POINT ( 'NONE',  ( 132.2499999999988916, 227.4999999999999716, -99.75000000000137845 ) ) ;
#1135 = EDGE_CURVE ( 'NONE', #6275, #7691, #6871, .T. ) ;
#1136 = CARTESIAN_POINT ( 'NONE',  ( -19.62515634106976492, 84.97293120863095339, -46.72156453618316618 ) ) ;
#1137 = CARTESIAN_POINT ( 'NONE',  ( -117.4804790376231125, 222.5000000000000000, -119.9792118523340463 ) ) ;
#1138 = CARTESIAN_POINT ( 'NONE',  ( 0.000000000000000000, 222.4999999999999716, 132.2500000000000000 ) ) ;
#1139 = CARTESIAN_POINT ( 'NONE',  ( 7.434052672203742773, 1.000000000000000888, -16.96180768554565788 ) ) ;
#1140 = CIRCLE ( 'NONE', #2516, 1.000000000000001332 ) ;
#1141 = ORIENTED_EDGE ( 'NONE', *, *, #7267, .F. ) ;
#1142 = CARTESIAN_POINT ( 'NONE',  ( -104.7500000000000000, 229.9999999999999716, -132.2500000000000000 ) ) ;
#1143 = CYLINDRICAL_SURFACE ( 'NONE', #1689, 1.000000000000001110 ) ;
#1144 = ADVANCED_FACE ( 'NONE', ( #7639 ), #4008, .T. ) ;
#1145 = EDGE_CURVE ( 'NONE', #3467, #1846, #4802, .T. ) ;
#1146 = DIRECTION ( 'NONE',  ( 0.000000000000000000, -1.000000000000000000, 0.000000000000000000 ) ) ;
#1147 = DIRECTION ( 'NONE',  ( 0.000000000000000000, 0.000000000000000000, 1.000000000000000000 ) ) ;
#1148 = CARTESIAN_POINT ( 'NONE',  ( -24.17567898505810220, 53.17503502071206611, -2.637575744528487753 ) ) ;
#1149 = AXIS2_PLACEMENT_3D ( 'NONE', #7161, #6541, #2624 ) ;
#1150 = ORIENTED_EDGE ( 'NONE', *, *, #2851, .T. ) ;
#1151 = CARTESIAN_POINT ( 'NONE',  ( 9.375393251867837563, 9.790158573711361001, 26.08744918497081500 ) ) ;
#1152 = DIRECTION ( 'NONE',  ( -0.000000000000000000, 1.000000000000000000, -0.000000000000000000 ) ) ;
#1153 = DIRECTION ( 'NONE',  ( 0.000000000000000000, 0.000000000000000000, -1.000000000000000000 ) ) ;
#1154 = CARTESIAN_POINT ( 'NONE',  ( 23.74420466249359762, 9.500000000000008882, 6.299630403166117887 ) ) ;
#1155 = CARTESIAN_POINT ( 'NONE',  ( 18.51370253461190174, 87.41649213276018315, 1.760064327102205839 ) ) ;
#1156 = CIRCLE ( 'NONE', #1976, 0.9999999999999992228 ) ;
#1157 = AXIS2_PLACEMENT_3D ( 'NONE', #4204, #3560, #961 ) ;
#1158 = ORIENTED_EDGE ( 'NONE', *, *, #1686, .T. ) ;
#1159 = CARTESIAN_POINT ( 'NONE',  ( 118.5758792783830557, 222.4999999999998010, -118.9222144153212781 ) ) ;
#1160 = ORIENTED_EDGE ( 'NONE', *, *, #5990, .T. ) ;
#1161 = ORIENTED_EDGE ( 'NONE', *, *, #5818, .T. ) ;
#1162 = ORIENTED_EDGE ( 'NONE', *, *, #8387, .F. ) ;
#1163 = AXIS2_PLACEMENT_3D ( 'NONE', #643, #8432, #2512 ) ;
#1164 = CIRCLE ( 'NONE', #3108, 5.000000000000004441 ) ;
#1165 = CARTESIAN_POINT ( 'NONE',  ( -4.938849362433377799, 9.499999999999994671, 26.59419916606943701 ) ) ;
#1166 = AXIS2_PLACEMENT_3D ( 'NONE', #2833, #2884, #7407 ) ;
#1167 = CARTESIAN_POINT ( 'NONE',  ( 39.06265754616452313, 9.296972031307870310, 3.299666838763879007 ) ) ;
#1168 = DIRECTION ( 'NONE',  ( 0.000000000000000000, -0.2708032892222431154, -0.9626347067015681436 ) ) ;
#1169 = CARTESIAN_POINT ( 'NONE',  ( 0.000000000000000000, 229.9999999999999716, -132.2500000000000000 ) ) ;
#1170 = AXIS2_PLACEMENT_3D ( 'NONE', #3855, #6385, #6432 ) ;
#1171 = EDGE_LOOP ( 'NONE', ( #5658, #1398, #3772, #7212 ) ) ;
#1172 = EDGE_LOOP ( 'NONE', ( #3290, #7511 ) ) ;
#1173 = EDGE_CURVE ( 'NONE', #1066, #3197, #5962, .T. ) ;
#1174 = CARTESIAN_POINT ( 'NONE',  ( 115.3413190767645631, 222.5000000000000853, 121.0156251593983114 ) ) ;
#1175 = CARTESIAN_POINT ( 'NONE',  ( 11.57519277111896905, 8.500000000000007105, -26.44894940726433319 ) ) ;
#1176 = CARTESIAN_POINT ( 'NONE',  ( 38.36054287937018614, -3.554859816760810015E-14, 34.11790219225295573 ) ) ;
#1177 = AXIS2_PLACEMENT_3D ( 'NONE', #3696, #7083, #1168 ) ;
#1178 = FACE_OUTER_BOUND ( 'NONE', #2028, .T. ) ;
#1179 = CARTESIAN_POINT ( 'NONE',  ( 15.52523947943045002, 85.72112522197969042, 47.99750613349755923 ) ) ;
#1180 = CIRCLE ( 'NONE', #7957, 4.999999999999976907 ) ;
#1181 = CARTESIAN_POINT ( 'NONE',  ( -104.7500000000000000, 229.9999999999999716, 137.2500000000000000 ) ) ;
#1182 = FACE_BOUND ( 'NONE', #788, .T. ) ;
#1183 =( BOUNDED_CURVE ( )  B_SPLINE_CURVE ( 3, ( #1566, #6926, #2877, #8045 ),
 .UNSPECIFIED., .F., .T. ) 
 B_SPLINE_CURVE_WITH_KNOTS ( ( 4, 4 ),
 ( 1.570796326794896558, 3.141592653589793116 ),
 .UNSPECIFIED. ) 
 CURVE ( )  GEOMETRIC_REPRESENTATION_ITEM ( )  RATIONAL_B_SPLINE_CURVE ( ( 1.000000000000000000, 0.8047378541243649375, 0.8047378541243649375, 1.000000000000000000 ) ) 
 REPRESENTATION_ITEM ( '' )  );
#1184 = ADVANCED_FACE ( 'NONE', ( #6826 ), #1515, .F. ) ;
#1185 = CARTESIAN_POINT ( 'NONE',  ( -23.74425346923881364, 9.509879833416237105, 139.6500000000000057 ) ) ;
#1186 = ORIENTED_EDGE ( 'NONE', *, *, #1, .F. ) ;
#1187 = CIRCLE ( 'NONE', #3397, 2.700000000000008171 ) ;
#1188 = CARTESIAN_POINT ( 'NONE',  ( -24.74420466249360118, 9.500000000000008882, -4.500000000000003553 ) ) ;
#1189 = CARTESIAN_POINT ( 'NONE',  ( 40.64832746923293172, 119.0685808195511441, 50.05925534392426357 ) ) ;
#1190 = AXIS2_PLACEMENT_3D ( 'NONE', #7034, #1963, #44 ) ;
#1191 = CARTESIAN_POINT ( 'NONE',  ( -43.45882761868931965, 124.7697373775444447, -58.98245456479143911 ) ) ;
#1192 = DIRECTION ( 'NONE',  ( 0.000000000000000000, 0.000000000000000000, -1.000000000000000000 ) ) ;
#1193 = AXIS2_PLACEMENT_3D ( 'NONE', #6472, #3820, #3940 ) ;
#1194 = CARTESIAN_POINT ( 'NONE',  ( 0.000000000000000000, 9.500000000000001776, 3.500000000000000000 ) ) ;
#1195 = EDGE_CURVE ( 'NONE', #603, #2886, #8354, .T. ) ;
#1196 = EDGE_CURVE ( 'NONE', #4393, #6597, #5417, .T. ) ;
#1197 = FACE_OUTER_BOUND ( 'NONE', #4582, .T. ) ;
#1198 = CARTESIAN_POINT ( 'NONE',  ( -23.95570042169993386, 85.34363365832699344, 41.54854910847942051 ) ) ;
#1199 = EDGE_LOOP ( 'NONE', ( #6645, #1356, #4666, #3035 ) ) ;
#1200 = DIRECTION ( 'NONE',  ( -0.000000000000000000, 1.000000000000000000, -0.000000000000000000 ) ) ;
#1201 = CARTESIAN_POINT ( 'NONE',  ( 21.98943616053553285, 9.662748921215875697, 15.10104444315110328 ) ) ;
#1202 = CARTESIAN_POINT ( 'NONE',  ( -7.501824309745583896, 9.784907403553233962, -26.46504772900942370 ) ) ;
#1203 = AXIS2_PLACEMENT_3D ( 'NONE', #6138, #212, #2883 ) ;
#1204 = AXIS2_PLACEMENT_3D ( 'NONE', #2462, #5854, #3122 ) ;
#1205 = CARTESIAN_POINT ( 'NONE',  ( -121.8831455530563090, 224.5241652044668399, -122.6635444790244378 ) ) ;
#1206 = LINE ( 'NONE', #2013, #2563 ) ;
#1207 = CARTESIAN_POINT ( 'NONE',  ( 18.51370253461190174, 87.41649213276018315, -14.08051461681836791 ) ) ;
#1208 = CARTESIAN_POINT ( 'NONE',  ( 34.74250032539785593, 106.9453377440719919, 41.71815797830178951 ) ) ;
#1209 = B_SPLINE_CURVE_WITH_KNOTS ( 'NONE', 3,
 ( #8087, #4290, #327, #3723, #3115, #5654, #2493 ),
 .UNSPECIFIED., .F., .F.,
 ( 4, 3, 4 ),
 ( -0.1097459873138724035, -0.1053092846403865801, -0.02739913668759731691 ),
 .UNSPECIFIED. ) ;
#1210 = CARTESIAN_POINT ( 'NONE',  ( 3.649263761374812454, 52.87949357660856009, -38.75867253329998618 ) ) ;
#1211 = ORIENTED_EDGE ( 'NONE', *, *, #2904, .T. ) ;
#1212 = ORIENTED_EDGE ( 'NONE', *, *, #692, .T. ) ;
#1213 = ORIENTED_EDGE ( 'NONE', *, *, #8367, .F. ) ;
#1214 = DIRECTION ( 'NONE',  ( -4.026401060382563240E-16, -1.000000000000000000, -0.000000000000000000 ) ) ;
#1215 = CARTESIAN_POINT ( 'NONE',  ( 40.45946519827176502, 8.500000000000000000, -2.500000000000000000 ) ) ;
#1216 = DIRECTION ( 'NONE',  ( -0.000000000000000000, 1.000000000000000000, -0.000000000000000000 ) ) ;
#1217 = ORIENTED_EDGE ( 'NONE', *, *, #2914, .F. ) ;
#1218 = CARTESIAN_POINT ( 'NONE',  ( -5.585950807014952169, 9.775220491248893140, 26.63280708321017798 ) ) ;
#1219 = CARTESIAN_POINT ( 'NONE',  ( -25.17390077705980289, 52.99012016658375046, 3.500000000000000000 ) ) ;
#1220 = CARTESIAN_POINT ( 'NONE',  ( -24.21172663848953377, 85.52676765949216531, -40.78532260192111636 ) ) ;
#1221 = EDGE_CURVE ( 'NONE', #3851, #4811, #665, .T. ) ;
#1222 = CARTESIAN_POINT ( 'NONE',  ( 104.7500000000000000, 222.4999999999999716, 132.2500000000000000 ) ) ;
#1223 = DIRECTION ( 'NONE',  ( 0.000000000000000000, -0.000000000000000000, -1.000000000000000000 ) ) ;
#1224 = CARTESIAN_POINT ( 'NONE',  ( -38.63897191594502090, 118.2063392340940311, 54.34647919589036746 ) ) ;
#1225 = ORIENTED_EDGE ( 'NONE', *, *, #310, .T. ) ;
#1226 = CARTESIAN_POINT ( 'NONE',  ( 132.2500000000011084, 229.9999999999999716, 107.4499999999986102 ) ) ;
#1227 = ORIENTED_EDGE ( 'NONE', *, *, #2197, .F. ) ;
#1228 = CARTESIAN_POINT ( 'NONE',  ( 36.94076573227017235, 118.3483168666681848, 55.66017737364529694 ) ) ;
#1229 = CARTESIAN_POINT ( 'NONE',  ( -4.500000000000000888, 9.500000000000001776, -27.59419916606945122 ) ) ;
#1230 = EDGE_CURVE ( 'NONE', #3686, #3386, #6282, .T. ) ;
#1231 = CARTESIAN_POINT ( 'NONE',  ( 2.500000000000000000, 9.500000000000001776, 39.75000000000000000 ) ) ;
#1232 = DIRECTION ( 'NONE',  ( 0.000000000000000000, 1.000000000000000000, 0.000000000000000000 ) ) ;
#1233 = FACE_OUTER_BOUND ( 'NONE', #4706, .T. ) ;
#1234 = EDGE_LOOP ( 'NONE', ( #277, #3503, #2964, #3322, #334 ) ) ;
#1235 = CARTESIAN_POINT ( 'NONE',  ( -9.283386526560457597, 8.500000000000007105, -27.09513474793353893 ) ) ;
#1236 = CARTESIAN_POINT ( 'NONE',  ( 20.11844980144724104, 8.499999999999996447, 20.10718053776102821 ) ) ;
#1237 = CARTESIAN_POINT ( 'NONE',  ( -23.73081512882030708, 9.524657645255581784, -7.105879131943693139 ) ) ;
#1238 = FACE_OUTER_BOUND ( 'NONE', #2155, .T. ) ;
#1239 = DIRECTION ( 'NONE',  ( -4.026401060382563240E-16, -1.000000000000000000, 0.000000000000000000 ) ) ;
#1240 = CARTESIAN_POINT ( 'NONE',  ( 38.36054287937224672, 36.48528137423857487, -34.11790219224888432 ) ) ;
#1241 = ADVANCED_FACE ( 'NONE', ( #5486 ), #2109, .T. ) ;
#1242 = EDGE_CURVE ( 'NONE', #513, #2554, #905, .T. ) ;
#1243 = LINE ( 'NONE', #7198, #4080 ) ;
#1244 = CARTESIAN_POINT ( 'NONE',  ( -69.00000000000000000, 177.0000000000001137, -86.18251269329626041 ) ) ;
#1245 = CARTESIAN_POINT ( 'NONE',  ( -22.45064030267284139, 36.48528137423859619, 22.45064030267290889 ) ) ;
#1246 = VERTEX_POINT ( 'NONE', #2811 ) ;
#1247 = ORIENTED_EDGE ( 'NONE', *, *, #549, .T. ) ;
#1248 = EDGE_LOOP ( 'NONE', ( #6499, #2837, #4678, #7358 ) ) ;
#1249 = DIRECTION ( 'NONE',  ( 0.000000000000000000, 0.000000000000000000, 1.000000000000000000 ) ) ;
#1250 = CARTESIAN_POINT ( 'NONE',  ( -23.66000013131243662, 0.9824864811325664249, 24.15928179410595433 ) ) ;
#1251 = CARTESIAN_POINT ( 'NONE',  ( -6.236034569302528752, 9.778794633357845711, 26.59039597483231887 ) ) ;
#1252 = EDGE_CURVE ( 'NONE', #2267, #8257, #187, .T. ) ;
#1253 = CARTESIAN_POINT ( 'NONE',  ( 22.45064030267292310, 36.48528137423858198, 22.45064030267488420 ) ) ;
#1254 = ORIENTED_EDGE ( 'NONE', *, *, #8175, .F. ) ;
#1255 = CARTESIAN_POINT ( 'NONE',  ( -7.514395816763141056, 9.784961050904991353, 26.46344579135478625 ) ) ;
#1256 = AXIS2_PLACEMENT_3D ( 'NONE', #183, #2666, #5977 ) ;
#1257 = FACE_OUTER_BOUND ( 'NONE', #4731, .T. ) ;
#1258 = CARTESIAN_POINT ( 'NONE',  ( 132.2500000000000000, 229.9999999999999716, -1.385245221186013225E-12 ) ) ;
#1259 = CARTESIAN_POINT ( 'NONE',  ( 15.53461083445568214, 85.78835847365913025, 48.01641983520926971 ) ) ;
#1260 = AXIS2_PLACEMENT_3D ( 'NONE', #6795, #2298, #6126 ) ;
#1261 = CARTESIAN_POINT ( 'NONE',  ( 2.500000000000000000, 8.500000000000000000, -38.75000000000000000 ) ) ;
#1262 = CARTESIAN_POINT ( 'NONE',  ( -40.05239508678709370, 118.4822014212540608, 52.08145899509965204 ) ) ;
#1263 = CARTESIAN_POINT ( 'NONE',  ( -112.3555234424489839, 222.4999999999999716, 121.4076260998840411 ) ) ;
#1264 = EDGE_LOOP ( 'NONE', ( #507, #2280, #7014, #2670 ) ) ;
#1265 = CARTESIAN_POINT ( 'NONE',  ( -119.6307288578716879, 222.4999999999999716, -115.6847746359883047 ) ) ;
#1266 = ORIENTED_EDGE ( 'NONE', *, *, #6913, .F. ) ;
#1267 = DIRECTION ( 'NONE',  ( 1.000000000000000000, -0.000000000000000000, 0.000000000000000000 ) ) ;
#1268 = AXIS2_PLACEMENT_3D ( 'NONE', #857, #192, #2676 ) ;
#1269 = LINE ( 'NONE', #2002, #7950 ) ;
#1270 = VECTOR ( 'NONE', #2855, 1000.000000000000000 ) ;
#1271 = DIRECTION ( 'NONE',  ( -0.000000000000000000, 1.000000000000000000, -0.000000000000000000 ) ) ;
#1272 = ORIENTED_EDGE ( 'NONE', *, *, #8523, .T. ) ;
#1273 = EDGE_CURVE ( 'NONE', #7743, #5458, #7390, .T. ) ;
#1274 = FACE_OUTER_BOUND ( 'NONE', #1293, .T. ) ;
#1275 = CARTESIAN_POINT ( 'NONE',  ( 22.50322032970497332, 8.500000000000003553, 13.23883299064506680 ) ) ;
#1276 = CARTESIAN_POINT ( 'NONE',  ( -23.73587854716967982, 9.521718032475371629, -6.944848395417514197 ) ) ;
#1277 = CYLINDRICAL_SURFACE ( 'NONE', #282, 11.00000000000001066 ) ;
#1278 = CARTESIAN_POINT ( 'NONE',  ( -38.89512550712084504, 8.500000000000000000, 4.447945349557364203 ) ) ;
#1279 = CARTESIAN_POINT ( 'NONE',  ( -115.7656696926496949, 222.5000000000000000, 120.8791836506765378 ) ) ;
#1280 = CARTESIAN_POINT ( 'NONE',  ( -4.938849362433377799, 9.770803289222236288, 26.63156445936786554 ) ) ;
#1281 = MANIFOLD_SOLID_BREP ( 'Boss-Extrude11', #1699 ) ;
#1282 = DIRECTION ( 'NONE',  ( 0.000000000000000000, 0.000000000000000000, 1.000000000000000000 ) ) ;
#1283 = ORIENTED_EDGE ( 'NONE', *, *, #5948, .T. ) ;
#1284 = EDGE_CURVE ( 'NONE', #6082, #3168, #7220, .T. ) ;
#1285 = ORIENTED_EDGE ( 'NONE', *, *, #2244, .F. ) ;
#1286 = EDGE_LOOP ( 'NONE', ( #1254, #7182, #6813, #8488 ) ) ;
#1287 = DIRECTION ( 'NONE',  ( 0.000000000000000000, 0.000000000000000000, 1.000000000000000000 ) ) ;
#1288 = CARTESIAN_POINT ( 'NONE',  ( 40.45946519826450327, 8.500000000000000000, 2.761846582080222934 ) ) ;
#1289 = AXIS2_PLACEMENT_3D ( 'NONE', #3406, #8121, #6681 ) ;
#1290 = CARTESIAN_POINT ( 'NONE',  ( -32.94983041568491444, 119.4999999999999858, -57.50000000000000000 ) ) ;
#1291 = ORIENTED_EDGE ( 'NONE', *, *, #2309, .F. ) ;
#1292 = CARTESIAN_POINT ( 'NONE',  ( -132.2499999999996589, 227.4999999999999716, 104.7500000000004547 ) ) ;
#1293 = EDGE_LOOP ( 'NONE', ( #1870, #8541, #8111, #5457 ) ) ;
#1294 = TOROIDAL_SURFACE ( 'NONE', #2543, 2.000000000000000000, 1.000000000000000000 ) ;
#1295 = ORIENTED_EDGE ( 'NONE', *, *, #4202, .F. ) ;
#1296 = EDGE_CURVE ( 'NONE', #2240, #98, #4340, .T. ) ;
#1297 = CARTESIAN_POINT ( 'NONE',  ( -12.52972617820340062, 8.499999999998825828, 24.53437795303100444 ) ) ;
#1298 = EDGE_CURVE ( 'NONE', #1035, #3851, #8332, .T. ) ;
#1299 = DIRECTION ( 'NONE',  ( -1.000000000000000000, 0.000000000000000000, -0.000000000000000000 ) ) ;
#1300 = CARTESIAN_POINT ( 'NONE',  ( -16.08472288111633475, 85.79321905977093365, -48.00141853996442620 ) ) ;
#1301 = AXIS2_PLACEMENT_3D ( 'NONE', #5268, #3339, #2692 ) ;
#1302 = DIRECTION ( 'NONE',  ( 0.000000000000000000, 0.000000000000000000, 1.000000000000000000 ) ) ;
#1303 = DIRECTION ( 'NONE',  ( 0.000000000000000000, 0.000000000000000000, -1.000000000000000000 ) ) ;
#1304 = AXIS2_PLACEMENT_3D ( 'NONE', #89, #3453, #7517 ) ;
#1305 = CARTESIAN_POINT ( 'NONE',  ( -44.19651075699729148, 140.2713158891780836, -70.38782028590459561 ) ) ;
#1306 = CARTESIAN_POINT ( 'NONE',  ( 33.12291965381363923, 119.5000000000000142, -57.50000000000000711 ) ) ;
#1307 = ORIENTED_EDGE ( 'NONE', *, *, #3507, .T. ) ;
#1308 = DIRECTION ( 'NONE',  ( -0.000000000000000000, 1.000000000000000000, -0.000000000000000000 ) ) ;
#1309 = ORIENTED_EDGE ( 'NONE', *, *, #6600, .F. ) ;
#1310 = CARTESIAN_POINT ( 'NONE',  ( 40.76831968793873529, 119.2677998112903879, 49.49448935844887387 ) ) ;
#1311 = AXIS2_PLACEMENT_3D ( 'NONE', #531, #1362, #7810 ) ;
#1312 = CARTESIAN_POINT ( 'NONE',  ( -28.73096866970520935, 111.3650299087044573, -55.21151336731272607 ) ) ;
#1313 = PLANE ( 'NONE',  #6484 ) ;
#1314 = LINE ( 'NONE', #5239, #2424 ) ;
#1315 = VERTEX_POINT ( 'NONE', #6955 ) ;
#1316 = AXIS2_PLACEMENT_3D ( 'NONE', #6257, #7073, #5090 ) ;
#1317 = DIRECTION ( 'NONE',  ( -1.000000000000000000, -0.000000000000000000, -3.604115795743074479E-15 ) ) ;
#1318 = CARTESIAN_POINT ( 'NONE',  ( 6.546433485515240847, 9.780416531902476507, 26.56587036766862298 ) ) ;
#1319 = CARTESIAN_POINT ( 'NONE',  ( 18.34981410300994753, 8.500000000000014211, 22.13114441655418574 ) ) ;
#1320 = CARTESIAN_POINT ( 'NONE',  ( 20.49715040763492624, 9.705631778379480323, -17.87289476781285558 ) ) ;
#1321 = CARTESIAN_POINT ( 'NONE',  ( 22.31092455023815191, 84.82887752922060542, 44.37810263447192227 ) ) ;
#1322 = LINE ( 'NONE', #7902, #8097 ) ;
#1323 = VECTOR ( 'NONE', #4234, 999.9999999999998863 ) ;
#1324 = CYLINDRICAL_SURFACE ( 'NONE', #4209, 1.000000000000000000 ) ;
#1325 = CARTESIAN_POINT ( 'NONE',  ( 2.602507189775597141, 56.40340287896722060, 39.75000000503181496 ) ) ;
#1326 = EDGE_CURVE ( 'NONE', #2033, #6030, #2122, .T. ) ;
#1327 = CARTESIAN_POINT ( 'NONE',  ( 68.33150897891559339, 175.6329734175576789, 92.32839880625252249 ) ) ;
#1328 = ORIENTED_EDGE ( 'NONE', *, *, #7696, .T. ) ;
#1329 = CARTESIAN_POINT ( 'NONE',  ( 44.33536532406405684, 126.5622077413444089, 51.61524918576786547 ) ) ;
#1330 = DIRECTION ( 'NONE',  ( -4.026401060382563240E-16, -1.000000000000000000, -0.000000000000000000 ) ) ;
#1331 = ORIENTED_EDGE ( 'NONE', *, *, #1349, .T. ) ;
#1332 = VECTOR ( 'NONE', #124, 1000.000000000000000 ) ;
#1333 = DIRECTION ( 'NONE',  ( 0.3303702727430712360, 0.9438514093265257809, 0.000000000000000000 ) ) ;
#1334 = ORIENTED_EDGE ( 'NONE', *, *, #5731, .F. ) ;
#1335 = ORIENTED_EDGE ( 'NONE', *, *, #6685, .T. ) ;
#1336 = B_SPLINE_CURVE_WITH_KNOTS ( 'NONE', 3,
 ( #3663, #2986, #2441, #5080, #3100, #1718, #1104, #5712, #5035, #3033, #1679, #6290, #3068, #311, #5599, #8292, #1761, #5113, #8364, #5676, #364, #4356 ),
 .UNSPECIFIED., .F., .F.,
 ( 4, 2, 2, 2, 2, 2, 2, 2, 2, 2, 4 ),
 ( -3.405147187895466273E-05, 0.001638203275737593317, 0.003310458023354141601, 0.004982712770970689452, 0.006654967518587237736, 0.007491094892395516215, 0.008327222266203793827, 0.009999477013820354254, 0.01083560438762863447, 0.01167173176143691468, 0.01334398650905349593 ),
 .UNSPECIFIED. ) ;
#1337 = CARTESIAN_POINT ( 'NONE',  ( -24.52011454121089429, 88.03581969839414967, 39.32433692232759626 ) ) ;
#1338 = DIRECTION ( 'NONE',  ( 0.000000000000000000, -1.000000000000000000, 0.000000000000000000 ) ) ;
#1339 = CARTESIAN_POINT ( 'NONE',  ( 39.28019704306216653, 9.235813848373975787, -3.114546723609195933 ) ) ;
#1340 = VECTOR ( 'NONE', #1214, 1000.000000000000000 ) ;
#1341 = EDGE_CURVE ( 'NONE', #6361, #6999, #5280, .T. ) ;
#1342 = ORIENTED_EDGE ( 'NONE', *, *, #826, .F. ) ;
#1343 = ORIENTED_EDGE ( 'NONE', *, *, #7009, .T. ) ;
#1344 = EDGE_LOOP ( 'NONE', ( #5912, #7317, #7564, #5985 ) ) ;
#1345 = CARTESIAN_POINT ( 'NONE',  ( -59.18162869656642044, 156.9219822783717859, -80.71893253750167219 ) ) ;
#1346 = DIRECTION ( 'NONE',  ( 0.000000000000000000, 0.000000000000000000, 1.000000000000000000 ) ) ;
#1347 = CARTESIAN_POINT ( 'NONE',  ( -44.19651075699730569, 140.2713158891780836, 70.38782028590460982 ) ) ;
#1348 = CARTESIAN_POINT ( 'NONE',  ( 139.6500000000000057, 9.499999999999994671, 27.59419916606945122 ) ) ;
#1349 = EDGE_CURVE ( 'NONE', #422, #3563, #3372, .T. ) ;
#1350 = EDGE_CURVE ( 'NONE', #936, #7136, #5760, .T. ) ;
#1351 = FACE_BOUND ( 'NONE', #7824, .T. ) ;
#1352 = ORIENTED_EDGE ( 'NONE', *, *, #6794, .F. ) ;
#1353 = CARTESIAN_POINT ( 'NONE',  ( -7.434052672203746326, 1.000000000000007772, -16.96180768554565788 ) ) ;
#1354 = ORIENTED_EDGE ( 'NONE', *, *, #3625, .F. ) ;
#1355 = CARTESIAN_POINT ( 'NONE',  ( -69.92851755770779221, 177.8344250582348991, -87.97146528730213788 ) ) ;
#1356 = ORIENTED_EDGE ( 'NONE', *, *, #5876, .F. ) ;
#1357 = CARTESIAN_POINT ( 'NONE',  ( 39.63937428668216256, 118.4153718133110260, 52.58169297372786133 ) ) ;
#1358 = CARTESIAN_POINT ( 'NONE',  ( 104.7500000000000000, 229.9999999999999716, -129.5500000000000114 ) ) ;
#1359 = FACE_OUTER_BOUND ( 'NONE', #5023, .T. ) ;
#1360 = CARTESIAN_POINT ( 'NONE',  ( -3.500000000000000000, 9.500000000000001776, -26.27406881924599347 ) ) ;
#1361 = EDGE_CURVE ( 'NONE', #5458, #7743, #4897, .T. ) ;
#1362 = DIRECTION ( 'NONE',  ( -0.000000000000000000, 1.000000000000000000, -0.000000000000000000 ) ) ;
#1363 = ORIENTED_EDGE ( 'NONE', *, *, #5764, .F. ) ;
#1364 = CARTESIAN_POINT ( 'NONE',  ( -4.938849362433380463, 8.499999999999996447, -27.59419916606944412 ) ) ;
#1365 = CARTESIAN_POINT ( 'NONE',  ( 24.74420466249359762, 8.500000000000000000, 6.299630403166117887 ) ) ;
#1366 = CARTESIAN_POINT ( 'NONE',  ( -20.32931995911123479, 36.48528137423859619, -24.57196064623249043 ) ) ;
#1367 = CARTESIAN_POINT ( 'NONE',  ( 20.95283645349932300, 84.77117823333300350, 45.75133669330132591 ) ) ;
#1368 = LINE ( 'NONE', #2804, #5833 ) ;
#1369 = PLANE ( 'NONE',  #2708 ) ;
#1370 = CARTESIAN_POINT ( 'NONE',  ( 132.2500000000000000, 227.4999999999999716, -1.385245221186013225E-12 ) ) ;
#1371 = CARTESIAN_POINT ( 'NONE',  ( 3.186623607257561108, 56.12265235457934409, 39.67102075680516293 ) ) ;
#1372 = CARTESIAN_POINT ( 'NONE',  ( 5.098786510310854503, 9.771895041904476997, 26.63187132080264874 ) ) ;
#1373 = CARTESIAN_POINT ( 'NONE',  ( 64.54816064037299839, 181.8050218171313475, 96.15792270324610058 ) ) ;
#1374 = CARTESIAN_POINT ( 'NONE',  ( 2.775916319244192909, 56.00762814956573976, -39.71373920479686603 ) ) ;
#1375 = FACE_BOUND ( 'NONE', #262, .T. ) ;
#1376 = VERTEX_POINT ( 'NONE', #1034 ) ;
#1377 = CARTESIAN_POINT ( 'NONE',  ( 13.41397825245934072, 8.499999999999998224, -25.60125737847238980 ) ) ;
#1378 = EDGE_LOOP ( 'NONE', ( #1525, #2625 ) ) ;
#1379 = CARTESIAN_POINT ( 'NONE',  ( -3.670045419707599788, 52.32411320903917584, 38.60243587440937318 ) ) ;
#1380 = EDGE_CURVE ( 'NONE', #1066, #3972, #3675, .T. ) ;
#1381 = CARTESIAN_POINT ( 'NONE',  ( -16.33339549393270218, 91.51910817886994209, 49.62856394249792658 ) ) ;
#1382 = CARTESIAN_POINT ( 'NONE',  ( -3.500000000000002665, 56.53622668406843843, -39.78736529329843563 ) ) ;
#1383 = CARTESIAN_POINT ( 'NONE',  ( -6.559390874683638906, 9.780483415884392073, 26.56480508772522953 ) ) ;
#1384 = VECTOR ( 'NONE', #4358, 1000.000000000000000 ) ;
#1385 = ORIENTED_EDGE ( 'NONE', *, *, #6316, .F. ) ;
#1386 = CARTESIAN_POINT ( 'NONE',  ( 25.11745863182680338, 47.27753493378494909, 3.499999999999999556 ) ) ;
#1387 = CARTESIAN_POINT ( 'NONE',  ( -103.2559021775177541, 207.7845370634977087, 106.5543833424671192 ) ) ;
#1388 = ORIENTED_EDGE ( 'NONE', *, *, #3097, .T. ) ;
#1389 = CARTESIAN_POINT ( 'NONE',  ( -60.53311964810801982, 159.6857053478163948, -75.19947309040338723 ) ) ;
#1390 = CARTESIAN_POINT ( 'NONE',  ( 4.500000000000003553, 119.2291967107777424, 58.46263470670157147 ) ) ;
#1391 = EDGE_CURVE ( 'NONE', #5812, #513, #5578, .T. ) ;
#1392 = CARTESIAN_POINT ( 'NONE',  ( -33.28066475363623766, 103.9559661254133545, 47.85551160251444713 ) ) ;
#1393 = CARTESIAN_POINT ( 'NONE',  ( -24.17563017816475224, 53.16515517230252641, 3.500000000000000000 ) ) ;
#1394 = LINE ( 'NONE', #23, #2418 ) ;
#1395 = ORIENTED_EDGE ( 'NONE', *, *, #8050, .F. ) ;
#1396 = CIRCLE ( 'NONE', #5923, 1.000000000000000888 ) ;
#1397 = CYLINDRICAL_SURFACE ( 'NONE', #481, 1.000000000000001332 ) ;
#1398 = ORIENTED_EDGE ( 'NONE', *, *, #7742, .T. ) ;
#1399 = LINE ( 'NONE', #4867, #1332 ) ;
#1400 = EDGE_CURVE ( 'NONE', #4522, #4919, #3102, .T. ) ;
#1401 = ORIENTED_EDGE ( 'NONE', *, *, #6743, .F. ) ;
#1402 = EDGE_CURVE ( 'NONE', #6691, #4151, #6226, .T. ) ;
#1403 = SPHERICAL_SURFACE ( 'NONE', #3326, 1.000000000000000000 ) ;
#1404 = DIRECTION ( 'NONE',  ( 1.000000000000000000, 0.000000000000000000, 3.469446951953614189E-15 ) ) ;
#1405 = CARTESIAN_POINT ( 'NONE',  ( 6.205554912785623323, 8.500000000001183054, -26.22854798026092382 ) ) ;
#1406 = DIRECTION ( 'NONE',  ( 0.7071067811865474617, 0.000000000000000000, 0.7071067811865476838 ) ) ;
#1407 = ORIENTED_EDGE ( 'NONE', *, *, #570, .F. ) ;
#1408 = CARTESIAN_POINT ( 'NONE',  ( 4.500000000000000888, 9.500000000000001776, 27.59419916606945122 ) ) ;
#1409 = EDGE_CURVE ( 'NONE', #8218, #7136, #4474, .T. ) ;
#1410 = EDGE_CURVE ( 'NONE', #6837, #1007, #7488, .T. ) ;
#1411 = CARTESIAN_POINT ( 'NONE',  ( -3.281004130023500220, 53.62027671878109203, -39.37794068417796467 ) ) ;
#1412 = CARTESIAN_POINT ( 'NONE',  ( 3.500000000000003109, 56.26542339484620214, -39.75000000000000000 ) ) ;
#1413 = DIRECTION ( 'NONE',  ( 0.000000000000000000, -0.9626347067015693648, -0.2708032892222390076 ) ) ;
#1414 = DIRECTION ( 'NONE',  ( 0.000000000000000000, 0.000000000000000000, 1.000000000000000000 ) ) ;
#1415 = CARTESIAN_POINT ( 'NONE',  ( 15.70518321489603331, -6.323536634995982346E-15, 9.244541049937403443 ) ) ;
#1416 = CARTESIAN_POINT ( 'NONE',  ( 3.577079459903383718, 53.78410775007927214, 39.01315379389288296 ) ) ;
#1417 = DIRECTION ( 'NONE',  ( 0.000000000000000000, 0.000000000000000000, 1.000000000000000000 ) ) ;
#1418 = CARTESIAN_POINT ( 'NONE',  ( 2.500000000000000000, 9.500000000000001776, -38.75000000000000000 ) ) ;
#1419 = EDGE_LOOP ( 'NONE', ( #3440, #6747, #4621, #2908 ) ) ;
#1420 = CARTESIAN_POINT ( 'NONE',  ( 2.499999999999991562, 56.40340286106958700, -39.75000000000000711 ) ) ;
#1421 = FACE_BOUND ( 'NONE', #281, .T. ) ;
#1422 = ORIENTED_EDGE ( 'NONE', *, *, #3825, .F. ) ;
#1423 = ORIENTED_EDGE ( 'NONE', *, *, #5574, .T. ) ;
#1424 = CARTESIAN_POINT ( 'NONE',  ( -4.446512007246387732, 51.25663860138197947, 38.30213958039127675 ) ) ;
#1425 = FACE_BOUND ( 'NONE', #4084, .T. ) ;
#1426 = CARTESIAN_POINT ( 'NONE',  ( 0.000000000000000000, 9.500000000000001776, 3.500000000000000000 ) ) ;
#1427 = DIRECTION ( 'NONE',  ( 0.000000000000000000, 0.000000000000000000, 1.000000000000000000 ) ) ;
#1428 = VERTEX_POINT ( 'NONE', #2118 ) ;
#1429 = CARTESIAN_POINT ( 'NONE',  ( 24.12435751221410030, 47.98071990732002945, 3.617535526501302279 ) ) ;
#1430 = CARTESIAN_POINT ( 'NONE',  ( -97.90857869814009007, 209.5170546485454111, 113.3521968067191779 ) ) ;
#1431 = DIRECTION ( 'NONE',  ( -0.000000000000000000, 1.000000000000000000, -0.000000000000000000 ) ) ;
#1432 = ORIENTED_EDGE ( 'NONE', *, *, #6468, .T. ) ;
#1433 = CARTESIAN_POINT ( 'NONE',  ( -40.88186813186812429, 119.4999999999999716, -57.50000000000000711 ) ) ;
#1434 = TOROIDAL_SURFACE ( 'NONE', #7779, 2.000000000000000000, 1.000000000000000000 ) ;
#1435 = CARTESIAN_POINT ( 'NONE',  ( 24.77012099308836213, 49.45692520922387558, -3.420349252443160459 ) ) ;
#1436 = CARTESIAN_POINT ( 'NONE',  ( -42.23335908340973788, 122.2637230694445947, 51.98054055290170083 ) ) ;
#1437 = DIRECTION ( 'NONE',  ( 1.000000000000000000, -0.000000000000000000, 0.000000000000000000 ) ) ;
#1438 = AXIS2_PLACEMENT_3D ( 'NONE', #466, #5742, #5820 ) ;
#1439 = CARTESIAN_POINT ( 'NONE',  ( 38.36054287937224672, 36.48528137423857487, -34.11790219224888432 ) ) ;
#1440 = EDGE_CURVE ( 'NONE', #8408, #583, #4761, .T. ) ;
#1441 = ORIENTED_EDGE ( 'NONE', *, *, #7009, .F. ) ;
#1442 = CARTESIAN_POINT ( 'NONE',  ( -17.56083590531804006, 7.070696831037670076E-15, -4.877408961304960044 ) ) ;
#1443 = CARTESIAN_POINT ( 'NONE',  ( -63.38382266027434042, 178.4909083702134467, 94.10163995549638116 ) ) ;
#1444 = ORIENTED_EDGE ( 'NONE', *, *, #5392, .F. ) ;
#1445 = DIRECTION ( 'NONE',  ( -0.000000000000000000, -0.000000000000000000, -1.000000000000000000 ) ) ;
#1446 = ORIENTED_EDGE ( 'NONE', *, *, #850, .F. ) ;
#1447 = DIRECTION ( 'NONE',  ( 0.7071067811865476838, -2.847095493573216547E-16, -0.7071067811865474617 ) ) ;
#1448 = CARTESIAN_POINT ( 'NONE',  ( -132.2500000000003695, 227.4999999999999716, -102.0499999999995282 ) ) ;
#1449 = AXIS2_PLACEMENT_3D ( 'NONE', #6293, #6404, #7027 ) ;
#1450 = ADVANCED_FACE ( 'NONE', ( #5571 ), #5535, .T. ) ;
#1451 = AXIS2_PLACEMENT_3D ( 'NONE', #5543, #3522, #347 ) ;
#1452 = LINE ( 'NONE', #796, #204 ) ;
#1453 = AXIS2_PLACEMENT_3D ( 'NONE', #3674, #6300, #1074 ) ;
#1454 = CARTESIAN_POINT ( 'NONE',  ( -23.63539796348571898, 9.556913345182222130, -8.883510462762863824 ) ) ;
#1455 = CARTESIAN_POINT ( 'NONE',  ( -3.658154823716156745, 52.69454102696452935, -38.70664266314631874 ) ) ;
#1456 = CARTESIAN_POINT ( 'NONE',  ( 19.39109364862704155, 9.728361107790348683, -19.44306218785591511 ) ) ;
#1457 = CARTESIAN_POINT ( 'NONE',  ( 24.47197494738562185, 85.94269034184473810, 39.34798212179669008 ) ) ;
#1458 = CARTESIAN_POINT ( 'NONE',  ( 4.500000000000000000, 53.59138541369811293, 38.95893816855223690 ) ) ;
#1459 = DIRECTION ( 'NONE',  ( 0.000000000000000000, 0.000000000000000000, 1.000000000000000000 ) ) ;
#1460 = CARTESIAN_POINT ( 'NONE',  ( -4.938849362433380463, 9.770803289222239840, -26.63156445936787620 ) ) ;
#1461 = AXIS2_PLACEMENT_3D ( 'NONE', #8005, #684, #7449 ) ;
#1462 = EDGE_CURVE ( 'NONE', #1315, #1578, #6125, .T. ) ;
#1463 = DIRECTION ( 'NONE',  ( 0.000000000000000000, 0.000000000000000000, 1.000000000000000000 ) ) ;
#1464 = EDGE_CURVE ( 'NONE', #2519, #5176, #7398, .T. ) ;
#1465 = AXIS2_PLACEMENT_3D ( 'NONE', #1841, #7158, #7293 ) ;
#1466 = EDGE_LOOP ( 'NONE', ( #2939, #6012 ) ) ;
#1467 =( NAMED_UNIT ( * ) PLANE_ANGLE_UNIT ( ) SI_UNIT ( $, .RADIAN. ) );
#1468 = ORIENTED_EDGE ( 'NONE', *, *, #1988, .T. ) ;
#1469 =( BOUNDED_SURFACE ( )  B_SPLINE_SURFACE ( 2, 3, ( 
 ( #6896, #3056, #1786, #6352, #4386, #3704, #302, #6392, #6319, #2977 ),
 ( #3653, #2316, #5071, #390, #3610, #4989, #7710, #7050, #6231, #1667 ),
 ( #7018, #5588, #3738, #8281, #7596, #7635, #3091, #4908, #1131, #5702 ) ),
 .UNSPECIFIED., .F., .F., .F. ) 
 B_SPLINE_SURFACE_WITH_KNOTS ( ( 3, 3 ),
 ( 4, 3, 3, 4 ),
 ( 0.000000000000000000, 1.000000000000000000 ),
 ( 0.02026746482928600684, 0.04007684236470536454, 0.1116129231263427307, 0.1273663106711186987 ),
 .UNSPECIFIED. ) 
 GEOMETRIC_REPRESENTATION_ITEM ( )  RATIONAL_B_SPLINE_SURFACE ( (
 ( 1.000000000000000000, 1.000000000000000000, 1.000000000000000000, 1.000000000000000000, 1.000000000000000000, 1.000000000000000000, 1.000000000000000000, 1.000000000000000000, 1.000000000000000000, 1.000000000000000000),
 ( 0.7847319775662078278, 0.7847319775662078278, 0.7847319775662078278, 0.7847319775662078278, 0.7847319775662078278, 0.7847319775662078278, 0.7847319775662078278, 0.7847319775662079389, 0.7847319775662079389, 0.7847319775662079389),
 ( 1.000000000000000000, 1.000000000000000000, 1.000000000000000000, 1.000000000000000000, 1.000000000000000000, 1.000000000000000000, 1.000000000000000000, 1.000000000000000000, 1.000000000000000000, 1.000000000000000000) ) ) 
 REPRESENTATION_ITEM ( '' )  SURFACE ( )  );
#1470 = VERTEX_POINT ( 'NONE', #1563 ) ;
#1471 = CARTESIAN_POINT ( 'NONE',  ( -3.281004130023476240, 53.62027671878072255, 39.37794068417799309 ) ) ;
#1472 = AXIS2_PLACEMENT_3D ( 'NONE', #271, #1589, #6863 ) ;
#1473 = DIRECTION ( 'NONE',  ( 0.000000000000000000, 0.000000000000000000, 1.000000000000000000 ) ) ;
#1474 = PLANE ( 'NONE',  #995 ) ;
#1475 = CARTESIAN_POINT ( 'NONE',  ( 130.9067253938548276, 232.6333291848802673, 121.9721242737978031 ) ) ;
#1476 = FACE_OUTER_BOUND ( 'NONE', #4061, .T. ) ;
#1477 = CARTESIAN_POINT ( 'NONE',  ( 39.15734744896232655, 8.499999999999998224, -3.438093536181449750 ) ) ;
#1478 = AXIS2_PLACEMENT_3D ( 'NONE', #6760, #4173, #7549 ) ;
#1479 = EDGE_LOOP ( 'NONE', ( #4548, #3540, #63, #6507 ) ) ;
#1480 = AXIS2_PLACEMENT_3D ( 'NONE', #5141, #8551, #5264 ) ;
#1481 = CARTESIAN_POINT ( 'NONE',  ( 104.7500000000000000, 229.9999999999999716, 129.5500000000000114 ) ) ;
#1482 = CARTESIAN_POINT ( 'NONE',  ( 4.938849362433378687, 9.499999999999994671, 27.59419916606945122 ) ) ;
#1483 = ORIENTED_EDGE ( 'NONE', *, *, #7208, .T. ) ;
#1484 = CARTESIAN_POINT ( 'NONE',  ( -70.34645875728600117, 179.7534325148994299, -94.88498870288144360 ) ) ;
#1485 = CARTESIAN_POINT ( 'NONE',  ( -73.71289948719795859, 186.6376146816856476, 91.92211915241202291 ) ) ;
#1486 = CARTESIAN_POINT ( 'NONE',  ( 24.47358250239434341, 85.94597770152554972, -39.32439852165975935 ) ) ;
#1487 = CARTESIAN_POINT ( 'NONE',  ( 2.500000000000000000, 56.26542339484620214, 39.75000000000000000 ) ) ;
#1488 = VERTEX_POINT ( 'NONE', #8181 ) ;
#1489 = VERTEX_POINT ( 'NONE', #820 ) ;
#1490 = CARTESIAN_POINT ( 'NONE',  ( -18.51370253461190885, 87.41649213276018315, 35.20128654204572882 ) ) ;
#1491 = FACE_OUTER_BOUND ( 'NONE', #3229, .T. ) ;
#1492 = ORIENTED_EDGE ( 'NONE', *, *, #6460, .T. ) ;
#1493 = DIRECTION ( 'NONE',  ( 0.000000000000000000, 1.000000000000000000, 0.000000000000000000 ) ) ;
#1494 = EDGE_LOOP ( 'NONE', ( #8558, #5546, #3331, #5139, #1186, #3602, #1596, #6017 ) ) ;
#1495 = CARTESIAN_POINT ( 'NONE',  ( 39.51561378894523813, 9.169629727256930707, 3.500000000000000000 ) ) ;
#1496 = EDGE_CURVE ( 'NONE', #5085, #2610, #4756, .T. ) ;
#1497 = CARTESIAN_POINT ( 'NONE',  ( 68.50360700642616507, 176.5539096173982614, 88.03391554452812784 ) ) ;
#1498 = CARTESIAN_POINT ( 'NONE',  ( -24.74420466249360118, 8.500000000000000000, 4.500000000000000888 ) ) ;
#1499 = ORIENTED_EDGE ( 'NONE', *, *, #288, .T. ) ;
#1500 = CARTESIAN_POINT ( 'NONE',  ( 104.7500000000000000, 227.4999999999999716, -127.2500000000000284 ) ) ;
#1501 = CARTESIAN_POINT ( 'NONE',  ( 16.75086209851711772, 9.765607030044755277, 22.28778690062008749 ) ) ;
#1502 = CARTESIAN_POINT ( 'NONE',  ( -15.42808544550992522, 87.41649213276018315, 42.24154385045486748 ) ) ;
#1503 = DIRECTION ( 'NONE',  ( 0.000000000000000000, 0.000000000000000000, 1.000000000000000000 ) ) ;
#1504 = CARTESIAN_POINT ( 'NONE',  ( 39.75000000000000000, 8.500000000000000000, 3.500000000000000000 ) ) ;
#1505 = ADVANCED_FACE ( 'NONE', ( #3598 ), #6217, .F. ) ;
#1506 = CARTESIAN_POINT ( 'NONE',  ( -66.78814461733007590, 176.2592052292784217, 90.63551834262754880 ) ) ;
#1507 = DIRECTION ( 'NONE',  ( 1.000000000000000000, -0.000000000000000000, 0.000000000000000000 ) ) ;
#1508 = DIRECTION ( 'NONE',  ( 1.000000000000000000, -4.026401060382563240E-16, 0.000000000000000000 ) ) ;
#1509 = CARTESIAN_POINT ( 'NONE',  ( 2.707004906354803619, 56.35251178186744880, 39.73568359155983387 ) ) ;
#1510 = CARTESIAN_POINT ( 'NONE',  ( -40.45946519827175791, 8.500000000000000000, -2.500000000000000000 ) ) ;
#1511 = CARTESIAN_POINT ( 'NONE',  ( 34.45920245038955443, 122.4104287123563211, -58.31874636647323484 ) ) ;
#1512 = B_SPLINE_CURVE_WITH_KNOTS ( 'NONE', 3,
 ( #3136, #3063, #8475, #5075, #7714, #4423, #6475, #1137, #5109, #4467, #5672, #520, #5191, #5784, #1714, #476, #8433, #4351, #5031, #8358 ),
 .UNSPECIFIED., .F., .F.,
 ( 4, 2, 2, 2, 2, 2, 2, 2, 2, 4 ),
 ( 0.000000000000000000, 0.002580939148471812945, 0.003871408722707739801, 0.005161878296943666657, 0.005807113084061613605, 0.006452347871179558818, 0.007742817445415454448, 0.008388052232533402264, 0.009033287019651349212, 0.01032375659388724311 ),
 .UNSPECIFIED. ) ;
#1513 = ORIENTED_EDGE ( 'NONE', *, *, #1975, .F. ) ;
#1514 = CARTESIAN_POINT ( 'NONE',  ( 22.82724007671210842, 100.3991565180110399, 52.12665203546901438 ) ) ;
#1515 = CYLINDRICAL_SURFACE ( 'NONE', #4056, 2.700000000000008171 ) ;
#1516 = ORIENTED_EDGE ( 'NONE', *, *, #1462, .T. ) ;
#1517 = EDGE_LOOP ( 'NONE', ( #5737, #7171 ) ) ;
#1518 = CARTESIAN_POINT ( 'NONE',  ( -3.420228791823781922, 51.94609927586964204, 39.14245532568597241 ) ) ;
#1519 = ADVANCED_FACE ( 'NONE', ( #4892 ), #8227, .F. ) ;
#1520 = FACE_BOUND ( 'NONE', #122, .T. ) ;
#1521 = EDGE_CURVE ( 'NONE', #7347, #1655, #2822, .T. ) ;
#1522 = CARTESIAN_POINT ( 'NONE',  ( 4.500000000000000888, -6.496707006939539397, -23.09409040825522297 ) ) ;
#1523 = CARTESIAN_POINT ( 'NONE',  ( 23.79433781668689107, 8.500000000000007105, 12.94442089647503380 ) ) ;
#1524 = CARTESIAN_POINT ( 'NONE',  ( -34.11790219224888432, 36.48528137423860329, -38.36054287937019325 ) ) ;
#1525 = ORIENTED_EDGE ( 'NONE', *, *, #3359, .T. ) ;
#1526 = DIRECTION ( 'NONE',  ( -0.000000000000000000, 1.000000000000000000, -0.000000000000000000 ) ) ;
#1527 = LINE ( 'NONE', #4161, #8484 ) ;
#1528 = ORIENTED_EDGE ( 'NONE', *, *, #310, .F. ) ;
#1529 = FACE_OUTER_BOUND ( 'NONE', #5675, .T. ) ;
#1530 = CARTESIAN_POINT ( 'NONE',  ( 24.11750743857157886, 47.28741476720098547, -4.500000000000003553 ) ) ;
#1531 = CARTESIAN_POINT ( 'NONE',  ( -27.44542709641625677, 106.0162908754055877, 49.13386561966822086 ) ) ;
#1532 = CARTESIAN_POINT ( 'NONE',  ( -104.7500000000000000, 229.9999999999999716, 132.2500000000000000 ) ) ;
#1533 = DIRECTION ( 'NONE',  ( 0.000000000000000000, 0.000000000000000000, 1.000000000000000000 ) ) ;
#1534 = ORIENTED_EDGE ( 'NONE', *, *, #3188, .T. ) ;
#1535 = CARTESIAN_POINT ( 'NONE',  ( -9.885345517889239986, 3.980236567547725683E-15, 15.36472666729737213 ) ) ;
#1536 = ORIENTED_EDGE ( 'NONE', *, *, #7544, .T. ) ;
#1537 = VECTOR ( 'NONE', #6789, 1000.000000000000000 ) ;
#1538 = DIRECTION ( 'NONE',  ( -4.026401060382563240E-16, -1.000000000000000000, 0.000000000000000000 ) ) ;
#1539 = ORIENTED_EDGE ( 'NONE', *, *, #5521, .F. ) ;
#1540 = DIRECTION ( 'NONE',  ( -0.009879833416222267781, 0.9999511932547846538, -0.000000000000000000 ) ) ;
#1541 = CARTESIAN_POINT ( 'NONE',  ( 6.123233995736758394E-16, 229.9999999999999716, -137.2500000000000000 ) ) ;
#1542 = AXIS2_PLACEMENT_3D ( 'NONE', #6693, #771, #2770 ) ;
#1543 = CARTESIAN_POINT ( 'NONE',  ( 16.59213052314856185, 0.9999999999999958922, 7.660653862246374679 ) ) ;
#1544 = ORIENTED_EDGE ( 'NONE', *, *, #1617, .F. ) ;
#1545 = CARTESIAN_POINT ( 'NONE',  ( -21.80789157038178061, 8.500000000000010658, -15.03987403807932033 ) ) ;
#1546 = CARTESIAN_POINT ( 'NONE',  ( -2.541886916619001457, 1.023465617644730776E-15, 18.06542556948194189 ) ) ;
#1547 = VECTOR ( 'NONE', #5163, 1000.000000000000000 ) ;
#1548 = DIRECTION ( 'NONE',  ( -1.000000000000000000, 0.000000000000000000, 0.000000000000000000 ) ) ;
#1549 = CYLINDRICAL_SURFACE ( 'NONE', #2685, 1.000000000000000888 ) ;
#1550 = DIRECTION ( 'NONE',  ( 0.000000000000000000, 1.000000000000000000, 0.000000000000000000 ) ) ;
#1551 = EDGE_CURVE ( 'NONE', #5016, #4543, #8337, .T. ) ;
#1552 = DIRECTION ( 'NONE',  ( 0.000000000000000000, -1.000000000000000000, 0.000000000000000000 ) ) ;
#1553 = CARTESIAN_POINT ( 'NONE',  ( 15.55957244489882818, 85.96744145928185787, -48.06679851074711962 ) ) ;
#1554 = ORIENTED_EDGE ( 'NONE', *, *, #1296, .F. ) ;
#1555 = ORIENTED_EDGE ( 'NONE', *, *, #2737, .T. ) ;
#1556 = DIRECTION ( 'NONE',  ( -0.000000000000000000, 1.000000000000000000, -0.000000000000000000 ) ) ;
#1557 = CARTESIAN_POINT ( 'NONE',  ( -2.602507189775097984, 56.40340287896581373, 39.75000000503322894 ) ) ;
#1558 = CARTESIAN_POINT ( 'NONE',  ( 23.78497175570641531, 13.63103222792018698, -8.032813712824701469 ) ) ;
#1559 = CARTESIAN_POINT ( 'NONE',  ( 125.6418110650507032, 227.9019415994269480, 124.7593276916276466 ) ) ;
#1560 = AXIS2_PLACEMENT_3D ( 'NONE', #7004, #1079, #3002 ) ;
#1561 = CARTESIAN_POINT ( 'NONE',  ( 14.01479531888302255, 8.500000000000007105, 25.33819312090971820 ) ) ;
#1562 = VERTEX_POINT ( 'NONE', #4159 ) ;
#1564 = ADVANCED_FACE ( 'NONE', ( #453 ), #2446, .T. ) ;
#1563 = CARTESIAN_POINT ( 'NONE',  ( -132.2499999999996589, 229.9999999999999716, 109.7500000000004547 ) ) ;
#1565 = VERTEX_POINT ( 'NONE', #7359 ) ;
#1566 = CARTESIAN_POINT ( 'NONE',  ( 38.34048759201160550, 8.500000000000000000, 4.500000000000000888 ) ) ;
#1567 = CIRCLE ( 'NONE', #6374, 1.000000000000000000 ) ;
#1568 = VERTEX_POINT ( 'NONE', #8013 ) ;
#1569 = DIRECTION ( 'NONE',  ( -0.000000000000000000, 1.000000000000000000, -0.000000000000000000 ) ) ;
#1570 = CARTESIAN_POINT ( 'NONE',  ( 24.16243879437501718, 51.83497756076216945, -3.796958259171065997 ) ) ;
#1571 = DIRECTION ( 'NONE',  ( 1.000000000000000000, 0.000000000000000000, 0.000000000000000000 ) ) ;
#1572 = CARTESIAN_POINT ( 'NONE',  ( 10.03190782286715788, 9.791950636714412681, -25.95270548578265846 ) ) ;
#1573 = CARTESIAN_POINT ( 'NONE',  ( -24.50000000000000711, 86.00000000000000000, -38.46815680934845005 ) ) ;
#1574 = EDGE_CURVE ( 'NONE', #119, #256, #8065, .T. ) ;
#1575 = EDGE_CURVE ( 'NONE', #8016, #6082, #3913, .T. ) ;
#1576 = CARTESIAN_POINT ( 'NONE',  ( -18.51370253461190885, 87.41649213276018315, 28.16102923363658306 ) ) ;
#1577 = SPHERICAL_SURFACE ( 'NONE', #4952, 1.000000000000000000 ) ;
#1578 = VERTEX_POINT ( 'NONE', #8467 ) ;
#1579 = CARTESIAN_POINT ( 'NONE',  ( 24.57196064623255083, 8.500000000000000000, 20.32931995911524581 ) ) ;
#1580 = ORIENTED_EDGE ( 'NONE', *, *, #6045, .T. ) ;
#1581 = CARTESIAN_POINT ( 'NONE',  ( -24.03001935087457497, 38.43262805141150551, -18.46332144932566521 ) ) ;
#1582 = CARTESIAN_POINT ( 'NONE',  ( 20.13043663848571896, 8.500000000000017764, -20.07840647002847589 ) ) ;
#1583 = VECTOR ( 'NONE', #8371, 999.9999999999998863 ) ;
#1584 = DIRECTION ( 'NONE',  ( 0.000000000000000000, 0.000000000000000000, -1.000000000000000000 ) ) ;
#1585 = CARTESIAN_POINT ( 'NONE',  ( -4.500000000000003553, 119.4999999999999858, -57.50000000000000000 ) ) ;
#1586 = DIRECTION ( 'NONE',  ( -0.7071067811865462405, 2.847095493573210630E-16, -0.7071067811865489050 ) ) ;
#1587 = DIRECTION ( 'NONE',  ( -0.000000000000000000, 1.000000000000000000, -0.000000000000000000 ) ) ;
#1588 = ORIENTED_EDGE ( 'NONE', *, *, #3177, .F. ) ;
#1589 = DIRECTION ( 'NONE',  ( -0.000000000000000000, 1.040834085586083310E-14, 1.000000000000000000 ) ) ;
#1590 = AXIS2_PLACEMENT_3D ( 'NONE', #1863, #4515, #7057 ) ;
#1591 = CARTESIAN_POINT ( 'NONE',  ( -2.638634717626725745, 56.21442008521872680, -39.74282600950835587 ) ) ;
#1592 = FACE_OUTER_BOUND ( 'NONE', #4205, .T. ) ;
#1593 = CARTESIAN_POINT ( 'NONE',  ( 34.11790219225296283, 36.48528137423857487, -38.36054287936816820 ) ) ;
#1594 = VECTOR ( 'NONE', #8190, 1000.000000000000000 ) ;
#1595 = AXIS2_PLACEMENT_3D ( 'NONE', #5121, #7760, #4283 ) ;
#1596 = ORIENTED_EDGE ( 'NONE', *, *, #1252, .F. ) ;
#1597 = CARTESIAN_POINT ( 'NONE',  ( -24.74683815393342101, 49.60301474156327828, -3.408719109512333034 ) ) ;
#1598 = CARTESIAN_POINT ( 'NONE',  ( 132.2500000000000000, 229.9999999999999716, -1.385245221186013225E-12 ) ) ;
#1599 = VERTEX_POINT ( 'NONE', #2553 ) ;
#1600 = EDGE_LOOP ( 'NONE', ( #5605, #1121, #2658 ) ) ;
#1601 = LINE ( 'NONE', #6739, #7204 ) ;
#1602 = CARTESIAN_POINT ( 'NONE',  ( 38.36054287937020746, 36.48528137423857487, 34.11790219225294862 ) ) ;
#1603 = CARTESIAN_POINT ( 'NONE',  ( -40.19202138593392704, 8.500000000000000000, -3.507237950841466834 ) ) ;
#1604 = AXIS2_PLACEMENT_3D ( 'NONE', #2439, #3747, #4310 ) ;
#1605 = ADVANCED_FACE ( 'NONE', ( #2391, #4023 ), #5220, .F. ) ;
#1606 = CARTESIAN_POINT ( 'NONE',  ( 4.500000000000000888, 49.15594766088220524, -38.75000000000000000 ) ) ;
#1607 = CIRCLE ( 'NONE', #4637, 1.000000000000000888 ) ;
#1608 = VERTEX_POINT ( 'NONE', #822 ) ;
#1609 = FACE_BOUND ( 'NONE', #7269, .T. ) ;
#1610 = VERTEX_POINT ( 'NONE', #292 ) ;
#1611 = AXIS2_PLACEMENT_3D ( 'NONE', #6521, #4558, #7843 ) ;
#1612 = DIRECTION ( 'NONE',  ( -0.000000000000000000, -0.000000000000000000, 1.000000000000000000 ) ) ;
#1613 = AXIS2_PLACEMENT_3D ( 'NONE', #6375, #4442, #498 ) ;
#1614 = LINE ( 'NONE', #6313, #3269 ) ;
#1615 = DIRECTION ( 'NONE',  ( -0.7071067811865476838, 0.000000000000000000, 0.7071067811865474617 ) ) ;
#1616 = AXIS2_PLACEMENT_3D ( 'NONE', #3509, #4714, #1427 ) ;
#1617 = EDGE_CURVE ( 'NONE', #2458, #3686, #2963, .T. ) ;
#1618 = VECTOR ( 'NONE', #4981, 1000.000000000000000 ) ;
#1619 = DIRECTION ( 'NONE',  ( -0.000000000000000000, 1.000000000000000000, 0.000000000000000000 ) ) ;
#1620 = VERTEX_POINT ( 'NONE', #7773 ) ;
#1621 = FACE_OUTER_BOUND ( 'NONE', #5332, .T. ) ;
#1622 = DIRECTION ( 'NONE',  ( 0.000000000000000000, 0.000000000000000000, 1.000000000000000000 ) ) ;
#1623 = VECTOR ( 'NONE', #721, 999.9999999999998863 ) ;
#1624 = ORIENTED_EDGE ( 'NONE', *, *, #4632, .F. ) ;
#1625 = VECTOR ( 'NONE', #6436, 1000.000000000000000 ) ;
#1626 = CARTESIAN_POINT ( 'NONE',  ( -69.00000000000000000, 177.0000000000000000, 85.94234171967497105 ) ) ;
#1627 = EDGE_LOOP ( 'NONE', ( #3245, #6141, #3485, #6713 ) ) ;
#1628 = CARTESIAN_POINT ( 'NONE',  ( -104.7500000000000000, 229.9999999999999716, -132.2500000000000000 ) ) ;
#1629 = CARTESIAN_POINT ( 'NONE',  ( 139.6500000000000057, 222.4999999999999716, 121.4076260998840411 ) ) ;
#1630 = CARTESIAN_POINT ( 'NONE',  ( 24.74420466249359407, 8.499999999999996447, -6.299630403166123216 ) ) ;
#1631 = EDGE_CURVE ( 'NONE', #7609, #456, #7002, .T. ) ;
#1632 = ADVANCED_FACE ( 'NONE', ( #2723, #671, #1421, #3199, #7864, #7823, #5890, #1375, #1925, #5174, #4579, #716, #3885, #2672 ), #1888, .F. ) ;
#1633 = CIRCLE ( 'NONE', #2315, 1.000000000000000888 ) ;
#1634 = DIRECTION ( 'NONE',  ( 1.000000000000000000, 0.000000000000000000, 0.000000000000000000 ) ) ;
#1635 = CARTESIAN_POINT ( 'NONE',  ( -17.27450110833658314, 89.27423230140084343, 48.99704736899175117 ) ) ;
#1636 = CARTESIAN_POINT ( 'NONE',  ( -24.74420466249360118, 9.500000000000008882, 6.299630403166113446 ) ) ;
#1637 = ORIENTED_EDGE ( 'NONE', *, *, #5198, .T. ) ;
#1638 = CARTESIAN_POINT ( 'NONE',  ( 40.67700504028892539, 119.0810664868829747, -50.00582184530284025 ) ) ;
#1639 = CARTESIAN_POINT ( 'NONE',  ( 62.49627132169562316, 177.6932981675498979, 93.60675282340628200 ) ) ;
#1640 = VERTEX_POINT ( 'NONE', #8538 ) ;
#1641 = VECTOR ( 'NONE', #1947, 999.9999999999998863 ) ;
#1642 = EDGE_CURVE ( 'NONE', #7737, #6463, #7715, .T. ) ;
#1643 = LINE ( 'NONE', #1832, #6536 ) ;
#1644 = CARTESIAN_POINT ( 'NONE',  ( 24.17567898490996470, 53.17503500571879016, 2.500000000000000000 ) ) ;
#1645 = VERTEX_POINT ( 'NONE', #7164 ) ;
#1646 = CARTESIAN_POINT ( 'NONE',  ( -2.500000000000000000, 8.500000000000000000, 40.75000000000000000 ) ) ;
#1647 = CARTESIAN_POINT ( 'NONE',  ( -20.53767908663130370, 84.87531683034184482, 46.10828977488036173 ) ) ;
#1648 = ORIENTED_EDGE ( 'NONE', *, *, #7351, .T. ) ;
#1649 = EDGE_LOOP ( 'NONE', ( #2628, #7077, #739, #445 ) ) ;
#1650 = CARTESIAN_POINT ( 'NONE',  ( 13.36975393383369770, 8.500000000003494094, 24.15542308939180316 ) ) ;
#1651 = CARTESIAN_POINT ( 'NONE',  ( 2.500000000000000000, 56.40340286106960832, 39.75000000000000000 ) ) ;
#1652 = CARTESIAN_POINT ( 'NONE',  ( -3.281888544479788283, 55.38602967041982339, 39.46379797084325958 ) ) ;
#1653 = CARTESIAN_POINT ( 'NONE',  ( 38.92253498940954870, 118.2179912597192128, -53.98988751567274846 ) ) ;
#1654 = CARTESIAN_POINT ( 'NONE',  ( 6.298853001362365589, 8.500000000000001776, 27.59419916606945122 ) ) ;
#1655 = VERTEX_POINT ( 'NONE', #5932 ) ;
#1656 = ORIENTED_EDGE ( 'NONE', *, *, #3240, .F. ) ;
#1657 = DIRECTION ( 'NONE',  ( 1.000000000000000000, 0.000000000000000000, 0.000000000000000000 ) ) ;
#1658 = EDGE_LOOP ( 'NONE', ( #5232, #4243, #5131, #7551, #8230, #5255 ) ) ;
#1659 = CARTESIAN_POINT ( 'NONE',  ( 104.7500000000000000, 227.4999999999999716, -134.9500000000000171 ) ) ;
#1660 = CARTESIAN_POINT ( 'NONE',  ( -16.70285822052396796, 88.17196868736111526, 48.68696441624351934 ) ) ;
#1661 = CARTESIAN_POINT ( 'NONE',  ( 60.64632563645255203, 176.0308190648918298, -92.57524706717767060 ) ) ;
#1662 = CARTESIAN_POINT ( 'NONE',  ( -39.28019704306213811, 9.235813848373982893, -3.114546723609214585 ) ) ;
#1663 = FACE_OUTER_BOUND ( 'NONE', #6239, .T. ) ;
#1664 = ADVANCED_FACE ( 'NONE', ( #7254 ), #6498, .F. ) ;
#1665 = CARTESIAN_POINT ( 'NONE',  ( -9.885345517889243538, 3.980236567547727260E-15, -15.36472666729737391 ) ) ;
#1666 = PLANE ( 'NONE',  #2307 ) ;
#1667 = CARTESIAN_POINT ( 'NONE',  ( 74.37635831402683095, 187.9943507095830171, -99.99816849613937109 ) ) ;
#1668 = CARTESIAN_POINT ( 'NONE',  ( 38.34048759201160550, 9.500000000000001776, 3.500000000000000000 ) ) ;
#1669 = CARTESIAN_POINT ( 'NONE',  ( 23.74425346923880653, 9.509879833416224670, -6.299630403166123216 ) ) ;
#1670 = CARTESIAN_POINT ( 'NONE',  ( -24.14184983044383870, 49.75114090243840792, 4.317438219424820645 ) ) ;
#1671 = FACE_OUTER_BOUND ( 'NONE', #7920, .T. ) ;
#1672 = CARTESIAN_POINT ( 'NONE',  ( -36.26136887793493457, 125.8854347377586436, 59.29631662775177858 ) ) ;
#1673 = AXIS2_PLACEMENT_3D ( 'NONE', #8153, #2047, #8020 ) ;
#1674 = EDGE_CURVE ( 'NONE', #5934, #7632, #8023, .T. ) ;
#1675 = ADVANCED_FACE ( 'NONE', ( #5973 ), #2662, .F. ) ;
#1676 = DIRECTION ( 'NONE',  ( -0.000000000000000000, -1.000000000000000000, -0.000000000000000000 ) ) ;
#1677 = ORIENTED_EDGE ( 'NONE', *, *, #8070, .F. ) ;
#1678 =( BOUNDED_SURFACE ( )  B_SPLINE_SURFACE ( 2, 3, ( 
 ( #5303, #7962, #5941, #2551, #1981, #1387, #4546, #7919, #4022, #7307 ),
 ( #681, #5260, #3978, #8508, #724, #2030, #4677, #8002, #2074, #4630 ),
 ( #7873, #4717, #7348, #1936, #637, #1430, #4071, #3933, #551, #3207 ) ),
 .UNSPECIFIED., .F., .F., .F. ) 
 B_SPLINE_SURFACE_WITH_KNOTS ( ( 3, 3 ),
 ( 4, 3, 3, 4 ),
 ( 0.000000000000000000, 1.000000000000000000 ),
 ( -0.1003861571905429184, -0.08068179953927902270, -0.009180788422091974710, 0.007225695868137503586 ),
 .UNSPECIFIED. ) 
 GEOMETRIC_REPRESENTATION_ITEM ( )  RATIONAL_B_SPLINE_SURFACE ( (
 ( 1.000000000000000000, 1.000000000000000000, 1.000000000000000000, 1.000000000000000000, 1.000000000000000000, 1.000000000000000000, 1.000000000000000000, 1.000000000000000000, 1.000000000000000000, 1.000000000000000000),
 ( 0.8343088609779760745, 0.8343088609779760745, 0.8343088609779760745, 0.8343088609779759635, 0.8343088609779759635, 0.8343088609779759635, 0.8343088609779759635, 0.8343088609779759635, 0.8343088609779759635, 0.8343088609779759635),
 ( 1.000000000000000000, 1.000000000000000000, 1.000000000000000000, 1.000000000000000000, 1.000000000000000000, 1.000000000000000000, 1.000000000000000000, 1.000000000000000000, 1.000000000000000000, 1.000000000000000000) ) ) 
 REPRESENTATION_ITEM ( '' )  SURFACE ( )  );
#1679 = CARTESIAN_POINT ( 'NONE',  ( 21.77285436029793075, 84.84859403515176268, -45.00199754939196595 ) ) ;
#1680 = CARTESIAN_POINT ( 'NONE',  ( 0.000000000000000000, 227.4999999999999716, 132.2500000000000000 ) ) ;
#1681 = ORIENTED_EDGE ( 'NONE', *, *, #1091, .T. ) ;
#1682 = FACE_OUTER_BOUND ( 'NONE', #8083, .T. ) ;
#1683 = DIRECTION ( 'NONE',  ( -0.000000000000000000, 1.000000000000000000, -0.000000000000000000 ) ) ;
#1684 = EDGE_CURVE ( 'NONE', #2178, #6302, #1368, .T. ) ;
#1685 = VERTEX_POINT ( 'NONE', #4188 ) ;
#1686 = EDGE_CURVE ( 'NONE', #3437, #4341, #5825, .T. ) ;
#1687 = CARTESIAN_POINT ( 'NONE',  ( 69.00000000000000000, 177.0000000000000000, -85.94234171967491420 ) ) ;
#1688 = ORIENTED_EDGE ( 'NONE', *, *, #5916, .F. ) ;
#1689 = AXIS2_PLACEMENT_3D ( 'NONE', #4999, #7645, #3622 ) ;
#1690 = ORIENTED_EDGE ( 'NONE', *, *, #3691, .T. ) ;
#1691 = CARTESIAN_POINT ( 'NONE',  ( 4.499999999999948486, 49.42675095010440600, 37.78736529329840721 ) ) ;
#1692 = CARTESIAN_POINT ( 'NONE',  ( -3.007755225399705079, 55.99239606799745417, 39.63437774923169599 ) ) ;
#1693 = CARTESIAN_POINT ( 'NONE',  ( 40.05239508678725713, 118.4822014212544019, -52.08145899509982968 ) ) ;
#1694 = CARTESIAN_POINT ( 'NONE',  ( 7.637071249035993326, 8.499999999999989342, 27.45092694218199014 ) ) ;
#1695 = EDGE_LOOP ( 'NONE', ( #1992, #1889, #6263, #7491 ) ) ;
#1696 = DIRECTION ( 'NONE',  ( -0.000000000000000000, 1.000000000000000000, -0.000000000000000000 ) ) ;
#1697 = EDGE_LOOP ( 'NONE', ( #4062, #592, #6199, #4718 ) ) ;
#1698 = CARTESIAN_POINT ( 'NONE',  ( -35.04663047464813985, 121.5603247499921764, -58.77835401715376662 ) ) ;
#1699 = CLOSED_SHELL ( 'NONE', ( #1519, #265, #275, #8521, #4527, #8555, #5564, #6459, #4573, #6202, #3743, #7880, #6686, #6903, #3469, #2210, #6671, #446, #7684, #1114, #6845, #824, #4045, #3361, #8214, #774, #2188, #4192, #2816, #1675, #6091, #4800, #5105, #7850, #5285, #5533, #7276, #7360, #3662, #2903, #1664, #1241, #6018, #1869, #3110, #8429, #835, #2129, #1632, #547, #4968, #527, #1089, #1450, #537, #378, #7631, #2140, #6397, #4226, #7055, #5963, #2463, #3786, #2774, #5187, #6309, #990, #3020, #5204, #8010, #1564, #1734, #1961, #7235, #3615, #5717, #876, #5180, #5875, #1778, #6043, #1144, #1952, #634, #702, #3259, #4880, #7559, #2763, #6132, #2321, #4140, #5532, #8321, #172, #5144, #5856, #8466, #6556, #70, #5470, #925, #205, #5079, #3846, #2626, #3570, #7442, #4463, #8186, #6634, #4213, #8276, #8176, #2839, #5300, #3202, #8009, #226, #4730, #5356, #3457, #6365, #2967, #7080, #2031, #4093, #3250, #7992, #4562, #5624, #3302, #3541, #4893, #7444, #5006, #93, #2348, #4683, #7965, #3109, #2389, #6893, #2368, #2572, #8378, #2709, #4453, #8286, #2496, #4033, #7703, #7217, #3477, #3936, #4025, #6255, #1100, #2409, #2994, #3834, #798, #7054, #7963, #4572, #4858, #118, #1073, #386, #4721, #2953, #1760, #8242, #1785, #3479, #3533, #6448, #3156, #5102, #6409, #5696, #1039, #7210, #57, #2726, #6381, #5678, #7268, #1974, #1184, #945, #580, #6439, #3201, #7607, #6256, #1605, #488, #888, #4476, #4300, #7162, #6611, #1505, #2120, #5906, #4346, #8512, #2255, #6623, #5342, #6500, #5297, #8418, #8228, #653, #4618 ) ) ;
#1700 = CARTESIAN_POINT ( 'NONE',  ( -67.28291081468707091, 176.2588988175328666, -90.02703940392906645 ) ) ;
#1701 = CARTESIAN_POINT ( 'NONE',  ( 119.6307288578716737, 222.4999999999999432, -115.6847746359882620 ) ) ;
#1702 = CARTESIAN_POINT ( 'NONE',  ( 38.34048759201160550, 8.500000000000001776, 3.500000000000000444 ) ) ;
#1703 = CARTESIAN_POINT ( 'NONE',  ( 7.461534845815453565, 8.499999999998822275, -26.08493077524132886 ) ) ;
#1704 = AXIS2_PLACEMENT_3D ( 'NONE', #2102, #134, #2803 ) ;
#1705 = CARTESIAN_POINT ( 'NONE',  ( -24.28541820686124808, 8.500000000000007105, 10.97899073157760697 ) ) ;
#1706 = ORIENTED_EDGE ( 'NONE', *, *, #6316, .T. ) ;
#1707 = CARTESIAN_POINT ( 'NONE',  ( -21.44542719479183646, 9.681164092385499131, 16.26052477554110354 ) ) ;
#1708 = CARTESIAN_POINT ( 'NONE',  ( -11.85747494681107739, 0.9999999999999974465, 14.07935099051022831 ) ) ;
#1709 = CARTESIAN_POINT ( 'NONE',  ( -40.67700504028896091, 119.0810664868829889, 50.00582184530286867 ) ) ;
#1710 = CARTESIAN_POINT ( 'NONE',  ( 62.49627132169562316, 177.6932981675498979, 93.60675282340628200 ) ) ;
#1711 = CARTESIAN_POINT ( 'NONE',  ( -132.2499999999996589, 229.9999999999999716, 104.7500000000004547 ) ) ;
#1712 = DIRECTION ( 'NONE',  ( 0.000000000000000000, 0.000000000000000000, 1.000000000000000000 ) ) ;
#1713 = EDGE_CURVE ( 'NONE', #7202, #638, #3452, .T. ) ;
#1714 = CARTESIAN_POINT ( 'NONE',  ( -119.2249453282711613, 222.4999999999999716, -117.8077008356831925 ) ) ;
#1715 = CARTESIAN_POINT ( 'NONE',  ( -24.17567898490996470, 53.17503500571874753, 3.500000000000000000 ) ) ;
#1716 = CARTESIAN_POINT ( 'NONE',  ( -132.2499999999996589, 229.9999999999999716, 104.7500000000004547 ) ) ;
#1717 = ORIENTED_EDGE ( 'NONE', *, *, #6943, .T. ) ;
#1718 = CARTESIAN_POINT ( 'NONE',  ( 19.13938640454194839, 85.04570105927319901, -46.99441827052396548 ) ) ;
#1719 = CARTESIAN_POINT ( 'NONE',  ( 132.2500000000011084, 229.9999999999999716, 104.7499999999986073 ) ) ;
#1720 = AXIS2_PLACEMENT_3D ( 'NONE', #1774, #3193, #450 ) ;
#1721 = CARTESIAN_POINT ( 'NONE',  ( -24.74420466249360118, 9.500000000000008882, 139.6500000000000057 ) ) ;
#1722 = EDGE_CURVE ( 'NONE', #4907, #3197, #6114, .T. ) ;
#1723 = CYLINDRICAL_SURFACE ( 'NONE', #7892, 2.700000000000008171 ) ;
#1724 = DIRECTION ( 'NONE',  ( -0.000000000000000000, -1.000000000000000000, -0.000000000000000000 ) ) ;
#1725 = CARTESIAN_POINT ( 'NONE',  ( 0.000000000000000000, 9.500000000000001776, -4.500000000000000888 ) ) ;
#1726 = DIRECTION ( 'NONE',  ( 0.000000000000000000, -1.000000000000000000, 0.000000000000000000 ) ) ;
#1727 = ORIENTED_EDGE ( 'NONE', *, *, #6743, .T. ) ;
#1728 = ORIENTED_EDGE ( 'NONE', *, *, #1050, .T. ) ;
#1729 = CARTESIAN_POINT ( 'NONE',  ( 139.6500000000000057, 9.770803289222266486, 26.63156445936789041 ) ) ;
#1730 = DIRECTION ( 'NONE',  ( -0.000000000000000000, -1.000000000000000000, -0.000000000000000000 ) ) ;
#1731 = CARTESIAN_POINT ( 'NONE',  ( 18.51370253461190174, 87.41649213276018315, -3.520128654204652818 ) ) ;
#1732 = EDGE_CURVE ( 'NONE', #2067, #852, #2103, .T. ) ;
#1733 = AXIS2_PLACEMENT_3D ( 'NONE', #7751, #2473, #5826 ) ;
#1734 = ADVANCED_FACE ( 'NONE', ( #804 ), #7799, .T. ) ;
#1735 = VECTOR ( 'NONE', #4877, 1000.000000000000114 ) ;
#1736 = CARTESIAN_POINT ( 'NONE',  ( 30.78835754851262152, 98.85933790819434819, -43.76144624340530953 ) ) ;
#1737 = CARTESIAN_POINT ( 'NONE',  ( 3.499999999999999556, 50.09968843111304437, -38.88274407361702600 ) ) ;
#1738 = ORIENTED_EDGE ( 'NONE', *, *, #1082, .F. ) ;
#1739 = AXIS2_PLACEMENT_3D ( 'NONE', #3270, #5160, #3350 ) ;
#1740 = CARTESIAN_POINT ( 'NONE',  ( -22.49961087745266042, 99.34948820093387667, 51.83136491266115797 ) ) ;
#1741 = AXIS2_PLACEMENT_3D ( 'NONE', #6526, #5914, #8404 ) ;
#1742 = FACE_OUTER_BOUND ( 'NONE', #948, .T. ) ;
#1743 = EDGE_CURVE ( 'NONE', #4130, #1620, #4604, .T. ) ;
#1744 = CIRCLE ( 'NONE', #5849, 2.999999999999995559 ) ;
#1745 = DIRECTION ( 'NONE',  ( -1.000000000000000000, 0.000000000000000000, -3.469446951953611033E-15 ) ) ;
#1746 = CIRCLE ( 'NONE', #7557, 1.000000000000000888 ) ;
#1747 = CARTESIAN_POINT ( 'NONE',  ( -23.70976157138362339, 8.499999999990457411, 7.617150328546987481 ) ) ;
#1748 = CARTESIAN_POINT ( 'NONE',  ( -11.85747494681107739, 0.9999999999999974465, -14.07935099051024253 ) ) ;
#1749 = LINE ( 'NONE', #3024, #2875 ) ;
#1750 = CARTESIAN_POINT ( 'NONE',  ( 19.36327189134353333, 9.728865056360383790, -19.47894873310679031 ) ) ;
#1751 = CIRCLE ( 'NONE', #3138, 2.999999999999999112 ) ;
#1752 = CARTESIAN_POINT ( 'NONE',  ( -24.13934398286080807, 49.49752070710535889, 3.668738513484289143 ) ) ;
#1753 = DIRECTION ( 'NONE',  ( 0.000000000000000000, 0.000000000000000000, 1.000000000000000000 ) ) ;
#1754 = CARTESIAN_POINT ( 'NONE',  ( 39.02886058067539210, 9.306473574832009987, -3.499999999999999112 ) ) ;
#1755 = AXIS2_PLACEMENT_3D ( 'NONE', #72, #786, #3434 ) ;
#1756 = CARTESIAN_POINT ( 'NONE',  ( -41.74085462747521547, 121.2565791258482051, 57.99415152159713926 ) ) ;
#1757 = AXIS2_PLACEMENT_3D ( 'NONE', #3131, #6939, #2356 ) ;
#1758 = CARTESIAN_POINT ( 'NONE',  ( 16.96421089549374628, 0.9999999999999956701, -6.772085143679271724 ) ) ;
#1759 = ORIENTED_EDGE ( 'NONE', *, *, #2320, .T. ) ;
#1760 = ADVANCED_FACE ( 'NONE', ( #6134 ), #4329, .F. ) ;
#1761 = CARTESIAN_POINT ( 'NONE',  ( 23.64216184115725383, 85.18291930091562847, -42.29896513313196493 ) ) ;
#1762 = CARTESIAN_POINT ( 'NONE',  ( -3.673567704320663818, 51.17145820987933291, -38.27817708450957923 ) ) ;
#1763 = B_SPLINE_SURFACE_WITH_KNOTS ( 'NONE', 3, 1, ( 
 ( #3684, #412 ),
 ( #377, #5052 ),
 ( #5766, #2457 ),
 ( #5169, #1115 ),
 ( #3762, #5805 ),
 ( #4444, #3803 ),
 ( #7122, #1041 ),
 ( #6308, #8377 ),
 ( #7819, #4372 ),
 ( #1207, #6376 ),
 ( #5091, #3047 ),
 ( #500, #6418 ),
 ( #3154, #7074 ),
 ( #1731, #6340 ),
 ( #5655, #2381 ),
 ( #1155, #1081 ),
 ( #5014, #3080 ),
 ( #8336, #7698 ),
 ( #6458, #5886 ),
 ( #3357, #3277 ),
 ( #7294, #7990 ),
 ( #7335, #1415 ),
 ( #8534, #8032 ),
 ( #4571, #7860 ),
 ( #7903, #45 ),
 ( #4052, #6639 ),
 ( #4662, #2623 ),
 ( #712, #5975 ),
 ( #6495, #8574 ),
 ( #8494, #5925 ) ),
 .UNSPECIFIED., .F., .F., .F.,
 ( 4, 2, 2, 2, 2, 2, 2, 2, 2, 2, 2, 2, 2, 2, 4 ),
 ( 2, 2 ),
 ( 0.000000000000000000, 0.1250000000000000833, 0.1875000000000000833, 0.2500000000000001110, 0.3125000000000001110, 0.3750000000000000555, 0.4375000000000000555, 0.5000000000000000000, 0.5625000000000000000, 0.6250000000000000000, 0.6874999999999998890, 0.7499999999999998890, 0.8125000000000000000, 0.8750000000000000000, 1.000000000000000000 ),
 ( 0.000000000000000000, 1.000000000000000000 ),
 .UNSPECIFIED. ) ;
#1764 = DIRECTION ( 'NONE',  ( 0.000000000000000000, 0.000000000000000000, 1.000000000000000000 ) ) ;
#1765 = CARTESIAN_POINT ( 'NONE',  ( -32.94983041568480786, 119.4999999999999858, 57.50000000000000000 ) ) ;
#1766 = CARTESIAN_POINT ( 'NONE',  ( 24.67639290799087703, 50.04502754649590202, 3.367723576867799551 ) ) ;
#1767 = DIRECTION ( 'NONE',  ( 0.000000000000000000, -0.000000000000000000, -1.000000000000000000 ) ) ;
#1768 = CARTESIAN_POINT ( 'NONE',  ( -17.64576966563231508, 85.34993735178727547, 47.63396687747155056 ) ) ;
#1769 = EDGE_LOOP ( 'NONE', ( #7977, #2290, #6171, #2918 ) ) ;
#1770 = EDGE_CURVE ( 'NONE', #8059, #2673, #3800, .T. ) ;
#1771 = SPHERICAL_SURFACE ( 'NONE', #5249, 1.000000000000000000 ) ;
#1772 = DIRECTION ( 'NONE',  ( 0.000000000000000000, 0.000000000000000000, 1.000000000000000000 ) ) ;
#1773 = CARTESIAN_POINT ( 'NONE',  ( -132.2499999999996589, 229.9999999999999716, 99.75000000000045475 ) ) ;
#1774 = CARTESIAN_POINT ( 'NONE',  ( -36.23922253580853692, 1.459136440456192080E-14, -36.23922253581054775 ) ) ;
#1775 = CARTESIAN_POINT ( 'NONE',  ( 68.76994382801936467, 176.7932568607790245, 87.32545957982553375 ) ) ;
#1776 = ORIENTED_EDGE ( 'NONE', *, *, #1349, .F. ) ;
#1777 = EDGE_CURVE ( 'NONE', #165, #7308, #887, .T. ) ;
#1778 = ADVANCED_FACE ( 'NONE', ( #2547 ), #2494, .T. ) ;
#1779 = ORIENTED_EDGE ( 'NONE', *, *, #4079, .T. ) ;
#1780 = CARTESIAN_POINT ( 'NONE',  ( -27.72472064656872703, 109.4247441004669099, 54.66568245633057188 ) ) ;
#1781 = ORIENTED_EDGE ( 'NONE', *, *, #8472, .F. ) ;
#1782 = ORIENTED_EDGE ( 'NONE', *, *, #5246, .T. ) ;
#1783 = CARTESIAN_POINT ( 'NONE',  ( -17.67590392627464624, 9.755291345000788539, 21.43588587904043763 ) ) ;
#1784 = CARTESIAN_POINT ( 'NONE',  ( -16.96421089549375338, 0.9999999999999993339, -6.772085143679271724 ) ) ;
#1785 = ADVANCED_FACE ( 'NONE', ( #5350 ), #4807, .F. ) ;
#1786 = CARTESIAN_POINT ( 'NONE',  ( 39.69962462399907110, 117.0823784445823748, -48.76571108707317137 ) ) ;
#1787 = CARTESIAN_POINT ( 'NONE',  ( 14.67095989881414120, 9.780982096182079033, -23.79549635323444789 ) ) ;
#1788 = CARTESIAN_POINT ( 'NONE',  ( -24.17186927024852494, 52.78944867435436095, 2.907801685539022074 ) ) ;
#1789 = CARTESIAN_POINT ( 'NONE',  ( 104.7500000000000000, 229.9999999999999716, -127.2500000000000000 ) ) ;
#1790 = DIRECTION ( 'NONE',  ( -4.026401060382563240E-16, -1.000000000000000000, -0.000000000000000000 ) ) ;
#1791 = CARTESIAN_POINT ( 'NONE',  ( 1.271093249381656021, -5.117931207155418160E-16, -18.19999999999999574 ) ) ;
#1792 =( BOUNDED_SURFACE ( )  B_SPLINE_SURFACE ( 2, 3, ( 
 ( #1329, #6644, #6596, #3323, #7339, #4059, #6497, #5, #581, #5293 ),
 ( #51, #2064, #715, #2721, #5344, #5848, #2587, #7995, #543, #8081 ),
 ( #2906, #8128, #6028, #2287, #7433, #1514, #4149, #279, #6116, #7474 ) ),
 .UNSPECIFIED., .F., .F., .F. ) 
 B_SPLINE_SURFACE_WITH_KNOTS ( ( 3, 3 ),
 ( 4, 3, 3, 4 ),
 ( 0.000000000000000000, 1.000000000000000000 ),
 ( 0.07600386215947368962, 0.08218378783089512474, 0.1206471233159469580, 0.1330564623082074183 ),
 .UNSPECIFIED. ) 
 GEOMETRIC_REPRESENTATION_ITEM ( )  RATIONAL_B_SPLINE_SURFACE ( (
 ( 1.000000000000000000, 1.000000000000000000, 1.000000000000000000, 1.000000000000000000, 1.000000000000000000, 1.000000000000000000, 1.000000000000000000, 1.000000000000000000, 1.000000000000000000, 1.000000000000000000),
 ( 0.7479851340641154867, 0.7479851340641154867, 0.7479851340641154867, 0.7479851340641154867, 0.7479851340641154867, 0.7479851340641154867, 0.7479851340641154867, 0.7479851340641154867, 0.7479851340641154867, 0.7479851340641154867),
 ( 1.000000000000000000, 1.000000000000000000, 1.000000000000000000, 1.000000000000000000, 1.000000000000000000, 1.000000000000000000, 1.000000000000000000, 1.000000000000000000, 1.000000000000000000, 1.000000000000000000) ) ) 
 REPRESENTATION_ITEM ( '' )  SURFACE ( )  );
#1793 = CARTESIAN_POINT ( 'NONE',  ( 30.49582042477514676, 98.26111592482106971, 43.38705312526805358 ) ) ;
#1794 = EDGE_LOOP ( 'NONE', ( #3019, #2900 ) ) ;
#1795 = PLANE ( 'NONE',  #4095 ) ;
#1796 = DIRECTION ( 'NONE',  ( 1.000000000000000000, 0.000000000000000000, 0.000000000000000000 ) ) ;
#1797 = CARTESIAN_POINT ( 'NONE',  ( 24.57578048681762084, 93.66984472574786480, -41.69377081092407167 ) ) ;
#1798 = FACE_OUTER_BOUND ( 'NONE', #1479, .T. ) ;
#1799 = AXIS2_PLACEMENT_3D ( 'NONE', #7608, #7720, #1796 ) ;
#1800 = CARTESIAN_POINT ( 'NONE',  ( 24.17567898505812707, 53.17503502071448906, 2.637575744528491306 ) ) ;
#1801 = CARTESIAN_POINT ( 'NONE',  ( -24.35912097720300551, 52.03576878201472056, -3.035261871261289546 ) ) ;
#1802 = DIRECTION ( 'NONE',  ( 0.000000000000000000, 0.000000000000000000, 1.000000000000000000 ) ) ;
#1803 = EDGE_LOOP ( 'NONE', ( #6892, #2567, #2508, #5384 ) ) ;
#1804 = CARTESIAN_POINT ( 'NONE',  ( 132.2499999999988916, 229.9999999999999716, -99.75000000000137845 ) ) ;
#1805 = AXIS2_PLACEMENT_3D ( 'NONE', #4181, #4692, #7417 ) ;
#1806 = CARTESIAN_POINT ( 'NONE',  ( -121.8007364024827837, 230.9880703749679469, -126.6741545254466672 ) ) ;
#1807 = FACE_OUTER_BOUND ( 'NONE', #797, .T. ) ;
#1808 = EDGE_CURVE ( 'NONE', #5016, #7887, #4846, .T. ) ;
#1809 = CIRCLE ( 'NONE', #6784, 1.000000000000000888 ) ;
#1810 = ORIENTED_EDGE ( 'NONE', *, *, #6031, .T. ) ;
#1811 = CARTESIAN_POINT ( 'NONE',  ( 119.0508961120356162, 222.5000000000001705, -118.1993642843441847 ) ) ;
#1812 = ORIENTED_EDGE ( 'NONE', *, *, #4987, .F. ) ;
#1813 = ORIENTED_EDGE ( 'NONE', *, *, #8268, .T. ) ;
#1814 = CARTESIAN_POINT ( 'NONE',  ( 24.50000000000000711, 86.00000000000000000, 139.6500000000000057 ) ) ;
#1815 = CARTESIAN_POINT ( 'NONE',  ( -19.58562879261558010, 9.724744039139284979, 19.18717653020073044 ) ) ;
#1816 = EDGE_CURVE ( 'NONE', #5234, #1568, #2138, .T. ) ;
#1817 = LINE ( 'NONE', #4413, #6669 ) ;
#1818 = ORIENTED_EDGE ( 'NONE', *, *, #108, .T. ) ;
#1819 = CARTESIAN_POINT ( 'NONE',  ( 113.2249833807047708, 222.5000000000001990, 121.4076260998841974 ) ) ;
#1820 = LINE ( 'NONE', #3774, #4530 ) ;
#1821 = CARTESIAN_POINT ( 'NONE',  ( 104.7500000000000000, 222.4999999999999716, -132.2500000000000000 ) ) ;
#1822 = CARTESIAN_POINT ( 'NONE',  ( -24.33689891688355544, 85.66646744800908664, -40.26625950441031421 ) ) ;
#1823 = EDGE_CURVE ( 'NONE', #4282, #4737, #6648, .T. ) ;
#1824 = EDGE_CURVE ( 'NONE', #4737, #5234, #2636, .T. ) ;
#1825 = CARTESIAN_POINT ( 'NONE',  ( -104.7500000000000000, 229.9999999999999716, -132.2500000000000000 ) ) ;
#1826 = DIRECTION ( 'NONE',  ( 0.000000000000000000, 0.000000000000000000, 1.000000000000000000 ) ) ;
#1827 = DIRECTION ( 'NONE',  ( -0.000000000000000000, -1.000000000000000000, 0.000000000000000000 ) ) ;
#1828 = ORIENTED_EDGE ( 'NONE', *, *, #5054, .T. ) ;
#1829 = DIRECTION ( 'NONE',  ( 0.000000000000000000, 0.000000000000000000, 1.000000000000000000 ) ) ;
#1830 = FACE_BOUND ( 'NONE', #6560, .T. ) ;
#1831 = CARTESIAN_POINT ( 'NONE',  ( 23.66000013131243307, 0.9824864811325626501, -24.15928179410596499 ) ) ;
#1832 = CARTESIAN_POINT ( 'NONE',  ( -132.2500000000000000, 229.9999999999999716, 5.000000000000466294 ) ) ;
#1833 = CARTESIAN_POINT ( 'NONE',  ( -24.74420466249360118, 9.500000000000001776, -4.500000000000000888 ) ) ;
#1834 = CARTESIAN_POINT ( 'NONE',  ( -23.64216184115725383, 85.18291930091562847, 42.29896513313192230 ) ) ;
#1835 = AXIS2_PLACEMENT_3D ( 'NONE', #5584, #7546, #6185 ) ;
#1836 = ORIENTED_EDGE ( 'NONE', *, *, #2605, .F. ) ;
#1837 = DIRECTION ( 'NONE',  ( -0.000000000000000000, 1.000000000000000000, -0.000000000000000000 ) ) ;
#1838 = CARTESIAN_POINT ( 'NONE',  ( 23.06215202083245330, 8.499999999998843592, 11.39058751121678803 ) ) ;
#1839 = CARTESIAN_POINT ( 'NONE',  ( -13.57461562021066648, 9.787061401919507020, -24.48466076778868228 ) ) ;
#1840 = CARTESIAN_POINT ( 'NONE',  ( 132.2500000000011084, 227.4999999999999716, 99.74999999999860734 ) ) ;
#1841 = CARTESIAN_POINT ( 'NONE',  ( 24.74420466249360118, 9.500000000000001776, -4.500000000000000888 ) ) ;
#1842 = CARTESIAN_POINT ( 'NONE',  ( -9.611276035977462939, 8.499999999999985789, -27.01506115601010194 ) ) ;
#1843 = AXIS2_PLACEMENT_3D ( 'NONE', #8092, #2168, #4812 ) ;
#1844 = CARTESIAN_POINT ( 'NONE',  ( 39.81026323919992649, 117.3086281970155511, 48.25811568409124419 ) ) ;
#1845 = CARTESIAN_POINT ( 'NONE',  ( 3.382217113139068587, 52.51001257282347012, -39.22177387446087238 ) ) ;
#1846 = VERTEX_POINT ( 'NONE', #8086 ) ;
#1847 = ORIENTED_EDGE ( 'NONE', *, *, #3588, .F. ) ;
#1848 = ORIENTED_EDGE ( 'NONE', *, *, #743, .F. ) ;
#1849 = FACE_OUTER_BOUND ( 'NONE', #7001, .T. ) ;
#1850 = EDGE_CURVE ( 'NONE', #841, #5016, #6637, .T. ) ;
#1851 = CIRCLE ( 'NONE', #32, 1.000000000000000888 ) ;
#1852 = CARTESIAN_POINT ( 'NONE',  ( 39.28019704306214521, 9.235813848373981116, 3.114546723609215473 ) ) ;
#1853 = CARTESIAN_POINT ( 'NONE',  ( 0.000000000000000000, 0.000000000000000000, 0.000000000000000000 ) ) ;
#1854 = CARTESIAN_POINT ( 'NONE',  ( -15.18850814188150622, 8.499999999999994671, 24.60441018053604623 ) ) ;
#1855 = AXIS2_PLACEMENT_3D ( 'NONE', #4820, #255, #8054 ) ;
#1856 = VERTEX_POINT ( 'NONE', #6034 ) ;
#1857 = CARTESIAN_POINT ( 'NONE',  ( -6.298817817840132172, 8.499999999999996447, 27.55798224461437229 ) ) ;
#1858 = DIRECTION ( 'NONE',  ( -0.000000000000000000, -0.000000000000000000, -1.000000000000000000 ) ) ;
#1859 = EDGE_CURVE ( 'NONE', #2886, #6465, #1809, .T. ) ;
#1860 = DIRECTION ( 'NONE',  ( 0.000000000000000000, 0.000000000000000000, 1.000000000000000000 ) ) ;
#1861 = CARTESIAN_POINT ( 'NONE',  ( -22.32505120041759383, 84.88346788231521600, -44.38119628952014040 ) ) ;
#1862 = VECTOR ( 'NONE', #3472, 1000.000000000000000 ) ;
#1863 = CARTESIAN_POINT ( 'NONE',  ( 37.11812783944746741, 12.99222091195515993, 2.500000000000000000 ) ) ;
#1864 = CARTESIAN_POINT ( 'NONE',  ( 2.541886916618995684, -1.023465617644728606E-15, -18.06542556948194189 ) ) ;
#1865 = CARTESIAN_POINT ( 'NONE',  ( -36.66125529074078315, 118.4349045035792471, 56.14761915254101865 ) ) ;
#1866 = ORIENTED_EDGE ( 'NONE', *, *, #1923, .T. ) ;
#1867 = CIRCLE ( 'NONE', #6708, 1.000000000000000888 ) ;
#1868 = CARTESIAN_POINT ( 'NONE',  ( -139.6500000000000057, 229.9999999999999716, -128.6499999999999773 ) ) ;
#1869 = ADVANCED_FACE ( 'NONE', ( #1425, #1520, #101, #6173, #3554, #244 ), #1474, .T. ) ;
#1870 = ORIENTED_EDGE ( 'NONE', *, *, #3909, .F. ) ;
#1871 = EDGE_CURVE ( 'NONE', #1599, #936, #7884, .T. ) ;
#1872 = CARTESIAN_POINT ( 'NONE',  ( 3.500000000000000000, 0.000000000000000000, 0.000000000000000000 ) ) ;
#1873 = DIRECTION ( 'NONE',  ( -0.000000000000000000, 1.000000000000000000, -0.000000000000000000 ) ) ;
#1874 = CIRCLE ( 'NONE', #7124, 5.000000000000004441 ) ;
#1875 = ORIENTED_EDGE ( 'NONE', *, *, #1521, .F. ) ;
#1876 = CARTESIAN_POINT ( 'NONE',  ( 0.000000000000000000, 227.4999999999999716, -132.2500000000000000 ) ) ;
#1877 = ORIENTED_EDGE ( 'NONE', *, *, #1911, .F. ) ;
#1878 = CARTESIAN_POINT ( 'NONE',  ( -20.11255858692654996, 9.714340350495815457, -18.46176754343961335 ) ) ;
#1879 = EDGE_CURVE ( 'NONE', #6663, #5259, #7302, .T. ) ;
#1880 = DIRECTION ( 'NONE',  ( 0.000000000000000000, 0.000000000000000000, 1.000000000000000000 ) ) ;
#1881 = CARTESIAN_POINT ( 'NONE',  ( 35.04663047464813275, 121.5603247499921764, -58.77835401715376662 ) ) ;
#1882 = CARTESIAN_POINT ( 'NONE',  ( -65.15892533743210890, 180.0861287755409705, -95.09141421967665053 ) ) ;
#1883 = CARTESIAN_POINT ( 'NONE',  ( -38.99413009787164697, 8.500000000000001776, 3.501413174004206486 ) ) ;
#1884 =( BOUNDED_CURVE ( )  B_SPLINE_CURVE ( 3, ( #3217, #1754, #7021, #8395 ),
 .UNSPECIFIED., .F., .T. ) 
 B_SPLINE_CURVE_WITH_KNOTS ( ( 4, 4 ),
 ( 4.712388980384689674, 6.283185307179586232 ),
 .UNSPECIFIED. ) 
 CURVE ( )  GEOMETRIC_REPRESENTATION_ITEM ( )  RATIONAL_B_SPLINE_CURVE ( ( 1.000000000000000000, 0.8047378541243649375, 0.8047378541243649375, 1.000000000000000000 ) ) 
 REPRESENTATION_ITEM ( '' )  );
#1885 = CARTESIAN_POINT ( 'NONE',  ( -12.18250293254437544, 8.499999999999998224, -26.17181748827016818 ) ) ;
#1886 = CARTESIAN_POINT ( 'NONE',  ( 70.34825493618686210, 179.7571055998427028, 94.88726771394156856 ) ) ;
#1887 = CARTESIAN_POINT ( 'NONE',  ( 2.602507189774601493, 56.40340287896722060, -39.75000000503180786 ) ) ;
#1888 = PLANE ( 'NONE',  #173 ) ;
#1889 = ORIENTED_EDGE ( 'NONE', *, *, #8050, .T. ) ;
#1890 = ORIENTED_EDGE ( 'NONE', *, *, #3135, .F. ) ;
#1891 = ORIENTED_EDGE ( 'NONE', *, *, #7303, .T. ) ;
#1892 = DIRECTION ( 'NONE',  ( -0.009879833416224212406, -0.9999511932547845428, 0.000000000000000000 ) ) ;
#1893 = CARTESIAN_POINT ( 'NONE',  ( -24.68711237803104552, 104.9378947804550677, 46.43263858811690170 ) ) ;
#1894 = AXIS2_PLACEMENT_3D ( 'NONE', #6053, #121, #2790 ) ;
#1895 = CARTESIAN_POINT ( 'NONE',  ( 39.48502839705269452, 9.178228381842071570, -2.761747889309338788 ) ) ;
#1896 = VERTEX_POINT ( 'NONE', #4064 ) ;
#1897 = CARTESIAN_POINT ( 'NONE',  ( -13.37415913456704430, 8.499999999999403144, 24.10804421105432382 ) ) ;
#1898 = DIRECTION ( 'NONE',  ( 0.000000000000000000, 1.000000000000000000, 0.000000000000000000 ) ) ;
#1899 = DIRECTION ( 'NONE',  ( -0.000000000000000000, 1.000000000000000000, -0.000000000000000000 ) ) ;
#1900 = CARTESIAN_POINT ( 'NONE',  ( 104.7500000000000000, 227.4999999999999716, 129.5500000000000114 ) ) ;
#1901 = EDGE_CURVE ( 'NONE', #5176, #7960, #413, .T. ) ;
#1902 = CARTESIAN_POINT ( 'NONE',  ( -41.19578972132914174, 120.1419520144033868, -50.66406141450238465 ) ) ;
#1903 = CARTESIAN_POINT ( 'NONE',  ( -1.291850474882824784, 1.000000000000002887, -18.47502297637319302 ) ) ;
#1904 = ORIENTED_EDGE ( 'NONE', *, *, #4105, .F. ) ;
#1905 = CARTESIAN_POINT ( 'NONE',  ( -4.500000000000001776, 53.59138541369812003, -38.95893816855223690 ) ) ;
#1906 = VERTEX_POINT ( 'NONE', #4155 ) ;
#1907 = DIRECTION ( 'NONE',  ( -1.000000000000000000, 0.000000000000000000, 0.000000000000000000 ) ) ;
#1908 = CARTESIAN_POINT ( 'NONE',  ( 23.98821720622232334, 34.20177691610888360, -33.50435636163796005 ) ) ;
#1909 = CARTESIAN_POINT ( 'NONE',  ( -37.16245209170759978, 127.6229377504597693, -59.78510175839102914 ) ) ;
#1910 = DIRECTION ( 'NONE',  ( 1.000000000000000000, -0.000000000000000000, -0.000000000000000000 ) ) ;
#1911 = EDGE_CURVE ( 'NONE', #7476, #5601, #6742, .T. ) ;
#1912 = CARTESIAN_POINT ( 'NONE',  ( 134.9500000000000171, 227.4999999999999716, -1.385245221186013225E-12 ) ) ;
#1913 = ORIENTED_EDGE ( 'NONE', *, *, #864, .F. ) ;
#1914 = DIRECTION ( 'NONE',  ( -1.000000000000000000, 0.000000000000000000, -0.000000000000000000 ) ) ;
#1915 = CARTESIAN_POINT ( 'NONE',  ( 21.29294756139340095, 8.500000000000007105, 18.44655973748719902 ) ) ;
#1916 = CARTESIAN_POINT ( 'NONE',  ( -11.23593136450013574, 9.791499107458154327, -25.51580916220020256 ) ) ;
#1917 = CARTESIAN_POINT ( 'NONE',  ( 23.50972484511290972, 85.10256439843823273, 42.55862093833075477 ) ) ;
#1918 = CARTESIAN_POINT ( 'NONE',  ( -70.50624881680977296, 178.3536111904932682, -88.29360075542457764 ) ) ;
#1919 = CARTESIAN_POINT ( 'NONE',  ( -38.34048759201159839, 9.500000000000001776, 3.500000000000000444 ) ) ;
#1920 = VECTOR ( 'NONE', #1683, 1000.000000000000000 ) ;
#1921 = PLANE ( 'NONE',  #8067 ) ;
#1922 = EDGE_CURVE ( 'NONE', #5939, #2673, #2817, .T. ) ;
#1923 = EDGE_CURVE ( 'NONE', #878, #1246, #7477, .T. ) ;
#1924 = CARTESIAN_POINT ( 'NONE',  ( 2.909330709045966579, 56.14772828804850491, -39.67807498538870448 ) ) ;
#1925 = FACE_BOUND ( 'NONE', #3140, .T. ) ;
#1926 = VERTEX_POINT ( 'NONE', #7195 ) ;
#1927 = VECTOR ( 'NONE', #1447, 1000.000000000000000 ) ;
#1928 = ORIENTED_EDGE ( 'NONE', *, *, #6720, .T. ) ;
#1929 = ORIENTED_EDGE ( 'NONE', *, *, #5129, .F. ) ;
#1930 =( BOUNDED_SURFACE ( )  B_SPLINE_SURFACE ( 3, 2, ( 
 ( #7326, #4042, #2882 ),
 ( #7592, #6668, #3568 ),
 ( #6890, #873, #3520 ),
 ( #4900, #6136, #3605 ),
 ( #211, #5501, #6224 ),
 ( #1662, #6972, #385 ),
 ( #3424, #5438, #1603 ),
 ( #5492, #6035, #8221 ),
 ( #4808, #7440, #6212 ),
 ( #4848, #6832, #102 ) ),
 .UNSPECIFIED., .F., .F., .T. ) 
 B_SPLINE_SURFACE_WITH_KNOTS ( ( 4, 2, 2, 2, 4 ),
 ( 3, 3 ),
 ( 1.570796326794896558, 1.963495408493620697, 2.356194490192344837, 2.748893571891068976, 3.141592653589793116 ),
 ( 0.000000000000000000, 1.000000000000000000 ),
 .UNSPECIFIED. ) 
 GEOMETRIC_REPRESENTATION_ITEM ( )  RATIONAL_B_SPLINE_SURFACE ( (
 ( 1.000000000000000000, 0.7071067811865475727, 1.000000000000000000),
 ( 1.000000000000000000, 0.7224052984098150443, 1.000000000000000000),
 ( 1.000000000000000000, 0.7371661960457095430, 1.000000000000000000),
 ( 1.000000000000000000, 0.7637849889864406494, 1.000000000000000000),
 ( 1.000000000000000000, 0.7756344079776988920, 1.000000000000000000),
 ( 1.000000000000000000, 0.7951024001216553394, 1.000000000000000000),
 ( 1.000000000000000000, 0.8027220895641875575, 1.000000000000000000),
 ( 1.000000000000000000, 0.8129649674722259078, 1.000000000000000000),
 ( 1.000000000000000000, 0.8155967546655851219, 1.000000000000000000),
 ( 1.000000000000000000, 0.8155888280080443309, 1.000000000000000000) ) ) 
 REPRESENTATION_ITEM ( '' )  SURFACE ( )  );
#1931 = DIRECTION ( 'NONE',  ( -4.026401060382563240E-16, -1.000000000000000000, -0.000000000000000000 ) ) ;
#1932 = DIRECTION ( 'NONE',  ( -0.000000000000000000, 0.000000000000000000, 1.000000000000000000 ) ) ;
#1933 = CARTESIAN_POINT ( 'NONE',  ( 39.75000000000000711, 8.500000000000001776, -2.500000000000000000 ) ) ;
#1934 = AXIS2_PLACEMENT_3D ( 'NONE', #4016, #3463, #2870 ) ;
#1935 = EDGE_LOOP ( 'NONE', ( #7951, #5954, #622, #1848 ) ) ;
#1936 = CARTESIAN_POINT ( 'NONE',  ( -65.15892533743213733, 180.0861287755409421, 95.09141421967672159 ) ) ;
#1937 = APPLICATION_CONTEXT ( 'automotive_design' ) ;
#1938 = ORIENTED_EDGE ( 'NONE', *, *, #3995, .F. ) ;
#1939 = DIRECTION ( 'NONE',  ( 0.000000000000000000, 0.000000000000000000, 1.000000000000000000 ) ) ;
#1940 = AXIS2_PLACEMENT_3D ( 'NONE', #5878, #4704, #849 ) ;
#1941 = LINE ( 'NONE', #594, #1625 ) ;
#1942 = UNCERTAINTY_MEASURE_WITH_UNIT (LENGTH_MEASURE( 1.000000000000000082E-05 ), #3247, 'distance_accuracy_value', 'NONE');
#1943 = CARTESIAN_POINT ( 'NONE',  ( -21.77271533858625929, 84.84858957747505315, -45.00214209034319879 ) ) ;
#1944 = CARTESIAN_POINT ( 'NONE',  ( 4.938849362433376022, 9.770803289222230958, 26.63156445936786909 ) ) ;
#1945 = CARTESIAN_POINT ( 'NONE',  ( -6.190611004176651555, 2.492588271163284324E-15, -17.15805882814741068 ) ) ;
#1946 = CARTESIAN_POINT ( 'NONE',  ( 5.085854180375624090, 1.000000000000000444, -17.82680998471258604 ) ) ;
#1947 = DIRECTION ( 'NONE',  ( 0.000000000000000000, -0.9626347067015693648, 0.2708032892222390076 ) ) ;
#1948 = ORIENTED_EDGE ( 'NONE', *, *, #757, .T. ) ;
#1949 = DIRECTION ( 'NONE',  ( -3.427923098942064537E-17, 3.469446951953587368E-15, 1.000000000000000000 ) ) ;
#1950 = VERTEX_POINT ( 'NONE', #4535 ) ;
#1951 = CARTESIAN_POINT ( 'NONE',  ( 36.14726508126135229, 118.4889832454732073, 56.21354875872234658 ) ) ;
#1952 = ADVANCED_FACE ( 'NONE', ( #6537 ), #1277, .T. ) ;
#1953 = B_SPLINE_SURFACE_WITH_KNOTS ( 'NONE', 3, 1, ( 
 ( #6517, #5749 ),
 ( #8396, #1945 ),
 ( #109, #5827 ),
 ( #7097, #7143 ),
 ( #3900, #2474 ),
 ( #8476, #1791 ),
 ( #2514, #1864 ),
 ( #7222, #599 ),
 ( #6570, #4516 ),
 ( #5192, #2565 ) ),
 .UNSPECIFIED., .F., .F., .F.,
 ( 4, 2, 2, 2, 4 ),
 ( 2, 2 ),
 ( 0.000000000000000000, 0.2500000000000000000, 0.5000000000000000000, 0.7500000000000000000, 1.000000000000000000 ),
 ( 0.000000000000000000, 1.000000000000000000 ),
 .UNSPECIFIED. ) ;
#1954 = CARTESIAN_POINT ( 'NONE',  ( -41.64593105915110272, 121.0624657614100954, -50.61766871286064884 ) ) ;
#1955 = CARTESIAN_POINT ( 'NONE',  ( -2.500000000000000000, 56.26542339484620214, -39.75000000000000000 ) ) ;
#1956 = LINE ( 'NONE', #6531, #4492 ) ;
#1957 = ORIENTED_EDGE ( 'NONE', *, *, #3636, .F. ) ;
#1958 = CARTESIAN_POINT ( 'NONE',  ( -19.89042007625422670, 8.500000000001177725, -18.31415322795876577 ) ) ;
#1959 = CARTESIAN_POINT ( 'NONE',  ( 17.43229630414778342, 8.499999999995315747, 21.20958762756826843 ) ) ;
#1960 = CARTESIAN_POINT ( 'NONE',  ( 15.23438895977426988, 9.777422214845055137, -23.41862508030050449 ) ) ;
#1961 = ADVANCED_FACE ( 'NONE', ( #8532 ), #3985, .T. ) ;
#1962 = CARTESIAN_POINT ( 'NONE',  ( -119.6307288578716879, 222.5000000000000000, -115.6847746359882763 ) ) ;
#1963 = DIRECTION ( 'NONE',  ( 0.000000000000000000, 1.000000000000000000, 0.000000000000000000 ) ) ;
#1964 = CARTESIAN_POINT ( 'NONE',  ( -119.6307288578717305, 222.4999999999999147, 116.1219435571812539 ) ) ;
#1965 = CARTESIAN_POINT ( 'NONE',  ( 59.18162869656644176, 156.9219822783717859, 80.71893253750167219 ) ) ;
#1966 = ORIENTED_EDGE ( 'NONE', *, *, #1341, .F. ) ;
#1967 = CYLINDRICAL_SURFACE ( 'NONE', #8088, 2.700000000000008171 ) ;
#1968 = CARTESIAN_POINT ( 'NONE',  ( -80.89112470577107672, 194.2240858503606376, -103.8634848464124332 ) ) ;
#1969 = ORIENTED_EDGE ( 'NONE', *, *, #2680, .F. ) ;
#1970 = CARTESIAN_POINT ( 'NONE',  ( -7.434052672203746326, 1.000000000000007772, -16.96180768554565788 ) ) ;
#1971 = ORIENTED_EDGE ( 'NONE', *, *, #2548, .T. ) ;
#1972 = VERTEX_POINT ( 'NONE', #1840 ) ;
#1973 = CYLINDRICAL_SURFACE ( 'NONE', #504, 3.000000000000006217 ) ;
#1974 = ADVANCED_FACE ( 'NONE', ( #1238 ), #7157, .F. ) ;
#1975 = EDGE_CURVE ( 'NONE', #3727, #14, #5843, .T. ) ;
#1976 = AXIS2_PLACEMENT_3D ( 'NONE', #1606, #2872, #4291 ) ;
#1977 = AXIS2_PLACEMENT_3D ( 'NONE', #7067, #444, #2375 ) ;
#1978 = CARTESIAN_POINT ( 'NONE',  ( -68.77305503950394439, 176.7960527937182462, 87.32719435105734362 ) ) ;
#1979 = CARTESIAN_POINT ( 'NONE',  ( 39.55118518122904447, 8.500000000000000000, -3.118599564162181093 ) ) ;
#1980 = VERTEX_POINT ( 'NONE', #6295 ) ;
#1981 = CARTESIAN_POINT ( 'NONE',  ( -86.88107549716376354, 193.0690741269954458, 97.42399204894589104 ) ) ;
#1982 = CIRCLE ( 'NONE', #6834, 1.000000000000000888 ) ;
#1983 = CARTESIAN_POINT ( 'NONE',  ( -129.5499999999996419, 227.4999999999999716, 104.7500000000004547 ) ) ;
#1984 = VERTEX_POINT ( 'NONE', #6330 ) ;
#1985 = CARTESIAN_POINT ( 'NONE',  ( -51.38323936575887529, 140.9747142086305018, -63.59000682165254403 ) ) ;
#1986 = CARTESIAN_POINT ( 'NONE',  ( -38.34048759201160550, 8.500000000000000000, -4.500000000000000888 ) ) ;
#1987 = CARTESIAN_POINT ( 'NONE',  ( -29.97916155582689157, 111.1976355002677934, 52.34869508549673611 ) ) ;
#1988 = EDGE_CURVE ( 'NONE', #3563, #422, #5117, .T. ) ;
#1989 = DIRECTION ( 'NONE',  ( -4.026401060382563240E-16, -1.000000000000000000, -0.000000000000000000 ) ) ;
#1990 = AXIS2_PLACEMENT_3D ( 'NONE', #1169, #1216, #6314 ) ;
#1991 = CARTESIAN_POINT ( 'NONE',  ( -62.49627132169547394, 177.6932981675497842, 93.60675282340625358 ) ) ;
#1992 = ORIENTED_EDGE ( 'NONE', *, *, #4044, .T. ) ;
#1993 = CARTESIAN_POINT ( 'NONE',  ( 7.434052672203742773, 1.000000000000000888, -16.96180768554565788 ) ) ;
#1994 = CARTESIAN_POINT ( 'NONE',  ( 40.76831968793873529, 119.2677998112903879, 49.49448935844887387 ) ) ;
#1995 = AXIS2_PLACEMENT_3D ( 'NONE', #2783, #8553, #4723 ) ;
#1996 = ORIENTED_EDGE ( 'NONE', *, *, #1722, .F. ) ;
#1997 = LINE ( 'NONE', #1226, #56 ) ;
#1998 = EDGE_LOOP ( 'NONE', ( #7031, #6738, #3809, #6005 ) ) ;
#1999 = CARTESIAN_POINT ( 'NONE',  ( 36.35126801081925407, 118.4479905635666057, 56.08191293114322207 ) ) ;
#2000 = AXIS2_PLACEMENT_3D ( 'NONE', #571, #4603, #2006 ) ;
#2001 = CARTESIAN_POINT ( 'NONE',  ( 139.6500000000000057, 222.4999999999999716, -121.4076260998840411 ) ) ;
#2002 = CARTESIAN_POINT ( 'NONE',  ( -139.6500000000000057, 229.9999999999999716, 128.6499999999999773 ) ) ;
#2003 = CIRCLE ( 'NONE', #7542, 2.700000000000008171 ) ;
#2004 = CIRCLE ( 'NONE', #5051, 2.700000000000008171 ) ;
#2005 = EDGE_CURVE ( 'NONE', #1005, #8539, #1396, .T. ) ;
#2006 = DIRECTION ( 'NONE',  ( 0.000000000000000000, 0.000000000000000000, 1.000000000000000000 ) ) ;
#2007 = ORIENTED_EDGE ( 'NONE', *, *, #5776, .F. ) ;
#2008 = FACE_OUTER_BOUND ( 'NONE', #1658, .T. ) ;
#2009 = CARTESIAN_POINT ( 'NONE',  ( 22.89587953933553521, 8.500000000000003553, 15.49586389519848417 ) ) ;
#2010 = CARTESIAN_POINT ( 'NONE',  ( 6.236034569302522534, 9.778794633357840382, -26.59039597483231887 ) ) ;
#2011 = CARTESIAN_POINT ( 'NONE',  ( 24.20367315359083804, 85.50949866516538123, 40.81012933361747486 ) ) ;
#2012 = CARTESIAN_POINT ( 'NONE',  ( -68.77305503950394439, 176.7960527937182462, 87.32719435105734362 ) ) ;
#2013 = CARTESIAN_POINT ( 'NONE',  ( -3.500000000000002665, 56.26542339484620214, 39.75000000000000000 ) ) ;
#2014 = VECTOR ( 'NONE', #4945, 1000.000000000000000 ) ;
#2015 = FACE_OUTER_BOUND ( 'NONE', #5565, .T. ) ;
#2016 = CARTESIAN_POINT ( 'NONE',  ( -3.085786437626905077, 56.26542339484619504, -39.75000000000000711 ) ) ;
#2017 = CARTESIAN_POINT ( 'NONE',  ( 3.500000000000000444, 53.32058212447587664, 39.33578643762690774 ) ) ;
#2018 = EDGE_CURVE ( 'NONE', #143, #792, #7535, .T. ) ;
#2019 = VERTEX_POINT ( 'NONE', #2991 ) ;
#2020 = CARTESIAN_POINT ( 'NONE',  ( 4.062008260468124021, 53.89108000800415255, -39.04324666203913097 ) ) ;
#2021 = EDGE_LOOP ( 'NONE', ( #323, #8339 ) ) ;
#2022 = AXIS2_PLACEMENT_3D ( 'NONE', #8309, #5621, #296 ) ;
#2023 = ORIENTED_EDGE ( 'NONE', *, *, #6270, .T. ) ;
#2024 = CARTESIAN_POINT ( 'NONE',  ( -3.473256004145198972, 50.98583531216542752, 39.00738714374870142 ) ) ;
#2025 = DIRECTION ( 'NONE',  ( 0.000000000000000000, -0.000000000000000000, 1.000000000000000000 ) ) ;
#2026 = DIRECTION ( 'NONE',  ( 0.000000000000000000, 0.000000000000000000, 1.000000000000000000 ) ) ;
#2027 = B_SPLINE_CURVE_WITH_KNOTS ( 'NONE', 3,
 ( #8483, #8402, #7890, #1951, #1999, #7148, #1228, #3868, #8561, #5832, #7183, #606, #2478, #5235, #1357, #4599, #7284, #5199, #7228, #4649, #1189, #6577, #651, #2651, #1310 ),
 .UNSPECIFIED., .F., .F.,
 ( 4, 2, 2, 2, 2, 2, 2, 2, 2, 1, 2, 2, 4 ),
 ( 0.000000000000000000, 0.002890576150607656290, 0.003613220188259564942, 0.004335864225911473593, 0.005781152301215291764, 0.006503796338867200849, 0.007226440376519109067, 0.008671728451822929840, 0.009394372489474840660, 0.01011701652712674974, 0.01083966056477866056, 0.01120098258360461077, 0.01156230460243056271 ),
 .UNSPECIFIED. ) ;
#2028 = EDGE_LOOP ( 'NONE', ( #5221, #6549, #2972, #7975 ) ) ;
#2029 = CARTESIAN_POINT ( 'NONE',  ( 24.13934398286108518, 49.49752070710417229, 3.668738513484189667 ) ) ;
#2030 = CARTESIAN_POINT ( 'NONE',  ( -101.7496533607079812, 206.4309258730044689, 111.4373699729000720 ) ) ;
#2031 = ADVANCED_FACE ( 'NONE', ( #4191 ), #4970, .F. ) ;
#2032 = EDGE_CURVE ( 'NONE', #3266, #6380, #950, .T. ) ;
#2033 = VERTEX_POINT ( 'NONE', #276 ) ;
#2034 = DIRECTION ( 'NONE',  ( -0.000000000000000000, -1.000000000000000000, -0.000000000000000000 ) ) ;
#2035 = CARTESIAN_POINT ( 'NONE',  ( 24.15402589228057195, 50.98349645438418065, -4.062283021597041355 ) ) ;
#2036 = CARTESIAN_POINT ( 'NONE',  ( 24.66701894117874971, 102.9042110825047587, 52.83136069704479354 ) ) ;
#2037 = CARTESIAN_POINT ( 'NONE',  ( 112.3555234424493392, 222.4999999999999716, 121.4076260998840411 ) ) ;
#2038 = CARTESIAN_POINT ( 'NONE',  ( 25.11745863182639127, 47.27753493378752125, -3.500000000000000000 ) ) ;
#2039 = EDGE_CURVE ( 'NONE', #2854, #3161, #4432, .T. ) ;
#2040 = CIRCLE ( 'NONE', #6888, 5.000000000000004441 ) ;
#2041 = ORIENTED_EDGE ( 'NONE', *, *, #4664, .F. ) ;
#2042 = EDGE_CURVE ( 'NONE', #3563, #4383, #368, .T. ) ;
#2043 = CARTESIAN_POINT ( 'NONE',  ( -18.51370253461190885, 87.41649213276018315, 42.24154385045486748 ) ) ;
#2044 = ORIENTED_EDGE ( 'NONE', *, *, #652, .F. ) ;
#2045 = DIRECTION ( 'NONE',  ( -0.000000000000000000, 1.000000000000000000, -0.000000000000000000 ) ) ;
#2046 = ORIENTED_EDGE ( 'NONE', *, *, #5198, .F. ) ;
#2047 = DIRECTION ( 'NONE',  ( -0.000000000000000000, 1.000000000000000000, -0.000000000000000000 ) ) ;
#2048 = CARTESIAN_POINT ( 'NONE',  ( 24.24215887472074726, 59.90355383221777430, -40.73464390402991597 ) ) ;
#2049 = DIRECTION ( 'NONE',  ( -1.000000000000000000, -0.000000000000000000, 0.000000000000000000 ) ) ;
#2050 = DIRECTION ( 'NONE',  ( 0.000000000000000000, 0.000000000000000000, 1.000000000000000000 ) ) ;
#2051 = CARTESIAN_POINT ( 'NONE',  ( 16.11457425908271901, 86.95031641623977237, 48.34329567980348230 ) ) ;
#2052 = DIRECTION ( 'NONE',  ( -0.7071067811865476838, 2.847095493573216547E-16, 0.7071067811865474617 ) ) ;
#2053 = ORIENTED_EDGE ( 'NONE', *, *, #1808, .T. ) ;
#2054 = CARTESIAN_POINT ( 'NONE',  ( -9.279691875790485156, 8.500000000000879297, -25.70808972517701108 ) ) ;
#2055 = CARTESIAN_POINT ( 'NONE',  ( 10.01086596282781294, 9.791224337976590419, 25.92313577177502637 ) ) ;
#2056 = CARTESIAN_POINT ( 'NONE',  ( -18.51370253461190885, 87.41649213276018315, 42.24154385045486748 ) ) ;
#2057 = CARTESIAN_POINT ( 'NONE',  ( 23.72065856012295271, 9.530544420281328755, -7.428358749333046518 ) ) ;
#2058 = CARTESIAN_POINT ( 'NONE',  ( 21.75814612922106761, 84.78434515839428798, 44.99349617029960058 ) ) ;
#2059 = CARTESIAN_POINT ( 'NONE',  ( -67.28297786947638315, 176.2589030271981301, 90.02695008619987505 ) ) ;
#2060 = DIRECTION ( 'NONE',  ( 0.000000000000000000, 0.000000000000000000, -1.000000000000000000 ) ) ;
#2061 = CARTESIAN_POINT ( 'NONE',  ( -119.6307288578716879, 222.4999999999999716, 115.6847746359883331 ) ) ;
#2062 = CARTESIAN_POINT ( 'NONE',  ( 3.431731769599818627, 54.78432758418810522, 39.29453033178098309 ) ) ;
#2063 = PLANE ( 'NONE',  #3383 ) ;
#2064 = CARTESIAN_POINT ( 'NONE',  ( 42.63659075515386832, 123.0883091846966266, 58.50944410501446669 ) ) ;
#2065 = EDGE_LOOP ( 'NONE', ( #7479, #5044, #5893, #1217 ) ) ;
#2066 =( BOUNDED_SURFACE ( )  B_SPLINE_SURFACE ( 3, 2, ( 
 ( #3614, #7674, #2319 ),
 ( #3778, #7637, #429 ),
 ( #8355, #7712, #1018 ),
 ( #3093, #1788, #6283 ),
 ( #392, #6393, #473 ),
 ( #3655, #6235, #1060 ),
 ( #3133, #8201, #3060 ),
 ( #6321, #4912, #7599 ),
 ( #7556, #356, #5703 ),
 ( #3706, #305, #2980 ),
 ( #3027, #5633, #5592 ),
 ( #1670, #5669, #2396 ),
 ( #5028, #1752, #7878 ),
 ( #7139, #3860, #7749 ),
 ( #8513, #5224, #3256 ),
 ( #4590, #7218, #7174 ) ),
 .UNSPECIFIED., .F., .F., .F. ) 
 B_SPLINE_SURFACE_WITH_KNOTS ( ( 4, 2, 2, 2, 2, 2, 2, 4 ),
 ( 3, 3 ),
 ( 0.1715082237233226670, 0.2272859624016883573, 0.2830637010800540754, 0.3946191784367854560, 0.4503969171151511741, 0.4782857864543340054, 0.5061746557935168367, 0.6177301331502482729 ),
 ( 0.000000000000000000, 1.000000000000000000 ),
 .UNSPECIFIED. ) 
 GEOMETRIC_REPRESENTATION_ITEM ( )  RATIONAL_B_SPLINE_SURFACE ( (
 ( 1.000000000000000000, 0.9850231824050912355, 1.000000000000000000),
 ( 1.000000000000000000, 0.9850284554918335989, 1.000000000000000000),
 ( 1.000000000000000000, 0.9833148238170660305, 1.000000000000000000),
 ( 1.000000000000000000, 0.9763319172315351180, 1.000000000000000000),
 ( 1.000000000000000000, 0.9710569706149499991, 1.000000000000000000),
 ( 1.000000000000000000, 0.9501837924615006425, 1.000000000000000000),
 ( 1.000000000000000000, 0.9294421179655935061, 1.000000000000000000),
 ( 1.000000000000000000, 0.8918406472964196530, 1.000000000000000000),
 ( 1.000000000000000000, 0.8782541365758353979, 1.000000000000000000),
 ( 1.000000000000000000, 0.8568804122530917500, 1.000000000000000000),
 ( 1.000000000000000000, 0.8495901953383218075, 1.000000000000000000),
 ( 1.000000000000000000, 0.8347716862091361101, 1.000000000000000000),
 ( 1.000000000000000000, 0.8273368766804870544, 1.000000000000000000),
 ( 1.000000000000000000, 0.7886206401887643214, 1.000000000000000000),
 ( 1.000000000000000000, 0.7511876268293163905, 1.000000000000000000),
 ( 1.000000000000000000, 0.7071067811863923636, 1.000000000000000000) ) ) 
 REPRESENTATION_ITEM ( '' )  SURFACE ( )  );
#2067 = VERTEX_POINT ( 'NONE', #5603 ) ;
#2068 = DIRECTION ( 'NONE',  ( 1.000000000000000000, 0.000000000000000000, 0.000000000000000000 ) ) ;
#2069 = CARTESIAN_POINT ( 'NONE',  ( 139.6500000000000057, 229.9999999999999716, -139.6500000000000057 ) ) ;
#2070 = EDGE_CURVE ( 'NONE', #7078, #163, #1029, .T. ) ;
#2071 = DIRECTION ( 'NONE',  ( -4.026401060382563240E-16, -1.000000000000000000, 0.000000000000000000 ) ) ;
#2072 = CARTESIAN_POINT ( 'NONE',  ( -24.74420466249360118, 9.500000000000001776, -4.500000000000000888 ) ) ;
#2073 = ORIENTED_EDGE ( 'NONE', *, *, #6081, .T. ) ;
#2074 = CARTESIAN_POINT ( 'NONE',  ( -125.6391524209013681, 227.8995523723403664, 124.7578452660809205 ) ) ;
#2075 = VECTOR ( 'NONE', #793, 1000.000000000000000 ) ;
#2076 = DIRECTION ( 'NONE',  ( 0.000000000000000000, -1.000000000000000000, 0.000000000000000000 ) ) ;
#2077 = ORIENTED_EDGE ( 'NONE', *, *, #4632, .T. ) ;
#2078 = CIRCLE ( 'NONE', #2143, 1.000000000000000888 ) ;
#2079 = CARTESIAN_POINT ( 'NONE',  ( 3.500000000000000000, 56.26542339484620214, -40.75000000000000000 ) ) ;
#2080 = CYLINDRICAL_SURFACE ( 'NONE', #2725, 1.000000000000000666 ) ;
#2081 = CARTESIAN_POINT ( 'NONE',  ( 17.12612811257458389, 97.20643850838241917, 51.22849354134091016 ) ) ;
#2082 = AXIS2_PLACEMENT_3D ( 'NONE', #6910, #8262, #7611 ) ;
#2083 = EDGE_CURVE ( 'NONE', #3008, #4014, #2087, .T. ) ;
#2084 = CYLINDRICAL_SURFACE ( 'NONE', #7935, 2.999999999999995559 ) ;
#2085 = DIRECTION ( 'NONE',  ( 0.000000000000000000, -0.9626347067015701420, -0.2708032892222367316 ) ) ;
#2086 = ORIENTED_EDGE ( 'NONE', *, *, #3, .T. ) ;
#2087 = CIRCLE ( 'NONE', #2082, 11.00000000000001066 ) ;
#2088 = CARTESIAN_POINT ( 'NONE',  ( -18.51370253461190885, 87.41649213276019736, 3.520128654204569774 ) ) ;
#2089 = CARTESIAN_POINT ( 'NONE',  ( 24.62891874620081722, 8.500000000000001776, -8.998480834211033397 ) ) ;
#2090 = ORIENTED_EDGE ( 'NONE', *, *, #3945, .F. ) ;
#2091 = DIRECTION ( 'NONE',  ( 0.7071067811865470176, -2.847095493573214575E-16, 0.7071067811865479058 ) ) ;
#2092 = EDGE_LOOP ( 'NONE', ( #7300, #8341, #5560, #3814 ) ) ;
#2093 = CARTESIAN_POINT ( 'NONE',  ( 63.16005165440191860, 177.3272854172710424, -93.37965567784692666 ) ) ;
#2094 = EDGE_CURVE ( 'NONE', #8197, #8016, #5646, .T. ) ;
#2095 = CARTESIAN_POINT ( 'NONE',  ( 8.364117323216280653, 34.34482724378394636, -33.54459852098359107 ) ) ;
#2096 = EDGE_CURVE ( 'NONE', #1980, #3150, #5681, .T. ) ;
#2097 = CARTESIAN_POINT ( 'NONE',  ( -39.51561378894523102, 9.169629727256930707, -3.085786437626902856 ) ) ;
#2098 = ORIENTED_EDGE ( 'NONE', *, *, #4674, .F. ) ;
#2099 = DIRECTION ( 'NONE',  ( 0.000000000000000000, 0.000000000000000000, 1.000000000000000000 ) ) ;
#2100 = CARTESIAN_POINT ( 'NONE',  ( -2.909330709047134533, 56.14772828805219973, -39.67807498538930133 ) ) ;
#2101 = CARTESIAN_POINT ( 'NONE',  ( 23.69028425515530500, 9.539235573460240758, -7.908691931896401073 ) ) ;
#2102 = CARTESIAN_POINT ( 'NONE',  ( -25.17563017816475579, 53.16515517230252641, 3.500000000000000000 ) ) ;
#2103 = LINE ( 'NONE', #6729, #2271 ) ;
#2104 = CARTESIAN_POINT ( 'NONE',  ( -23.74420466249360118, 9.500000000000008882, 139.6500000000000057 ) ) ;
#2105 = DIRECTION ( 'NONE',  ( -0.000000000000000000, 1.000000000000000000, -0.000000000000000000 ) ) ;
#2106 = CARTESIAN_POINT ( 'NONE',  ( 3.672955276901498145, 52.14078246919366677, 38.55086224318417010 ) ) ;
#2107 = CARTESIAN_POINT ( 'NONE',  ( 15.46098463606109696, 85.77734068695254166, -48.01332036989880692 ) ) ;
#2108 = CARTESIAN_POINT ( 'NONE',  ( -24.88964374384032041, 48.70697273984995945, -3.473286496941797363 ) ) ;
#2109 = CYLINDRICAL_SURFACE ( 'NONE', #7536, 57.25000000000000000 ) ;
#2110 = ORIENTED_EDGE ( 'NONE', *, *, #2739, .F. ) ;
#2111 = EDGE_LOOP ( 'NONE', ( #1727, #966 ) ) ;
#2112 = CARTESIAN_POINT ( 'NONE',  ( -4.062008260468235044, 53.89108000800418807, 39.04324666203914518 ) ) ;
#2113 = DIRECTION ( 'NONE',  ( -0.1221337749043160947, 0.9525907884483585386, 0.2786649077134691899 ) ) ;
#2114 = CARTESIAN_POINT ( 'NONE',  ( 61.48059090654194847, 170.2425797244048056, 83.26101079213169953 ) ) ;
#2115 = CARTESIAN_POINT ( 'NONE',  ( -34.11790219224888432, 36.48528137423860329, -38.36054287937019325 ) ) ;
#2116 = FACE_OUTER_BOUND ( 'NONE', #8149, .T. ) ;
#2117 = ORIENTED_EDGE ( 'NONE', *, *, #2644, .F. ) ;
#2118 = CARTESIAN_POINT ( 'NONE',  ( -4.500000000000000888, 8.500000000000000000, 38.75000000000000000 ) ) ;
#2119 = PLANE ( 'NONE',  #7782 ) ;
#2120 = ADVANCED_FACE ( 'NONE', ( #3669 ), #1723, .F. ) ;
#2121 = DIRECTION ( 'NONE',  ( 0.000000000000000000, 0.2708032892222431154, -0.9626347067015681436 ) ) ;
#2122 = CIRCLE ( 'NONE', #1977, 5.000000000000004441 ) ;
#2123 = CARTESIAN_POINT ( 'NONE',  ( 24.69983047679827592, 49.89796715515238645, -3.382345644509512805 ) ) ;
#2124 = CARTESIAN_POINT ( 'NONE',  ( 1.651321595599301251, -13.81502620453856167, 19.99652402141135710 ) ) ;
#2125 = DIRECTION ( 'NONE',  ( -0.000000000000000000, 1.000000000000000000, -0.000000000000000000 ) ) ;
#2126 = CARTESIAN_POINT ( 'NONE',  ( -24.26165725190213962, 61.87701074264013812, -28.32304244384053504 ) ) ;
#2127 = ORIENTED_EDGE ( 'NONE', *, *, #322, .F. ) ;
#2128 = EDGE_LOOP ( 'NONE', ( #5852, #7921, #7305, #2333, #2476, #8183, #1307, #7811 ) ) ;
#2129 = ADVANCED_FACE ( 'NONE', ( #3544 ), #7647, .F. ) ;
#2130 = CARTESIAN_POINT ( 'NONE',  ( -16.94628038708179574, 6.823252132008638066E-15, -6.707880210001648358 ) ) ;
#2131 = CARTESIAN_POINT ( 'NONE',  ( 0.000000000000000000, 229.9999999999999716, 132.2500000000000000 ) ) ;
#2132 = ORIENTED_EDGE ( 'NONE', *, *, #4227, .F. ) ;
#2133 = ORIENTED_EDGE ( 'NONE', *, *, #3564, .T. ) ;
#2134 = CARTESIAN_POINT ( 'NONE',  ( 65.07969061094055974, 176.5774216356886370, -92.22546399023011077 ) ) ;
#2135 = CARTESIAN_POINT ( 'NONE',  ( 24.66915961481967656, 103.1208715332867882, -52.89231046574491302 ) ) ;
#2136 = VECTOR ( 'NONE', #2971, 1000.000000000000000 ) ;
#2137 = LINE ( 'NONE', #2703, #2962 ) ;
#2138 = B_SPLINE_CURVE_WITH_KNOTS ( 'NONE', 3,
 ( #720, #2205, #7483, #1558, #8133, #2729, #6831 ),
 .UNSPECIFIED., .F., .F.,
 ( 4, 3, 4 ),
 ( -0.03411404945298018160, -0.02967734677949436864, 0.04823280117329515476 ),
 .UNSPECIFIED. ) ;
#2139 = EDGE_CURVE ( 'NONE', #163, #8417, #2640, .T. ) ;
#2140 = ADVANCED_FACE ( 'NONE', ( #6164 ), #234, .F. ) ;
#2141 = CARTESIAN_POINT ( 'NONE',  ( 13.64628776976185343, 0.9999999999999967804, 12.27872532496664171 ) ) ;
#2142 = VERTEX_POINT ( 'NONE', #2238 ) ;
#2143 = AXIS2_PLACEMENT_3D ( 'NONE', #1482, #5536, #6839 ) ;
#2144 = DIRECTION ( 'NONE',  ( 0.009879833416224212406, -0.9999511932547845428, -0.000000000000000000 ) ) ;
#2145 = CARTESIAN_POINT ( 'NONE',  ( -3.570311512526962883, 55.51446430390607389, -39.49992852063149229 ) ) ;
#2146 = CARTESIAN_POINT ( 'NONE',  ( 23.60942270897404072, 9.556452077175336512, -8.865975535820059150 ) ) ;
#2147 = DIRECTION ( 'NONE',  ( -3.427923098942064537E-17, 3.469446951953587368E-15, 1.000000000000000000 ) ) ;
#2148 = CARTESIAN_POINT ( 'NONE',  ( 104.7500000000000000, 227.4999999999999716, 132.2500000000000000 ) ) ;
#2149 = DIRECTION ( 'NONE',  ( -0.000000000000000000, -0.000000000000000000, 1.000000000000000000 ) ) ;
#2150 = FACE_OUTER_BOUND ( 'NONE', #3903, .T. ) ;
#2151 = VECTOR ( 'NONE', #8556, 1000.000000000000000 ) ;
#2152 = ORIENTED_EDGE ( 'NONE', *, *, #864, .T. ) ;
#2153 = DIRECTION ( 'NONE',  ( 0.009879833416230943133, 0.9999511932547846538, 0.000000000000000000 ) ) ;
#2154 = CARTESIAN_POINT ( 'NONE',  ( 3.500000000000000000, 49.15594766088220524, -38.75000000000000000 ) ) ;
#2155 = EDGE_LOOP ( 'NONE', ( #1875, #2041, #2865, #3956 ) ) ;
#2156 = ORIENTED_EDGE ( 'NONE', *, *, #7805, .F. ) ;
#2157 = CARTESIAN_POINT ( 'NONE',  ( -40.59595928023611577, 118.9367608502689819, -50.42576618749530581 ) ) ;
#2158 = CARTESIAN_POINT ( 'NONE',  ( -3.620162371183096361, 50.28166195271364813, 38.02786432155238572 ) ) ;
#2159 = CIRCLE ( 'NONE', #4646, 1.000000000000000888 ) ;
#2160 = SHAPE_DEFINITION_REPRESENTATION ( #6578, #1021 ) ;
#2161 = DIRECTION ( 'NONE',  ( -1.734808146315999476E-15, -0.000000000000000000, -1.000000000000000000 ) ) ;
#2162 = CARTESIAN_POINT ( 'NONE',  ( 65.15892533743213733, 180.0861287755409137, 95.09141421967672159 ) ) ;
#2163 = CARTESIAN_POINT ( 'NONE',  ( -20.11874916197158214, 8.500000000000005329, -20.10680605967171886 ) ) ;
#2164 = CARTESIAN_POINT ( 'NONE',  ( 38.66142681920279500, 8.500000000000001776, -3.554678142872816693 ) ) ;
#2165 = VECTOR ( 'NONE', #6598, 999.9999999999998863 ) ;
#2166 = ORIENTED_EDGE ( 'NONE', *, *, #3006, .F. ) ;
#2167 = VECTOR ( 'NONE', #1299, 1000.000000000000000 ) ;
#2168 = DIRECTION ( 'NONE',  ( -4.026401060382563240E-16, -1.000000000000000000, 0.000000000000000000 ) ) ;
#2169 = CARTESIAN_POINT ( 'NONE',  ( -3.500000000000000000, 0.000000000000000000, 38.75000000000000000 ) ) ;
#2170 = EDGE_LOOP ( 'NONE', ( #648, #4331 ) ) ;
#2171 = CARTESIAN_POINT ( 'NONE',  ( 119.2249453282712892, 222.5000000000000568, 117.8077008356832067 ) ) ;
#2172 = CARTESIAN_POINT ( 'NONE',  ( 24.17356883942733248, 52.96146435078936321, -3.051936019946477785 ) ) ;
#2173 = CARTESIAN_POINT ( 'NONE',  ( -64.51122110006600963, 181.8137572648915636, 96.16334272003518890 ) ) ;
#2174 = DIRECTION ( 'NONE',  ( 0.3303702727430711250, 0.9438514093265256699, 0.000000000000000000 ) ) ;
#2175 = DIRECTION ( 'NONE',  ( 0.000000000000000000, -1.040834085586083310E-14, 1.000000000000000000 ) ) ;
#2176 = EDGE_CURVE ( 'NONE', #7871, #1315, #6527, .T. ) ;
#2177 = DIRECTION ( 'NONE',  ( 0.000000000000000000, 0.000000000000000000, 1.000000000000000000 ) ) ;
#2178 = VERTEX_POINT ( 'NONE', #4525 ) ;
#2179 = B_SPLINE_CURVE_WITH_KNOTS ( 'NONE', 3,
 ( #6476, #560, #3218, #3297, #7837, #1902, #6041 ),
 .UNSPECIFIED., .F., .F.,
 ( 4, 3, 4 ),
 ( -0.1098329676632594371, -0.04007684236470533679, -0.03602085237406139895 ),
 .UNSPECIFIED. ) ;
#2180 = CARTESIAN_POINT ( 'NONE',  ( -15.21700339266499569, 6.126975859607140143E-15, -10.02421444951569818 ) ) ;
#2181 = CARTESIAN_POINT ( 'NONE',  ( -2.500000000000000000, 56.53622668406843843, 39.78736529329843563 ) ) ;
#2182 = ORIENTED_EDGE ( 'NONE', *, *, #3580, .T. ) ;
#2183 = CARTESIAN_POINT ( 'NONE',  ( -23.73427553772389587, 8.500000000000000000, -4.500000000000000888 ) ) ;
#2184 = VERTEX_POINT ( 'NONE', #1231 ) ;
#2185 = CARTESIAN_POINT ( 'NONE',  ( -24.66915961481967656, 103.1208715332868877, -52.89231046574492012 ) ) ;
#2186 = FACE_OUTER_BOUND ( 'NONE', #5495, .T. ) ;
#2187 = LINE ( 'NONE', #2001, #569 ) ;
#2188 = ADVANCED_FACE ( 'NONE', ( #3792 ), #2522, .F. ) ;
#2189 = LINE ( 'NONE', #2272, #8359 ) ;
#2190 = CARTESIAN_POINT ( 'NONE',  ( 15.25471594622914573, 0.9999999999999961142, 10.13101916016949566 ) ) ;
#2191 = ORIENTED_EDGE ( 'NONE', *, *, #395, .F. ) ;
#2192 = DIRECTION ( 'NONE',  ( -0.000000000000000000, -0.000000000000000000, -1.000000000000000000 ) ) ;
#2193 = CARTESIAN_POINT ( 'NONE',  ( -3.420228791824071024, 51.94609927586872544, -39.14245532568522634 ) ) ;
#2194 = EDGE_LOOP ( 'NONE', ( #2793, #2541 ) ) ;
#2195 = DIRECTION ( 'NONE',  ( 0.000000000000000000, 0.000000000000000000, -1.000000000000000000 ) ) ;
#2196 = LINE ( 'NONE', #4389, #328 ) ;
#2197 = EDGE_CURVE ( 'NONE', #7308, #165, #4844, .T. ) ;
#2198 = DIRECTION ( 'NONE',  ( 0.000000000000000000, -0.8497266830315081121, 0.5272234480220612252 ) ) ;
#2199 = CARTESIAN_POINT ( 'NONE',  ( -15.54656623057184284, 85.87413050490125954, -48.04054876804532626 ) ) ;
#2200 = SURFACE_STYLE_FILL_AREA ( #2766 ) ;
#2201 = ORIENTED_EDGE ( 'NONE', *, *, #8175, .T. ) ;
#2202 = ORIENTED_EDGE ( 'NONE', *, *, #683, .F. ) ;
#2203 = CARTESIAN_POINT ( 'NONE',  ( 0.000000000000000000, 229.9999999999999716, 137.2500000000000000 ) ) ;
#2204 = CARTESIAN_POINT ( 'NONE',  ( -4.340457583908642114, 52.21690256509329231, 38.57227594477150490 ) ) ;
#2205 = CARTESIAN_POINT ( 'NONE',  ( 23.75782623139467731, 10.88359729825087996, -6.877358173052317447 ) ) ;
#2206 = B_SPLINE_CURVE_WITH_KNOTS ( 'NONE', 3,
 ( #4889, #7529, #4249, #6079, #959, #148, #3596, #2819, #2957, #6213, #5441, #2163, #5688, #8304, #540, #7006, #3725, #1885, #5128, #8413, #2495, #1842, #7769, #4537, #7732, #5729 ),
 .UNSPECIFIED., .F., .F.,
 ( 4, 2, 2, 2, 2, 2, 2, 2, 2, 2, 2, 2, 4 ),
 ( 0.000000000000000000, 0.004026878731821697220, 0.006040318097732545397, 0.008053757463643392706, 0.01208063619546508385, 0.01409407556137592943, 0.01610751492728677153, 0.02013439365910845227, 0.02416127239093012954, 0.02617471175684097165, 0.02718143143979639270, 0.02818815112275181722, 0.03221502985457348756 ),
 .UNSPECIFIED. ) ;
#2207 = CARTESIAN_POINT ( 'NONE',  ( -22.49961087745269595, 99.34948820093396193, -51.83136491266117929 ) ) ;
#2208 = CARTESIAN_POINT ( 'NONE',  ( 24.28487151143317391, 8.499999999999998224, 10.98187561866834905 ) ) ;
#2209 = EDGE_CURVE ( 'NONE', #139, #855, #4576, .T. ) ;
#2210 = ADVANCED_FACE ( 'NONE', ( #3871 ), #2407, .F. ) ;
#2211 = EDGE_LOOP ( 'NONE', ( #6445, #5005, #75, #8456 ) ) ;
#2212 = DIRECTION ( 'NONE',  ( 0.000000000000000000, 1.000000000000000000, 0.000000000000000000 ) ) ;
#2213 = ORIENTED_EDGE ( 'NONE', *, *, #2209, .F. ) ;
#2214 = CARTESIAN_POINT ( 'NONE',  ( 0.000000000000000000, 229.9999999999999716, -132.2500000000000000 ) ) ;
#2215 = CARTESIAN_POINT ( 'NONE',  ( 24.67639290799132468, 50.04502754649328722, -3.367723576868067781 ) ) ;
#2216 = DIRECTION ( 'NONE',  ( 0.000000000000000000, 0.000000000000000000, 1.000000000000000000 ) ) ;
#2217 = FACE_OUTER_BOUND ( 'NONE', #4221, .T. ) ;
#2218 = CARTESIAN_POINT ( 'NONE',  ( 12.69749947690058356, 9.789001788974498908, -24.88555133824917576 ) ) ;
#2219 = CIRCLE ( 'NONE', #1256, 5.000000000000004441 ) ;
#2220 = CYLINDRICAL_SURFACE ( 'NONE', #1203, 5.000000000000004441 ) ;
#2221 = LINE ( 'NONE', #4861, #4772 ) ;
#2222 = LINE ( 'NONE', #693, #3392 ) ;
#2223 = CARTESIAN_POINT ( 'NONE',  ( 24.74420466249360118, 9.500000000000001776, 4.500000000000000888 ) ) ;
#2224 = ORIENTED_EDGE ( 'NONE', *, *, #6902, .T. ) ;
#2225 = DIRECTION ( 'NONE',  ( 0.000000000000000000, 0.000000000000000000, -1.000000000000000000 ) ) ;
#2226 = ORIENTED_EDGE ( 'NONE', *, *, #1133, .T. ) ;
#2227 = CARTESIAN_POINT ( 'NONE',  ( -24.63144643242432963, 99.30386975310163677, -44.06320469952056840 ) ) ;
#2228 = CYLINDRICAL_SURFACE ( 'NONE', #123, 1.000000000000001332 ) ;
#2229 = FACE_OUTER_BOUND ( 'NONE', #2111, .T. ) ;
#2230 = LINE ( 'NONE', #8116, #3258 ) ;
#2231 = ORIENTED_EDGE ( 'NONE', *, *, #4775, .T. ) ;
#2232 = EDGE_CURVE ( 'NONE', #2637, #3363, #3702, .T. ) ;
#2233 = CARTESIAN_POINT ( 'NONE',  ( -23.73427553772389587, 8.499999999999989342, 4.500000000000000888 ) ) ;
#2234 = CARTESIAN_POINT ( 'NONE',  ( -7.305840457278542033, 2.941624376417215303E-15, 16.66927398577370667 ) ) ;
#2235 = ORIENTED_EDGE ( 'NONE', *, *, #2597, .F. ) ;
#2236 = CIRCLE ( 'NONE', #7056, 5.000000000000004441 ) ;
#2237 = DIRECTION ( 'NONE',  ( -1.000000000000000000, 0.000000000000000000, 0.000000000000000000 ) ) ;
#2238 = CARTESIAN_POINT ( 'NONE',  ( 24.23177876883822535, 52.83478489955949442, 2.500000000000000000 ) ) ;
#2239 = CARTESIAN_POINT ( 'NONE',  ( 24.14032061112624561, 49.59636656394968668, 4.340698505292877485 ) ) ;
#2240 = VERTEX_POINT ( 'NONE', #3105 ) ;
#2241 = CARTESIAN_POINT ( 'NONE',  ( 132.2499999999988916, 229.9999999999999716, -107.4500000000013955 ) ) ;
#2242 = CARTESIAN_POINT ( 'NONE',  ( 3.085786437626904188, 56.26542339484616662, -39.75000000000000000 ) ) ;
#2243 = ORIENTED_EDGE ( 'NONE', *, *, #3059, .T. ) ;
#2244 = EDGE_CURVE ( 'NONE', #8241, #1610, #2549, .T. ) ;
#2245 = ORIENTED_EDGE ( 'NONE', *, *, #6581, .T. ) ;
#2246 = FACE_OUTER_BOUND ( 'NONE', #8272, .T. ) ;
#2247 = CARTESIAN_POINT ( 'NONE',  ( 0.000000000000000000, 0.000000000000000000, -3.500000000000000000 ) ) ;
#2248 = CARTESIAN_POINT ( 'NONE',  ( -16.70285822052404257, 88.17196868736127158, -48.68696441624356908 ) ) ;
#2249 = CYLINDRICAL_SURFACE ( 'NONE', #6113, 5.000000000000004441 ) ;
#2250 = VERTEX_POINT ( 'NONE', #6580 ) ;
#2251 = DIRECTION ( 'NONE',  ( 0.000000000000000000, 0.000000000000000000, 1.000000000000000000 ) ) ;
#2252 = VERTEX_POINT ( 'NONE', #655 ) ;
#2253 = EDGE_CURVE ( 'NONE', #2487, #4009, #4601, .T. ) ;
#2254 = DIRECTION ( 'NONE',  ( -0.000000000000000000, 1.000000000000000000, -0.000000000000000000 ) ) ;
#2255 = ADVANCED_FACE ( 'NONE', ( #2656, #6627 ), #1313, .F. ) ;
#2256 = CARTESIAN_POINT ( 'NONE',  ( -62.82840477111918887, 177.5139083414958066, -93.48707601287460989 ) ) ;
#2257 = CARTESIAN_POINT ( 'NONE',  ( 65.15892533743210890, 180.0861287755409137, -95.09141421967662211 ) ) ;
#2258 = FACE_OUTER_BOUND ( 'NONE', #8091, .T. ) ;
#2259 = CARTESIAN_POINT ( 'NONE',  ( 23.74425346923881364, 9.509879833416231776, 4.500000000000000888 ) ) ;
#2260 = ORIENTED_EDGE ( 'NONE', *, *, #7322, .F. ) ;
#2261 = CIRCLE ( 'NONE', #1855, 5.000000000000004441 ) ;
#2262 = ORIENTED_EDGE ( 'NONE', *, *, #501, .T. ) ;
#2263 = CARTESIAN_POINT ( 'NONE',  ( -21.99011544573373911, 9.662746068920945675, 15.10068381993471753 ) ) ;
#2264 = FACE_OUTER_BOUND ( 'NONE', #7167, .T. ) ;
#2265 = ORIENTED_EDGE ( 'NONE', *, *, #8330, .T. ) ;
#2266 = CARTESIAN_POINT ( 'NONE',  ( -51.15557272227317043, 140.5091487129630536, 63.30114094182613371 ) ) ;
#2267 = VERTEX_POINT ( 'NONE', #4652 ) ;
#2268 = CARTESIAN_POINT ( 'NONE',  ( -23.73427553772389231, 8.499999999999964473, -26.27406881924597926 ) ) ;
#2269 = CARTESIAN_POINT ( 'NONE',  ( 23.57256040635052585, 8.500000000004607870, -8.894244535809322727 ) ) ;
#2270 = FACE_OUTER_BOUND ( 'NONE', #8398, .T. ) ;
#2271 = VECTOR ( 'NONE', #4794, 999.9999999999998863 ) ;
#2272 = CARTESIAN_POINT ( 'NONE',  ( -24.50000000000000711, 86.00000000000000000, 139.6500000000000057 ) ) ;
#2273 = FACE_OUTER_BOUND ( 'NONE', #7911, .T. ) ;
#2274 = CARTESIAN_POINT ( 'NONE',  ( -132.2499999999996589, 227.4999999999999716, 104.7500000000004547 ) ) ;
#2275 = DIRECTION ( 'NONE',  ( 1.000000000000000000, 0.000000000000000000, 0.000000000000000000 ) ) ;
#2276 = AXIS2_PLACEMENT_3D ( 'NONE', #2718, #7432, #1417 ) ;
#2277 = CARTESIAN_POINT ( 'NONE',  ( -22.70917590002528286, 8.500000000001767475, -12.62495082342720387 ) ) ;
#2278 = AXIS2_PLACEMENT_3D ( 'NONE', #3494, #41, #5335 ) ;
#2279 = CARTESIAN_POINT ( 'NONE',  ( -68.98383071088262852, 176.9854692462180026, 86.41838385088178143 ) ) ;
#2280 = ORIENTED_EDGE ( 'NONE', *, *, #2399, .F. ) ;
#2281 = CYLINDRICAL_SURFACE ( 'NONE', #2550, 1.000000000000000888 ) ;
#2282 = CARTESIAN_POINT ( 'NONE',  ( 0.000000000000000000, 8.500000000000000000, -40.75000000000000000 ) ) ;
#2283 = AXIS2_PLACEMENT_3D ( 'NONE', #6606, #5182, #588 ) ;
#2284 = CARTESIAN_POINT ( 'NONE',  ( 24.11750743857157886, 47.28741476720099257, 4.500000000000003553 ) ) ;
#2285 = AXIS2_PLACEMENT_3D ( 'NONE', #3398, #2052, #1406 ) ;
#2286 = ORIENTED_EDGE ( 'NONE', *, *, #5819, .T. ) ;
#2287 = CARTESIAN_POINT ( 'NONE',  ( 33.93271801346313765, 122.6490049512314187, 58.38586136842348395 ) ) ;
#2288 = CARTESIAN_POINT ( 'NONE',  ( 3.499999999999998668, 53.32058212447588375, -39.33578643762689353 ) ) ;
#2289 = EDGE_LOOP ( 'NONE', ( #5799, #2720, #3873, #8522, #903 ) ) ;
#2290 = ORIENTED_EDGE ( 'NONE', *, *, #2464, .T. ) ;
#2291 = FACE_OUTER_BOUND ( 'NONE', #2631, .T. ) ;
#2292 = CIRCLE ( 'NONE', #2427, 1.000000000000000888 ) ;
#2293 = CARTESIAN_POINT ( 'NONE',  ( 24.74420466249360118, 8.500000000000000000, 6.299630403166117887 ) ) ;
#2294 = EDGE_CURVE ( 'NONE', #142, #1685, #3997, .T. ) ;
#2295 = VECTOR ( 'NONE', #6038, 1000.000000000000000 ) ;
#2296 = VERTEX_POINT ( 'NONE', #5964 ) ;
#2297 = ORIENTED_EDGE ( 'NONE', *, *, #6540, .T. ) ;
#2298 = DIRECTION ( 'NONE',  ( 0.000000000000000000, 1.000000000000000000, 0.000000000000000000 ) ) ;
#2299 = EDGE_LOOP ( 'NONE', ( #1969, #4278, #4841, #1388 ) ) ;
#2300 = AXIS2_PLACEMENT_3D ( 'NONE', #338, #3010, #5620 ) ;
#2301 = LINE ( 'NONE', #6968, #2014 ) ;
#2302 = AXIS2_PLACEMENT_3D ( 'NONE', #6307, #1730, #449 ) ;
#2303 = DIRECTION ( 'NONE',  ( -0.000000000000000000, -1.000000000000000000, -0.000000000000000000 ) ) ;
#2304 = CARTESIAN_POINT ( 'NONE',  ( 101.7496533607079385, 206.4309258730044689, -111.4373699728999867 ) ) ;
#2305 = CIRCLE ( 'NONE', #4511, 4.999999999999976907 ) ;
#2306 = CARTESIAN_POINT ( 'NONE',  ( 7.514395816763862257, 9.784961050904252389, -26.46344579135450203 ) ) ;
#2307 = AXIS2_PLACEMENT_3D ( 'NONE', #3652, #6852, #3482 ) ;
#2308 = CIRCLE ( 'NONE', #64, 2.999999999999995559 ) ;
#2309 = EDGE_CURVE ( 'NONE', #4941, #4323, #3058, .T. ) ;
#2310 = EDGE_CURVE ( 'NONE', #8127, #6169, #100, .T. ) ;
#2311 = FACE_OUTER_BOUND ( 'NONE', #7489, .T. ) ;
#2312 = ORIENTED_EDGE ( 'NONE', *, *, #5900, .T. ) ;
#2313 = CARTESIAN_POINT ( 'NONE',  ( -22.50742825878662856, 8.500000000000593303, 13.22722206147289015 ) ) ;
#2314 = DIRECTION ( 'NONE',  ( 1.000000000000000000, 0.000000000000000000, 0.000000000000000000 ) ) ;
#2315 = AXIS2_PLACEMENT_3D ( 'NONE', #7777, #5098, #2591 ) ;
#2316 = CARTESIAN_POINT ( 'NONE',  ( 35.81439921304682628, 109.1373107502755317, -51.07034106834295528 ) ) ;
#2317 = FACE_OUTER_BOUND ( 'NONE', #1998, .T. ) ;
#2318 = CARTESIAN_POINT ( 'NONE',  ( 22.89659477608064009, 8.499999999999992895, -15.49548418332309119 ) ) ;
#2319 = CARTESIAN_POINT ( 'NONE',  ( -24.23177876883821469, 52.83478489955949442, 2.499999999999997780 ) ) ;
#2320 = EDGE_CURVE ( 'NONE', #4854, #3764, #556, .T. ) ;
#2321 = ADVANCED_FACE ( 'NONE', ( #6778 ), #3498, .F. ) ;
#2322 = CARTESIAN_POINT ( 'NONE',  ( 96.62332407410983137, 208.3620429251800772, -112.6355554731480737 ) ) ;
#2323 = CARTESIAN_POINT ( 'NONE',  ( -22.77120721434434714, 82.46471587652436597, 47.08143033063671368 ) ) ;
#2324 = CARTESIAN_POINT ( 'NONE',  ( -3.500000000000000000, 9.500000000000001776, 38.75000000000000000 ) ) ;
#2325 = EDGE_LOOP ( 'NONE', ( #3332, #3991, #6221, #6783 ) ) ;
#2326 = DIRECTION ( 'NONE',  ( 0.9999511932547847648, -0.009879833416222269515, 0.000000000000000000 ) ) ;
#2327 = CARTESIAN_POINT ( 'NONE',  ( -4.500000000000059508, 49.42675095010440600, -37.78736529329841431 ) ) ;
#2328 = ORIENTED_EDGE ( 'NONE', *, *, #6203, .F. ) ;
#2329 = VECTOR ( 'NONE', #5507, 1000.000000000000000 ) ;
#2330 = FACE_OUTER_BOUND ( 'NONE', #6242, .T. ) ;
#2331 = DIRECTION ( 'NONE',  ( 0.000000000000000000, 0.000000000000000000, 1.000000000000000000 ) ) ;
#2332 = CARTESIAN_POINT ( 'NONE',  ( 36.26136887793493457, 125.8854347377586436, -59.29631662775178569 ) ) ;
#2333 = ORIENTED_EDGE ( 'NONE', *, *, #4163, .T. ) ;
#2334 = CARTESIAN_POINT ( 'NONE',  ( -24.17060556813292038, 52.66154768803090036, -3.005852317761386061 ) ) ;
#2335 = DIRECTION ( 'NONE',  ( -1.000000000000000000, -0.000000000000000000, -0.000000000000000000 ) ) ;
#2336 = EDGE_LOOP ( 'NONE', ( #7668, #493, #3935, #7087 ) ) ;
#2337 = VERTEX_POINT ( 'NONE', #4746 ) ;
#2338 = CARTESIAN_POINT ( 'NONE',  ( 3.473256004145078180, 50.98583531215798814, 39.00738714374899985 ) ) ;
#2339 = DIRECTION ( 'NONE',  ( 0.7071067811865480168, -2.847095493573218026E-16, -0.7071067811865471286 ) ) ;
#2340 = DIRECTION ( 'NONE',  ( 0.000000000000000000, 0.000000000000000000, -1.000000000000000000 ) ) ;
#2341 = CARTESIAN_POINT ( 'NONE',  ( 132.2500000000000000, 229.9999999999999716, 4.999999999998618883 ) ) ;
#2342 = VERTEX_POINT ( 'NONE', #1460 ) ;
#2343 = CARTESIAN_POINT ( 'NONE',  ( 41.64593105915113114, 121.0624657614101523, -50.61766871286067726 ) ) ;
#2344 = DIRECTION ( 'NONE',  ( 0.000000000000000000, 0.000000000000000000, 1.000000000000000000 ) ) ;
#2345 = ORIENTED_EDGE ( 'NONE', *, *, #8566, .F. ) ;
#2346 = CARTESIAN_POINT ( 'NONE',  ( -132.2499999999996589, 229.9999999999999716, 109.7500000000004547 ) ) ;
#2347 = FACE_OUTER_BOUND ( 'NONE', #5790, .T. ) ;
#2348 = ADVANCED_FACE ( 'NONE', ( #7247 ), #3965, .F. ) ;
#2349 = CARTESIAN_POINT ( 'NONE',  ( 125.6391524209012829, 227.8995523723404517, -124.7578452660808637 ) ) ;
#2350 = CARTESIAN_POINT ( 'NONE',  ( 38.64807439327532279, 9.413526278547026394, 3.473972674778596392 ) ) ;
#2351 = CARTESIAN_POINT ( 'NONE',  ( 14.46754791676914920, 8.499999999995310418, -23.48007937917697774 ) ) ;
#2352 = CARTESIAN_POINT ( 'NONE',  ( -19.48358976009522436, 8.500000000000007105, 20.86520758192989433 ) ) ;
#2353 = ORIENTED_EDGE ( 'NONE', *, *, #6509, .F. ) ;
#2354 = CARTESIAN_POINT ( 'NONE',  ( -24.74420466218708725, 8.500000000000003553, 7.658778268614878648 ) ) ;
#2355 = CARTESIAN_POINT ( 'NONE',  ( -13.64628776976184632, 0.9999999999999981126, -12.27872532496664171 ) ) ;
#2356 = DIRECTION ( 'NONE',  ( 0.9999511932547847648, 0.009879833416222269515, 0.000000000000000000 ) ) ;
#2357 = EDGE_CURVE ( 'NONE', #612, #7416, #2219, .T. ) ;
#2358 = DIRECTION ( 'NONE',  ( 0.000000000000000000, 0.000000000000000000, 1.000000000000000000 ) ) ;
#2359 = CARTESIAN_POINT ( 'NONE',  ( 18.95885727988831704, 9.735838973614697522, -19.98192680125614373 ) ) ;
#2360 = CARTESIAN_POINT ( 'NONE',  ( 104.7500000000000000, 229.9999999999999716, -132.2500000000000000 ) ) ;
#2361 = DIRECTION ( 'NONE',  ( 0.000000000000000000, 1.000000000000000000, 0.000000000000000000 ) ) ;
#2362 = CARTESIAN_POINT ( 'NONE',  ( 62.49627132169542421, 177.6932981675496990, -93.60675282340613990 ) ) ;
#2363 = CARTESIAN_POINT ( 'NONE',  ( -20.20342952058635433, 77.21375474996308697, 37.07739097898296166 ) ) ;
#2364 = DIRECTION ( 'NONE',  ( 0.000000000000000000, 1.000000000000000000, 0.000000000000000000 ) ) ;
#2365 = ORIENTED_EDGE ( 'NONE', *, *, #7010, .T. ) ;
#2366 = DIRECTION ( 'NONE',  ( -0.000000000000000000, 1.000000000000000000, -0.000000000000000000 ) ) ;
#2367 = EDGE_CURVE ( 'NONE', #7929, #8205, #5231, .T. ) ;
#2368 = ADVANCED_FACE ( 'NONE', ( #2150 ), #3670, .F. ) ;
#2369 = DIRECTION ( 'NONE',  ( 0.000000000000000000, -0.2708032892222382859, 0.9626347067015695869 ) ) ;
#2370 = DIRECTION ( 'NONE',  ( -0.000000000000000000, 1.000000000000000000, -0.000000000000000000 ) ) ;
#2371 = DIRECTION ( 'NONE',  ( 0.000000000000000000, 0.000000000000000000, 1.000000000000000000 ) ) ;
#2372 = DIRECTION ( 'NONE',  ( -1.734723475976807686E-15, 0.2708032892222382859, 0.9626347067015695869 ) ) ;
#2373 = CARTESIAN_POINT ( 'NONE',  ( 24.14647668158837490, 50.21943071341785725, 4.235447154113455959 ) ) ;
#2374 = CARTESIAN_POINT ( 'NONE',  ( -24.16243879437499942, 51.83497756076008045, -3.796958259162814375 ) ) ;
#2375 = DIRECTION ( 'NONE',  ( 0.000000000000000000, 0.000000000000000000, 1.000000000000000000 ) ) ;
#2376 = ORIENTED_EDGE ( 'NONE', *, *, #3975, .F. ) ;
#2377 = ORIENTED_EDGE ( 'NONE', *, *, #6805, .F. ) ;
#2378 = CARTESIAN_POINT ( 'NONE',  ( 9.282989503256526831, 8.499999999999987566, 27.09522694141121590 ) ) ;
#2379 = CARTESIAN_POINT ( 'NONE',  ( -2.843311803700275142, 55.85184906535876337, 39.69182773191536029 ) ) ;
#2380 = CARTESIAN_POINT ( 'NONE',  ( 40.56961974550488748, 118.9040933879979747, -50.53004398028293309 ) ) ;
#2381 = CARTESIAN_POINT ( 'NONE',  ( 18.19999999999999929, -7.328049929896264436E-15, -0.9912134538010187734 ) ) ;
#2382 = PRODUCT ( '3HR0076-01-R1 (Combine) STEP', '3HR0076-01-R1 (Combine) STEP', '', ( #5936 ) ) ;
#2383 = VERTEX_POINT ( 'NONE', #3801 ) ;
#2384 = CARTESIAN_POINT ( 'NONE',  ( -132.2500000000000000, 227.4999999999999716, 4.617484070620044083E-13 ) ) ;
#2385 = ORIENTED_EDGE ( 'NONE', *, *, #5718, .T. ) ;
#2386 = CARTESIAN_POINT ( 'NONE',  ( -22.45064030267088384, 8.500000000000000000, -22.45064030267285204 ) ) ;
#2387 = CARTESIAN_POINT ( 'NONE',  ( -23.52873929825008759, 9.567709029369357410, 9.499661242353521828 ) ) ;
#2388 = LINE ( 'NONE', #1126, #35 ) ;
#2389 = ADVANCED_FACE ( 'NONE', ( #3759 ), #1771, .F. ) ;
#2390 = EDGE_LOOP ( 'NONE', ( #3081, #6750, #7502, #2377 ) ) ;
#2391 = FACE_BOUND ( 'NONE', #3661, .T. ) ;
#2392 = ORIENTED_EDGE ( 'NONE', *, *, #7544, .F. ) ;
#2393 = CARTESIAN_POINT ( 'NONE',  ( -23.73427553772389587, 8.500000000000005329, 6.299630403166116999 ) ) ;
#2394 = DIRECTION ( 'NONE',  ( -0.000000000000000000, -1.000000000000000000, -0.000000000000000000 ) ) ;
#2395 = DIRECTION ( 'NONE',  ( -1.000000000000000000, -0.000000000000000000, -0.000000000000000000 ) ) ;
#2396 = CARTESIAN_POINT ( 'NONE',  ( -24.74683815393426656, 49.60301474156108270, 3.408719109512298839 ) ) ;
#2397 = CYLINDRICAL_SURFACE ( 'NONE', #8222, 5.000000000000004441 ) ;
#2398 = CARTESIAN_POINT ( 'NONE',  ( -132.2500000000003695, 229.9999999999999716, -104.7499999999995310 ) ) ;
#2399 = EDGE_CURVE ( 'NONE', #5368, #2467, #1107, .T. ) ;
#2400 = CARTESIAN_POINT ( 'NONE',  ( 104.7500000000000000, 229.9999999999999716, 132.2500000000000000 ) ) ;
#2401 = CARTESIAN_POINT ( 'NONE',  ( 0.000000000000000000, 229.9999999999999716, -132.2500000000000000 ) ) ;
#2402 = ORIENTED_EDGE ( 'NONE', *, *, #2885, .T. ) ;
#2403 = DIRECTION ( 'NONE',  ( -0.000000000000000000, 1.000000000000000000, -0.000000000000000000 ) ) ;
#2404 = CARTESIAN_POINT ( 'NONE',  ( -3.500000000000000444, 50.09968843111351333, -38.88274407362394669 ) ) ;
#2405 = AXIS2_PLACEMENT_3D ( 'NONE', #753, #2147, #2759 ) ;
#2406 = DIRECTION ( 'NONE',  ( 0.000000000000000000, 0.000000000000000000, -1.000000000000000000 ) ) ;
#2407 = CYLINDRICAL_SURFACE ( 'NONE', #3882, 2.700000000000008171 ) ;
#2408 = EDGE_CURVE ( 'NONE', #8389, #7460, #574, .T. ) ;
#2409 = ADVANCED_FACE ( 'NONE', ( #5011 ), #5190, .F. ) ;
#2410 = CARTESIAN_POINT ( 'NONE',  ( 24.17394958395035687, 53.00000001476468725, 2.602124701189782563 ) ) ;
#2411 = AXIS2_PLACEMENT_3D ( 'NONE', #6566, #6394, #3172 ) ;
#2412 = CARTESIAN_POINT ( 'NONE',  ( 139.6500000000000057, 222.4999999999999716, 121.4076260998840411 ) ) ;
#2413 = ORIENTED_EDGE ( 'NONE', *, *, #6243, .T. ) ;
#2414 = CARTESIAN_POINT ( 'NONE',  ( 6.212872739989485638, 8.500000000011857182, 26.26143151253654295 ) ) ;
#2415 = CARTESIAN_POINT ( 'NONE',  ( -2.777269435354773996, 56.48522337444218522, 39.77301731279049335 ) ) ;
#2416 = CARTESIAN_POINT ( 'NONE',  ( -104.7500000000000000, 229.9999999999999716, 132.2500000000000000 ) ) ;
#2417 = CARTESIAN_POINT ( 'NONE',  ( -132.2500000000000000, 227.4999999999999716, 5.000000000000466294 ) ) ;
#2418 = VECTOR ( 'NONE', #5867, 1000.000000000000114 ) ;
#2419 = EDGE_CURVE ( 'NONE', #2184, #3437, #2788, .T. ) ;
#2420 = CARTESIAN_POINT ( 'NONE',  ( 119.5853809715776066, 222.5000000000000853, -116.5520852409011354 ) ) ;
#2421 = CIRCLE ( 'NONE', #7244, 1.000000000000000888 ) ;
#2422 = ORIENTED_EDGE ( 'NONE', *, *, #7325, .T. ) ;
#2423 = ORIENTED_EDGE ( 'NONE', *, *, #4634, .T. ) ;
#2424 = VECTOR ( 'NONE', #2657, 1000.000000000000000 ) ;
#2425 = FACE_OUTER_BOUND ( 'NONE', #229, .T. ) ;
#2426 = CARTESIAN_POINT ( 'NONE',  ( -24.50000000000000711, 86.00000000000000000, 38.46815680934837189 ) ) ;
#2427 = AXIS2_PLACEMENT_3D ( 'NONE', #8204, #982, #2275 ) ;
#2428 = CARTESIAN_POINT ( 'NONE',  ( -22.89659477596683601, 8.500000000000012434, 15.49548418325946209 ) ) ;
#2429 = CARTESIAN_POINT ( 'NONE',  ( -17.43552279527634852, 8.500000000009501733, 21.20764996547993775 ) ) ;
#2430 = CYLINDRICAL_SURFACE ( 'NONE', #8253, 1.000000000000000666 ) ;
#2431 = CARTESIAN_POINT ( 'NONE',  ( -41.71457440236948599, 121.2028375419240831, 51.32230098370209959 ) ) ;
#2432 = CARTESIAN_POINT ( 'NONE',  ( 23.59429546633451125, 8.499999999999992895, -13.58205721615131800 ) ) ;
#2433 = AXIS2_PLACEMENT_3D ( 'NONE', #922, #3565, #8184 ) ;
#2434 = CYLINDRICAL_SURFACE ( 'NONE', #4229, 1.000000000000000888 ) ;
#2435 = CARTESIAN_POINT ( 'NONE',  ( -23.64212415095612130, 85.18290319059876481, -42.29904610061227999 ) ) ;
#2436 = DIRECTION ( 'NONE',  ( -0.000000000000000000, 1.000000000000000000, -0.000000000000000000 ) ) ;
#2437 = CARTESIAN_POINT ( 'NONE',  ( -41.64593105915111693, 121.0624657614101523, 50.61766871286066305 ) ) ;
#2438 = AXIS2_PLACEMENT_3D ( 'NONE', #6563, #685, #3255 ) ;
#2439 = CARTESIAN_POINT ( 'NONE',  ( 132.2500000000011084, 229.9999999999999716, 104.7499999999986073 ) ) ;
#2440 = EDGE_LOOP ( 'NONE', ( #4262, #4541, #4520, #8047 ) ) ;
#2441 = CARTESIAN_POINT ( 'NONE',  ( 16.61380348659089279, 85.62571112662914175, -47.91747367105296007 ) ) ;
#2442 = CARTESIAN_POINT ( 'NONE',  ( 2.500000000000000000, 56.53622668406843843, -39.78736529329843563 ) ) ;
#2443 = EDGE_CURVE ( 'NONE', #1685, #7844, #8530, .T. ) ;
#2444 = DIRECTION ( 'NONE',  ( 0.000000000000000000, 0.000000000000000000, 1.000000000000000000 ) ) ;
#2445 = PRODUCT_DEFINITION_FORMATION_WITH_SPECIFIED_SOURCE ( 'ANY', '', #2382, .NOT_KNOWN. ) ;
#2446 =( BOUNDED_SURFACE ( )  B_SPLINE_SURFACE ( 2, 3, ( 
 ( #8305, #7585, #8338, #5055, #1736, #7661, #2343, #7037, #1117, #4332 ),
 ( #3763, #6377, #6925, #5733, #2669, #542, #5341, #4057, #3413, #8035 ),
 ( #7338, #4879, #2107, #3456, #6687, #3547, #1511, #2862, #2332, #7612 ) ),
 .UNSPECIFIED., .F., .F., .T. ) 
 B_SPLINE_SURFACE_WITH_KNOTS ( ( 3, 3 ),
 ( 4, 3, 3, 4 ),
 ( 0.000000000000000000, 1.000000000000000000 ),
 ( -0.06439201802327024216, -0.05221481032689249263, -0.01375147484184069055, -0.007700977030777673288 ),
 .UNSPECIFIED. ) 
 GEOMETRIC_REPRESENTATION_ITEM ( )  RATIONAL_B_SPLINE_SURFACE ( (
 ( 1.000000000000000000, 1.000000000000000000, 1.000000000000000000, 1.000000000000000000, 1.000000000000000000, 1.000000000000000000, 1.000000000000000000, 1.000000000000000000, 1.000000000000000000, 1.000000000000000000),
 ( 0.7479851340641154867, 0.7479851340641154867, 0.7479851340641154867, 0.7479851340641154867, 0.7479851340641154867, 0.7479851340641154867, 0.7479851340641154867, 0.7479851340641154867, 0.7479851340641154867, 0.7479851340641154867),
 ( 1.000000000000000000, 1.000000000000000000, 1.000000000000000000, 1.000000000000000000, 1.000000000000000000, 1.000000000000000000, 1.000000000000000000, 1.000000000000000000, 1.000000000000000000, 1.000000000000000000) ) ) 
 REPRESENTATION_ITEM ( '' )  SURFACE ( )  );
#2447 = CARTESIAN_POINT ( 'NONE',  ( -22.45064030267285204, 8.500000000000000000, 22.45064030267290889 ) ) ;
#2448 = ORIENTED_EDGE ( 'NONE', *, *, #1871, .T. ) ;
#2449 = CARTESIAN_POINT ( 'NONE',  ( 24.50000000000000711, 86.00000000000000000, 38.46815680934847848 ) ) ;
#2450 = CARTESIAN_POINT ( 'NONE',  ( -132.2500000000003695, 227.4999999999999716, -104.7499999999995310 ) ) ;
#2451 = EDGE_LOOP ( 'NONE', ( #3499, #3914, #7388, #3926 ) ) ;
#2452 = CARTESIAN_POINT ( 'NONE',  ( 25.35957079319337382, 87.75777398158645326, -40.33333500867763632 ) ) ;
#2453 = CARTESIAN_POINT ( 'NONE',  ( 132.2499999999988916, 229.9999999999999716, -104.7500000000013785 ) ) ;
#2454 = EDGE_CURVE ( 'NONE', #7347, #3176, #5909, .T. ) ;
#2455 = CARTESIAN_POINT ( 'NONE',  ( -97.90857869814004744, 209.5170546485454679, -113.3521968067191210 ) ) ;
#2456 = CARTESIAN_POINT ( 'NONE',  ( 23.74420466249360118, 9.500000000000008882, 139.6500000000000057 ) ) ;
#2457 = CARTESIAN_POINT ( 'NONE',  ( 9.885345517889227551, -3.980236567547721738E-15, -15.36472666729737924 ) ) ;
#2458 = VERTEX_POINT ( 'NONE', #4532 ) ;
#2459 = CARTESIAN_POINT ( 'NONE',  ( 4.499999998761856190, 50.37049172035573719, -38.05285344054471608 ) ) ;
#2460 = EDGE_LOOP ( 'NONE', ( #2630, #2675, #1160, #348 ) ) ;
#2461 = EDGE_LOOP ( 'NONE', ( #7515, #6247, #1957, #3120 ) ) ;
#2462 = CARTESIAN_POINT ( 'NONE',  ( 24.74420466249360118, 9.500000000000008882, 4.500000000000000888 ) ) ;
#2463 = ADVANCED_FACE ( 'NONE', ( #5840 ), #3278, .F. ) ;
#2464 = EDGE_CURVE ( 'NONE', #3561, #4941, #5334, .T. ) ;
#2465 = CARTESIAN_POINT ( 'NONE',  ( 104.7500000000000000, 229.9999999999999716, -137.2500000000000000 ) ) ;
#2466 = CARTESIAN_POINT ( 'NONE',  ( -23.59429546639142572, 8.500000000000010658, 13.58205721618314321 ) ) ;
#2467 = VERTEX_POINT ( 'NONE', #3401 ) ;
#2468 = ORIENTED_EDGE ( 'NONE', *, *, #2904, .F. ) ;
#2469 = CARTESIAN_POINT ( 'NONE',  ( -13.41397825247774200, 8.499999999999992895, 25.60125737853084615 ) ) ;
#2470 = DIRECTION ( 'NONE',  ( 0.000000000000000000, 0.000000000000000000, 1.000000000000000000 ) ) ;
#2471 = LINE ( 'NONE', #7789, #7969 ) ;
#2472 = DIRECTION ( 'NONE',  ( 0.000000000000000000, 0.000000000000000000, 1.000000000000000000 ) ) ;
#2473 = DIRECTION ( 'NONE',  ( -1.000000000000000000, -0.000000000000000000, -0.000000000000000000 ) ) ;
#2474 = CARTESIAN_POINT ( 'NONE',  ( -1.271093249381662016, 5.117931207155444784E-16, -18.20000000000000284 ) ) ;
#2475 = CARTESIAN_POINT ( 'NONE',  ( 68.98383071088260010, 176.9854692462180310, -86.41838385088172458 ) ) ;
#2476 = ORIENTED_EDGE ( 'NONE', *, *, #5978, .T. ) ;
#2477 = CARTESIAN_POINT ( 'NONE',  ( 20.32931995911328471, 36.48528137423858198, 24.57196064623451903 ) ) ;
#2478 = CARTESIAN_POINT ( 'NONE',  ( 38.97364173800387732, 118.2876066931183914, 53.58455529512240645 ) ) ;
#2479 = CARTESIAN_POINT ( 'NONE',  ( -42.49990958091899529, 122.8088038621039999, -51.15692978474198327 ) ) ;
#2480 = CARTESIAN_POINT ( 'NONE',  ( 24.74420466249360118, 9.500000000000008882, 139.6500000000000057 ) ) ;
#2481 = CARTESIAN_POINT ( 'NONE',  ( -7.305840457278542033, 2.941624376417215303E-15, 16.66927398577370667 ) ) ;
#2482 = DIRECTION ( 'NONE',  ( 0.000000000000000000, 0.000000000000000000, 1.000000000000000000 ) ) ;
#2483 = EDGE_CURVE ( 'NONE', #1023, #4470, #6198, .T. ) ;
#2484 = ORIENTED_EDGE ( 'NONE', *, *, #3890, .F. ) ;
#2485 = DIRECTION ( 'NONE',  ( -1.000000000000000000, 0.000000000000000000, 0.000000000000000000 ) ) ;
#2486 = CARTESIAN_POINT ( 'NONE',  ( -15.55957244489872693, 85.96744145928163050, 48.06679851074704857 ) ) ;
#2487 = VERTEX_POINT ( 'NONE', #6062 ) ;
#2488 = CARTESIAN_POINT ( 'NONE',  ( -132.2500000000000000, 229.9999999999999716, 2.700000000000470024 ) ) ;
#2489 = CARTESIAN_POINT ( 'NONE',  ( -4.500000000000000888, 9.500000000000001776, -27.59419916606945478 ) ) ;
#2490 = CARTESIAN_POINT ( 'NONE',  ( -21.45259922638581429, 9.680954342807600810, -16.24700757907808324 ) ) ;
#2491 = AXIS2_PLACEMENT_3D ( 'NONE', #5791, #8524, #3223 ) ;
#2492 = CARTESIAN_POINT ( 'NONE',  ( -125.5594019144771778, 234.3658467699280550, -128.7699377380498049 ) ) ;
#2493 = CARTESIAN_POINT ( 'NONE',  ( -24.50000000000000711, 86.00000000000000000, 38.46815680934837189 ) ) ;
#2494 =( BOUNDED_SURFACE ( )  B_SPLINE_SURFACE ( 2, 3, ( 
 ( #675, #3853, #7260, #2592, #5181, #7169, #1337, #10, #7829, #1893 ),
 ( #633, #4545, #1250, #3930, #3891, #5855, #8544, #5217, #3974, #7914 ),
 ( #4624, #6601, #7869, #2677, #5299, #7344, #4199, #1381, #8040, #7391 ) ),
 .UNSPECIFIED., .F., .F., .F. ) 
 B_SPLINE_SURFACE_WITH_KNOTS ( ( 3, 3 ),
 ( 4, 3, 3, 4 ),
 ( 0.000000000000000000, 1.000000000000000000 ),
 ( -0.1287382763928387464, -0.1053092846403865801, -0.02520743741662483106, -0.007011196529234937913 ),
 .UNSPECIFIED. ) 
 GEOMETRIC_REPRESENTATION_ITEM ( )  RATIONAL_B_SPLINE_SURFACE ( (
 ( 1.000000000000000000, 1.000000000000000000, 1.000000000000000000, 1.000000000000000000, 1.000000000000000000, 1.000000000000000000, 1.000000000000000000, 1.000000000000000000, 1.000000000000000000, 1.000000000000000000),
 ( 0.7080520783763301074, 0.7080520783763301074, 0.7080520783763301074, 0.7080520783763301074, 0.7080520783763301074, 0.7080520783763301074, 0.7080520783763301074, 0.7080520783763301074, 0.7080520783763301074, 0.7080520783763301074),
 ( 1.000000000000000000, 1.000000000000000000, 1.000000000000000000, 1.000000000000000000, 1.000000000000000000, 1.000000000000000000, 1.000000000000000000, 1.000000000000000000, 1.000000000000000000, 1.000000000000000000) ) ) 
 REPRESENTATION_ITEM ( '' )  SURFACE ( )  );
#2495 = CARTESIAN_POINT ( 'NONE',  ( -10.26431728524283393, 8.499999999999987566, -26.83681574005744963 ) ) ;
#2496 = ADVANCED_FACE ( 'NONE', ( #3539 ), #6067, .F. ) ;
#2497 = ORIENTED_EDGE ( 'NONE', *, *, #4079, .F. ) ;
#2498 = DIRECTION ( 'NONE',  ( -0.000000000000000000, 1.000000000000000000, -0.000000000000000000 ) ) ;
#2499 = ORIENTED_EDGE ( 'NONE', *, *, #7494, .F. ) ;
#2500 = ORIENTED_EDGE ( 'NONE', *, *, #7741, .T. ) ;
#2501 = ORIENTED_EDGE ( 'NONE', *, *, #1051, .T. ) ;
#2502 = FACE_OUTER_BOUND ( 'NONE', #4690, .T. ) ;
#2503 = CARTESIAN_POINT ( 'NONE',  ( 38.99413009787165407, 8.500000000000000000, 3.501413174003911166 ) ) ;
#2504 = CARTESIAN_POINT ( 'NONE',  ( -24.47358250239435407, 85.94597770152557814, 39.32439852165972383 ) ) ;
#2505 = CARTESIAN_POINT ( 'NONE',  ( -13.10988891203686890, 8.499999999999996447, 25.74967030868113582 ) ) ;
#2506 = EDGE_CURVE ( 'NONE', #8426, #6452, #8293, .T. ) ;
#2507 = EDGE_CURVE ( 'NONE', #7960, #1599, #5036, .T. ) ;
#2508 = ORIENTED_EDGE ( 'NONE', *, *, #6866, .T. ) ;
#2509 = VECTOR ( 'NONE', #4806, 1000.000000000000000 ) ;
#2510 = CARTESIAN_POINT ( 'NONE',  ( -13.65210493403092151, 8.500000000002938094, 23.95544701608566740 ) ) ;
#2511 = DIRECTION ( 'NONE',  ( 0.000000000000000000, -1.000000000000000000, 0.000000000000000000 ) ) ;
#2512 = DIRECTION ( 'NONE',  ( -1.000000000000000000, 0.000000000000000000, -0.000000000000000000 ) ) ;
#2513 = DIRECTION ( 'NONE',  ( 0.7071067811865474617, -2.847095493573215561E-16, 0.7071067811865476838 ) ) ;
#2514 = CARTESIAN_POINT ( 'NONE',  ( 6.171234178203961029, 87.41649213276018315, -42.24154385045493854 ) ) ;
#2515 = CARTESIAN_POINT ( 'NONE',  ( 20.32931995911327050, -8.185399544023006940E-15, 24.57196064623451903 ) ) ;
#2516 = AXIS2_PLACEMENT_3D ( 'NONE', #5746, #7791, #8393 ) ;
#2517 = ORIENTED_EDGE ( 'NONE', *, *, #3733, .F. ) ;
#2518 = CARTESIAN_POINT ( 'NONE',  ( 86.88107549716377775, 193.0690741269954742, 97.42399204894590525 ) ) ;
#2519 = VERTEX_POINT ( 'NONE', #8259 ) ;
#2520 = PLANE ( 'NONE',  #6216 ) ;
#2521 = DIRECTION ( 'NONE',  ( -0.000000000000000000, 1.000000000000000000, -0.000000000000000000 ) ) ;
#2522 = CYLINDRICAL_SURFACE ( 'NONE', #6768, 1.000000000000000888 ) ;
#2523 = CARTESIAN_POINT ( 'NONE',  ( -2.500000000000000000, 9.500000000000001776, 38.75000000000000000 ) ) ;
#2524 = CARTESIAN_POINT ( 'NONE',  ( 24.28332098059283339, 52.51138028660685109, 2.843377912935997731 ) ) ;
#2525 = DIRECTION ( 'NONE',  ( 0.000000000000000000, 0.000000000000000000, 1.000000000000000000 ) ) ;
#2526 = CARTESIAN_POINT ( 'NONE',  ( -23.13001319847145609, 85.00865160348944016, 43.27164689657878682 ) ) ;
#2527 = AXIS2_PLACEMENT_3D ( 'NONE', #1598, #6168, #2864 ) ;
#2528 = EDGE_LOOP ( 'NONE', ( #3816, #6292, #2924, #7700 ) ) ;
#2529 = CARTESIAN_POINT ( 'NONE',  ( -19.12207511036590901, 8.499999999998825828, -19.33019996187183054 ) ) ;
#2530 = CARTESIAN_POINT ( 'NONE',  ( 3.500000000000000000, 9.500000000000001776, 26.27406881924599347 ) ) ;
#2531 = CARTESIAN_POINT ( 'NONE',  ( -23.74428235700447942, 9.512824699374181847, -6.459561247715090104 ) ) ;
#2532 = CARTESIAN_POINT ( 'NONE',  ( 24.33033339209507773, 85.65304131866633952, 40.29471728484389104 ) ) ;
#2533 = CARTESIAN_POINT ( 'NONE',  ( -69.00000000000000000, 176.9999999999999716, -93.17658738585758726 ) ) ;
#2534 = CARTESIAN_POINT ( 'NONE',  ( 22.45064030267290889, -9.039528192094971509E-15, 22.45064030267488420 ) ) ;
#2535 = VECTOR ( 'NONE', #3454, 1000.000000000000000 ) ;
#2536 = AXIS2_PLACEMENT_3D ( 'NONE', #5722, #4400, #993 ) ;
#2537 = CARTESIAN_POINT ( 'NONE',  ( 50.03174841421729013, 138.2109911391858930, 69.10946626875083609 ) ) ;
#2538 = CARTESIAN_POINT ( 'NONE',  ( 24.74420466249360118, 8.500000000000000000, 6.299630403166117887 ) ) ;
#2539 = CARTESIAN_POINT ( 'NONE',  ( -96.62332407411005875, 208.3620429251803046, -112.6355554731482442 ) ) ;
#2540 = VERTEX_POINT ( 'NONE', #1639 ) ;
#2541 = ORIENTED_EDGE ( 'NONE', *, *, #3287, .F. ) ;
#2542 = ORIENTED_EDGE ( 'NONE', *, *, #1196, .F. ) ;
#2543 = AXIS2_PLACEMENT_3D ( 'NONE', #5634, #2361, #4992 ) ;
#2544 =( BOUNDED_CURVE ( )  B_SPLINE_CURVE ( 3, ( #2, #4538, #2017, #4614 ),
 .UNSPECIFIED., .F., .T. ) 
 B_SPLINE_CURVE_WITH_KNOTS ( ( 4, 4 ),
 ( 0.000000000000000000, 1.570796326794896558 ),
 .UNSPECIFIED. ) 
 CURVE ( )  GEOMETRIC_REPRESENTATION_ITEM ( )  RATIONAL_B_SPLINE_CURVE ( ( 1.000000000000000000, 0.8047378541243649375, 0.8047378541243649375, 1.000000000000000000 ) ) 
 REPRESENTATION_ITEM ( '' )  );
#2545 = CARTESIAN_POINT ( 'NONE',  ( 132.2500000000011084, 229.9999999999999716, 104.7499999999986073 ) ) ;
#2546 = CIRCLE ( 'NONE', #3532, 1.000000000000000888 ) ;
#2547 = FACE_OUTER_BOUND ( 'NONE', #257, .T. ) ;
#2548 = EDGE_CURVE ( 'NONE', #6179, #583, #4863, .T. ) ;
#2549 = B_SPLINE_CURVE_WITH_KNOTS ( 'NONE', 3,
 ( #7722, #4433, #2575, #7064, #7187, #7848 ),
 .UNSPECIFIED., .F., .F.,
 ( 4, 2, 4 ),
 ( 0.000000000000000000, 0.0005148227522292676567, 0.001029645504458535313 ),
 .UNSPECIFIED. ) ;
#2550 = AXIS2_PLACEMENT_3D ( 'NONE', #1028, #440, #1764 ) ;
#2551 = CARTESIAN_POINT ( 'NONE',  ( -70.50624881680980138, 178.3536111904932397, 88.29360075542464870 ) ) ;
#2552 = VECTOR ( 'NONE', #7475, 1000.000000000000000 ) ;
#2553 = CARTESIAN_POINT ( 'NONE',  ( 38.36054287937019325, 8.500000000000000000, 34.11790219225294862 ) ) ;
#2554 = VERTEX_POINT ( 'NONE', #4429 ) ;
#2555 = AXIS2_PLACEMENT_3D ( 'NONE', #4563, #4656, #6630 ) ;
#2556 = CARTESIAN_POINT ( 'NONE',  ( -14.99126496518024609, 8.499999999999998224, 23.13768145337360238 ) ) ;
#2557 = CARTESIAN_POINT ( 'NONE',  ( 4.938849362433375134, 9.500000000000001776, -27.59419916606945122 ) ) ;
#2558 = CIRCLE ( 'NONE', #7253, 10.99999999999999645 ) ;
#2559 = EDGE_CURVE ( 'NONE', #1376, #7844, #5929, .T. ) ;
#2560 = UNCERTAINTY_MEASURE_WITH_UNIT (LENGTH_MEASURE( 1.000000000000000082E-05 ), #239, 'distance_accuracy_value', 'NONE');
#2561 = LINE ( 'NONE', #1789, #7664 ) ;
#2562 = VECTOR ( 'NONE', #1837, 1000.000000000000000 ) ;
#2563 = VECTOR ( 'NONE', #664, 1000.000000000000000 ) ;
#2564 = CARTESIAN_POINT ( 'NONE',  ( -34.11790219224889853, 1.373723575648995307E-14, -38.36054287937019325 ) ) ;
#2565 = CARTESIAN_POINT ( 'NONE',  ( 7.305840457278534039, -2.941624376417211753E-15, -16.66927398577371022 ) ) ;
#2566 = CARTESIAN_POINT ( 'NONE',  ( -40.22355665802530922, 118.5767397734380495, 51.66987415472042500 ) ) ;
#2567 = ORIENTED_EDGE ( 'NONE', *, *, #2785, .T. ) ;
#2568 = AXIS2_PLACEMENT_3D ( 'NONE', #6453, #1200, #534 ) ;
#2569 = CARTESIAN_POINT ( 'NONE',  ( 68.76994382801936467, 176.7932568607790245, 87.32545957982553375 ) ) ;
#2570 = ORIENTED_EDGE ( 'NONE', *, *, #6186, .T. ) ;
#2571 = DIRECTION ( 'NONE',  ( 0.000000000000000000, -0.000000000000000000, -1.000000000000000000 ) ) ;
#2572 = ADVANCED_FACE ( 'NONE', ( #4966 ), #1143, .F. ) ;
#2573 = EDGE_CURVE ( 'NONE', #7874, #7422, #7627, .T. ) ;
#2574 = CARTESIAN_POINT ( 'NONE',  ( -44.20786662445478044, 126.3014800634917663, -52.23545192850465213 ) ) ;
#2575 = CARTESIAN_POINT ( 'NONE',  ( 32.70601425600465006, 119.4871008736886324, 57.49199657726861545 ) ) ;
#2576 = AXIS2_PLACEMENT_3D ( 'NONE', #6011, #5369, #8018 ) ;
#2577 = CARTESIAN_POINT ( 'NONE',  ( 24.17567898490996470, 53.17503500571879016, -2.500000000000000000 ) ) ;
#2578 = ORIENTED_EDGE ( 'NONE', *, *, #7704, .F. ) ;
#2579 = CARTESIAN_POINT ( 'NONE',  ( -13.36993278207113356, 8.500000000000000000, -24.15532085313425270 ) ) ;
#2580 = CARTESIAN_POINT ( 'NONE',  ( 7.305840457278541145, -2.941624376417214909E-15, 16.66927398577371022 ) ) ;
#2581 = CARTESIAN_POINT ( 'NONE',  ( -6.226741262389641207, 9.778743269356825252, -26.59098853638465343 ) ) ;
#2582 = CARTESIAN_POINT ( 'NONE',  ( 22.81679205409843902, 84.90005205711391056, 43.73233276075657017 ) ) ;
#2583 = CARTESIAN_POINT ( 'NONE',  ( -38.64807439327538674, 9.413526278547289294, 3.473972674778531999 ) ) ;
#2584 = DIRECTION ( 'NONE',  ( 0.000000000000000000, 0.000000000000000000, 1.000000000000000000 ) ) ;
#2585 = CARTESIAN_POINT ( 'NONE',  ( 60.57004818567178717, 159.7612221324972950, 75.04865775176480724 ) ) ;
#2586 = EDGE_LOOP ( 'NONE', ( #3399, #4162, #2915, #8140, #6735, #6259, #1043, #3865 ) ) ;
#2587 = CARTESIAN_POINT ( 'NONE',  ( 24.50000000000002487, 86.00000000000004263, 48.07595770670939572 ) ) ;
#2588 = ORIENTED_EDGE ( 'NONE', *, *, #289, .T. ) ;
#2589 = VERTEX_POINT ( 'NONE', #7683 ) ;
#2590 = ORIENTED_EDGE ( 'NONE', *, *, #1, .T. ) ;
#2591 = DIRECTION ( 'NONE',  ( 0.000000000000000000, 0.000000000000000000, 1.000000000000000000 ) ) ;
#2592 = CARTESIAN_POINT ( 'NONE',  ( -23.78497175570641886, 13.63103222792019054, 8.032813712824697916 ) ) ;
#2593 = CARTESIAN_POINT ( 'NONE',  ( -132.2500000000000000, 227.4999999999999716, -2.699999999999545874 ) ) ;
#2594 = EDGE_LOOP ( 'NONE', ( #3637, #3303, #5984, #1891 ) ) ;
#2595 = ORIENTED_EDGE ( 'NONE', *, *, #7832, .T. ) ;
#2596 = ORIENTED_EDGE ( 'NONE', *, *, #5063, .F. ) ;
#2597 = EDGE_CURVE ( 'NONE', #5120, #3711, #2236, .T. ) ;
#2598 = CARTESIAN_POINT ( 'NONE',  ( -4.938849362433377799, 8.499999999999991118, 26.27406881924597215 ) ) ;
#2599 = CARTESIAN_POINT ( 'NONE',  ( -36.23922253581055486, 1.459136440456272859E-14, 36.23922253581055486 ) ) ;
#2600 = CARTESIAN_POINT ( 'NONE',  ( -23.85887107841655208, 85.28699627051534549, -41.80046465477990125 ) ) ;
#2601 = DIRECTION ( 'NONE',  ( -0.000000000000000000, -0.000000000000000000, -1.000000000000000000 ) ) ;
#2602 = CARTESIAN_POINT ( 'NONE',  ( -132.2500000000003695, 229.9999999999999716, -104.7499999999995310 ) ) ;
#2603 = CARTESIAN_POINT ( 'NONE',  ( 107.4499999999999886, 227.4999999999999716, 132.2500000000000000 ) ) ;
#2604 = DIRECTION ( 'NONE',  ( -0.000000000000000000, 1.000000000000000000, -0.000000000000000000 ) ) ;
#2605 = EDGE_CURVE ( 'NONE', #8161, #5656, #268, .T. ) ;
#2606 = CARTESIAN_POINT ( 'NONE',  ( 6.296282991417957220, 1.000000000000000000, -17.44500107909261288 ) ) ;
#2607 = CARTESIAN_POINT ( 'NONE',  ( 15.18850814188149556, 8.500000000000001776, -24.60441018053604978 ) ) ;
#2608 = ORIENTED_EDGE ( 'NONE', *, *, #7104, .F. ) ;
#2609 = CARTESIAN_POINT ( 'NONE',  ( -24.74420466249360118, 8.500000000000000000, 0.000000000000000000 ) ) ;
#2610 = VERTEX_POINT ( 'NONE', #4313 ) ;
#2611 = CARTESIAN_POINT ( 'NONE',  ( 0.000000000000000000, 8.500000000000000000, 0.000000000000000000 ) ) ;
#2612 = CARTESIAN_POINT ( 'NONE',  ( -30.78835754851261441, 98.85933790819431977, -43.76144624340529532 ) ) ;
#2613 = DIRECTION ( 'NONE',  ( 0.000000000000000000, -1.000000000000000000, 0.000000000000000000 ) ) ;
#2614 = EDGE_CURVE ( 'NONE', #6124, #6651, #6363, .T. ) ;
#2615 = EDGE_CURVE ( 'NONE', #3327, #6465, #6975, .T. ) ;
#2616 = EDGE_LOOP ( 'NONE', ( #4641, #544 ) ) ;
#2617 = CARTESIAN_POINT ( 'NONE',  ( -10.30545083131884709, 9.791285554132937108, -25.82494074496876379 ) ) ;
#2618 = CARTESIAN_POINT ( 'NONE',  ( 9.386667447358165717, 9.790354214191504312, 26.09348951342826695 ) ) ;
#2619 = CARTESIAN_POINT ( 'NONE',  ( 5.001881619155667202, -2.013958145527644240E-15, 17.54428597496413644 ) ) ;
#2620 = CARTESIAN_POINT ( 'NONE',  ( 34.31449549130198307, 120.0631498402281494, -57.84941329541271671 ) ) ;
#2621 = LINE ( 'NONE', #7988, #4043 ) ;
#2622 = DIRECTION ( 'NONE',  ( -0.000000000000000000, 1.000000000000000000, -0.000000000000000000 ) ) ;
#2623 = CARTESIAN_POINT ( 'NONE',  ( 11.78044997827179863, -4.743281628429731878E-15, 13.89603248059096963 ) ) ;
#2624 = DIRECTION ( 'NONE',  ( 0.000000000000000000, -0.000000000000000000, -1.000000000000000000 ) ) ;
#2625 = ORIENTED_EDGE ( 'NONE', *, *, #4118, .T. ) ;
#2626 = ADVANCED_FACE ( 'NONE', ( #5081 ), #5643, .F. ) ;
#2627 = CARTESIAN_POINT ( 'NONE',  ( 3.281888544476794678, 55.38602967041988023, -39.46379797084676966 ) ) ;
#2628 = ORIENTED_EDGE ( 'NONE', *, *, #7194, .T. ) ;
#2629 = CARTESIAN_POINT ( 'NONE',  ( -16.96421089549375338, 0.9999999999999991118, 6.772085143679268171 ) ) ;
#2630 = ORIENTED_EDGE ( 'NONE', *, *, #3405, .F. ) ;
#2631 = EDGE_LOOP ( 'NONE', ( #80, #5553, #6070, #4139 ) ) ;
#2632 = DIRECTION ( 'NONE',  ( 0.000000000000000000, 0.000000000000000000, 1.000000000000000000 ) ) ;
#2633 = CARTESIAN_POINT ( 'NONE',  ( 39.48502839705260925, 9.178228381842263417, 2.761747889309384529 ) ) ;
#2634 = FACE_OUTER_BOUND ( 'NONE', #5526, .T. ) ;
#2635 = CARTESIAN_POINT ( 'NONE',  ( 40.40431387863630164, 8.500000000000000000, -3.023495778618892071 ) ) ;
#2636 = CIRCLE ( 'NONE', #2935, 1.000000000000000888 ) ;
#2637 = VERTEX_POINT ( 'NONE', #6993 ) ;
#2638 = ORIENTED_EDGE ( 'NONE', *, *, #7780, .T. ) ;
#2639 = CARTESIAN_POINT ( 'NONE',  ( 24.50000000000000711, 86.00000000000000000, -4.500000000000003553 ) ) ;
#2640 = CIRCLE ( 'NONE', #5671, 1.000000000000000888 ) ;
#2641 = DIRECTION ( 'NONE',  ( -1.000000000000000000, 0.000000000000000000, 0.000000000000000000 ) ) ;
#2642 = CARTESIAN_POINT ( 'NONE',  ( 24.68504667951512488, 104.7288226626491792, 46.34471165156892170 ) ) ;
#2643 = DIRECTION ( 'NONE',  ( -0.000000000000000000, 1.000000000000000000, -0.000000000000000000 ) ) ;
#2644 = EDGE_CURVE ( 'NONE', #5365, #2458, #5107, .T. ) ;
#2645 = PLANE ( 'NONE',  #184 ) ;
#2646 = CARTESIAN_POINT ( 'NONE',  ( 68.85325290250612795, 176.8681237049793538, -87.11232768649843194 ) ) ;
#2647 = CARTESIAN_POINT ( 'NONE',  ( 128.6499999999999773, 0.000000000000000000, -139.6500000000000057 ) ) ;
#2648 = EDGE_LOOP ( 'NONE', ( #74, #4409 ) ) ;
#2649 = CARTESIAN_POINT ( 'NONE',  ( -103.2559021775176973, 207.7845370634977371, -106.5543833424670481 ) ) ;
#2650 = ORIENTED_EDGE ( 'NONE', *, *, #7036, .F. ) ;
#2651 = CARTESIAN_POINT ( 'NONE',  ( 40.74822526662240563, 119.2267078485985365, 49.60590606962851723 ) ) ;
#2652 = CIRCLE ( 'NONE', #8576, 1.000000000000001110 ) ;
#2653 = CARTESIAN_POINT ( 'NONE',  ( 66.51969983784391616, 176.2726635147015202, 90.92079444254011378 ) ) ;
#2654 = CARTESIAN_POINT ( 'NONE',  ( 40.45946519827176502, 9.500000000000001776, 2.500000000000000000 ) ) ;
#2655 = EDGE_CURVE ( 'NONE', #7130, #7632, #3480, .T. ) ;
#2656 = FACE_BOUND ( 'NONE', #8542, .T. ) ;
#2657 = DIRECTION ( 'NONE',  ( -0.000000000000000000, -0.000000000000000000, 1.000000000000000000 ) ) ;
#2658 = ORIENTED_EDGE ( 'NONE', *, *, #4415, .T. ) ;
#2659 = CARTESIAN_POINT ( 'NONE',  ( -20.91949793665814639, 8.500000000000007105, -19.01311095312574651 ) ) ;
#2660 = CARTESIAN_POINT ( 'NONE',  ( 21.24408077906983294, 8.500000000002319922, 16.17483209107551545 ) ) ;
#2661 = CARTESIAN_POINT ( 'NONE',  ( 18.77872934556766538, 9.738746813830410076, -20.19541823176746931 ) ) ;
#2662 = CYLINDRICAL_SURFACE ( 'NONE', #2678, 1.000000000000000888 ) ;
#2663 = CARTESIAN_POINT ( 'NONE',  ( -40.45946519827175791, 8.500000000000000000, 2.500000000000000000 ) ) ;
#2664 = DIRECTION ( 'NONE',  ( 0.000000000000000000, 0.000000000000000000, -1.000000000000000000 ) ) ;
#2665 = EDGE_CURVE ( 'NONE', #4919, #8384, #5679, .T. ) ;
#2666 = DIRECTION ( 'NONE',  ( -0.000000000000000000, 1.000000000000000000, -0.000000000000000000 ) ) ;
#2667 = EDGE_CURVE ( 'NONE', #1610, #4751, #2027, .T. ) ;
#2668 = DIRECTION ( 'NONE',  ( -0.000000000000000000, -1.000000000000000000, -0.000000000000000000 ) ) ;
#2669 = CARTESIAN_POINT ( 'NONE',  ( 29.96062271062272941, 97.16666666666671404, -51.21730513780624250 ) ) ;
#2670 = ORIENTED_EDGE ( 'NONE', *, *, #3018, .T. ) ;
#2671 = CARTESIAN_POINT ( 'NONE',  ( -68.90990613674908616, 176.9190359121745075, -86.88746366925607845 ) ) ;
#2672 = FACE_OUTER_BOUND ( 'NONE', #3309, .T. ) ;
#2673 = VERTEX_POINT ( 'NONE', #7932 ) ;
#2674 =( BOUNDED_CURVE ( )  B_SPLINE_CURVE ( 3, ( #2577, #36, #7189, #3227 ),
 .UNSPECIFIED., .F., .T. ) 
 B_SPLINE_CURVE_WITH_KNOTS ( ( 4, 4 ),
 ( 3.141592653589793116, 4.712388980384690562 ),
 .UNSPECIFIED. ) 
 CURVE ( )  GEOMETRIC_REPRESENTATION_ITEM ( )  RATIONAL_B_SPLINE_CURVE ( ( 1.000000000000000000, 0.8047378541243648264, 0.8047378541243648264, 1.000000000000000000 ) ) 
 REPRESENTATION_ITEM ( '' )  );
#2675 = ORIENTED_EDGE ( 'NONE', *, *, #6803, .T. ) ;
#2676 = DIRECTION ( 'NONE',  ( 0.000000000000000000, 0.000000000000000000, 1.000000000000000000 ) ) ;
#2677 = CARTESIAN_POINT ( 'NONE',  ( -4.785899083865507997, 8.673486567605911191, 26.32287314015452040 ) ) ;
#2678 = AXIS2_PLACEMENT_3D ( 'NONE', #88, #2856, #4050 ) ;
#2679 = DIRECTION ( 'NONE',  ( -1.000000000000000000, -0.000000000000000000, -0.000000000000000000 ) ) ;
#2680 = EDGE_CURVE ( 'NONE', #2337, #1562, #6402, .T. ) ;
#2681 = EDGE_CURVE ( 'NONE', #6691, #1005, #4715, .T. ) ;
#2682 = ORIENTED_EDGE ( 'NONE', *, *, #4938, .F. ) ;
#2683 = CARTESIAN_POINT ( 'NONE',  ( 24.88964374384242717, 48.70697273984549014, 3.473286496941611734 ) ) ;
#2684 = CARTESIAN_POINT ( 'NONE',  ( -39.51561378894523813, 9.169629727256930707, 2.500000000000000000 ) ) ;
#2685 = AXIS2_PLACEMENT_3D ( 'NONE', #1098, #4190, #3742 ) ;
#2686 = ORIENTED_EDGE ( 'NONE', *, *, #7792, .F. ) ;
#2687 = DIRECTION ( 'NONE',  ( 0.000000000000000000, 0.000000000000000000, 1.000000000000000000 ) ) ;
#2688 = CARTESIAN_POINT ( 'NONE',  ( 24.14032061112626337, 49.59636656395149856, -4.340698505292857945 ) ) ;
#2689 = CARTESIAN_POINT ( 'NONE',  ( 24.52011454121089429, 88.03581969839412125, 39.32433692232758204 ) ) ;
#2690 = CARTESIAN_POINT ( 'NONE',  ( 65.15892533743213733, 180.0861287755409137, 95.09141421967672159 ) ) ;
#2691 = AXIS2_PLACEMENT_3D ( 'NONE', #5663, #3734, #1745 ) ;
#2692 = DIRECTION ( 'NONE',  ( 1.000000000000000000, 0.000000000000000000, -0.000000000000000000 ) ) ;
#2693 = ORIENTED_EDGE ( 'NONE', *, *, #5004, .F. ) ;
#2694 = ORIENTED_EDGE ( 'NONE', *, *, #1901, .F. ) ;
#2695 = DIRECTION ( 'NONE',  ( -0.9999511932547847648, 0.009879833416224193324, 0.000000000000000000 ) ) ;
#2696 = CARTESIAN_POINT ( 'NONE',  ( -96.62332407411010138, 208.3620429251803046, 112.6355554731482727 ) ) ;
#2697 = CIRCLE ( 'NONE', #3681, 3.000000000000006217 ) ;
#2698 = EDGE_LOOP ( 'NONE', ( #1343, #2073, #6388, #5060 ) ) ;
#2699 = CARTESIAN_POINT ( 'NONE',  ( 68.98319390539126061, 176.9848969722152958, 86.41320128516400700 ) ) ;
#2700 = ORIENTED_EDGE ( 'NONE', *, *, #147, .T. ) ;
#2701 = CARTESIAN_POINT ( 'NONE',  ( 36.23922253581056907, 36.48528137423857487, 36.23922253581257991 ) ) ;
#2702 = CIRCLE ( 'NONE', #5305, 1.000000000000000000 ) ;
#2703 = CARTESIAN_POINT ( 'NONE',  ( 6.123233995736764310E-16, 229.9999999999999716, 127.2500000000000000 ) ) ;
#2704 = CARTESIAN_POINT ( 'NONE',  ( 132.2500000000000000, 227.4999999999999716, -1.385245221186013225E-12 ) ) ;
#2705 = CIRCLE ( 'NONE', #928, 11.00000000000001066 ) ;
#2706 = CARTESIAN_POINT ( 'NONE',  ( 104.7500000000000000, 227.4999999999999716, -132.2500000000000000 ) ) ;
#2707 = ORIENTED_EDGE ( 'NONE', *, *, #517, .F. ) ;
#2708 = AXIS2_PLACEMENT_3D ( 'NONE', #7243, #3919, #5167 ) ;
#2709 = ADVANCED_FACE ( 'NONE', ( #5753 ), #5114, .F. ) ;
#2710 = CARTESIAN_POINT ( 'NONE',  ( -9.375827958584377342, 9.790159373988860381, -26.08734038300924851 ) ) ;
#2711 = CARTESIAN_POINT ( 'NONE',  ( -3.796703055621047262, 54.91878350241258744, -39.33235475745007648 ) ) ;
#2712 = CYLINDRICAL_SURFACE ( 'NONE', #4357, 5.000000000000004441 ) ;
#2713 = CARTESIAN_POINT ( 'NONE',  ( 38.36054287937020746, 36.48528137423857487, 34.11790219225294862 ) ) ;
#2714 = AXIS2_PLACEMENT_3D ( 'NONE', #4456, #8507, #7872 ) ;
#2715 = CIRCLE ( 'NONE', #2022, 11.00000000000001066 ) ;
#2716 = DIRECTION ( 'NONE',  ( 0.000000000000000000, 0.000000000000000000, 1.000000000000000000 ) ) ;
#2717 = CARTESIAN_POINT ( 'NONE',  ( 3.035155756119379600, 55.24366101468910983, 39.60628161334401653 ) ) ;
#2718 = CARTESIAN_POINT ( 'NONE',  ( -2.500000000000000000, 8.500000000000000000, -38.75000000000000000 ) ) ;
#2719 = CARTESIAN_POINT ( 'NONE',  ( 112.3555234424488987, 222.4999999999999716, -121.4076260998840411 ) ) ;
#2720 = ORIENTED_EDGE ( 'NONE', *, *, #1402, .F. ) ;
#2721 = CARTESIAN_POINT ( 'NONE',  ( 40.88186813186816693, 119.5000000000000284, 57.50000000000000711 ) ) ;
#2722 = CIRCLE ( 'NONE', #7968, 1.000000000000000888 ) ;
#2723 = FACE_BOUND ( 'NONE', #2744, .T. ) ;
#2724 = ORIENTED_EDGE ( 'NONE', *, *, #1575, .F. ) ;
#2725 = AXIS2_PLACEMENT_3D ( 'NONE', #728, #5359, #6131 ) ;
#2726 = ADVANCED_FACE ( 'NONE', ( #1830, #7803 ), #4473, .F. ) ;
#2727 = ORIENTED_EDGE ( 'NONE', *, *, #971, .T. ) ;
#2728 = CARTESIAN_POINT ( 'NONE',  ( -3.613409653389586751, 53.42408548365374799, 38.91187423970382042 ) ) ;
#2729 = CARTESIAN_POINT ( 'NONE',  ( 24.26165725190213962, 61.87701074264016654, -28.32304244384054215 ) ) ;
#2730 = FACE_OUTER_BOUND ( 'NONE', #4710, .T. ) ;
#2731 = CARTESIAN_POINT ( 'NONE',  ( -8.168326776462082606, 9.787309568579312113, 26.35778260588518762 ) ) ;
#2732 = ORIENTED_EDGE ( 'NONE', *, *, #3993, .T. ) ;
#2733 = CARTESIAN_POINT ( 'NONE',  ( 24.14493729962313751, 50.06362779972827326, 4.264691288619002485 ) ) ;
#2734 =( BOUNDED_SURFACE ( )  B_SPLINE_SURFACE ( 3, 2, ( 
 ( #4626, #1933, #1215 ),
 ( #3854, #5815, #8465 ),
 ( #1895, #6505, #2635 ),
 ( #7916, #1979, #7263 ),
 ( #1339, #6603, #2773 ),
 ( #8043, #1477, #7395 ),
 ( #5442, #8090, #2820 ),
 ( #3466, #2164, #6746 ),
 ( #6697, #3426, #4117 ),
 ( #7346, #5394, #819 ) ),
 .UNSPECIFIED., .F., .F., .F. ) 
 B_SPLINE_SURFACE_WITH_KNOTS ( ( 4, 2, 2, 2, 4 ),
 ( 3, 3 ),
 ( 0.000000000000000000, 0.3926990816987241395, 0.7853981633974482790, 1.178097245096172418, 1.570796326794896558 ),
 ( 0.000000000000000000, 1.000000000000000000 ),
 .UNSPECIFIED. ) 
 GEOMETRIC_REPRESENTATION_ITEM ( )  RATIONAL_B_SPLINE_SURFACE ( (
 ( 1.000000000000000000, 0.8155888280080443309, 1.000000000000000000),
 ( 1.000000000000000000, 0.8155967546655856770, 1.000000000000000000),
 ( 1.000000000000000000, 0.8129649674722247976, 1.000000000000000000),
 ( 1.000000000000000000, 0.8027220895641888898, 1.000000000000000000),
 ( 1.000000000000000000, 0.7951024001216575599, 1.000000000000000000),
 ( 1.000000000000000000, 0.7756344079776966716, 1.000000000000000000),
 ( 1.000000000000000000, 0.7637849889865174768, 1.000000000000000000),
 ( 1.000000000000000000, 0.7371661960456336038, 1.000000000000000000),
 ( 1.000000000000000000, 0.7224052984098725538, 1.000000000000000000),
 ( 1.000000000000000000, 0.7071067811865475727, 1.000000000000000000) ) ) 
 REPRESENTATION_ITEM ( '' )  SURFACE ( )  );
#2735 = CARTESIAN_POINT ( 'NONE',  ( -39.02886058067539210, 9.306473574832009987, 3.499999999999999112 ) ) ;
#2736 = ORIENTED_EDGE ( 'NONE', *, *, #4369, .F. ) ;
#2737 = EDGE_CURVE ( 'NONE', #5365, #3386, #6446, .T. ) ;
#2738 = CARTESIAN_POINT ( 'NONE',  ( -68.33150897891557918, 175.6329734175576789, -92.32839880625252249 ) ) ;
#2739 = EDGE_CURVE ( 'NONE', #3491, #2178, #687, .T. ) ;
#2740 = CARTESIAN_POINT ( 'NONE',  ( 24.43336478312176752, 51.56992169723189079, -3.148479130220975808 ) ) ;
#2741 = CARTESIAN_POINT ( 'NONE',  ( 24.63006930008037898, 99.16448834123083600, 44.00458674182181085 ) ) ;
#2742 = FACE_OUTER_BOUND ( 'NONE', #960, .T. ) ;
#2743 = DIRECTION ( 'NONE',  ( 0.000000000000000000, 0.000000000000000000, 1.000000000000000000 ) ) ;
#2744 = EDGE_LOOP ( 'NONE', ( #1681, #2950 ) ) ;
#2745 = FACE_OUTER_BOUND ( 'NONE', #582, .T. ) ;
#2746 = CARTESIAN_POINT ( 'NONE',  ( 15.74850436085879757, 8.500000000000000000, -24.23184220717227433 ) ) ;
#2747 = EDGE_LOOP ( 'NONE', ( #6335, #7350, #3366, #8037 ) ) ;
#2748 = LINE ( 'NONE', #8196, #3409 ) ;
#2749 = ORIENTED_EDGE ( 'NONE', *, *, #1196, .T. ) ;
#2750 = LINE ( 'NONE', #1629, #892 ) ;
#2751 = CARTESIAN_POINT ( 'NONE',  ( 66.78814461733006169, 176.2592052292784217, -90.63551834262749196 ) ) ;
#2752 = CARTESIAN_POINT ( 'NONE',  ( 67.51118883359980316, 176.2729682436808503, 89.70126887156229145 ) ) ;
#2753 = CARTESIAN_POINT ( 'NONE',  ( 24.64793551672143224, -0.2435293828355845625, -3.500000000000000000 ) ) ;
#2754 = VERTEX_POINT ( 'NONE', #8439 ) ;
#2755 = CARTESIAN_POINT ( 'NONE',  ( -22.64888934205686866, 9.632767167708522038, -13.28210189487977111 ) ) ;
#2756 = CARTESIAN_POINT ( 'NONE',  ( -3.319245560615317725, 53.25617717813079111, -39.32672740884817131 ) ) ;
#2757 = CARTESIAN_POINT ( 'NONE',  ( 8.168326776462077277, 9.787309568579326324, -26.35778260588519828 ) ) ;
#2758 = FACE_OUTER_BOUND ( 'NONE', #7955, .T. ) ;
#2759 = DIRECTION ( 'NONE',  ( 1.040834085586083373E-13, 1.000000000000000000, -3.469446951953611033E-15 ) ) ;
#2760 = PLANE ( 'NONE',  #4373 ) ;
#2761 = DIRECTION ( 'NONE',  ( 1.000000000000000000, 0.000000000000000000, 0.000000000000000000 ) ) ;
#2762 = CARTESIAN_POINT ( 'NONE',  ( 3.670045419707999468, 52.32411320903781160, 38.60243587440945845 ) ) ;
#2763 = ADVANCED_FACE ( 'NONE', ( #6523 ), #2520, .T. ) ;
#2764 = VERTEX_POINT ( 'NONE', #4523 ) ;
#2765 = LINE ( 'NONE', #2241, #3121 ) ;
#2766 = FILL_AREA_STYLE ('',( #7386 ) ) ;
#2767 = ORIENTED_EDGE ( 'NONE', *, *, #2885, .F. ) ;
#2768 = ORIENTED_EDGE ( 'NONE', *, *, #3340, .T. ) ;
#2769 = CARTESIAN_POINT ( 'NONE',  ( -3.658154823717179926, 52.69454102696580833, 38.70664266314629742 ) ) ;
#2770 = DIRECTION ( 'NONE',  ( 0.000000000000000000, 0.000000000000000000, 1.000000000000000000 ) ) ;
#2771 = CYLINDRICAL_SURFACE ( 'NONE', #5237, 1.000000000000000000 ) ;
#2772 = CARTESIAN_POINT ( 'NONE',  ( -132.2500000000003695, 222.4999999999999716, -102.0499999999995282 ) ) ;
#2773 = CARTESIAN_POINT ( 'NONE',  ( 40.03496371582129143, 8.500000000000000000, -3.729093447218028601 ) ) ;
#2774 = ADVANCED_FACE ( 'NONE', ( #3906 ), #3267, .T. ) ;
#2775 = ORIENTED_EDGE ( 'NONE', *, *, #42, .F. ) ;
#2776 = LINE ( 'NONE', #6699, #464 ) ;
#2777 = VECTOR ( 'NONE', #81, 1000.000000000000000 ) ;
#2778 = LINE ( 'NONE', #4425, #8209 ) ;
#2779 = VERTEX_POINT ( 'NONE', #6057 ) ;
#2780 = FACE_OUTER_BOUND ( 'NONE', #7762, .T. ) ;
#2781 = CARTESIAN_POINT ( 'NONE',  ( 24.12522552400249509, 48.06857254700877746, -4.499999998059416306 ) ) ;
#2782 = CARTESIAN_POINT ( 'NONE',  ( 23.98821720622232334, 34.20177691610886228, 33.50435636163793873 ) ) ;
#2783 = CARTESIAN_POINT ( 'NONE',  ( 104.7500000000000000, 227.4999999999999716, 132.2500000000000000 ) ) ;
#2784 = EDGE_CURVE ( 'NONE', #5294, #78, #5786, .T. ) ;
#2785 = EDGE_CURVE ( 'NONE', #1972, #5656, #3345, .T. ) ;
#2786 = CYLINDRICAL_SURFACE ( 'NONE', #6273, 5.000000000000004441 ) ;
#2787 = ORIENTED_EDGE ( 'NONE', *, *, #5086, .T. ) ;
#2788 = CIRCLE ( 'NONE', #6792, 1.000000000000000888 ) ;
#2789 = CARTESIAN_POINT ( 'NONE',  ( -18.11849467092551080, 7.295232615555030248E-15, 1.982339777569374295 ) ) ;
#2790 = DIRECTION ( 'NONE',  ( 1.000000000000000000, 0.000000000000000000, 0.000000000000000000 ) ) ;
#2791 = ORIENTED_EDGE ( 'NONE', *, *, #1988, .F. ) ;
#2792 = CYLINDRICAL_SURFACE ( 'NONE', #3954, 1.000000000000000888 ) ;
#2793 = ORIENTED_EDGE ( 'NONE', *, *, #2573, .F. ) ;
#2794 = DIRECTION ( 'NONE',  ( 0.9999511932547847648, 0.009879833416224193324, 0.000000000000000000 ) ) ;
#2795 = CARTESIAN_POINT ( 'NONE',  ( 68.76994382801936467, 176.7932568607790245, 87.32545957982553375 ) ) ;
#2796 = EDGE_CURVE ( 'NONE', #855, #139, #6921, .T. ) ;
#2797 = DIRECTION ( 'NONE',  ( 0.009879833416224212406, 0.9999511932547845428, -0.000000000000000000 ) ) ;
#2798 = ORIENTED_EDGE ( 'NONE', *, *, #1027, .T. ) ;
#2799 = CIRCLE ( 'NONE', #423, 1.000000000000000888 ) ;
#2800 = LINE ( 'NONE', #5420, #4247 ) ;
#2801 = CARTESIAN_POINT ( 'NONE',  ( -6.171234178203966358, 87.41649213276018315, 42.24154385045486748 ) ) ;
#2802 = CARTESIAN_POINT ( 'NONE',  ( 19.58562879261557654, 9.724744039139286755, -19.18717653020074110 ) ) ;
#2803 = DIRECTION ( 'NONE',  ( 1.000000000000000000, 0.000000000000000000, 0.000000000000000000 ) ) ;
#2804 = CARTESIAN_POINT ( 'NONE',  ( 24.74420466249360118, 8.500000000000000000, 0.000000000000000000 ) ) ;
#2805 = DIRECTION ( 'NONE',  ( -0.000000000000000000, 1.000000000000000000, -0.000000000000000000 ) ) ;
#2806 = DIRECTION ( 'NONE',  ( 1.000000000000000000, -4.026401060382563733E-16, 0.000000000000000000 ) ) ;
#2807 = CARTESIAN_POINT ( 'NONE',  ( 2.843311803700847573, 55.85184906535791072, 39.69182773191510449 ) ) ;
#2808 = CARTESIAN_POINT ( 'NONE',  ( -33.62750262247992339, 119.4265813512320022, -57.45444648976474156 ) ) ;
#2809 = ORIENTED_EDGE ( 'NONE', *, *, #6354, .T. ) ;
#2810 = CARTESIAN_POINT ( 'NONE',  ( -24.12435751221415359, 47.98071990731742176, -3.617535526490685882 ) ) ;
#2811 = CARTESIAN_POINT ( 'NONE',  ( -104.7500000000000000, 227.4999999999999716, 129.5500000000000114 ) ) ;
#2812 = ORIENTED_EDGE ( 'NONE', *, *, #3892, .F. ) ;
#2813 = ORIENTED_EDGE ( 'NONE', *, *, #159, .T. ) ;
#2814 = DIRECTION ( 'NONE',  ( 0.000000000000000000, -0.000000000000000000, 1.000000000000000000 ) ) ;
#2815 = DIRECTION ( 'NONE',  ( 0.009879833416224212406, 0.9999511932547845428, -0.000000000000000000 ) ) ;
#2816 = ADVANCED_FACE ( 'NONE', ( #2186 ), #1403, .F. ) ;
#2817 = LINE ( 'NONE', #859, #6932 ) ;
#2818 = CARTESIAN_POINT ( 'NONE',  ( 118.0420708904884322, 227.6102939800077820, 124.5783713128435721 ) ) ;
#2819 = CARTESIAN_POINT ( 'NONE',  ( -22.89601804674322594, 8.500000000000012434, -15.49557812755397634 ) ) ;
#2820 = CARTESIAN_POINT ( 'NONE',  ( 39.40764492383915751, 8.500000000000000000, -4.247572780487783639 ) ) ;
#2821 = ORIENTED_EDGE ( 'NONE', *, *, #1824, .F. ) ;
#2822 = LINE ( 'NONE', #5444, #452 ) ;
#2823 = LINE ( 'NONE', #3470, #6670 ) ;
#2824 = DIRECTION ( 'NONE',  ( -0.000000000000000000, 1.000000000000000000, -0.000000000000000000 ) ) ;
#2825 = ORIENTED_EDGE ( 'NONE', *, *, #1145, .T. ) ;
#2826 = CYLINDRICAL_SURFACE ( 'NONE', #760, 2.700000000000008171 ) ;
#2827 = MECHANICAL_DESIGN_GEOMETRIC_PRESENTATION_REPRESENTATION (  '', ( #5698 ), #7660 ) ;
#2828 = CARTESIAN_POINT ( 'NONE',  ( 24.17229368704708037, 52.83240446784404298, -3.186755825677611842 ) ) ;
#2829 = EDGE_CURVE ( 'NONE', #3851, #5409, #8017, .T. ) ;
#2830 = CARTESIAN_POINT ( 'NONE',  ( -75.72784926556833796, 190.7580737790273133, 94.47870904904092981 ) ) ;
#2831 = CARTESIAN_POINT ( 'NONE',  ( -2.500000000000000000, 56.26542339484620214, 40.75000000000000000 ) ) ;
#2832 = CIRCLE ( 'NONE', #591, 57.25000000000000000 ) ;
#2833 = CARTESIAN_POINT ( 'NONE',  ( 132.2500000000011084, 227.4999999999999716, 104.7499999999986073 ) ) ;
#2834 = VERTEX_POINT ( 'NONE', #2842 ) ;
#2835 = CARTESIAN_POINT ( 'NONE',  ( -18.51370253461190885, 87.41649213276018315, -12.32045028971601930 ) ) ;
#2836 = CARTESIAN_POINT ( 'NONE',  ( 132.2500000000011084, 229.9999999999999716, 104.7499999999986073 ) ) ;
#2837 = ORIENTED_EDGE ( 'NONE', *, *, #4044, .F. ) ;
#2838 = CARTESIAN_POINT ( 'NONE',  ( 22.45064030267488775, 8.500000000000000000, -22.45064030267088029 ) ) ;
#2839 = ADVANCED_FACE ( 'NONE', ( #7462 ), #2228, .F. ) ;
#2840 = VERTEX_POINT ( 'NONE', #5412 ) ;
#2841 = CARTESIAN_POINT ( 'NONE',  ( -23.51144931848951103, -14.05254055660226165, -19.92970774382592580 ) ) ;
#2842 = CARTESIAN_POINT ( 'NONE',  ( -2.500000000000000000, 56.53622668406843843, 39.78736529329843563 ) ) ;
#2843 =( BOUNDED_SURFACE ( )  B_SPLINE_SURFACE ( 2, 3, ( 
 ( #1475, #6744, #7582, #7527, #2912, #5530, #8041, #4248, #2114, #6879 ),
 ( #7484, #1559, #817, #958, #911, #245, #3595, #2955, #4200, #286 ),
 ( #5567, #4065, #2818, #3555, #6694, #772, #2162, #7392, #4114, #6078 ) ),
 .UNSPECIFIED., .F., .F., .F. ) 
 B_SPLINE_SURFACE_WITH_KNOTS ( ( 3, 3 ),
 ( 4, 3, 3, 4 ),
 ( 0.000000000000000000, 1.000000000000000000 ),
 ( -0.007231500379800137601, 0.009180788422091950424, 0.08068179953927902270, 0.1003871582334340262 ),
 .UNSPECIFIED. ) 
 GEOMETRIC_REPRESENTATION_ITEM ( )  RATIONAL_B_SPLINE_SURFACE ( (
 ( 1.000000000000000000, 1.000000000000000000, 1.000000000000000000, 1.000000000000000000, 1.000000000000000000, 1.000000000000000000, 1.000000000000000000, 1.000000000000000000, 1.000000000000000000, 1.000000000000000000),
 ( 0.8343088609779759635, 0.8343088609779759635, 0.8343088609779759635, 0.8343088609779759635, 0.8343088609779759635, 0.8343088609779759635, 0.8343088609779759635, 0.8343088609779758524, 0.8343088609779757414, 0.8343088609779757414),
 ( 1.000000000000000000, 1.000000000000000000, 1.000000000000000000, 1.000000000000000000, 1.000000000000000000, 1.000000000000000000, 1.000000000000000000, 1.000000000000000000, 1.000000000000000000, 1.000000000000000000) ) ) 
 REPRESENTATION_ITEM ( '' )  SURFACE ( )  );
#2844 = CARTESIAN_POINT ( 'NONE',  ( 3.739305921237984442, 1.164875345489831293, -24.21059046191277986 ) ) ;
#2845 = VECTOR ( 'NONE', #396, 1000.000000000000000 ) ;
#2846 = FACE_OUTER_BOUND ( 'NONE', #6425, .T. ) ;
#2847 = DIRECTION ( 'NONE',  ( 0.000000000000000000, 0.000000000000000000, -1.000000000000000000 ) ) ;
#2848 = VERTEX_POINT ( 'NONE', #1541 ) ;
#2849 = CIRCLE ( 'NONE', #5593, 1.000000000000000888 ) ;
#2850 = CARTESIAN_POINT ( 'NONE',  ( -22.50342333706055697, 8.500000000000008882, -13.23826536850463675 ) ) ;
#2851 = EDGE_CURVE ( 'NONE', #7691, #8059, #5018, .T. ) ;
#2852 = EDGE_CURVE ( 'NONE', #4383, #3886, #6347, .T. ) ;
#2853 = CARTESIAN_POINT ( 'NONE',  ( -2.499999999999994671, 56.26542339484619504, -39.75000000000000000 ) ) ;
#2854 = VERTEX_POINT ( 'NONE', #885 ) ;
#2855 = DIRECTION ( 'NONE',  ( -0.000000000000000000, 1.000000000000000000, -0.000000000000000000 ) ) ;
#2856 = DIRECTION ( 'NONE',  ( -1.000000000000000000, 0.000000000000000000, -0.000000000000000000 ) ) ;
#2857 = CARTESIAN_POINT ( 'NONE',  ( 12.90977149594522366, 43.70824606638009158, 29.45540891811429063 ) ) ;
#2858 = LINE ( 'NONE', #5480, #4215 ) ;
#2859 = CARTESIAN_POINT ( 'NONE',  ( 2.499999999999946709, 56.53622668406841001, 39.78736529329843563 ) ) ;
#2860 = VECTOR ( 'NONE', #8518, 1000.000000000000000 ) ;
#2861 = AXIS2_PLACEMENT_3D ( 'NONE', #4370, #3003, #376 ) ;
#2862 = CARTESIAN_POINT ( 'NONE',  ( 35.36028566416224095, 124.1479317250574752, -58.80753149711251382 ) ) ;
#2863 = LINE ( 'NONE', #5485, #5846 ) ;
#2864 = DIRECTION ( 'NONE',  ( 0.000000000000000000, 0.000000000000000000, 1.000000000000000000 ) ) ;
#2865 = ORIENTED_EDGE ( 'NONE', *, *, #4674, .T. ) ;
#2866 = ORIENTED_EDGE ( 'NONE', *, *, #2796, .F. ) ;
#2867 = CARTESIAN_POINT ( 'NONE',  ( -24.41383171847507327, 85.82379070519620257, 39.73612998050331413 ) ) ;
#2868 = DIRECTION ( 'NONE',  ( 1.000000000000000000, 0.000000000000000000, 0.000000000000000000 ) ) ;
#2869 = AXIS2_PLACEMENT_3D ( 'NONE', #6992, #2366, #6362 ) ;
#2870 = DIRECTION ( 'NONE',  ( 0.9999511932547845428, -0.009879833416229206675, 0.000000000000000000 ) ) ;
#2871 = CARTESIAN_POINT ( 'NONE',  ( -15.55957244489890989, 85.96744145928199998, -48.06679851074714804 ) ) ;
#2872 = DIRECTION ( 'NONE',  ( -0.000000000000000000, 0.9626347067015701420, -0.2708032892222367316 ) ) ;
#2873 = VECTOR ( 'NONE', #773, 999.9999999999998863 ) ;
#2874 = ORIENTED_EDGE ( 'NONE', *, *, #3877, .F. ) ;
#2875 = VECTOR ( 'NONE', #4344, 1000.000000000000000 ) ;
#2876 = DIRECTION ( 'NONE',  ( -0.000000000000000000, 1.000000000000000000, -0.000000000000000000 ) ) ;
#2877 = CARTESIAN_POINT ( 'NONE',  ( 40.45946519827177212, 8.500000000000000000, 3.671572875253810153 ) ) ;
#2878 = ORIENTED_EDGE ( 'NONE', *, *, #7492, .T. ) ;
#2879 = CARTESIAN_POINT ( 'NONE',  ( 116.9387650417039026, 222.5000000000000568, 120.3444775850425543 ) ) ;
#2880 = CARTESIAN_POINT ( 'NONE',  ( 24.17394958380501535, 53.00000000000000000, -2.500000000000002220 ) ) ;
#2881 = CARTESIAN_POINT ( 'NONE',  ( 81.53375201778607106, 194.8015917120431766, -104.2218055131978645 ) ) ;
#2882 = CARTESIAN_POINT ( 'NONE',  ( -38.34048759201159839, 8.500000000000000000, -4.500000000000000888 ) ) ;
#2883 = DIRECTION ( 'NONE',  ( 0.000000000000000000, 0.000000000000000000, 1.000000000000000000 ) ) ;
#2884 = DIRECTION ( 'NONE',  ( -0.000000000000000000, 1.000000000000000000, -0.000000000000000000 ) ) ;
#2885 = EDGE_CURVE ( 'NONE', #78, #119, #3530, .T. ) ;
#2886 = VERTEX_POINT ( 'NONE', #2893 ) ;
#2887 = CARTESIAN_POINT ( 'NONE',  ( -18.51370253461190885, 87.41649213276016894, 12.32045028971600331 ) ) ;
#2888 = DIRECTION ( 'NONE',  ( 0.000000000000000000, 1.000000000000000000, 0.000000000000000000 ) ) ;
#2889 = ORIENTED_EDGE ( 'NONE', *, *, #2852, .T. ) ;
#2890 = SPHERICAL_SURFACE ( 'NONE', #2576, 1.000000000000000000 ) ;
#2891 = EDGE_LOOP ( 'NONE', ( #250, #737, #1090, #7784, #4615, #1328, #6250, #3857, #1738, #2749, #5058, #8500 ) ) ;
#2892 = CARTESIAN_POINT ( 'NONE',  ( -1.646119595982949768, -13.85234709874232983, -19.98602510542927746 ) ) ;
#2893 = CARTESIAN_POINT ( 'NONE',  ( 2.500000000000000000, 56.26542339484620214, -39.75000000000000000 ) ) ;
#2894 = CYLINDRICAL_SURFACE ( 'NONE', #337, 1.000000000000000000 ) ;
#2895 = EDGE_CURVE ( 'NONE', #6897, #1023, #3992, .T. ) ;
#2896 = LINE ( 'NONE', #4096, #7106 ) ;
#2897 = ORIENTED_EDGE ( 'NONE', *, *, #5978, .F. ) ;
#2898 = CARTESIAN_POINT ( 'NONE',  ( -24.74420466227224225, 8.499999999999996447, -7.657080638744568901 ) ) ;
#2899 = CARTESIAN_POINT ( 'NONE',  ( -3.085617089101982735, 87.41649213276018315, 42.24154385045486748 ) ) ;
#2900 = ORIENTED_EDGE ( 'NONE', *, *, #1296, .T. ) ;
#2901 = DIRECTION ( 'NONE',  ( -1.000000000000000000, 0.000000000000000000, 0.000000000000000000 ) ) ;
#2902 = CARTESIAN_POINT ( 'NONE',  ( 69.00000000000000000, 177.0000000000000000, 139.6500000000000057 ) ) ;
#2903 = ADVANCED_FACE ( 'NONE', ( #7365 ), #4136, .F. ) ;
#2904 = EDGE_CURVE ( 'NONE', #4648, #8016, #4039, .T. ) ;
#2905 = ORIENTED_EDGE ( 'NONE', *, *, #5976, .F. ) ;
#2906 = CARTESIAN_POINT ( 'NONE',  ( 36.60920306068705798, 128.0113483797335618, 59.89436737622507678 ) ) ;
#2907 = ORIENTED_EDGE ( 'NONE', *, *, #4464, .T. ) ;
#2908 = ORIENTED_EDGE ( 'NONE', *, *, #1195, .T. ) ;
#2909 = CARTESIAN_POINT ( 'NONE',  ( -39.05110732773536597, 118.2343728291103560, -53.80339084080900847 ) ) ;
#2910 = CARTESIAN_POINT ( 'NONE',  ( -3.035155756120525794, 55.24366101468740453, 39.60628161334349784 ) ) ;
#2911 = CARTESIAN_POINT ( 'NONE',  ( 0.000000000000000000, 0.000000000000000000, 0.000000000000000000 ) ) ;
#2912 = CARTESIAN_POINT ( 'NONE',  ( 103.2559021775177541, 207.7845370634977371, 106.5543833424671334 ) ) ;
#2913 = CARTESIAN_POINT ( 'NONE',  ( 20.11844980141482608, 8.499999999999996447, 20.10718053772718861 ) ) ;
#2914 = EDGE_CURVE ( 'NONE', #6716, #1896, #6764, .T. ) ;
#2915 = ORIENTED_EDGE ( 'NONE', *, *, #2232, .T. ) ;
#2916 = CARTESIAN_POINT ( 'NONE',  ( -4.500000000000000888, 8.500000000000000000, -39.75000000000000000 ) ) ;
#2917 = FACE_BOUND ( 'NONE', #3980, .T. ) ;
#2918 = ORIENTED_EDGE ( 'NONE', *, *, #4518, .F. ) ;
#2919 = DIRECTION ( 'NONE',  ( 1.000000000000000000, 0.000000000000000000, 0.000000000000000000 ) ) ;
#2920 = CARTESIAN_POINT ( 'NONE',  ( 24.74420466249359762, 9.500000000000001776, 6.299630403166117887 ) ) ;
#2921 = CARTESIAN_POINT ( 'NONE',  ( 121.8818162309816273, 224.5229705909236202, -122.6628032662510748 ) ) ;
#2922 = AXIS2_PLACEMENT_3D ( 'NONE', #7756, #5152, #1907 ) ;
#2923 = LINE ( 'NONE', #4951, #1594 ) ;
#2924 = ORIENTED_EDGE ( 'NONE', *, *, #7954, .F. ) ;
#2925 = ORIENTED_EDGE ( 'NONE', *, *, #6298, .T. ) ;
#2926 = CARTESIAN_POINT ( 'NONE',  ( -18.72821337426929489, 8.500000000001207923, 19.79018021017751749 ) ) ;
#2927 = CARTESIAN_POINT ( 'NONE',  ( 24.23177876883822535, 52.83478489955949442, -2.500000000000000000 ) ) ;
#2928 = ORIENTED_EDGE ( 'NONE', *, *, #6754, .F. ) ;
#2929 = VECTOR ( 'NONE', #2395, 1000.000000000000000 ) ;
#2930 = FACE_OUTER_BOUND ( 'NONE', #6865, .T. ) ;
#2931 = ORIENTED_EDGE ( 'NONE', *, *, #5053, .F. ) ;
#2932 = CARTESIAN_POINT ( 'NONE',  ( -24.57578048681761373, 93.66984472574789322, -41.69377081092408588 ) ) ;
#2933 = CARTESIAN_POINT ( 'NONE',  ( 34.16841453632185477, 120.9278977991438069, 58.38595688016049223 ) ) ;
#2934 = EDGE_CURVE ( 'NONE', #1610, #2540, #6542, .T. ) ;
#2935 = AXIS2_PLACEMENT_3D ( 'NONE', #5437, #2161, #4754 ) ;
#2936 = CARTESIAN_POINT ( 'NONE',  ( -40.45946519827175791, 8.500000000000000000, 3.671572875253810153 ) ) ;
#2937 = CARTESIAN_POINT ( 'NONE',  ( -24.11750743857160728, 47.28741476720372106, -4.500000000000003553 ) ) ;
#2938 = CYLINDRICAL_SURFACE ( 'NONE', #5728, 5.000000000000004441 ) ;
#2939 = ORIENTED_EDGE ( 'NONE', *, *, #8154, .T. ) ;
#2940 = CARTESIAN_POINT ( 'NONE',  ( -23.30854839943351564, 9.590201846194929658, -10.78282654860766954 ) ) ;
#2941 = CARTESIAN_POINT ( 'NONE',  ( 132.2500000000000000, 227.4999999999999716, -1.385245221186013225E-12 ) ) ;
#2942 = EDGE_CURVE ( 'NONE', #8195, #5735, #7849, .T. ) ;
#2943 = CARTESIAN_POINT ( 'NONE',  ( 34.11790219225296283, 36.48528137423857487, -38.36054287936816820 ) ) ;
#2944 = CARTESIAN_POINT ( 'NONE',  ( 24.11750743857160728, 47.28741476720374948, 4.500000000000000888 ) ) ;
#2945 = AXIS2_PLACEMENT_3D ( 'NONE', #4154, #6120, #2868 ) ;
#2946 = ORIENTED_EDGE ( 'NONE', *, *, #6866, .F. ) ;
#2947 = CARTESIAN_POINT ( 'NONE',  ( -24.14974014120621248, 50.54972983909568995, -3.609156717808918557 ) ) ;
#2948 = SURFACE_SIDE_STYLE ('',( #2200 ) ) ;
#2949 = ORIENTED_EDGE ( 'NONE', *, *, #1975, .T. ) ;
#2950 = ORIENTED_EDGE ( 'NONE', *, *, #1341, .T. ) ;
#2951 = CARTESIAN_POINT ( 'NONE',  ( -40.49071348302954476, 118.8062576501467333, -50.84237081300419447 ) ) ;
#2952 = CARTESIAN_POINT ( 'NONE',  ( 132.2500000000011084, 227.4999999999999716, 107.4499999999986102 ) ) ;
#2953 = ADVANCED_FACE ( 'NONE', ( #1096 ), #1067, .F. ) ;
#2954 = EDGE_CURVE ( 'NONE', #6929, #5829, #927, .T. ) ;
#2955 = CARTESIAN_POINT ( 'NONE',  ( 64.48717104486611618, 172.9444842669557829, 90.66029240421116242 ) ) ;
#2956 = CIRCLE ( 'NONE', #1560, 1.000000000000000000 ) ;
#2957 = CARTESIAN_POINT ( 'NONE',  ( -22.32335261970128215, 8.500000000000000000, -16.70944423861436690 ) ) ;
#2958 = ORIENTED_EDGE ( 'NONE', *, *, #1273, .T. ) ;
#2959 = DIRECTION ( 'NONE',  ( 1.000000000000000000, -4.026401060382572115E-16, 0.000000000000000000 ) ) ;
#2960 = EDGE_LOOP ( 'NONE', ( #4760, #6816, #3285, #4980 ) ) ;
#2961 = DIRECTION ( 'NONE',  ( 0.000000000000000000, 1.000000000000000000, -0.000000000000000000 ) ) ;
#2962 = VECTOR ( 'NONE', #4092, 1000.000000000000000 ) ;
#2963 = LINE ( 'NONE', #3640, #1032 ) ;
#2964 = ORIENTED_EDGE ( 'NONE', *, *, #108, .F. ) ;
#2965 = DIRECTION ( 'NONE',  ( 0.000000000000000000, -1.000000000000000000, 0.000000000000000000 ) ) ;
#2966 = DIRECTION ( 'NONE',  ( 0.000000000000000000, -0.9626347067015693648, -0.2708032892222390076 ) ) ;
#2967 = ADVANCED_FACE ( 'NONE', ( #2258 ), #1930, .F. ) ;
#2968 = CARTESIAN_POINT ( 'NONE',  ( 86.88107549716373512, 193.0690741269954458, -97.42399204894579157 ) ) ;
#2969 = EDGE_CURVE ( 'NONE', #650, #4449, #5115, .T. ) ;
#2970 = CARTESIAN_POINT ( 'NONE',  ( 13.10988891202549489, 8.500000000000007105, -25.74967030864456063 ) ) ;
#2971 = DIRECTION ( 'NONE',  ( -4.026401060382563240E-16, -1.000000000000000000, -0.000000000000000000 ) ) ;
#2972 = ORIENTED_EDGE ( 'NONE', *, *, #4518, .T. ) ;
#2973 = VECTOR ( 'NONE', #6859, 1000.000000000000000 ) ;
#2974 = CARTESIAN_POINT ( 'NONE',  ( -23.79708802188130079, 8.500000000000003553, 12.93491802362766663 ) ) ;
#2975 = CARTESIAN_POINT ( 'NONE',  ( 24.23177876883822890, 52.83478489955949442, -3.085786437626905077 ) ) ;
#2976 =( BOUNDED_CURVE ( )  B_SPLINE_CURVE ( 3, ( #83, #2097, #3490, #4696 ),
 .UNSPECIFIED., .F., .T. ) 
 B_SPLINE_CURVE_WITH_KNOTS ( ( 4, 4 ),
 ( 3.141592653589793116, 4.712388980384684345 ),
 .UNSPECIFIED. ) 
 CURVE ( )  GEOMETRIC_REPRESENTATION_ITEM ( )  RATIONAL_B_SPLINE_CURVE ( ( 1.000000000000000000, 0.8047378541243662697, 0.8047378541243662697, 1.000000000000000000 ) ) 
 REPRESENTATION_ITEM ( '' )  );
#2977 = CARTESIAN_POINT ( 'NONE',  ( 75.72784926556842322, 190.7580737790276260, -94.47870904904111455 ) ) ;
#2978 = CARTESIAN_POINT ( 'NONE',  ( -15.52055380191783307, 85.68750859614002025, -47.98804928264172531 ) ) ;
#2979 = CARTESIAN_POINT ( 'NONE',  ( -40.45946519827176502, 8.500000000000000000, -3.671572875253807045 ) ) ;
#2980 = CARTESIAN_POINT ( 'NONE',  ( -24.67639290799086993, 50.04502754649313800, 3.367723576868357771 ) ) ;
#2981 = AXIS2_PLACEMENT_3D ( 'NONE', #7030, #3040, #1802 ) ;
#2982 = DIRECTION ( 'NONE',  ( 0.000000000000000000, -1.000000000000000000, 0.000000000000000000 ) ) ;
#2983 = DIRECTION ( 'NONE',  ( -0.000000000000000000, 1.000000000000000000, -0.000000000000000000 ) ) ;
#2984 = CARTESIAN_POINT ( 'NONE',  ( -20.32931995911321721, 36.48528137423859619, 24.57196064623257925 ) ) ;
#2985 = AXIS2_PLACEMENT_3D ( 'NONE', #8289, #1586, #7562 ) ;
#2986 = CARTESIAN_POINT ( 'NONE',  ( 16.08453962486836986, 85.78702609090471753, -48.01604501636067823 ) ) ;
#2987 = CARTESIAN_POINT ( 'NONE',  ( -3.499999999999999556, 49.15594766088217682, -38.74999999999999289 ) ) ;
#2988 = ORIENTED_EDGE ( 'NONE', *, *, #3983, .T. ) ;
#2989 = CARTESIAN_POINT ( 'NONE',  ( -2.500000000000000000, 8.500000000000000000, 38.75000000000000000 ) ) ;
#2990 = VECTOR ( 'NONE', #6109, 1000.000000000000000 ) ;
#2991 = CARTESIAN_POINT ( 'NONE',  ( -132.2499999999996589, 227.4999999999999716, 109.7500000000004547 ) ) ;
#2992 = AXIS2_PLACEMENT_3D ( 'NONE', #6496, #3321, #5887 ) ;
#2993 = AXIS2_PLACEMENT_3D ( 'NONE', #6582, #3999, #8487 ) ;
#2994 = ADVANCED_FACE ( 'NONE', ( #2291 ), #2771, .F. ) ;
#2995 = ORIENTED_EDGE ( 'NONE', *, *, #4214, .F. ) ;
#2996 = CARTESIAN_POINT ( 'NONE',  ( -24.23177876417955900, 52.83478491286903989, -2.568787872332854771 ) ) ;
#2997 = CARTESIAN_POINT ( 'NONE',  ( -24.74420466249360118, 9.500000000000001776, 4.500000000000000888 ) ) ;
#2998 = ORIENTED_EDGE ( 'NONE', *, *, #1173, .T. ) ;
#2999 = CIRCLE ( 'NONE', #1304, 1.000000000000001332 ) ;
#3000 = ORIENTED_EDGE ( 'NONE', *, *, #4258, .F. ) ;
#3001 = CARTESIAN_POINT ( 'NONE',  ( -30.46538220889189219, 98.19887148335193672, 43.55749728755269956 ) ) ;
#3002 = DIRECTION ( 'NONE',  ( 0.000000000000000000, 0.000000000000000000, -1.000000000000000000 ) ) ;
#3003 = DIRECTION ( 'NONE',  ( -1.000000000000000000, 0.000000000000000000, 0.000000000000000000 ) ) ;
#3004 = DIRECTION ( 'NONE',  ( 0.000000000000000000, 0.000000000000000000, 1.000000000000000000 ) ) ;
#3005 = ORIENTED_EDGE ( 'NONE', *, *, #2070, .T. ) ;
#3006 = EDGE_CURVE ( 'NONE', #1489, #603, #4755, .T. ) ;
#3007 = CARTESIAN_POINT ( 'NONE',  ( 3.367592251887053134, 52.69806608066129883, -39.24822498195264586 ) ) ;
#3008 = VERTEX_POINT ( 'NONE', #194 ) ;
#3009 = AXIS2_PLACEMENT_3D ( 'NONE', #8141, #6262, #2919 ) ;
#3010 = DIRECTION ( 'NONE',  ( 0.000000000000000000, 1.000000000000000000, 0.000000000000000000 ) ) ;
#3011 = DIRECTION ( 'NONE',  ( 0.000000000000000000, 0.2708032892222431154, -0.9626347067015681436 ) ) ;
#3012 = CARTESIAN_POINT ( 'NONE',  ( -4.500000000000000888, 9.499999999999994671, 27.59419916606945478 ) ) ;
#3013 = CARTESIAN_POINT ( 'NONE',  ( -13.01737055843796220, 9.788275134385875376, 24.73837643954096066 ) ) ;
#3014 = CARTESIAN_POINT ( 'NONE',  ( 12.81279018310911333, 8.500000000000294875, -24.39757770195571496 ) ) ;
#3015 = AXIS2_PLACEMENT_3D ( 'NONE', #2920, #4946, #1086 ) ;
#3016 = B_SPLINE_CURVE_WITH_KNOTS ( 'NONE', 3,
 ( #6222, #1780, #1740, #3566, #1660, #6887, #4377 ),
 .UNSPECIFIED., .F., .F.,
 ( 4, 3, 4 ),
 ( -0.1213869297317837354, -0.08630191789560062721, -0.08246351097762150140 ),
 .UNSPECIFIED. ) ;
#3017 = CARTESIAN_POINT ( 'NONE',  ( -18.35341993643851310, 8.500000000000005329, 22.12883478508958390 ) ) ;
#3018 = EDGE_CURVE ( 'NONE', #3711, #5120, #3746, .T. ) ;
#3019 = ORIENTED_EDGE ( 'NONE', *, *, #6621, .T. ) ;
#3020 = ADVANCED_FACE ( 'NONE', ( #3506 ), #2843, .T. ) ;
#3021 = ORIENTED_EDGE ( 'NONE', *, *, #170, .F. ) ;
#3022 = CARTESIAN_POINT ( 'NONE',  ( -23.06323110358369277, 8.500000000004641620, 11.38606178324821627 ) ) ;
#3023 = AXIS2_PLACEMENT_3D ( 'NONE', #5436, #1473, #2068 ) ;
#3024 = CARTESIAN_POINT ( 'NONE',  ( 0.000000000000000000, 8.500000000000000000, 4.500000000000000888 ) ) ;
#3025 = DIRECTION ( 'NONE',  ( -0.000000000000000000, 1.000000000000000000, -0.000000000000000000 ) ) ;
#3026 = CARTESIAN_POINT ( 'NONE',  ( 19.55849145452251037, 9.725258353199546235, -19.22339114548801575 ) ) ;
#3027 = CARTESIAN_POINT ( 'NONE',  ( -24.14493729962314461, 50.06362779972880617, 4.264691288619002485 ) ) ;
#3028 = CARTESIAN_POINT ( 'NONE',  ( -132.2499999999996589, 222.4999999999999716, 104.7500000000004547 ) ) ;
#3029 = CARTESIAN_POINT ( 'NONE',  ( -38.34048759201159839, 8.500000000000000000, 4.500000000000000888 ) ) ;
#3030 = CARTESIAN_POINT ( 'NONE',  ( 23.73081459849154840, 9.524657940247635679, 7.105895297589774451 ) ) ;
#3031 = CARTESIAN_POINT ( 'NONE',  ( 13.64628776976185343, 0.9999999999999970024, -12.27872532496665237 ) ) ;
#3032 = EDGE_LOOP ( 'NONE', ( #3333, #94, #7532, #2098 ) ) ;
#3033 = CARTESIAN_POINT ( 'NONE',  ( 21.57594489812816008, 84.84449415096219127, -45.20070626665807367 ) ) ;
#3034 = CARTESIAN_POINT ( 'NONE',  ( -68.77305503950394439, 176.7960527937182462, 87.32719435105734362 ) ) ;
#3035 = ORIENTED_EDGE ( 'NONE', *, *, #1298, .F. ) ;
#3036 = CARTESIAN_POINT ( 'NONE',  ( 0.000000000000000000, 222.4999999999999716, -132.2500000000000000 ) ) ;
#3037 = DIRECTION ( 'NONE',  ( -0.000000000000000000, 1.000000000000000000, -0.000000000000000000 ) ) ;
#3038 = CARTESIAN_POINT ( 'NONE',  ( -3.500000000000000000, 0.000000000000000000, 0.000000000000000000 ) ) ;
#3039 = CARTESIAN_POINT ( 'NONE',  ( -24.26390638955307111, 52.63319827097733139, -2.775968010032574984 ) ) ;
#3040 = DIRECTION ( 'NONE',  ( 0.000000000000000000, 1.000000000000000000, 0.000000000000000000 ) ) ;
#3041 = ORIENTED_EDGE ( 'NONE', *, *, #6779, .F. ) ;
#3042 = ORIENTED_EDGE ( 'NONE', *, *, #1551, .T. ) ;
#3043 = CARTESIAN_POINT ( 'NONE',  ( -2.775916319243816321, 56.00762814956514291, 39.71373920479695130 ) ) ;
#3044 = CARTESIAN_POINT ( 'NONE',  ( 38.03320465572142695, 118.2261239413147109, -55.00911644152969160 ) ) ;
#3045 = B_SPLINE_CURVE_WITH_KNOTS ( 'NONE', 3,
 ( #8008, #7274, #20, #2690, #5313, #7970, #2037 ),
 .UNSPECIFIED., .F., .F.,
 ( 4, 3, 4 ),
 ( 0.006988433138006726331, 0.01086394396725642864, 0.07955890995935444021 ),
 .UNSPECIFIED. ) ;
#3046 = EDGE_CURVE ( 'NONE', #6215, #7129, #1209, .T. ) ;
#3047 = CARTESIAN_POINT ( 'NONE',  ( 16.94628038708179218, -6.823252132008636488E-15, -6.707880210001647470 ) ) ;
#3048 = EDGE_LOOP ( 'NONE', ( #4497, #2578, #2297 ) ) ;
#3049 = CARTESIAN_POINT ( 'NONE',  ( -4.500000000000000888, 8.500000000000000000, 0.000000000000000000 ) ) ;
#3050 = CARTESIAN_POINT ( 'NONE',  ( -62.49627132169548105, 177.6932981675498411, -93.60675282340619674 ) ) ;
#3051 = EDGE_CURVE ( 'NONE', #5735, #7572, #1113, .T. ) ;
#3052 = CARTESIAN_POINT ( 'NONE',  ( 2.500000000000000000, 56.26542339484620214, 40.75000000000000000 ) ) ;
#3053 = CARTESIAN_POINT ( 'NONE',  ( -20.93137345658714565, 8.500000000000003553, 18.99543636279860692 ) ) ;
#3054 = CARTESIAN_POINT ( 'NONE',  ( -12.40048135057326029, 4.992931125920238840E-15, -13.34877076590534273 ) ) ;
#3055 = CARTESIAN_POINT ( 'NONE',  ( -38.80614859067347311, 8.169629727256921825, -2.500000000000000000 ) ) ;
#3056 = CARTESIAN_POINT ( 'NONE',  ( 37.16589016458842565, 111.9010338197201548, -45.55088162124464191 ) ) ;
#3057 = CARTESIAN_POINT ( 'NONE',  ( 23.30900834993215298, 9.590158977974310162, -10.78036940489630879 ) ) ;
#3058 = CIRCLE ( 'NONE', #7486, 2.700000000000008171 ) ;
#3059 = EDGE_CURVE ( 'NONE', #6651, #4, #6710, .T. ) ;
#3060 = CARTESIAN_POINT ( 'NONE',  ( -24.43336478312183146, 51.56992169723189079, 3.148479130220913191 ) ) ;
#3061 = EDGE_CURVE ( 'NONE', #8372, #4089, #8365, .T. ) ;
#3062 = DIRECTION ( 'NONE',  ( -4.026401060382563240E-16, -1.000000000000000000, 0.000000000000000000 ) ) ;
#3063 = CARTESIAN_POINT ( 'NONE',  ( -113.2249833807044865, 222.4999999999999716, -121.4076260998839984 ) ) ;
#3064 = CARTESIAN_POINT ( 'NONE',  ( -25.35957079319336316, 87.75777398158642484, 40.33333500867762922 ) ) ;
#3065 = VECTOR ( 'NONE', #4694, 1000.000000000000000 ) ;
#3066 = CARTESIAN_POINT ( 'NONE',  ( 14.20914363109803347, 0.9999999999999967804, -11.60029664539038663 ) ) ;
#3067 = ORIENTED_EDGE ( 'NONE', *, *, #3787, .F. ) ;
#3068 = CARTESIAN_POINT ( 'NONE',  ( 22.32515944972898581, 84.88347864502175355, -44.38106385283334987 ) ) ;
#3069 = DIRECTION ( 'NONE',  ( 0.000000000000000000, 0.000000000000000000, 1.000000000000000000 ) ) ;
#3070 = EDGE_CURVE ( 'NONE', #7871, #5215, #3546, .T. ) ;
#3071 = CYLINDRICAL_SURFACE ( 'NONE', #1449, 1.000000000000000888 ) ;
#3072 = DIRECTION ( 'NONE',  ( -0.000000000000000000, 0.5272234480220612252, 0.8497266830315081121 ) ) ;
#3073 = CARTESIAN_POINT ( 'NONE',  ( 24.69983047679777499, 49.89796715515295489, 3.382345644509651805 ) ) ;
#3074 = CARTESIAN_POINT ( 'NONE',  ( -24.17229368704707326, 52.83240446784328270, -3.186755825677612286 ) ) ;
#3075 = CARTESIAN_POINT ( 'NONE',  ( -18.15094995657922539, 85.23424918784048998, 47.44933454861017452 ) ) ;
#3076 = EDGE_LOOP ( 'NONE', ( #883, #5112 ) ) ;
#3077 = DIRECTION ( 'NONE',  ( 0.000000000000000000, 0.000000000000000000, 1.000000000000000000 ) ) ;
#3078 = CARTESIAN_POINT ( 'NONE',  ( -3.431731769600574466, 54.78432758418117743, 39.29453033178106836 ) ) ;
#3079 = CARTESIAN_POINT ( 'NONE',  ( 34.76198430531940886, 118.9754579437103956, -57.17454138245611972 ) ) ;
#3080 = CARTESIAN_POINT ( 'NONE',  ( 18.11849467092550370, -7.295232615555025514E-15, 1.982339777569377404 ) ) ;
#3081 = ORIENTED_EDGE ( 'NONE', *, *, #8566, .T. ) ;
#3082 = CARTESIAN_POINT ( 'NONE',  ( 3.673567704320451099, 51.17145820987831684, -38.27817708451228640 ) ) ;
#3083 = VERTEX_POINT ( 'NONE', #1154 ) ;
#3084 = VERTEX_POINT ( 'NONE', #5727 ) ;
#3085 = CARTESIAN_POINT ( 'NONE',  ( -68.16019505541905232, 176.3999898363137788, -88.71985559699649571 ) ) ;
#3086 = CARTESIAN_POINT ( 'NONE',  ( -11.57519277111897438, 8.499999999999998224, 26.44894940726434029 ) ) ;
#3087 = ORIENTED_EDGE ( 'NONE', *, *, #8427, .F. ) ;
#3088 = EDGE_CURVE ( 'NONE', #3083, #3491, #5614, .T. ) ;
#3089 = CARTESIAN_POINT ( 'NONE',  ( -19.70454419723604644, 8.500000000000028422, 20.60530593235023034 ) ) ;
#3090 = CARTESIAN_POINT ( 'NONE',  ( 8.324602564683903694, 8.500000000000003553, -27.30344033171083851 ) ) ;
#3091 = CARTESIAN_POINT ( 'NONE',  ( 62.49627132169556631, 177.6932981675498411, -93.60675282340626779 ) ) ;
#3092 = CARTESIAN_POINT ( 'NONE',  ( 21.99011544573546928, 9.662746068923381060, -15.10068381993095876 ) ) ;
#3093 = CARTESIAN_POINT ( 'NONE',  ( -24.17356883942733958, 52.96146435078988191, 3.051936019948723988 ) ) ;
#3094 = CARTESIAN_POINT ( 'NONE',  ( -22.45064030267088739, 9.039528192094155827E-15, -22.45064030267285204 ) ) ;
#3095 = CYLINDRICAL_SURFACE ( 'NONE', #1590, 1.000000000000000666 ) ;
#3096 = CARTESIAN_POINT ( 'NONE',  ( 23.74428235397246922, 9.512824390286642284, 6.459544461677401372 ) ) ;
#3097 = EDGE_CURVE ( 'NONE', #2250, #1562, #3127, .T. ) ;
#3098 = FACE_OUTER_BOUND ( 'NONE', #5982, .T. ) ;
#3099 = ORIENTED_EDGE ( 'NONE', *, *, #5414, .T. ) ;
#3100 = CARTESIAN_POINT ( 'NONE',  ( 18.15094995657912236, 85.23424918784026261, -47.44933454861011768 ) ) ;
#3101 = DIRECTION ( 'NONE',  ( 0.000000000000000000, 0.000000000000000000, 1.000000000000000000 ) ) ;
#3102 = CIRCLE ( 'NONE', #7786, 1.000000000000000000 ) ;
#3103 = CARTESIAN_POINT ( 'NONE',  ( 24.17567898490996470, 53.17503500571879016, -2.500000000000000000 ) ) ;
#3104 = B_SPLINE_CURVE_WITH_KNOTS ( 'NONE', 3,
 ( #4595, #3902, #5870, #3299, #1306, #5908 ),
 .UNSPECIFIED., .F., .F.,
 ( 4, 2, 4 ),
 ( 0.000000000000000000, 0.0005117767684658569485, 0.001023553536931713897 ),
 .UNSPECIFIED. ) ;
#3105 = CARTESIAN_POINT ( 'NONE',  ( -104.7500000000000000, 222.4999999999999716, -134.9500000000000171 ) ) ;
#3106 = CARTESIAN_POINT ( 'NONE',  ( -128.6499999999999773, 229.9999999999999716, 128.6499999999999773 ) ) ;
#3107 = AXIS2_PLACEMENT_3D ( 'NONE', #3942, #474, #4591 ) ;
#3108 = AXIS2_PLACEMENT_3D ( 'NONE', #7337, #6069, #48 ) ;
#3109 = ADVANCED_FACE ( 'NONE', ( #6960 ), #1080, .F. ) ;
#3110 = ADVANCED_FACE ( 'NONE', ( #1807 ), #8376, .F. ) ;
#3111 = CARTESIAN_POINT ( 'NONE',  ( -24.17394958380501890, 52.99999999999997158, -2.500000000000000888 ) ) ;
#3112 = ORIENTED_EDGE ( 'NONE', *, *, #1440, .F. ) ;
#3113 = CARTESIAN_POINT ( 'NONE',  ( 3.499999999999999556, 49.15594766088218392, 38.74999999999999289 ) ) ;
#3114 = CARTESIAN_POINT ( 'NONE',  ( -25.17563017816475579, 53.16515517230252641, 3.500000000000000000 ) ) ;
#3115 = CARTESIAN_POINT ( 'NONE',  ( -24.02331450380428279, 37.75402148528009150, 18.17792807833258451 ) ) ;
#3116 = AXIS2_PLACEMENT_3D ( 'NONE', #2943, #8210, #7568 ) ;
#3117 = ORIENTED_EDGE ( 'NONE', *, *, #5004, .T. ) ;
#3118 = CARTESIAN_POINT ( 'NONE',  ( 38.34048759201160550, 9.500000000000001776, 4.500000000000000888 ) ) ;
#3119 = EDGE_LOOP ( 'NONE', ( #7718, #5743, #2245, #201 ) ) ;
#3120 = ORIENTED_EDGE ( 'NONE', *, *, #7142, .F. ) ;
#3121 = VECTOR ( 'NONE', #3500, 1000.000000000000000 ) ;
#3122 = DIRECTION ( 'NONE',  ( 1.000000000000000000, 0.000000000000000000, 0.000000000000000000 ) ) ;
#3123 = CARTESIAN_POINT ( 'NONE',  ( -22.85387268391347249, 9.621701367974001329, 12.62243608550434537 ) ) ;
#3124 = VECTOR ( 'NONE', #2797, 1000.000000000000114 ) ;
#3125 = CARTESIAN_POINT ( 'NONE',  ( -22.32305314657893192, 8.500000000000007105, 16.70890933629451069 ) ) ;
#3126 = ORIENTED_EDGE ( 'NONE', *, *, #1743, .T. ) ;
#3127 = CIRCLE ( 'NONE', #7820, 5.000000000000004441 ) ;
#3128 = ORIENTED_EDGE ( 'NONE', *, *, #3240, .T. ) ;
#3129 = CARTESIAN_POINT ( 'NONE',  ( -12.69749947690021941, 9.789001788973303420, 24.88555133824894838 ) ) ;
#3130 = CARTESIAN_POINT ( 'NONE',  ( -7.434052672203744550, 1.000000000000000000, 16.96180768554564366 ) ) ;
#3131 = CARTESIAN_POINT ( 'NONE',  ( -25.11745863182639127, 47.27753493378748573, 4.500000000000000888 ) ) ;
#3132 = AXIS2_PLACEMENT_3D ( 'NONE', #2214, #1569, #251 ) ;
#3133 = CARTESIAN_POINT ( 'NONE',  ( -24.16243879437505981, 51.83497756076627638, 3.796958259171065997 ) ) ;
#3134 = CARTESIAN_POINT ( 'NONE',  ( 104.7500000000000000, 227.4999999999999716, 132.2500000000000000 ) ) ;
#3135 = EDGE_CURVE ( 'NONE', #7214, #7774, #3153, .T. ) ;
#3136 = CARTESIAN_POINT ( 'NONE',  ( -112.3555234424490408, 222.4999999999999716, -121.4076260998840411 ) ) ;
#3137 = DIRECTION ( 'NONE',  ( -0.000000000000000000, 1.000000000000000000, -0.000000000000000000 ) ) ;
#3138 = AXIS2_PLACEMENT_3D ( 'NONE', #3527, #1538, #738 ) ;
#3139 = DIRECTION ( 'NONE',  ( -0.000000000000000000, 1.000000000000000000, -0.000000000000000000 ) ) ;
#3140 = EDGE_LOOP ( 'NONE', ( #7205, #6937 ) ) ;
#3141 = CARTESIAN_POINT ( 'NONE',  ( -39.51561378894523813, 9.169629727256928931, -2.500000000000000000 ) ) ;
#3142 = DIRECTION ( 'NONE',  ( -0.000000000000000000, 1.000000000000000000, -0.000000000000000000 ) ) ;
#3143 = CARTESIAN_POINT ( 'NONE',  ( 24.27506694604273463, 63.23422387490283825, -28.89382918582663606 ) ) ;
#3144 = CARTESIAN_POINT ( 'NONE',  ( -35.36028566416221963, 124.1479317250574184, -58.80753149711248540 ) ) ;
#3145 = EDGE_CURVE ( 'NONE', #8168, #7460, #5307, .T. ) ;
#3146 = CYLINDRICAL_SURFACE ( 'NONE', #346, 1.000000000000000000 ) ;
#3147 = DIRECTION ( 'NONE',  ( 0.000000000000000000, 0.000000000000000000, 1.000000000000000000 ) ) ;
#3148 = CARTESIAN_POINT ( 'NONE',  ( -19.62540321174896008, 84.97289814293124266, 46.72141578099912351 ) ) ;
#3149 = CARTESIAN_POINT ( 'NONE',  ( 23.17182503623433121, 9.601101957028285838, 11.41329860967594456 ) ) ;
#3150 = VERTEX_POINT ( 'NONE', #1773 ) ;
#3151 = CARTESIAN_POINT ( 'NONE',  ( 24.41383171847508038, 85.82379070519623099, -39.73612998050333545 ) ) ;
#3152 = CARTESIAN_POINT ( 'NONE',  ( -56.96776195140759569, 166.1870639913603043, -80.74471581048497626 ) ) ;
#3153 = LINE ( 'NONE', #5765, #923 ) ;
#3154 = CARTESIAN_POINT ( 'NONE',  ( 18.51370253461190174, 87.41649213276018315, -7.040257308409224812 ) ) ;
#3155 = EDGE_CURVE ( 'NONE', #2754, #3561, #4098, .T. ) ;
#3156 = ADVANCED_FACE ( 'NONE', ( #7196 ), #5885, .F. ) ;
#3157 = VECTOR ( 'NONE', #645, 1000.000000000000114 ) ;
#3158 = CARTESIAN_POINT ( 'NONE',  ( 75.70881929299825686, 190.7191585542210817, 94.58527073930147822 ) ) ;
#3159 = CARTESIAN_POINT ( 'NONE',  ( 3.672955276901497257, 52.14078246918973036, -38.55086224318353771 ) ) ;
#3160 = ORIENTED_EDGE ( 'NONE', *, *, #4960, .T. ) ;
#3161 = VERTEX_POINT ( 'NONE', #6590 ) ;
#3162 = ORIENTED_EDGE ( 'NONE', *, *, #170, .T. ) ;
#3163 = DIRECTION ( 'NONE',  ( -0.000000000000000000, 1.000000000000000000, -0.000000000000000000 ) ) ;
#3164 = CARTESIAN_POINT ( 'NONE',  ( 39.75000000000000711, 8.500000000000001776, 2.499999999999999556 ) ) ;
#3165 = CARTESIAN_POINT ( 'NONE',  ( 7.434052672203742773, 1.000000000000000888, -16.96180768554565788 ) ) ;
#3166 = EDGE_CURVE ( 'NONE', #679, #6761, #1206, .T. ) ;
#3167 = CARTESIAN_POINT ( 'NONE',  ( -7.650857058379670228, 8.500000000000001776, 27.41284842835464275 ) ) ;
#3168 = VERTEX_POINT ( 'NONE', #5924 ) ;
#3169 = ORIENTED_EDGE ( 'NONE', *, *, #6509, .T. ) ;
#3170 = CARTESIAN_POINT ( 'NONE',  ( -8.324602564652860082, 8.500000000000007105, 27.30344033162129591 ) ) ;
#3171 = FACE_BOUND ( 'NONE', #8012, .T. ) ;
#3172 = DIRECTION ( 'NONE',  ( 0.000000000000000000, 0.000000000000000000, 1.000000000000000000 ) ) ;
#3173 = LINE ( 'NONE', #1181, #8473 ) ;
#3174 = DIRECTION ( 'NONE',  ( 0.000000000000000000, 1.000000000000000000, 0.000000000000000000 ) ) ;
#3175 = DIRECTION ( 'NONE',  ( -1.000000000000000000, 0.000000000000000000, 0.000000000000000000 ) ) ;
#3176 = VERTEX_POINT ( 'NONE', #3843 ) ;
#3177 = EDGE_CURVE ( 'NONE', #7024, #8501, #5730, .T. ) ;
#3178 = CARTESIAN_POINT ( 'NONE',  ( 119.6307288578716879, 222.4999999999999716, 115.6847746359883615 ) ) ;
#3179 = ORIENTED_EDGE ( 'NONE', *, *, #437, .F. ) ;
#3180 = DIRECTION ( 'NONE',  ( -0.000000000000000000, 1.000000000000000000, -0.000000000000000000 ) ) ;
#3181 = CARTESIAN_POINT ( 'NONE',  ( -42.59984112308225690, 123.0131582516962823, -58.48830304319428564 ) ) ;
#3182 = CARTESIAN_POINT ( 'NONE',  ( -33.63077585947161907, 119.4257635710908829, 57.45393908794454063 ) ) ;
#3183 = AXIS2_PLACEMENT_3D ( 'NONE', #6013, #5512, #5325 ) ;
#3184 = CARTESIAN_POINT ( 'NONE',  ( 15.52055380191783662, 85.68750859614002025, -47.98804928264171821 ) ) ;
#3185 = CYLINDRICAL_SURFACE ( 'NONE', #4233, 5.000000000000004441 ) ;
#3186 = CARTESIAN_POINT ( 'NONE',  ( -21.77285436029795562, 84.84859403515177689, 45.00199754939193753 ) ) ;
#3187 = ORIENTED_EDGE ( 'NONE', *, *, #652, .T. ) ;
#3188 = EDGE_CURVE ( 'NONE', #1599, #8218, #4536, .T. ) ;
#3189 = CARTESIAN_POINT ( 'NONE',  ( 23.74425346923881008, 9.509879833416224670, 6.299630403166117887 ) ) ;
#3190 = DIRECTION ( 'NONE',  ( -0.000000000000000000, 1.000000000000000000, -0.000000000000000000 ) ) ;
#3191 = CARTESIAN_POINT ( 'NONE',  ( -129.4004765770450547, 231.2797179943870844, -126.8551109042307274 ) ) ;
#3192 = CARTESIAN_POINT ( 'NONE',  ( -40.03496371582128432, 8.500000000000000000, 3.729093447218028601 ) ) ;
#3193 = DIRECTION ( 'NONE',  ( -4.026401060382563240E-16, -1.000000000000000000, 0.000000000000000000 ) ) ;
#3194 = FACE_OUTER_BOUND ( 'NONE', #373, .T. ) ;
#3195 = AXIS2_PLACEMENT_3D ( 'NONE', #291, #2961, #821 ) ;
#3196 = VECTOR ( 'NONE', #3713, 1000.000000000000000 ) ;
#3197 = VERTEX_POINT ( 'NONE', #5804 ) ;
#3198 = CARTESIAN_POINT ( 'NONE',  ( 2.637553597598072841, 56.53622670213885471, -39.78736529838190705 ) ) ;
#3199 = FACE_BOUND ( 'NONE', #4686, .T. ) ;
#3200 = ORIENTED_EDGE ( 'NONE', *, *, #6193, .T. ) ;
#3201 = ADVANCED_FACE ( 'NONE', ( #3963, #6638 ), #1369, .F. ) ;
#3202 = ADVANCED_FACE ( 'NONE', ( #3317 ), #3724, .F. ) ;
#3203 = ORIENTED_EDGE ( 'NONE', *, *, #3433, .F. ) ;
#3204 = EDGE_LOOP ( 'NONE', ( #6042, #372, #6326, #6622 ) ) ;
#3205 = CYLINDRICAL_SURFACE ( 'NONE', #6170, 2.700000000000008171 ) ;
#3206 = CARTESIAN_POINT ( 'NONE',  ( 39.64269833733995796, 8.500000000000000000, 4.099333677528235853 ) ) ;
#3207 = CARTESIAN_POINT ( 'NONE',  ( -125.5554139482531752, 234.3622629292982253, 128.7677140997297727 ) ) ;
#3208 = ORIENTED_EDGE ( 'NONE', *, *, #6081, .F. ) ;
#3209 = EDGE_LOOP ( 'NONE', ( #673, #4815 ) ) ;
#3210 = EDGE_CURVE ( 'NONE', #7416, #612, #3685, .T. ) ;
#3211 = CARTESIAN_POINT ( 'NONE',  ( -4.938849362433377799, 9.770803289222236288, 26.63156445936786909 ) ) ;
#3212 = EDGE_CURVE ( 'NONE', #5650, #1066, #1322, .T. ) ;
#3213 = DIRECTION ( 'NONE',  ( 1.000000000000000000, -4.026401060382560282E-16, 0.000000000000000000 ) ) ;
#3214 = CARTESIAN_POINT ( 'NONE',  ( 63.82372677572449504, 177.0170585977359963, 93.05080425259976096 ) ) ;
#3215 = AXIS2_PLACEMENT_3D ( 'NONE', #1504, #5378, #3403 ) ;
#3216 = CARTESIAN_POINT ( 'NONE',  ( -20.53747872112344197, 84.87533160638936636, -46.10844159156422961 ) ) ;
#3217 = CARTESIAN_POINT ( 'NONE',  ( 38.34048759201160550, 9.500000000000001776, -3.500000000000000000 ) ) ;
#3218 = CARTESIAN_POINT ( 'NONE',  ( -51.15557272227314911, 140.5091487129630821, -63.30114094182611950 ) ) ;
#3219 = CARTESIAN_POINT ( 'NONE',  ( -38.92253498940952738, 118.2179912597191560, 53.98988751567269162 ) ) ;
#3220 = ORIENTED_EDGE ( 'NONE', *, *, #5053, .T. ) ;
#3221 = CARTESIAN_POINT ( 'NONE',  ( -69.35078629860581145, 177.3152389259765584, -87.64932981917969812 ) ) ;
#3222 = ORIENTED_EDGE ( 'NONE', *, *, #6568, .F. ) ;
#3223 = DIRECTION ( 'NONE',  ( 1.000000000000000000, 0.000000000000000000, 0.000000000000000000 ) ) ;
#3224 = CARTESIAN_POINT ( 'NONE',  ( 23.78497175570641531, 13.63103222792018698, -8.032813712824701469 ) ) ;
#3225 = DIRECTION ( 'NONE',  ( -1.000000000000000000, -0.000000000000000000, -3.604115795743074479E-15 ) ) ;
#3226 = CARTESIAN_POINT ( 'NONE',  ( -33.79267617020407499, 119.3794824612911896, 57.42522339997786673 ) ) ;
#3227 = CARTESIAN_POINT ( 'NONE',  ( 24.11750743857160728, 47.28741476720374237, -4.500000000000003553 ) ) ;
#3228 = VECTOR ( 'NONE', #7653, 1000.000000000000000 ) ;
#3229 = EDGE_LOOP ( 'NONE', ( #5010, #7587, #4629, #7997 ) ) ;
#3230 = CARTESIAN_POINT ( 'NONE',  ( -7.501452651788568460, 9.785590388231776515, -26.49977826633498523 ) ) ;
#3231 = DIRECTION ( 'NONE',  ( -0.000000000000000000, 1.000000000000000000, -0.000000000000000000 ) ) ;
#3232 = CARTESIAN_POINT ( 'NONE',  ( -14.67590083826541303, 9.781729811828093091, -23.83281167234074971 ) ) ;
#3233 = CARTESIAN_POINT ( 'NONE',  ( 18.13177537504480696, 85.10555910504385224, 47.41432649003607480 ) ) ;
#3234 =( BOUNDED_SURFACE ( )  B_SPLINE_SURFACE ( 3, 2, ( 
 ( #2284, #680, #1386 ),
 ( #991, #1429, #8167 ),
 ( #13, #5940, #2683 ),
 ( #2239, #2029, #6652 ),
 ( #65, #3375, #5995 ),
 ( #2733, #5353, #3073 ),
 ( #2373, #5794, #1766 ),
 ( #5682, #8442, #3754 ),
 ( #1108, #4397, #5648 ),
 ( #6407, #6997, #370 ),
 ( #8328, #4478, #7109 ),
 ( #5157, #6332, #2524 ),
 ( #5041, #4319, #7809 ),
 ( #7028, #4434, #406 ),
 ( #1800, #2410, #5758 ),
 ( #490, #7065, #3672 ) ),
 .UNSPECIFIED., .F., .F., .T. ) 
 B_SPLINE_SURFACE_WITH_KNOTS ( ( 4, 2, 2, 2, 2, 2, 2, 4 ),
 ( 3, 3 ),
 ( 0.3822698668497514496, 0.4938253442064828302, 0.5217142135456657170, 0.5496030828848486038, 0.6053808215632142664, 0.7169362989199457026, 0.7727140375983114762, 0.8284917762766771387 ),
 ( 0.000000000000000000, 1.000000000000000000 ),
 .UNSPECIFIED. ) 
 GEOMETRIC_REPRESENTATION_ITEM ( )  RATIONAL_B_SPLINE_SURFACE ( (
 ( 1.000000000000000000, 0.7071067811863909203, 1.000000000000000000),
 ( 1.000000000000000000, 0.7511876268291843850, 1.000000000000000000),
 ( 1.000000000000000000, 0.7886206401889374051, 1.000000000000000000),
 ( 1.000000000000000000, 0.8273368766804450880, 1.000000000000000000),
 ( 1.000000000000000000, 0.8347716862092144918, 1.000000000000000000),
 ( 1.000000000000000000, 0.8495901953382420935, 1.000000000000000000),
 ( 1.000000000000000000, 0.8568804122530844225, 1.000000000000000000),
 ( 1.000000000000000000, 0.8782541365758543828, 1.000000000000000000),
 ( 1.000000000000000000, 0.8918406472963704701, 1.000000000000000000),
 ( 1.000000000000000000, 0.9294421179656927601, 1.000000000000000000),
 ( 1.000000000000000000, 0.9501837924619455089, 1.000000000000000000),
 ( 1.000000000000000000, 0.9710569706147268443, 1.000000000000000000),
 ( 1.000000000000000000, 0.9763319172316669015, 1.000000000000000000),
 ( 1.000000000000000000, 0.9833148238169316935, 1.000000000000000000),
 ( 1.000000000000000000, 0.9850284554919328528, 1.000000000000000000),
 ( 1.000000000000000000, 0.9850231824050905693, 1.000000000000000000) ) ) 
 REPRESENTATION_ITEM ( '' )  SURFACE ( )  );
#3235 = DIRECTION ( 'NONE',  ( 0.000000000000000000, 0.000000000000000000, 1.000000000000000000 ) ) ;
#3236 = CARTESIAN_POINT ( 'NONE',  ( -38.49107761429965535, 8.500000000000000000, 3.542336281473916770 ) ) ;
#3237 = CARTESIAN_POINT ( 'NONE',  ( -113.2254025089934544, 222.4999999999998579, 121.4076260998840837 ) ) ;
#3238 = CIRCLE ( 'NONE', #7785, 1.000000000000000000 ) ;
#3239 = AXIS2_PLACEMENT_3D ( 'NONE', #2247, #5613, #6959 ) ;
#3240 = EDGE_CURVE ( 'NONE', #5838, #7422, #233, .T. ) ;
#3241 = CARTESIAN_POINT ( 'NONE',  ( 40.88186813186813851, 119.5000000000000000, 57.50000000000000711 ) ) ;
#3242 = CARTESIAN_POINT ( 'NONE',  ( -68.98334558928459614, 176.9850332850297150, -86.42329795122419966 ) ) ;
#3243 = CARTESIAN_POINT ( 'NONE',  ( 23.69023576311840174, 9.539253321768795146, 7.909669044619454858 ) ) ;
#3244 = EDGE_LOOP ( 'NONE', ( #3067, #1291 ) ) ;
#3245 = ORIENTED_EDGE ( 'NONE', *, *, #1713, .F. ) ;
#3246 = ORIENTED_EDGE ( 'NONE', *, *, #438, .F. ) ;
#3247 =( LENGTH_UNIT ( ) NAMED_UNIT ( * ) SI_UNIT ( .MILLI., .METRE. ) );
#3248 = VECTOR ( 'NONE', #3960, 1000.000000000000000 ) ;
#3249 = CARTESIAN_POINT ( 'NONE',  ( 40.45946519827176502, 8.500000000000000000, 2.499999999999998224 ) ) ;
#3250 = ADVANCED_FACE ( 'NONE', ( #181 ), #6065, .F. ) ;
#3251 = DIRECTION ( 'NONE',  ( -4.026401060382563240E-16, -1.000000000000000000, -0.000000000000000000 ) ) ;
#3252 = ORIENTED_EDGE ( 'NONE', *, *, #8125, .T. ) ;
#3253 = AXIS2_PLACEMENT_3D ( 'NONE', #1876, #4528, #2525 ) ;
#3254 = CARTESIAN_POINT ( 'NONE',  ( -132.2499999999996589, 227.4999999999999716, 104.7500000000004547 ) ) ;
#3255 = DIRECTION ( 'NONE',  ( 0.000000000000000000, 0.000000000000000000, -1.000000000000000000 ) ) ;
#3256 = CARTESIAN_POINT ( 'NONE',  ( -24.99994838365451599, 48.01485984079207014, 3.500000000000082157 ) ) ;
#3257 = CARTESIAN_POINT ( 'NONE',  ( -24.41383171847507327, 85.82379070519621678, -39.73612998050332124 ) ) ;
#3258 = VECTOR ( 'NONE', #2847, 1000.000000000000000 ) ;
#3259 = ADVANCED_FACE ( 'NONE', ( #4145 ), #2760, .F. ) ;
#3260 = EDGE_CURVE ( 'NONE', #8384, #3678, #1746, .T. ) ;
#3261 = CYLINDRICAL_SURFACE ( 'NONE', #6128, 5.000000000000004441 ) ;
#3262 = LINE ( 'NONE', #3863, #3157 ) ;
#3263 = CARTESIAN_POINT ( 'NONE',  ( -34.31449549130207544, 120.0631498402282915, -57.84941329541283039 ) ) ;
#3264 = ORIENTED_EDGE ( 'NONE', *, *, #2942, .F. ) ;
#3265 = DIRECTION ( 'NONE',  ( 0.000000000000000000, 1.000000000000000000, 0.000000000000000000 ) ) ;
#3266 = VERTEX_POINT ( 'NONE', #6682 ) ;
#3267 = CYLINDRICAL_SURFACE ( 'NONE', #5782, 57.25000000000000000 ) ;
#3268 = DIRECTION ( 'NONE',  ( 0.000000000000000000, 0.000000000000000000, 1.000000000000000000 ) ) ;
#3269 = VECTOR ( 'NONE', #4898, 1000.000000000000000 ) ;
#3270 = CARTESIAN_POINT ( 'NONE',  ( -34.11790219225088805, 36.48528137423860329, 38.36054287937020035 ) ) ;
#3271 = ORIENTED_EDGE ( 'NONE', *, *, #3693, .F. ) ;
#3272 = DIRECTION ( 'NONE',  ( 1.000000000000000000, 0.000000000000000000, 0.000000000000000000 ) ) ;
#3273 = CARTESIAN_POINT ( 'NONE',  ( 5.584405364540898198, 9.774996538991063133, 26.62201116425571001 ) ) ;
#3274 = CARTESIAN_POINT ( 'NONE',  ( 17.35878081340149492, 8.500000000000014211, 23.03943464217164561 ) ) ;
#3275 = CARTESIAN_POINT ( 'NONE',  ( -23.17186821056928281, 9.601098692201730955, -11.41310911105064818 ) ) ;
#3276 = CARTESIAN_POINT ( 'NONE',  ( -39.55118518122904447, 8.500000000000001776, 3.118599564162119808 ) ) ;
#3277 = CARTESIAN_POINT ( 'NONE',  ( 16.94628038708179574, -6.823252132008634911E-15, 6.707880210001645693 ) ) ;
#3278 = B_SPLINE_SURFACE_WITH_KNOTS ( 'NONE', 3, 1, ( 
 ( #8491, #2580 ),
 ( #5205, #615 ),
 ( #5883, #2619 ),
 ( #7467, #5518 ),
 ( #5421, #6815 ),
 ( #2899, #8163 ),
 ( #2801, #1546 ),
 ( #801, #896 ),
 ( #1502, #750 ),
 ( #2056, #2234 ) ),
 .UNSPECIFIED., .F., .F., .F.,
 ( 4, 2, 2, 2, 4 ),
 ( 2, 2 ),
 ( 0.000000000000000000, 0.2499999999999998890, 0.5000000000000000000, 0.7499999999999998890, 1.000000000000000000 ),
 ( 0.000000000000000000, 1.000000000000000000 ),
 .UNSPECIFIED. ) ;
#3279 = CARTESIAN_POINT ( 'NONE',  ( 3.007755225401098631, 55.99239606799746127, -39.63437774923002621 ) ) ;
#3280 = DIRECTION ( 'NONE',  ( 0.000000000000000000, 1.000000000000000000, 0.000000000000000000 ) ) ;
#3281 = ORIENTED_EDGE ( 'NONE', *, *, #3677, .T. ) ;
#3282 =( BOUNDED_CURVE ( )  B_SPLINE_CURVE ( 3, ( #301, #217, #2975, #2927 ),
 .UNSPECIFIED., .F., .T. ) 
 B_SPLINE_CURVE_WITH_KNOTS ( ( 4, 4 ),
 ( 1.570796326794895448, 3.141592653589793116 ),
 .UNSPECIFIED. ) 
 CURVE ( )  GEOMETRIC_REPRESENTATION_ITEM ( )  RATIONAL_B_SPLINE_CURVE ( ( 1.000000000000000000, 0.8047378541243646044, 0.8047378541243646044, 1.000000000000000000 ) ) 
 REPRESENTATION_ITEM ( '' )  );
#3283 = CARTESIAN_POINT ( 'NONE',  ( -15.73731124075471222, 0.9999999999999985567, 9.340130589362013680 ) ) ;
#3284 = VERTEX_POINT ( 'NONE', #6775 ) ;
#3285 = ORIENTED_EDGE ( 'NONE', *, *, #3733, .T. ) ;
#3286 = FACE_OUTER_BOUND ( 'NONE', #7227, .T. ) ;
#3287 = EDGE_CURVE ( 'NONE', #7422, #7874, #3815, .T. ) ;
#3288 = CARTESIAN_POINT ( 'NONE',  ( 132.2500000000011084, 227.4999999999999716, 104.7499999999986073 ) ) ;
#3289 = DIRECTION ( 'NONE',  ( -0.000000000000000000, 1.000000000000000000, -0.000000000000000000 ) ) ;
#3290 = ORIENTED_EDGE ( 'NONE', *, *, #971, .F. ) ;
#3291 = VERTEX_POINT ( 'NONE', #4189 ) ;
#3292 = CARTESIAN_POINT ( 'NONE',  ( -69.00000000000000000, 177.0000000000000000, 85.94234171967497105 ) ) ;
#3293 = CARTESIAN_POINT ( 'NONE',  ( -104.7500000000000000, 222.4999999999999716, 129.5500000000000114 ) ) ;
#3294 = EDGE_CURVE ( 'NONE', #5374, #7912, #7234, .T. ) ;
#3295 = DIRECTION ( 'NONE',  ( -0.000000000000000000, -0.000000000000000000, -1.000000000000000000 ) ) ;
#3296 = DIRECTION ( 'NONE',  ( -0.000000000000000000, 1.000000000000000000, -0.000000000000000000 ) ) ;
#3297 = CARTESIAN_POINT ( 'NONE',  ( -42.23335908340972367, 122.2637230694445805, -51.98054055290170083 ) ) ;
#3298 = CARTESIAN_POINT ( 'NONE',  ( 68.91092437394597425, 176.9199509650190407, -86.88283837674045174 ) ) ;
#3299 = CARTESIAN_POINT ( 'NONE',  ( 33.29635042316220250, 119.4861169322290380, -57.49138607859975281 ) ) ;
#3300 = EDGE_LOOP ( 'NONE', ( #6176, #2044, #2413, #6643 ) ) ;
#3301 = DIRECTION ( 'NONE',  ( -0.000000000000000000, 1.000000000000000000, -0.000000000000000000 ) ) ;
#3302 = ADVANCED_FACE ( 'NONE', ( #274 ), #7989, .F. ) ;
#3303 = ORIENTED_EDGE ( 'NONE', *, *, #1326, .F. ) ;
#3304 = EDGE_CURVE ( 'NONE', #5194, #3414, #5479, .T. ) ;
#3305 = CARTESIAN_POINT ( 'NONE',  ( -15.52055380191783307, 85.68750859614002025, 47.98804928264171821 ) ) ;
#3306 = CARTESIAN_POINT ( 'NONE',  ( 4.785899083865504444, 8.673486567605907638, -26.32287314015452395 ) ) ;
#3307 = DIRECTION ( 'NONE',  ( -0.9999511932547847648, 0.009879833416224004239, 0.000000000000000000 ) ) ;
#3308 = PLANE ( 'NONE',  #7804 ) ;
#3309 = EDGE_LOOP ( 'NONE', ( #7771, #2243, #7288, #7615, #5214, #7076, #5462, #150 ) ) ;
#3310 = CARTESIAN_POINT ( 'NONE',  ( 139.6500000000000057, 9.499999999999994671, -26.59419916606944767 ) ) ;
#3311 = CARTESIAN_POINT ( 'NONE',  ( 20.47820435764635860, 9.706083812632344987, 17.90313729444321922 ) ) ;
#3312 = EDGE_CURVE ( 'NONE', #4, #6663, #4102, .T. ) ;
#3313 = CARTESIAN_POINT ( 'NONE',  ( 15.17263504970502730, 8.500000000000014211, 24.65678193843965360 ) ) ;
#3314 = CARTESIAN_POINT ( 'NONE',  ( 23.74428229175046923, 9.512818047274219424, -6.459199983066334028 ) ) ;
#3315 = AXIS2_PLACEMENT_3D ( 'NONE', #7490, #7586, #1657 ) ;
#3316 = CARTESIAN_POINT ( 'NONE',  ( 23.56994981981590698, -8.131626342475071212, 1.119644870922295921 ) ) ;
#3317 = FACE_OUTER_BOUND ( 'NONE', #190, .T. ) ;
#3318 = AXIS2_PLACEMENT_3D ( 'NONE', #6025, #5426, #5926 ) ;
#3319 = CARTESIAN_POINT ( 'NONE',  ( -119.4393486189787126, 222.4999999999999432, 117.1852090338756511 ) ) ;
#3320 = CARTESIAN_POINT ( 'NONE',  ( 4.062008260468028098, 53.89108000799949139, 39.04324666203782357 ) ) ;
#3321 = DIRECTION ( 'NONE',  ( -0.000000000000000000, 1.000000000000000000, -0.000000000000000000 ) ) ;
#3322 = ORIENTED_EDGE ( 'NONE', *, *, #2829, .F. ) ;
#3323 = CARTESIAN_POINT ( 'NONE',  ( 41.70856350181540506, 121.1905455879820153, 50.05350415998666591 ) ) ;
#3324 = DIRECTION ( 'NONE',  ( 1.000000000000000000, 0.000000000000000000, 0.000000000000000000 ) ) ;
#3325 = ORIENTED_EDGE ( 'NONE', *, *, #2829, .T. ) ;
#3326 = AXIS2_PLACEMENT_3D ( 'NONE', #6666, #4870, #4828 ) ;
#3327 = VERTEX_POINT ( 'NONE', #4702 ) ;
#3328 = DIRECTION ( 'NONE',  ( 0.000000000000000000, 0.000000000000000000, 1.000000000000000000 ) ) ;
#3329 = CARTESIAN_POINT ( 'NONE',  ( 39.43483914830975579, 8.500000000000000000, 3.246305433290571418 ) ) ;
#3330 = CARTESIAN_POINT ( 'NONE',  ( -22.45064030267285560, 9.039528192094949421E-15, 22.45064030267290889 ) ) ;
#3331 = ORIENTED_EDGE ( 'NONE', *, *, #2954, .T. ) ;
#3332 = ORIENTED_EDGE ( 'NONE', *, *, #3799, .T. ) ;
#3333 = ORIENTED_EDGE ( 'NONE', *, *, #2454, .F. ) ;
#3334 = LINE ( 'NONE', #4679, #1862 ) ;
#3335 = AXIS2_PLACEMENT_3D ( 'NONE', #3753, #7808, #485 ) ;
#3336 = CARTESIAN_POINT ( 'NONE',  ( 33.94842799962897573, 119.3145623853462354, -57.38494293454227346 ) ) ;
#3337 = CARTESIAN_POINT ( 'NONE',  ( -38.34813367245750015, 114.3186553751377801, 54.28517053417148475 ) ) ;
#3338 = DIRECTION ( 'NONE',  ( 0.000000000000000000, 0.000000000000000000, 1.000000000000000000 ) ) ;
#3339 = DIRECTION ( 'NONE',  ( 0.000000000000000000, 0.000000000000000000, 1.000000000000000000 ) ) ;
#3340 = EDGE_CURVE ( 'NONE', #3084, #3467, #6730, .T. ) ;
#3341 = ORIENTED_EDGE ( 'NONE', *, *, #5448, .F. ) ;
#3342 = CARTESIAN_POINT ( 'NONE',  ( -18.19999999999999574, 7.328049929896266014E-15, -0.9912134538010203277 ) ) ;
#3343 = ORIENTED_EDGE ( 'NONE', *, *, #6354, .F. ) ;
#3344 = ORIENTED_EDGE ( 'NONE', *, *, #6568, .T. ) ;
#3345 = LINE ( 'NONE', #8113, #2075 ) ;
#3346 = CARTESIAN_POINT ( 'NONE',  ( 66.78158752356281980, 176.2526469535619356, 90.63066090778372086 ) ) ;
#3347 = CARTESIAN_POINT ( 'NONE',  ( -119.0000000000000000, 229.9999999999999716, -139.6500000000000057 ) ) ;
#3348 = DIRECTION ( 'NONE',  ( 0.000000000000000000, -1.000000000000000000, 0.000000000000000000 ) ) ;
#3349 = EDGE_CURVE ( 'NONE', #3607, #508, #2999, .T. ) ;
#3350 = DIRECTION ( 'NONE',  ( 0.7071067811865489050, 0.000000000000000000, -0.7071067811865462405 ) ) ;
#3351 = ORIENTED_EDGE ( 'NONE', *, *, #3312, .F. ) ;
#3352 = CARTESIAN_POINT ( 'NONE',  ( -17.43247535908986379, 8.499999999992947863, -21.20942445246686248 ) ) ;
#3353 = CARTESIAN_POINT ( 'NONE',  ( 5.745226607481716208, 9.775966534635342597, 26.61585781969794695 ) ) ;
#3354 = CARTESIAN_POINT ( 'NONE',  ( 2.500000000000000000, 9.500000000000001776, 40.75000000000000000 ) ) ;
#3355 = CARTESIAN_POINT ( 'NONE',  ( 20.14883355653237729, 9.713550248031976864, -18.40789263298977474 ) ) ;
#3356 = CARTESIAN_POINT ( 'NONE',  ( -40.45946519826449617, 8.500000000000000000, 2.761846582080224710 ) ) ;
#3357 = CARTESIAN_POINT ( 'NONE',  ( 18.51370253461190174, 87.41649213276018315, 12.32045028971593581 ) ) ;
#3358 = CARTESIAN_POINT ( 'NONE',  ( 2.777269435354697613, 56.48522337444104835, 39.77301731279018782 ) ) ;
#3359 = EDGE_CURVE ( 'NONE', #6737, #2337, #7108, .T. ) ;
#3360 = CARTESIAN_POINT ( 'NONE',  ( 128.6499999999999773, 0.000000000000000000, 128.6499999999999773 ) ) ;
#3361 = ADVANCED_FACE ( 'NONE', ( #1592 ), #5380, .F. ) ;
#3362 = AXIS2_PLACEMENT_3D ( 'NONE', #1253, #3251, #106 ) ;
#3363 = VERTEX_POINT ( 'NONE', #4051 ) ;
#3364 = CARTESIAN_POINT ( 'NONE',  ( 112.3555234424488987, 222.4999999999999716, -121.4076260998840411 ) ) ;
#3365 = CARTESIAN_POINT ( 'NONE',  ( -64.27137399885320690, 179.2885185728772228, -94.59652708758648032 ) ) ;
#3366 = ORIENTED_EDGE ( 'NONE', *, *, #8061, .F. ) ;
#3367 = ORIENTED_EDGE ( 'NONE', *, *, #5402, .T. ) ;
#3368 = CARTESIAN_POINT ( 'NONE',  ( -22.45064030267285204, 8.500000000000000000, 22.45064030267290889 ) ) ;
#3369 = APPLICATION_PROTOCOL_DEFINITION ( 'draft international standard', 'automotive_design', 1998, #336 ) ;
#3370 = DIRECTION ( 'NONE',  ( -1.000000000000000000, 0.000000000000000000, 0.000000000000000000 ) ) ;
#3371 = CIRCLE ( 'NONE', #8213, 18.19999999999999929 ) ;
#3372 = CIRCLE ( 'NONE', #2536, 2.700000000000008171 ) ;
#3373 = CARTESIAN_POINT ( 'NONE',  ( 4.500000000000000888, 9.500000000000001776, 0.000000000000000000 ) ) ;
#3374 = ORIENTED_EDGE ( 'NONE', *, *, #7862, .T. ) ;
#3375 = CARTESIAN_POINT ( 'NONE',  ( 24.14082800827269892, 49.64772090977375996, 3.665780284764216912 ) ) ;
#3376 = VECTOR ( 'NONE', #8034, 1000.000000000000114 ) ;
#3377 = ORIENTED_EDGE ( 'NONE', *, *, #6193, .F. ) ;
#3378 = CIRCLE ( 'NONE', #8345, 5.000000000000004441 ) ;
#3379 = CYLINDRICAL_SURFACE ( 'NONE', #7401, 1.000000000000000888 ) ;
#3380 = DIRECTION ( 'NONE',  ( 0.000000000000000000, 0.000000000000000000, 1.000000000000000000 ) ) ;
#3381 = CARTESIAN_POINT ( 'NONE',  ( 23.73427553772389231, 8.499999999999960920, 26.27406881924596860 ) ) ;
#3382 = DIRECTION ( 'NONE',  ( 0.000000000000000000, 0.000000000000000000, 1.000000000000000000 ) ) ;
#3383 = AXIS2_PLACEMENT_3D ( 'NONE', #6285, #2982, #4307 ) ;
#3384 = AXIS2_PLACEMENT_3D ( 'NONE', #2706, #611, #5918 ) ;
#3385 = CARTESIAN_POINT ( 'NONE',  ( -57.25000000000000000, 0.000000000000000000, 139.6500000000000057 ) ) ;
#3386 = VERTEX_POINT ( 'NONE', #4795 ) ;
#3387 = DIRECTION ( 'NONE',  ( 0.009879833416224214140, 0.9999511932547846538, 0.000000000000000000 ) ) ;
#3388 = CARTESIAN_POINT ( 'NONE',  ( 22.32305314657892836, 8.500000000000000000, -16.70890933629451425 ) ) ;
#3389 = ORIENTED_EDGE ( 'NONE', *, *, #2681, .F. ) ;
#3390 = CARTESIAN_POINT ( 'NONE',  ( 4.500000000000000888, 9.500000000000001776, -38.75000000000000000 ) ) ;
#3391 = EDGE_LOOP ( 'NONE', ( #1554, #2500, #5281, #6546 ) ) ;
#3392 = VECTOR ( 'NONE', #4822, 1000.000000000000000 ) ;
#3393 = EDGE_CURVE ( 'NONE', #5159, #4907, #8031, .T. ) ;
#3394 = CARTESIAN_POINT ( 'NONE',  ( 34.11790219225094489, 36.48528137423857487, 38.36054287937221119 ) ) ;
#3395 = CIRCLE ( 'NONE', #4777, 1.000000000000000888 ) ;
#3396 = CARTESIAN_POINT ( 'NONE',  ( 22.30332332414664265, 99.34948820093391930, 51.83136491266118639 ) ) ;
#3397 = AXIS2_PLACEMENT_3D ( 'NONE', #85, #842, #2099 ) ;
#3398 = CARTESIAN_POINT ( 'NONE',  ( -38.36054287936816110, 36.48528137423860329, -34.11790219225091647 ) ) ;
#3399 = ORIENTED_EDGE ( 'NONE', *, *, #4787, .T. ) ;
#3400 = CARTESIAN_POINT ( 'NONE',  ( 41.71457440236943626, 121.2028375419240263, -51.32230098370206406 ) ) ;
#3401 = CARTESIAN_POINT ( 'NONE',  ( 6.123233995736754449E-16, 227.4999999999999716, 127.2500000000000000 ) ) ;
#3402 = CARTESIAN_POINT ( 'NONE',  ( 22.85387268391347604, 9.621701367974001329, -12.62243608550435958 ) ) ;
#3403 = DIRECTION ( 'NONE',  ( 0.3303702727430710140, -0.9438514093265257809, 0.000000000000000000 ) ) ;
#3404 = CIRCLE ( 'NONE', #777, 5.000000000000004441 ) ;
#3405 = EDGE_CURVE ( 'NONE', #6573, #841, #4744, .T. ) ;
#3406 = CARTESIAN_POINT ( 'NONE',  ( 2.500000000000000000, 8.500000000000000000, 38.75000000000000000 ) ) ;
#3407 = DIRECTION ( 'NONE',  ( 0.000000000000000000, 1.000000000000000000, -0.000000000000000000 ) ) ;
#3408 = CIRCLE ( 'NONE', #3697, 4.999999999999976907 ) ;
#3409 = VECTOR ( 'NONE', #166, 1000.000000000000000 ) ;
#3410 = CARTESIAN_POINT ( 'NONE',  ( -117.9968664971640493, 222.5000000000000853, 119.5733793503102902 ) ) ;
#3411 = CARTESIAN_POINT ( 'NONE',  ( 3.382217113138710207, 52.51001257282554491, 39.22177387446159713 ) ) ;
#3412 = CARTESIAN_POINT ( 'NONE',  ( 41.29359469065947508, 120.3419576820227093, 50.17235775129454822 ) ) ;
#3413 = CARTESIAN_POINT ( 'NONE',  ( 42.59984112308228532, 123.0131582516963391, -58.48830304319429274 ) ) ;
#3414 = VERTEX_POINT ( 'NONE', #7471 ) ;
#3415 = CARTESIAN_POINT ( 'NONE',  ( -11.99331898875634828, 60.38194016050076840, -40.86922100821710302 ) ) ;
#3416 = DIRECTION ( 'NONE',  ( 0.000000000000000000, 0.000000000000000000, -1.000000000000000000 ) ) ;
#3417 = ORIENTED_EDGE ( 'NONE', *, *, #3135, .T. ) ;
#3418 = AXIS2_PLACEMENT_3D ( 'NONE', #1814, #7828, #1892 ) ;
#3419 = ORIENTED_EDGE ( 'NONE', *, *, #811, .T. ) ;
#3420 = FACE_OUTER_BOUND ( 'NONE', #2390, .T. ) ;
#3421 = EDGE_CURVE ( 'NONE', #7214, #4598, #600, .T. ) ;
#3422 = DIRECTION ( 'NONE',  ( 0.000000000000000000, 0.000000000000000000, -1.000000000000000000 ) ) ;
#3423 = EDGE_CURVE ( 'NONE', #1005, #2383, #4315, .T. ) ;
#3424 = CARTESIAN_POINT ( 'NONE',  ( -39.36729686990015153, 9.211326951882959690, -3.003618975420772053 ) ) ;
#3425 = CARTESIAN_POINT ( 'NONE',  ( -2.500000000000000000, 8.500000000000000000, 39.75000000000000000 ) ) ;
#3426 = CARTESIAN_POINT ( 'NONE',  ( 38.49107761430047248, 8.500000000000000000, -3.542336281473438930 ) ) ;
#3427 = ORIENTED_EDGE ( 'NONE', *, *, #1402, .T. ) ;
#3428 = CARTESIAN_POINT ( 'NONE',  ( 39.23922253581054065, 8.500000000000000000, 36.23922253581257991 ) ) ;
#3429 = ORIENTED_EDGE ( 'NONE', *, *, #8000, .T. ) ;
#3430 = CARTESIAN_POINT ( 'NONE',  ( -35.81439921304680496, 109.1373107502754607, -51.07034106834289844 ) ) ;
#3431 = CARTESIAN_POINT ( 'NONE',  ( 24.35912097720256497, 52.03576878201457845, -3.035261871262355804 ) ) ;
#3432 = CARTESIAN_POINT ( 'NONE',  ( 8.364117323216280653, 34.34482724378392504, 33.54459852098358397 ) ) ;
#3433 = EDGE_CURVE ( 'NONE', #6780, #2840, #367, .T. ) ;
#3434 = DIRECTION ( 'NONE',  ( 0.000000000000000000, 0.000000000000000000, 1.000000000000000000 ) ) ;
#3435 = CARTESIAN_POINT ( 'NONE',  ( -139.6500000000000057, 222.4999999999999716, 139.6500000000000057 ) ) ;
#3436 = CIRCLE ( 'NONE', #7149, 2.000000000000001776 ) ;
#3437 = VERTEX_POINT ( 'NONE', #3667 ) ;
#3438 = CARTESIAN_POINT ( 'NONE',  ( -18.11849467092551080, 7.295232615555028670E-15, -1.982339777569380956 ) ) ;
#3439 = SPHERICAL_SURFACE ( 'NONE', #1894, 1.000000000000000000 ) ;
#3440 = ORIENTED_EDGE ( 'NONE', *, *, #1859, .T. ) ;
#3441 = CARTESIAN_POINT ( 'NONE',  ( 132.2500000000000000, 229.9999999999999716, -1.385245221186013225E-12 ) ) ;
#3442 = ORIENTED_EDGE ( 'NONE', *, *, #7325, .F. ) ;
#3443 = CARTESIAN_POINT ( 'NONE',  ( -24.64793551672142868, -0.2435293828355845069, 4.500000000000000888 ) ) ;
#3444 =( BOUNDED_CURVE ( )  B_SPLINE_CURVE ( 3, ( #266, #2936, #8202, #3029 ),
 .UNSPECIFIED., .F., .T. ) 
 B_SPLINE_CURVE_WITH_KNOTS ( ( 4, 4 ),
 ( 0.000000000000000000, 1.570796326794896558 ),
 .UNSPECIFIED. ) 
 CURVE ( )  GEOMETRIC_REPRESENTATION_ITEM ( )  RATIONAL_B_SPLINE_CURVE ( ( 1.000000000000000000, 0.8047378541243649375, 0.8047378541243649375, 1.000000000000000000 ) ) 
 REPRESENTATION_ITEM ( '' )  );
#3445 = CARTESIAN_POINT ( 'NONE',  ( 24.74420466249360118, 9.500000000000001776, -4.500000000000000888 ) ) ;
#3446 = DIRECTION ( 'NONE',  ( -0.000000000000000000, 0.9626347067015693648, -0.2708032892222390076 ) ) ;
#3447 = EDGE_LOOP ( 'NONE', ( #2224, #6147, #4765, #5751 ) ) ;
#3448 = CARTESIAN_POINT ( 'NONE',  ( -21.24420009070220772, 8.500000000002311040, -16.17459086407717450 ) ) ;
#3449 = CARTESIAN_POINT ( 'NONE',  ( 11.83196250939464456, 9.790910748894123827, 25.28085142997562329 ) ) ;
#3450 = CARTESIAN_POINT ( 'NONE',  ( 132.2500000000000000, 229.9999999999999716, -2.700000000001393285 ) ) ;
#3451 = CARTESIAN_POINT ( 'NONE',  ( 7.526706214197421474, 9.785011966145114926, -26.46179534590421767 ) ) ;
#3452 = LINE ( 'NONE', #8030, #22 ) ;
#3453 = DIRECTION ( 'NONE',  ( 0.009879833416222269515, 0.9999511932547846538, -0.000000000000000000 ) ) ;
#3454 = DIRECTION ( 'NONE',  ( -4.026401060382563240E-16, -1.000000000000000000, -0.000000000000000000 ) ) ;
#3455 = CARTESIAN_POINT ( 'NONE',  ( 0.000000000000000000, 0.000000000000000000, 3.500000000000000000 ) ) ;
#3457 = ADVANCED_FACE ( 'NONE', ( #2330 ), #5000, .F. ) ;
#3456 = CARTESIAN_POINT ( 'NONE',  ( 17.27450110833659380, 89.27423230140087185, -48.99704736899177249 ) ) ;
#3458 = CARTESIAN_POINT ( 'NONE',  ( -24.14184983044384936, 49.75114090243949505, -4.317438219424820645 ) ) ;
#3459 = CARTESIAN_POINT ( 'NONE',  ( -119.0000000000000000, 229.9999999999999716, 139.6500000000000057 ) ) ;
#3460 = EDGE_LOOP ( 'NONE', ( #1536, #3592, #1528, #7199 ) ) ;
#3461 = ORIENTED_EDGE ( 'NONE', *, *, #503, .T. ) ;
#3462 = CARTESIAN_POINT ( 'NONE',  ( -3.408597778980982262, 52.13283804569245206, 39.16872150574108957 ) ) ;
#3463 = DIRECTION ( 'NONE',  ( -0.009879833416224214140, -0.9999511932547846538, 0.000000000000000000 ) ) ;
#3464 = CARTESIAN_POINT ( 'NONE',  ( -32.94983041568491444, 119.4999999999999858, -57.50000000000000000 ) ) ;
#3465 = CARTESIAN_POINT ( 'NONE',  ( 6.296282991417965214, 1.000000000000000000, 17.44500107909260933 ) ) ;
#3466 = CARTESIAN_POINT ( 'NONE',  ( 38.64807439327455540, 9.413526278547333703, -3.473972674778852188 ) ) ;
#3467 = VERTEX_POINT ( 'NONE', #5558 ) ;
#3469 = ADVANCED_FACE ( 'NONE', ( #5645 ), #4360, .F. ) ;
#3468 = CARTESIAN_POINT ( 'NONE',  ( 0.000000000000000000, 229.9999999999999716, 132.2500000000000000 ) ) ;
#3470 = CARTESIAN_POINT ( 'NONE',  ( 24.50000000000000711, 86.00000000000000000, 139.6500000000000057 ) ) ;
#3471 = EDGE_LOOP ( 'NONE', ( #2825, #546, #2768 ) ) ;
#3472 = DIRECTION ( 'NONE',  ( 1.000000000000000000, -0.000000000000000000, -0.000000000000000000 ) ) ;
#3473 = CARTESIAN_POINT ( 'NONE',  ( -128.6499999999999773, 229.9999999999999716, 139.6500000000000057 ) ) ;
#3474 = CARTESIAN_POINT ( 'NONE',  ( -66.52617087843638899, 185.9342163622332293, 98.71993261666409580 ) ) ;
#3475 = DIRECTION ( 'NONE',  ( 0.000000000000000000, 0.000000000000000000, -1.000000000000000000 ) ) ;
#3476 = FACE_OUTER_BOUND ( 'NONE', #962, .T. ) ;
#3477 = ADVANCED_FACE ( 'NONE', ( #7646 ), #2281, .T. ) ;
#3478 = ORIENTED_EDGE ( 'NONE', *, *, #4398, .T. ) ;
#3479 = ADVANCED_FACE ( 'NONE', ( #4924 ), #3071, .F. ) ;
#3480 = B_SPLINE_CURVE_WITH_KNOTS ( 'NONE', 3,
 ( #272, #5556, #2279, #6291, #365, #3034 ),
 .UNSPECIFIED., .F., .F.,
 ( 4, 2, 4 ),
 ( 1.387778780781445676E-17, 0.0007108616703902794452, 0.001421723340780545013 ),
 .UNSPECIFIED. ) ;
#3481 = CARTESIAN_POINT ( 'NONE',  ( -18.51370253461190885, 87.41649213276015473, 19.36070759812514908 ) ) ;
#3482 = DIRECTION ( 'NONE',  ( 1.000000000000000000, 4.666965792327556537E-16, 0.000000000000000000 ) ) ;
#3483 = ORIENTED_EDGE ( 'NONE', *, *, #1824, .T. ) ;
#3484 = DIRECTION ( 'NONE',  ( 1.000000000000000000, -0.000000000000000000, 0.000000000000000000 ) ) ;
#3485 = ORIENTED_EDGE ( 'NONE', *, *, #369, .T. ) ;
#3486 = CARTESIAN_POINT ( 'NONE',  ( 0.000000000000000000, 8.500000000000000000, 4.500000000000000888 ) ) ;
#3487 = CARTESIAN_POINT ( 'NONE',  ( 1.646119595982945549, -13.85234709874232095, -19.98602510542928812 ) ) ;
#3488 = DIRECTION ( 'NONE',  ( -0.000000000000000000, 1.000000000000000000, -0.000000000000000000 ) ) ;
#3489 = DIRECTION ( 'NONE',  ( 0.000000000000000000, 0.000000000000000000, 1.000000000000000000 ) ) ;
#3490 = CARTESIAN_POINT ( 'NONE',  ( -39.02886058067540631, 9.306473574832008211, -3.499999999999996891 ) ) ;
#3491 = VERTEX_POINT ( 'NONE', #6366 ) ;
#3492 = LINE ( 'NONE', #177, #6152 ) ;
#3493 = CARTESIAN_POINT ( 'NONE',  ( -3.281888544480928704, 55.38602967041821756, -39.46379797084328089 ) ) ;
#3494 = CARTESIAN_POINT ( 'NONE',  ( 2.500000000000000000, 9.500000000000001776, 38.75000000000000000 ) ) ;
#3495 = LINE ( 'NONE', #6108, #1270 ) ;
#3496 = DIRECTION ( 'NONE',  ( -1.000000000000000000, -0.000000000000000000, -0.000000000000000000 ) ) ;
#3497 = CARTESIAN_POINT ( 'NONE',  ( -24.57196064623249754, 36.48528137423859619, 20.32931995911326695 ) ) ;
#3498 = PLANE ( 'NONE',  #3758 ) ;
#3499 = ORIENTED_EDGE ( 'NONE', *, *, #2320, .F. ) ;
#3500 = DIRECTION ( 'NONE',  ( -0.000000000000000000, 1.000000000000000000, -0.000000000000000000 ) ) ;
#3501 = CARTESIAN_POINT ( 'NONE',  ( -24.59863938000866668, 50.53289659423928981, 3.500000000000000888 ) ) ;
#3502 = ORIENTED_EDGE ( 'NONE', *, *, #6068, .F. ) ;
#3503 = ORIENTED_EDGE ( 'NONE', *, *, #8357, .F. ) ;
#3504 = DIRECTION ( 'NONE',  ( -0.000000000000000000, -1.000000000000000000, -0.000000000000000000 ) ) ;
#3505 = DIRECTION ( 'NONE',  ( -0.000000000000000000, 1.000000000000000000, -0.000000000000000000 ) ) ;
#3506 = FACE_OUTER_BOUND ( 'NONE', #6874, .T. ) ;
#3507 = EDGE_CURVE ( 'NONE', #456, #6444, #3647, .T. ) ;
#3508 = CARTESIAN_POINT ( 'NONE',  ( -7.434052672203744550, 1.000000000000000000, 16.96180768554564366 ) ) ;
#3509 = CARTESIAN_POINT ( 'NONE',  ( 104.7500000000000000, 222.4999999999999716, 132.2500000000000000 ) ) ;
#3510 = ORIENTED_EDGE ( 'NONE', *, *, #4949, .F. ) ;
#3511 = DIRECTION ( 'NONE',  ( 0.000000000000000000, 0.000000000000000000, 1.000000000000000000 ) ) ;
#3512 = VERTEX_POINT ( 'NONE', #3103 ) ;
#3513 = CARTESIAN_POINT ( 'NONE',  ( 118.1407371614346999, 222.5000000000002558, 119.4163546717088593 ) ) ;
#3514 = AXIS2_PLACEMENT_3D ( 'NONE', #1370, #5245, #2716 ) ;
#3515 = AXIS2_PLACEMENT_3D ( 'NONE', #280, #3756, #6370 ) ;
#3516 = FACE_OUTER_BOUND ( 'NONE', #1199, .T. ) ;
#3517 = CARTESIAN_POINT ( 'NONE',  ( -37.16589016458846828, 111.9010338197202117, 45.55088162124467743 ) ) ;
#3518 = EDGE_CURVE ( 'NONE', #5812, #3629, #5715, .T. ) ;
#3519 = CARTESIAN_POINT ( 'NONE',  ( -23.74420466249360118, 9.500000000000008882, -6.299630403166123216 ) ) ;
#3520 = CARTESIAN_POINT ( 'NONE',  ( -38.89512550712179717, 8.500000000000000000, -4.447945349557484107 ) ) ;
#3521 = DIRECTION ( 'NONE',  ( 0.000000000000000000, 0.9626347067015692538, 0.2708032892222389520 ) ) ;
#3522 = DIRECTION ( 'NONE',  ( -1.000000000000000000, 0.000000000000000000, -0.000000000000000000 ) ) ;
#3523 = ORIENTED_EDGE ( 'NONE', *, *, #6911, .T. ) ;
#3524 = CARTESIAN_POINT ( 'NONE',  ( -18.51370253461190885, 87.41649213276018315, -24.64090057943204215 ) ) ;
#3525 = LINE ( 'NONE', #6143, #2329 ) ;
#3526 = ORIENTED_EDGE ( 'NONE', *, *, #3518, .T. ) ;
#3527 = CARTESIAN_POINT ( 'NONE',  ( 22.45064030267488775, -9.039528192095768259E-15, -22.45064030267088029 ) ) ;
#3528 = ORIENTED_EDGE ( 'NONE', *, *, #5355, .F. ) ;
#3529 = CARTESIAN_POINT ( 'NONE',  ( 104.7500000000000000, 229.9999999999999716, -132.2500000000000000 ) ) ;
#3530 = LINE ( 'NONE', #6149, #6628 ) ;
#3531 = EDGE_CURVE ( 'NONE', #6159, #7299, #8294, .T. ) ;
#3532 = AXIS2_PLACEMENT_3D ( 'NONE', #4553, #7176, #6516 ) ;
#3533 = ADVANCED_FACE ( 'NONE', ( #1798 ), #1071, .F. ) ;
#3534 = AXIS2_PLACEMENT_3D ( 'NONE', #4771, #2175, #731 ) ;
#3535 = LINE ( 'NONE', #2753, #3124 ) ;
#3536 = ORIENTED_EDGE ( 'NONE', *, *, #5227, .T. ) ;
#3537 = AXIS2_PLACEMENT_3D ( 'NONE', #3118, #7662, #4333 ) ;
#3538 = CARTESIAN_POINT ( 'NONE',  ( -22.84285866154025868, 9.622340997527448536, -12.66031898434923164 ) ) ;
#3539 = FACE_OUTER_BOUND ( 'NONE', #994, .T. ) ;
#3540 = ORIENTED_EDGE ( 'NONE', *, *, #4847, .F. ) ;
#3541 = ADVANCED_FACE ( 'NONE', ( #987 ), #5680, .T. ) ;
#3542 = CARTESIAN_POINT ( 'NONE',  ( -24.74420466249360118, 9.500000000000008882, 6.299630403166113446 ) ) ;
#3543 = CYLINDRICAL_SURFACE ( 'NONE', #5439, 1.000000000000000888 ) ;
#3544 = FACE_OUTER_BOUND ( 'NONE', #6115, .T. ) ;
#3545 = CIRCLE ( 'NONE', #610, 3.000000000000009770 ) ;
#3546 = CIRCLE ( 'NONE', #2861, 1.000000000000000888 ) ;
#3547 = CARTESIAN_POINT ( 'NONE',  ( 28.73096866970523067, 111.3650299087044999, -55.21151336731274739 ) ) ;
#3548 = EDGE_LOOP ( 'NONE', ( #629, #525, #7315, #1077 ) ) ;
#3549 = CARTESIAN_POINT ( 'NONE',  ( -24.12522552400243825, 48.06857254700328497, -4.499999998059416306 ) ) ;
#3550 = CARTESIAN_POINT ( 'NONE',  ( -24.23177876883822535, 52.83478489955946600, 3.085786437626905965 ) ) ;
#3551 = ORIENTED_EDGE ( 'NONE', *, *, #5807, .T. ) ;
#3552 = EDGE_LOOP ( 'NONE', ( #5651, #2925, #4285, #2497 ) ) ;
#3553 = CARTESIAN_POINT ( 'NONE',  ( 7.305840457278534039, -2.941624376417211753E-15, -16.66927398577371022 ) ) ;
#3554 = FACE_BOUND ( 'NONE', #7759, .T. ) ;
#3555 = CARTESIAN_POINT ( 'NONE',  ( 114.2834053784940664, 224.2325175850477024, 122.4825881002404344 ) ) ;
#3556 = CARTESIAN_POINT ( 'NONE',  ( 17.35878081349104463, 8.500000000000012434, 23.03943464235428706 ) ) ;
#3557 = VECTOR ( 'NONE', #6696, 1000.000000000000000 ) ;
#3558 = ORIENTED_EDGE ( 'NONE', *, *, #4938, .T. ) ;
#3559 = CIRCLE ( 'NONE', #1064, 3.000000000000009770 ) ;
#3560 = DIRECTION ( 'NONE',  ( 0.000000000000000000, 0.000000000000000000, 1.000000000000000000 ) ) ;
#3561 = VERTEX_POINT ( 'NONE', #3791 ) ;
#3562 = FACE_OUTER_BOUND ( 'NONE', #1494, .T. ) ;
#3563 = VERTEX_POINT ( 'NONE', #8260 ) ;
#3564 = EDGE_CURVE ( 'NONE', #1972, #7364, #6980, .T. ) ;
#3565 = DIRECTION ( 'NONE',  ( -4.026401060382563240E-16, -1.000000000000000000, -0.000000000000000000 ) ) ;
#3566 = CARTESIAN_POINT ( 'NONE',  ( -17.27450110833658314, 89.27423230140084343, 48.99704736899175117 ) ) ;
#3567 = CARTESIAN_POINT ( 'NONE',  ( 121.7980777583334060, 230.9856811478813654, -126.6726720998999127 ) ) ;
#3568 = CARTESIAN_POINT ( 'NONE',  ( -38.61791111448111025, 8.500000000000000000, -4.499999999992781774 ) ) ;
#3569 = PLANE ( 'NONE',  #1042 ) ;
#3570 = ADVANCED_FACE ( 'NONE', ( #1682 ), #5037, .F. ) ;
#3571 = CARTESIAN_POINT ( 'NONE',  ( -16.50247935643813690, 8.499999999999996447, 22.03769279500662392 ) ) ;
#3572 = CARTESIAN_POINT ( 'NONE',  ( -4.500000000000000888, 49.42675095010444153, 37.78736529329842853 ) ) ;
#3573 = ORIENTED_EDGE ( 'NONE', *, *, #4847, .T. ) ;
#3574 =( BOUNDED_CURVE ( )  B_SPLINE_CURVE ( 3, ( #3904, #7930, #564, #3990 ),
 .UNSPECIFIED., .F., .T. ) 
 B_SPLINE_CURVE_WITH_KNOTS ( ( 4, 4 ),
 ( 0.000000000000000000, 1.570796326794896558 ),
 .UNSPECIFIED. ) 
 CURVE ( )  GEOMETRIC_REPRESENTATION_ITEM ( )  RATIONAL_B_SPLINE_CURVE ( ( 1.000000000000000000, 0.8047378541243649375, 0.8047378541243649375, 1.000000000000000000 ) ) 
 REPRESENTATION_ITEM ( '' )  );
#3575 = CARTESIAN_POINT ( 'NONE',  ( -3.500000000000000444, 53.32058212447589085, 39.33578643762690774 ) ) ;
#3576 = ORIENTED_EDGE ( 'NONE', *, *, #3433, .T. ) ;
#3577 = CARTESIAN_POINT ( 'NONE',  ( 43.87762324573095896, 140.3839097320547467, 70.45768053067848768 ) ) ;
#3578 = FACE_OUTER_BOUND ( 'NONE', #2528, .T. ) ;
#3579 = CARTESIAN_POINT ( 'NONE',  ( -23.64085703565769236, 84.24310090437863607, 39.24802033211273766 ) ) ;
#3580 = EDGE_CURVE ( 'NONE', #3764, #7416, #1643, .T. ) ;
#3581 = EDGE_CURVE ( 'NONE', #3735, #7342, #7671, .T. ) ;
#3582 = CARTESIAN_POINT ( 'NONE',  ( 104.7500000000000000, 227.4999999999999716, -132.2500000000000000 ) ) ;
#3583 = ORIENTED_EDGE ( 'NONE', *, *, #2737, .F. ) ;
#3584 = CARTESIAN_POINT ( 'NONE',  ( -24.74420466249359407, 8.499999999999996447, -6.299630403166123216 ) ) ;
#3585 = CARTESIAN_POINT ( 'NONE',  ( -2.843311803700228513, 55.85184906535878469, -39.69182773191538161 ) ) ;
#3586 = VERTEX_POINT ( 'NONE', #4524 ) ;
#3587 = CARTESIAN_POINT ( 'NONE',  ( 139.6500000000000057, 9.499999999999994671, 26.59419916606944767 ) ) ;
#3588 = EDGE_CURVE ( 'NONE', #4282, #6804, #3395, .T. ) ;
#3589 = EDGE_CURVE ( 'NONE', #1315, #782, #7547, .T. ) ;
#3590 = CARTESIAN_POINT ( 'NONE',  ( -24.14532552245889718, 50.10292035370096642, -3.644949131463289582 ) ) ;
#3591 = ORIENTED_EDGE ( 'NONE', *, *, #3294, .F. ) ;
#3592 = ORIENTED_EDGE ( 'NONE', *, *, #7893, .T. ) ;
#3593 = CARTESIAN_POINT ( 'NONE',  ( -25.11745863182639127, 47.27753493378749994, -3.500000000000000000 ) ) ;
#3594 = CARTESIAN_POINT ( 'NONE',  ( -2.707004906355619411, 56.35251178186867804, 39.73568359155984098 ) ) ;
#3595 = CARTESIAN_POINT ( 'NONE',  ( 69.00000000000004263, 176.9999999999999716, 93.17658738585762990 ) ) ;
#3596 = CARTESIAN_POINT ( 'NONE',  ( -23.59027635276731871, 8.500000000000014211, -13.59381649216879850 ) ) ;
#3597 = ORIENTED_EDGE ( 'NONE', *, *, #6835, .F. ) ;
#3598 = FACE_OUTER_BOUND ( 'NONE', #1264, .T. ) ;
#3599 = DIRECTION ( 'NONE',  ( -0.000000000000000000, -0.000000000000000000, -1.000000000000000000 ) ) ;
#3600 = EDGE_LOOP ( 'NONE', ( #15, #3160, #2958, #8495 ) ) ;
#3601 = PLANE ( 'NONE',  #8486 ) ;
#3602 = ORIENTED_EDGE ( 'NONE', *, *, #4902, .T. ) ;
#3603 = CARTESIAN_POINT ( 'NONE',  ( -63.15946297224549255, 177.3463262902928932, -93.34969204423087774 ) ) ;
#3604 = CARTESIAN_POINT ( 'NONE',  ( 38.36054287937223961, 8.500000000000000000, -34.11790219224889142 ) ) ;
#3605 = CARTESIAN_POINT ( 'NONE',  ( -39.40764492383819828, 8.500000000000000000, -4.247572780487663735 ) ) ;
#3606 = DIRECTION ( 'NONE',  ( -0.000000000000000000, 1.000000000000000000, -0.000000000000000000 ) ) ;
#3607 = VERTEX_POINT ( 'NONE', #4477 ) ;
#3608 = CARTESIAN_POINT ( 'NONE',  ( -24.14231405264942154, 8.500000000000003553, 11.63430561254670259 ) ) ;
#3609 = DIRECTION ( 'NONE',  ( 0.000000000000000000, 1.000000000000000000, 0.000000000000000000 ) ) ;
#3610 = CARTESIAN_POINT ( 'NONE',  ( 50.03174841421725461, 138.2109911391858645, -69.10946626875083609 ) ) ;
#3611 = ORIENTED_EDGE ( 'NONE', *, *, #7430, .T. ) ;
#3612 = CARTESIAN_POINT ( 'NONE',  ( -4.785899083865507997, 8.673486567605896980, -26.32287314015452040 ) ) ;
#3613 = CARTESIAN_POINT ( 'NONE',  ( 24.62891874628603261, 8.500000000000014211, -8.998480834223425262 ) ) ;
#3614 = CARTESIAN_POINT ( 'NONE',  ( -24.17567898490996470, 53.17503500571875463, 2.500000000000002220 ) ) ;
#3615 = ADVANCED_FACE ( 'NONE', ( #1359 ), #8399, .T. ) ;
#3616 = AXIS2_PLACEMENT_3D ( 'NONE', #6952, #5001, #1072 ) ;
#3617 = FACE_BOUND ( 'NONE', #1172, .T. ) ;
#3618 = CARTESIAN_POINT ( 'NONE',  ( -24.15158354147239450, 50.73630285282349206, -4.500000000000000888 ) ) ;
#3619 = FACE_OUTER_BOUND ( 'NONE', #5573, .T. ) ;
#3620 = ORIENTED_EDGE ( 'NONE', *, *, #850, .T. ) ;
#3621 = DIRECTION ( 'NONE',  ( 1.000000000000000000, 0.000000000000000000, 0.000000000000000000 ) ) ;
#3622 = DIRECTION ( 'NONE',  ( 0.000000000000000000, -0.2708032892222431154, -0.9626347067015681436 ) ) ;
#3623 = ORIENTED_EDGE ( 'NONE', *, *, #946, .F. ) ;
#3624 = CARTESIAN_POINT ( 'NONE',  ( -24.47358250239435762, 85.94597770152553551, -39.32439852165974514 ) ) ;
#3625 = EDGE_CURVE ( 'NONE', #188, #4073, #1269, .T. ) ;
#3626 = CARTESIAN_POINT ( 'NONE',  ( -132.2500000000000000, 222.4999999999999716, 4.617484070620044083E-13 ) ) ;
#3627 = DIRECTION ( 'NONE',  ( 0.3303702727430710140, -0.9438514093265258920, 0.000000000000000000 ) ) ;
#3628 = VERTEX_POINT ( 'NONE', #3952 ) ;
#3629 = VERTEX_POINT ( 'NONE', #5156 ) ;
#3630 = CARTESIAN_POINT ( 'NONE',  ( 9.064128535886052163, 9.789544360893753350, 26.16326359857358952 ) ) ;
#3631 = CARTESIAN_POINT ( 'NONE',  ( -39.43015247757841735, 118.2829702191412196, -53.25290164204701426 ) ) ;
#3632 = CARTESIAN_POINT ( 'NONE',  ( -2.909330709046627383, 56.14772828804911597, 39.67807498538928712 ) ) ;
#3633 = DIRECTION ( 'NONE',  ( 0.000000000000000000, 0.000000000000000000, 1.000000000000000000 ) ) ;
#3634 = CARTESIAN_POINT ( 'NONE',  ( 24.74420466249360118, 8.500000000000000000, 7.657136094944696048 ) ) ;
#3635 = EDGE_CURVE ( 'NONE', #6897, #7255, #4503, .T. ) ;
#3636 = EDGE_CURVE ( 'NONE', #6804, #3414, #1052, .T. ) ;
#3637 = ORIENTED_EDGE ( 'NONE', *, *, #7250, .F. ) ;
#3638 = FACE_OUTER_BOUND ( 'NONE', #7314, .T. ) ;
#3639 = VECTOR ( 'NONE', #1556, 1000.000000000000000 ) ;
#3640 = CARTESIAN_POINT ( 'NONE',  ( 132.2500000000000000, 229.9999999999999716, 4.999999999998618883 ) ) ;
#3641 = ORIENTED_EDGE ( 'NONE', *, *, #5616, .F. ) ;
#3642 = CARTESIAN_POINT ( 'NONE',  ( -24.57196064623250820, 8.500000000000000000, 20.32931995911326695 ) ) ;
#3643 = CARTESIAN_POINT ( 'NONE',  ( 104.7500000000000000, 222.4999999999999716, 129.5500000000000114 ) ) ;
#3644 = CARTESIAN_POINT ( 'NONE',  ( 56.96844971387111656, 166.1876820585458745, -80.74509929792769469 ) ) ;
#3645 = CARTESIAN_POINT ( 'NONE',  ( -18.77872934556766893, 9.738746813830406523, 20.19541823176746576 ) ) ;
#3646 = CARTESIAN_POINT ( 'NONE',  ( 13.55810952504129396, 9.786186495435497790, -24.44536956188759902 ) ) ;
#3647 = B_SPLINE_CURVE_WITH_KNOTS ( 'NONE', 3,
 ( #4396, #3624, #1106, #315 ),
 .UNSPECIFIED., .F., .F.,
 ( 4, 4 ),
 ( 0.000000000000000000, 0.001283055201885227679 ),
 .UNSPECIFIED. ) ;
#3648 = CARTESIAN_POINT ( 'NONE',  ( 24.74420466249360118, 9.500000000000008882, 139.6500000000000057 ) ) ;
#3649 = CIRCLE ( 'NONE', #5298, 5.000000000000004441 ) ;
#3650 = ORIENTED_EDGE ( 'NONE', *, *, #3088, .F. ) ;
#3651 = CARTESIAN_POINT ( 'NONE',  ( -21.24402411629296239, 8.499999999997688960, 16.17394425636149435 ) ) ;
#3652 = CARTESIAN_POINT ( 'NONE',  ( 7.434052672203745438, 1.000000000000006883, 139.6510000000000105 ) ) ;
#3653 = CARTESIAN_POINT ( 'NONE',  ( 33.28066475363617371, 103.9559661254133118, -47.85551160251441871 ) ) ;
#3654 = FACE_OUTER_BOUND ( 'NONE', #6905, .T. ) ;
#3655 = CARTESIAN_POINT ( 'NONE',  ( -24.16731513527483699, 52.32851856454884398, 3.570523742913689347 ) ) ;
#3656 = CIRCLE ( 'NONE', #1031, 5.000000000000004441 ) ;
#3657 = AXIS2_PLACEMENT_3D ( 'NONE', #1983, #2076, #6883 ) ;
#3658 = PLANE ( 'NONE',  #745 ) ;
#3659 = CARTESIAN_POINT ( 'NONE',  ( -24.50000000000001776, 86.00000000000001421, 48.07595770670936730 ) ) ;
#3660 = CARTESIAN_POINT ( 'NONE',  ( 25.35957079319337382, 87.75777398158643905, 40.33333500867763632 ) ) ;
#3661 = EDGE_LOOP ( 'NONE', ( #167, #3021 ) ) ;
#3662 = ADVANCED_FACE ( 'NONE', ( #8485 ), #3907, .F. ) ;
#3663 = CARTESIAN_POINT ( 'NONE',  ( 15.55957244489882818, 85.96744145928185787, -48.06679851074711962 ) ) ;
#3664 = AXIS2_PLACEMENT_3D ( 'NONE', #6225, #1619, #1533 ) ;
#3665 = DIRECTION ( 'NONE',  ( 8.558695390763224562E-15, 0.9626347067015695869, 0.2708032892222382859 ) ) ;
#3666 = ORIENTED_EDGE ( 'NONE', *, *, #4118, .F. ) ;
#3667 = CARTESIAN_POINT ( 'NONE',  ( 2.500000000000000000, 8.500000000000000000, 40.75000000000000000 ) ) ;
#3668 = VECTOR ( 'NONE', #2370, 1000.000000000000000 ) ;
#3669 = FACE_OUTER_BOUND ( 'NONE', #8421, .T. ) ;
#3670 =( BOUNDED_SURFACE ( )  B_SPLINE_SURFACE ( 3, 2, ( 
 ( #2859, #8124, #8575 ),
 ( #4663, #1325, #7336 ),
 ( #3358, #1509, #137 ),
 ( #667, #7382, #7295 ),
 ( #1371, #5481, #2807 ),
 ( #4147, #46, #2717 ),
 ( #4612, #2062, #6592 ),
 ( #3320, #1416, #4007 ),
 ( #6640, #713, #5338 ),
 ( #4106, #7991, #4053 ),
 ( #6684, #758, #3411 ),
 ( #91, #2762, #5382 ),
 ( #8033, #2106, #6733 ),
 ( #7032, #3721, #2338 ),
 ( #3679, #6252, #7069 ),
 ( #1691, #8410, #3113 ) ),
 .UNSPECIFIED., .F., .F., .F. ) 
 B_SPLINE_SURFACE_WITH_KNOTS ( ( 4, 2, 2, 2, 2, 2, 2, 4 ),
 ( 3, 3 ),
 ( 0.1714997952260025327, 0.2273543285504799338, 0.2832088618749573627, 0.3949179285239121651, 0.4507724618483895940, 0.4786997285106283084, 0.5066269951728670229, 0.6183360618218217697 ),
 ( 0.000000000000000000, 1.000000000000000000 ),
 .UNSPECIFIED. ) 
 GEOMETRIC_REPRESENTATION_ITEM ( )  RATIONAL_B_SPLINE_SURFACE ( (
 ( 1.000000000000000000, 0.9906146341291278690, 1.000000000000000000),
 ( 1.000000000000000000, 0.9906199750928645908, 1.000000000000000000),
 ( 1.000000000000000000, 0.9888766379499128734, 1.000000000000000000),
 ( 1.000000000000000000, 0.9817723874260614325, 1.000000000000000000),
 ( 1.000000000000000000, 0.9764057314861899206, 1.000000000000000000),
 ( 1.000000000000000000, 0.9551668359493469262, 1.000000000000000000),
 ( 1.000000000000000000, 0.9340592855701362884, 1.000000000000000000),
 ( 1.000000000000000000, 0.8957687510845334655, 1.000000000000000000),
 ( 1.000000000000000000, 0.8819295566532265873, 1.000000000000000000),
 ( 1.000000000000000000, 0.8601494276729334532, 1.000000000000000000),
 ( 1.000000000000000000, 0.8527191825733079211, 1.000000000000000000),
 ( 1.000000000000000000, 0.8376126662480808394, 1.000000000000000000),
 ( 1.000000000000000000, 0.8300349926990790994, 1.000000000000000000),
 ( 1.000000000000000000, 0.7904969223664242151, 1.000000000000000000),
 ( 1.000000000000000000, 0.7522428303027267615, 1.000000000000000000),
 ( 1.000000000000000000, 0.7071067811865632269, 1.000000000000000000) ) ) 
 REPRESENTATION_ITEM ( '' )  SURFACE ( )  );
#3671 = AXIS2_PLACEMENT_3D ( 'NONE', #6072, #6206, #6029 ) ;
#3672 = CARTESIAN_POINT ( 'NONE',  ( 24.23177876883821824, 52.83478489955951574, 2.499999999999999112 ) ) ;
#3673 = AXIS2_PLACEMENT_3D ( 'NONE', #7111, #1271, #5837 ) ;
#3674 = CARTESIAN_POINT ( 'NONE',  ( 104.7500000000000000, 229.9999999999999716, 132.2500000000000000 ) ) ;
#3675 = LINE ( 'NONE', #6301, #6515 ) ;
#3676 = EDGE_LOOP ( 'NONE', ( #4813, #3478, #8348, #7909, #6862, #907 ) ) ;
#3677 = EDGE_CURVE ( 'NONE', #6030, #2033, #3939, .T. ) ;
#3678 = VERTEX_POINT ( 'NONE', #6880 ) ;
#3679 = CARTESIAN_POINT ( 'NONE',  ( 4.499999998761856190, 50.37049172036723377, 38.05285344054793484 ) ) ;
#3680 = CARTESIAN_POINT ( 'NONE',  ( -5.584405772140408786, 9.774996541727455579, -26.62201116271373991 ) ) ;
#3681 = AXIS2_PLACEMENT_3D ( 'NONE', #7881, #689, #1087 ) ;
#3682 = CARTESIAN_POINT ( 'NONE',  ( 36.66125529074086131, 118.4349045035793750, -56.14761915254108260 ) ) ;
#3683 = VECTOR ( 'NONE', #4485, 1000.000000000000000 ) ;
#3684 = CARTESIAN_POINT ( 'NONE',  ( 18.51370253461190529, 87.41649213276018315, -42.24154385045493854 ) ) ;
#3685 = CIRCLE ( 'NONE', #5468, 5.000000000000004441 ) ;
#3686 = VERTEX_POINT ( 'NONE', #2341 ) ;
#3687 = ORIENTED_EDGE ( 'NONE', *, *, #2680, .T. ) ;
#3688 = CARTESIAN_POINT ( 'NONE',  ( 3.613409653391234766, 53.42408548365760623, -38.91187423970384174 ) ) ;
#3689 = EDGE_LOOP ( 'NONE', ( #5641, #1401, #1779, #8003 ) ) ;
#3690 = VECTOR ( 'NONE', #4597, 1000.000000000000000 ) ;
#3691 = EDGE_CURVE ( 'NONE', #6302, #6785, #7581, .T. ) ;
#3692 = CARTESIAN_POINT ( 'NONE',  ( -44.19651075699729148, 140.2713158891781120, -70.38782028590460982 ) ) ;
#3693 = EDGE_CURVE ( 'NONE', #5519, #4341, #4330, .T. ) ;
#3694 = AXIS2_PLACEMENT_3D ( 'NONE', #899, #2060, #2237 ) ;
#3695 = CARTESIAN_POINT ( 'NONE',  ( -104.7500000000000000, 229.9999999999999716, 127.2500000000000000 ) ) ;
#3696 = CARTESIAN_POINT ( 'NONE',  ( -4.500000000000000888, 49.15594766088219103, -38.75000000000000000 ) ) ;
#3697 = AXIS2_PLACEMENT_3D ( 'NONE', #4823, #7457, #880 ) ;
#3698 = CARTESIAN_POINT ( 'NONE',  ( -34.11790219225090226, 8.500000000000000000, 38.36054287937020035 ) ) ;
#3699 = ORIENTED_EDGE ( 'NONE', *, *, #5513, .T. ) ;
#3700 = CARTESIAN_POINT ( 'NONE',  ( -18.95885727988873271, 9.735838973615642544, 19.98192680125599097 ) ) ;
#3701 = CARTESIAN_POINT ( 'NONE',  ( -17.80704993731346164, 1.000000000000000000, 3.961144115525815135 ) ) ;
#3702 = B_SPLINE_CURVE_WITH_KNOTS ( 'NONE', 3,
 ( #5118, #3226, #3182, #6485, #568, #1765 ),
 .UNSPECIFIED., .F., .F.,
 ( 4, 2, 4 ),
 ( 0.000000000000000000, 0.0005117767684658761388, 0.001023553536931752278 ),
 .UNSPECIFIED. ) ;
#3703 = AXIS2_PLACEMENT_3D ( 'NONE', #3769, #6551, #4583 ) ;
#3704 = CARTESIAN_POINT ( 'NONE',  ( 60.53311964810799850, 159.6857053478163664, -75.19947309040337302 ) ) ;
#3705 = CARTESIAN_POINT ( 'NONE',  ( 17.67590392627562679, 9.755291344985939972, -21.43588587903377629 ) ) ;
#3706 = CARTESIAN_POINT ( 'NONE',  ( -24.14647668158837490, 50.21943071341782172, 4.235447154113455959 ) ) ;
#3707 = DIRECTION ( 'NONE',  ( 0.000000000000000000, 1.000000000000000000, -0.000000000000000000 ) ) ;
#3708 = DIRECTION ( 'NONE',  ( -1.000000000000000000, 0.000000000000000000, 0.000000000000000000 ) ) ;
#3709 = CARTESIAN_POINT ( 'NONE',  ( -42.59984112308227111, 123.0131582516963675, 58.48830304319429274 ) ) ;
#3710 = CARTESIAN_POINT ( 'NONE',  ( 17.80704993731345098, 0.9999999999999952260, -3.961144115525821352 ) ) ;
#3711 = VERTEX_POINT ( 'NONE', #4157 ) ;
#3712 = CARTESIAN_POINT ( 'NONE',  ( 0.000000000000000000, 227.4999999999999716, -132.2500000000000000 ) ) ;
#3713 = DIRECTION ( 'NONE',  ( -0.000000000000000000, -0.000000000000000000, -1.000000000000000000 ) ) ;
#3714 = CARTESIAN_POINT ( 'NONE',  ( 139.6500000000000057, 9.770803289222266486, 26.63156445936789041 ) ) ;
#3715 = DIRECTION ( 'NONE',  ( 1.000000000000000000, -0.000000000000000000, -0.000000000000000000 ) ) ;
#3716 = CARTESIAN_POINT ( 'NONE',  ( -22.45064030267088384, 8.500000000000000000, -22.45064030267285204 ) ) ;
#3717 = CARTESIAN_POINT ( 'NONE',  ( -24.50000000000000711, 86.00000000000000000, -38.46815680934845005 ) ) ;
#3718 = CARTESIAN_POINT ( 'NONE',  ( -132.2500000000003695, 227.4999999999999716, -104.7499999999995310 ) ) ;
#3719 = ORIENTED_EDGE ( 'NONE', *, *, #6858, .T. ) ;
#3720 = ORIENTED_EDGE ( 'NONE', *, *, #3625, .T. ) ;
#3721 = CARTESIAN_POINT ( 'NONE',  ( 3.673567704320451544, 51.17145820986211646, 38.27817708450970713 ) ) ;
#3722 = DIRECTION ( 'NONE',  ( 0.000000000000000000, -0.2708032892222309584, 0.9626347067015715853 ) ) ;
#3723 = CARTESIAN_POINT ( 'NONE',  ( -23.78497175570641886, 13.63103222792019054, 8.032813712824697916 ) ) ;
#3724 =( BOUNDED_SURFACE ( )  B_SPLINE_SURFACE ( 3, 2, ( 
 ( #4004, #5844, #2663 ),
 ( #6538, #8452, #3356 ),
 ( #711, #7859, #5974 ),
 ( #7768, #3276, #539 ),
 ( #4489, #6457, #3192 ),
 ( #577, #5286, #7945 ),
 ( #7817, #1883, #8492 ),
 ( #2583, #6494, #1278 ),
 ( #4610, #3236, #5208 ),
 ( #1919, #4570, #618 ) ),
 .UNSPECIFIED., .F., .F., .F. ) 
 B_SPLINE_SURFACE_WITH_KNOTS ( ( 4, 2, 2, 2, 4 ),
 ( 3, 3 ),
 ( 0.000000000000000000, 0.3926990816987241395, 0.7853981633974482790, 1.178097245096172418, 1.570796326794896558 ),
 ( 0.000000000000000000, 1.000000000000000000 ),
 .UNSPECIFIED. ) 
 GEOMETRIC_REPRESENTATION_ITEM ( )  RATIONAL_B_SPLINE_SURFACE ( (
 ( 1.000000000000000000, 0.8155888280080443309, 1.000000000000000000),
 ( 1.000000000000000000, 0.8155967546655974454, 1.000000000000000000),
 ( 1.000000000000000000, 0.8129649674722105868, 1.000000000000000000),
 ( 1.000000000000000000, 0.8027220895642039888, 1.000000000000000000),
 ( 1.000000000000000000, 0.7951024001216729920, 1.000000000000000000),
 ( 1.000000000000000000, 0.7756344079776821276, 1.000000000000000000),
 ( 1.000000000000000000, 0.7637849889864870567, 1.000000000000000000),
 ( 1.000000000000000000, 0.7371661960456642460, 1.000000000000000000),
 ( 1.000000000000000000, 0.7224052984098497943, 1.000000000000000000),
 ( 1.000000000000000000, 0.7071067811865475727, 1.000000000000000000) ) ) 
 REPRESENTATION_ITEM ( '' )  SURFACE ( )  );
#3725 = CARTESIAN_POINT ( 'NONE',  ( -14.01498708315809161, 8.500000000000001776, -25.33808191182980707 ) ) ;
#3726 = EDGE_CURVE ( 'NONE', #603, #3327, #1156, .T. ) ;
#3727 = VERTEX_POINT ( 'NONE', #6175 ) ;
#3728 = CARTESIAN_POINT ( 'NONE',  ( 119.6307288578716879, 222.4999999999999716, -115.6847746359882478 ) ) ;
#3729 = ORIENTED_EDGE ( 'NONE', *, *, #6943, .F. ) ;
#3730 = ORIENTED_EDGE ( 'NONE', *, *, #3166, .F. ) ;
#3731 = CARTESIAN_POINT ( 'NONE',  ( -68.50819101874837713, 176.5580291030420028, -88.03681985192312709 ) ) ;
#3732 = DIRECTION ( 'NONE',  ( -1.000000000000000000, 0.000000000000000000, 0.000000000000000000 ) ) ;
#3733 = EDGE_CURVE ( 'NONE', #6573, #7887, #6732, .T. ) ;
#3734 = DIRECTION ( 'NONE',  ( 3.469616292631998952E-15, 0.000000000000000000, -1.000000000000000000 ) ) ;
#3735 = VERTEX_POINT ( 'NONE', #7441 ) ;
#3736 = CARTESIAN_POINT ( 'NONE',  ( -21.80837081176068892, 8.499999999998815170, 15.03998300752952133 ) ) ;
#3737 = CARTESIAN_POINT ( 'NONE',  ( 4.938849362433375134, 8.500000000000000000, -27.59419916606945122 ) ) ;
#3738 = CARTESIAN_POINT ( 'NONE',  ( 32.51289601523749440, 116.3789801251299565, -55.56352455132523716 ) ) ;
#3739 = CARTESIAN_POINT ( 'NONE',  ( 19.90188706863470358, 8.500000000001161737, -18.29767775367264449 ) ) ;
#3740 = AXIS2_PLACEMENT_3D ( 'NONE', #2902, #5522, #8166 ) ;
#3741 = FACE_OUTER_BOUND ( 'NONE', #417, .T. ) ;
#3742 = DIRECTION ( 'NONE',  ( 0.000000000000000000, 0.000000000000000000, -1.000000000000000000 ) ) ;
#3743 = ADVANCED_FACE ( 'NONE', ( #5493 ), #2249, .F. ) ;
#3744 = EDGE_CURVE ( 'NONE', #8117, #7871, #2206, .T. ) ;
#3745 = CARTESIAN_POINT ( 'NONE',  ( -132.2500000000003695, 227.4999999999999716, -99.74999999999953104 ) ) ;
#3746 = CIRCLE ( 'NONE', #4851, 5.000000000000004441 ) ;
#3747 = DIRECTION ( 'NONE',  ( -0.000000000000000000, 1.000000000000000000, -0.000000000000000000 ) ) ;
#3748 = ORIENTED_EDGE ( 'NONE', *, *, #7580, .T. ) ;
#3749 = DIRECTION ( 'NONE',  ( -0.009879833416222269515, -0.9999511932547846538, -0.000000000000000000 ) ) ;
#3750 = CARTESIAN_POINT ( 'NONE',  ( 4.500000000000003553, 9.499999999999994671, 27.59419916606945478 ) ) ;
#3751 = CARTESIAN_POINT ( 'NONE',  ( -132.2500000000000000, 229.9999999999999716, 4.617484070620044083E-13 ) ) ;
#3752 = AXIS2_PLACEMENT_3D ( 'NONE', #6788, #3505, #6121 ) ;
#3753 = CARTESIAN_POINT ( 'NONE',  ( 132.2500000000011084, 222.4999999999999716, 104.7499999999986073 ) ) ;
#3754 = CARTESIAN_POINT ( 'NONE',  ( 24.60683358881346905, 50.48148155454445885, 3.319382646643882051 ) ) ;
#3755 = CARTESIAN_POINT ( 'NONE',  ( -24.43336478312345506, 51.56992169722797570, -3.148479130220700473 ) ) ;
#3756 = DIRECTION ( 'NONE',  ( -4.026401060382563240E-16, -1.000000000000000000, 0.000000000000000000 ) ) ;
#3757 = ORIENTED_EDGE ( 'NONE', *, *, #1173, .F. ) ;
#3758 = AXIS2_PLACEMENT_3D ( 'NONE', #3455, #4798, #807 ) ;
#3759 = FACE_OUTER_BOUND ( 'NONE', #8004, .T. ) ;
#3760 = CYLINDRICAL_SURFACE ( 'NONE', #3921, 2.700000000000008171 ) ;
#3761 = CARTESIAN_POINT ( 'NONE',  ( 40.22355665802535896, 118.5767397734381206, -51.66987415472044631 ) ) ;
#3762 = CARTESIAN_POINT ( 'NONE',  ( 18.51370253461190174, 87.41649213276018315, -28.16102923363665411 ) ) ;
#3763 = CARTESIAN_POINT ( 'NONE',  ( 19.31362164303311957, 75.39414762957332528, -45.09237557849153433 ) ) ;
#3764 = VERTEX_POINT ( 'NONE', #2417 ) ;
#3765 = CARTESIAN_POINT ( 'NONE',  ( 119.4393486189787836, 222.5000000000000568, -117.1852090338756511 ) ) ;
#3766 = EDGE_LOOP ( 'NONE', ( #2812, #7867 ) ) ;
#3767 = ORIENTED_EDGE ( 'NONE', *, *, #4415, .F. ) ;
#3768 = VECTOR ( 'NONE', #4198, 1000.000000000000000 ) ;
#3769 = CARTESIAN_POINT ( 'NONE',  ( 4.938849362433378687, 9.499999999999994671, 27.59419916606945122 ) ) ;
#3770 = EDGE_CURVE ( 'NONE', #6208, #1565, #5279, .T. ) ;
#3771 = VERTEX_POINT ( 'NONE', #4490 ) ;
#3772 = ORIENTED_EDGE ( 'NONE', *, *, #6156, .F. ) ;
#3773 = CARTESIAN_POINT ( 'NONE',  ( -9.923552372452881798, 8.499999999997667643, 25.57270119337923830 ) ) ;
#3774 = CARTESIAN_POINT ( 'NONE',  ( 0.000000000000000000, 8.500000000000000000, -27.59419916606945122 ) ) ;
#3775 = LINE ( 'NONE', #472, #4654 ) ;
#3776 = EDGE_CURVE ( 'NONE', #7960, #8501, #7659, .T. ) ;
#3777 = CARTESIAN_POINT ( 'NONE',  ( 15.20263458419261227, 9.777637076513185477, -23.44060720846871604 ) ) ;
#3778 = CARTESIAN_POINT ( 'NONE',  ( -24.17567898505807378, 53.17503502070872656, 2.637575744530108679 ) ) ;
#3779 = CARTESIAN_POINT ( 'NONE',  ( 104.7500000000000000, 229.9999999999999716, -132.2500000000000000 ) ) ;
#3780 = PLANE ( 'NONE',  #6977 ) ;
#3781 = AXIS2_PLACEMENT_3D ( 'NONE', #1138, #7752, #1826 ) ;
#3782 = FACE_BOUND ( 'NONE', #6917, .T. ) ;
#3783 = CARTESIAN_POINT ( 'NONE',  ( 2.500000000000000000, 9.500000000000001776, 38.75000000000000000 ) ) ;
#3784 = ORIENTED_EDGE ( 'NONE', *, *, #8240, .T. ) ;
#3785 = DIRECTION ( 'NONE',  ( -0.000000000000000000, 1.000000000000000000, -0.000000000000000000 ) ) ;
#3786 = ADVANCED_FACE ( 'NONE', ( #4405 ), #1763, .F. ) ;
#3787 = EDGE_CURVE ( 'NONE', #4323, #4941, #5021, .T. ) ;
#3788 = DIRECTION ( 'NONE',  ( 0.000000000000000000, 0.000000000000000000, 1.000000000000000000 ) ) ;
#3789 = VECTOR ( 'NONE', #3707, 1000.000000000000000 ) ;
#3790 = AXIS2_PLACEMENT_3D ( 'NONE', #151, #1431, #4072 ) ;
#3791 = CARTESIAN_POINT ( 'NONE',  ( 132.2500000000000000, 222.4999999999999716, -2.700000000001393285 ) ) ;
#3792 = FACE_OUTER_BOUND ( 'NONE', #3447, .T. ) ;
#3793 = CARTESIAN_POINT ( 'NONE',  ( 39.23922253581259412, 8.500000000000000000, -36.23922253580852271 ) ) ;
#3794 = VECTOR ( 'NONE', #6049, 1000.000000000000000 ) ;
#3795 = CYLINDRICAL_SURFACE ( 'NONE', #7676, 1.000000000000000000 ) ;
#3796 = DIRECTION ( 'NONE',  ( 0.000000000000000000, 0.000000000000000000, 1.000000000000000000 ) ) ;
#3797 = CARTESIAN_POINT ( 'NONE',  ( 21.99382923859181460, 9.662570384496559583, 15.09007110184209743 ) ) ;
#3798 = ORIENTED_EDGE ( 'NONE', *, *, #7580, .F. ) ;
#3799 = EDGE_CURVE ( 'NONE', #8195, #3972, #3238, .T. ) ;
#3800 = B_SPLINE_CURVE_WITH_KNOTS ( 'NONE', 3,
 ( #5775, #8423, #8463, #8504, #4502, #5937, #4452 ),
 .UNSPECIFIED., .F., .F.,
 ( 4, 3, 4 ),
 ( 0.02379198230751239374, 0.02631465750806037673, 0.09781566862524729289 ),
 .UNSPECIFIED. ) ;
#3801 = CARTESIAN_POINT ( 'NONE',  ( -4.500000000000000888, 9.770803289222232735, 26.63156445936788330 ) ) ;
#3802 = DIRECTION ( 'NONE',  ( 0.000000000000000000, 0.000000000000000000, 1.000000000000000000 ) ) ;
#3803 = CARTESIAN_POINT ( 'NONE',  ( 13.58996270211883584, -5.471864023437074655E-15, -12.13567189905954891 ) ) ;
#3804 = CIRCLE ( 'NONE', #2555, 5.000000000000004441 ) ;
#3805 = CYLINDRICAL_SURFACE ( 'NONE', #607, 2.700000000000008171 ) ;
#3806 = AXIS2_PLACEMENT_3D ( 'NONE', #6346, #420, #7043 ) ;
#3807 = ORIENTED_EDGE ( 'NONE', *, *, #6092, .F. ) ;
#3808 = ORIENTED_EDGE ( 'NONE', *, *, #6581, .F. ) ;
#3809 = ORIENTED_EDGE ( 'NONE', *, *, #6951, .T. ) ;
#3810 = CARTESIAN_POINT ( 'NONE',  ( 39.51561378894523813, 9.169629727256930707, 2.499999999999999112 ) ) ;
#3811 = CARTESIAN_POINT ( 'NONE',  ( -18.98797526707259564, 9.735357840507518290, 19.94682711567722677 ) ) ;
#3812 = CIRCLE ( 'NONE', #5059, 1.000000000000000888 ) ;
#3813 = PLANE ( 'NONE',  #1170 ) ;
#3814 = ORIENTED_EDGE ( 'NONE', *, *, #7194, .F. ) ;
#3815 = CIRCLE ( 'NONE', #60, 2.700000000000008171 ) ;
#3816 = ORIENTED_EDGE ( 'NONE', *, *, #2139, .T. ) ;
#3817 = CARTESIAN_POINT ( 'NONE',  ( 115.7593956088986857, 222.5000000000001137, 120.8815049872850409 ) ) ;
#3818 = DIRECTION ( 'NONE',  ( -1.000000000000000000, 0.000000000000000000, 0.000000000000000000 ) ) ;
#3819 = B_SPLINE_CURVE_WITH_KNOTS ( 'NONE', 3,
 ( #7901, #4568, #6680, #6492, #3233, #5842, #5972, #4608, #1367, #7241, #2058, #7944, #1321, #2582, #5207, #1917, #4534, #8449, #662, #2011, #2532, #5165 ),
 .UNSPECIFIED., .F., .F.,
 ( 4, 2, 2, 2, 2, 2, 2, 2, 2, 2, 4 ),
 ( -3.457795642742709559E-05, 0.001631548359239383275, 0.003297674674906193870, 0.004963800990573004682, 0.006629927306239814626, 0.007462990464073222634, 0.008296053621906629774, 0.009962179937573447525, 0.01079524309540686594, 0.01162830625324028262, 0.01329443256890712292 ),
 .UNSPECIFIED. ) ;
#3820 = DIRECTION ( 'NONE',  ( 1.000000000000000000, 0.000000000000000000, 0.000000000000000000 ) ) ;
#3821 = AXIS2_PLACEMENT_3D ( 'NONE', #1292, #5523, #8212 ) ;
#3822 = AXIS2_PLACEMENT_3D ( 'NONE', #1095, #5026, #6981 ) ;
#3823 = CARTESIAN_POINT ( 'NONE',  ( -22.83028886267450730, 84.94570210927085441, -43.72990741506668400 ) ) ;
#3824 = FACE_OUTER_BOUND ( 'NONE', #5387, .T. ) ;
#3825 = EDGE_CURVE ( 'NONE', #4089, #8372, #886, .T. ) ;
#3826 = AXIS2_PLACEMENT_3D ( 'NONE', #5857, #6554, #5896 ) ;
#3827 = FACE_BOUND ( 'NONE', #4850, .T. ) ;
#3828 = CARTESIAN_POINT ( 'NONE',  ( -53.34639103934643600, 158.9823070283640050, -81.99728655465544591 ) ) ;
#3829 = B_SPLINE_CURVE_WITH_KNOTS ( 'NONE', 3,
 ( #4244, #4842, #2157, #2951, #4805, #4288, #284, #6829, #4933, #3631, #2909, #5612, #7578, #4885, #325, #7437, #6876, #956, #6919, #4472, #4180, #168, #4691 ),
 .UNSPECIFIED., .F., .F.,
 ( 4, 2, 1, 2, 2, 2, 2, 2, 2, 2, 2, 4 ),
 ( -3.718333625785242002E-05, 0.0006349882092888522664, 0.001307159754835556919, 0.001979331300382261571, 0.002651502845928966224, 0.003995845937022368156, 0.004668017482569076712, 0.005340189028115784400, 0.006684532119209217124, 0.007356703664755931751, 0.008028875210302646379, 0.01071756139248955519 ),
 .UNSPECIFIED. ) ;
#3830 = ORIENTED_EDGE ( 'NONE', *, *, #6962, .T. ) ;
#3831 = CARTESIAN_POINT ( 'NONE',  ( 2.699999999999998845, 227.4999999999999716, -132.2500000000000000 ) ) ;
#3832 = CARTESIAN_POINT ( 'NONE',  ( -36.26136887793490615, 125.8854347377586009, -59.29631662775175727 ) ) ;
#3833 = EDGE_CURVE ( 'NONE', #2252, #4036, #6506, .T. ) ;
#3834 = ADVANCED_FACE ( 'NONE', ( #3920 ), #1324, .F. ) ;
#3835 = CARTESIAN_POINT ( 'NONE',  ( 15.55957244489882818, 85.96744145928185787, -48.06679851074711962 ) ) ;
#3836 = FACE_OUTER_BOUND ( 'NONE', #3300, .T. ) ;
#3837 = CARTESIAN_POINT ( 'NONE',  ( -24.21173479339974222, 85.52677679952604706, 40.78528866810113129 ) ) ;
#3838 = ORIENTED_EDGE ( 'NONE', *, *, #227, .T. ) ;
#3839 = CARTESIAN_POINT ( 'NONE',  ( -27.44542709641616085, 106.0162908754054314, -49.13386561966812138 ) ) ;
#3840 = CARTESIAN_POINT ( 'NONE',  ( 22.64869644434664053, 9.632776768686698077, 13.28267880908900445 ) ) ;
#3841 = CARTESIAN_POINT ( 'NONE',  ( 53.34639103934642890, 158.9823070283640050, -81.99728655465544591 ) ) ;
#3842 = CARTESIAN_POINT ( 'NONE',  ( -55.46151313459782983, 164.8334528008670361, -85.62770244091794325 ) ) ;
#3843 = CARTESIAN_POINT ( 'NONE',  ( -104.7500000000000000, 227.4999999999999716, -127.2500000000000284 ) ) ;
#3844 = EDGE_CURVE ( 'NONE', #5304, #6840, #5381, .T. ) ;
#3845 = CARTESIAN_POINT ( 'NONE',  ( 51.45709644088637447, 141.1257477779923306, 63.28837614437537695 ) ) ;
#3846 = ADVANCED_FACE ( 'NONE', ( #2015 ), #1921, .F. ) ;
#3847 = ORIENTED_EDGE ( 'NONE', *, *, #5095, .F. ) ;
#3848 = CARTESIAN_POINT ( 'NONE',  ( 118.4375084887886374, 222.5000000000001705, -119.0934567674732136 ) ) ;
#3849 = VERTEX_POINT ( 'NONE', #6110 ) ;
#3850 = ORIENTED_EDGE ( 'NONE', *, *, #3393, .T. ) ;
#3851 = VERTEX_POINT ( 'NONE', #5425 ) ;
#3852 = CYLINDRICAL_SURFACE ( 'NONE', #8109, 2.700000000000008171 ) ;
#3853 = CARTESIAN_POINT ( 'NONE',  ( -23.64162379844607642, -0.8774068190099829634, 1.931174656993364991 ) ) ;
#3854 = CARTESIAN_POINT ( 'NONE',  ( 39.51561378894427889, 9.169629727259682284, -2.630923291040193401 ) ) ;
#3855 = CARTESIAN_POINT ( 'NONE',  ( 139.6500000000000057, 119.4999999999999858, -57.50000000000000000 ) ) ;
#3856 = ORIENTED_EDGE ( 'NONE', *, *, #4475, .T. ) ;
#3857 = ORIENTED_EDGE ( 'NONE', *, *, #2969, .T. ) ;
#3858 = CARTESIAN_POINT ( 'NONE',  ( -11.24045089185790758, 9.792205885635159035, 25.55051610450046695 ) ) ;
#3859 = CARTESIAN_POINT ( 'NONE',  ( 32.36096775576671547, 119.4999999999999858, 57.50000000000000000 ) ) ;
#3860 = CARTESIAN_POINT ( 'NONE',  ( -24.13152009180821977, 48.70565419846116839, 3.669772979166928017 ) ) ;
#3861 = CARTESIAN_POINT ( 'NONE',  ( -16.21607876093093026, 85.75186591396165170, -47.97996963896597578 ) ) ;
#3862 = DIRECTION ( 'NONE',  ( 0.000000000000000000, 1.000000000000000000, 0.000000000000000000 ) ) ;
#3863 = CARTESIAN_POINT ( 'NONE',  ( -24.50000000000000711, 86.00000000000000000, -4.500000000000003553 ) ) ;
#3864 = LINE ( 'NONE', #6571, #6289 ) ;
#3865 = ORIENTED_EDGE ( 'NONE', *, *, #5677, .T. ) ;
#3866 = CARTESIAN_POINT ( 'NONE',  ( -86.88107549716374933, 193.0690741269954742, -97.42399204894580578 ) ) ;
#3867 = ORIENTED_EDGE ( 'NONE', *, *, #2294, .F. ) ;
#3868 = CARTESIAN_POINT ( 'NONE',  ( 37.50359244672549153, 118.2769092118636536, 55.20527355746411047 ) ) ;
#3869 = EDGE_CURVE ( 'NONE', #657, #6837, #5153, .T. ) ;
#3870 = CARTESIAN_POINT ( 'NONE',  ( -25.35957079319337026, 87.75777398158643905, -40.33333500867762922 ) ) ;
#3871 = FACE_OUTER_BOUND ( 'NONE', #5898, .T. ) ;
#3872 = DIRECTION ( 'NONE',  ( 0.000000000000000000, -1.000000000000000000, 0.000000000000000000 ) ) ;
#3873 = ORIENTED_EDGE ( 'NONE', *, *, #8400, .F. ) ;
#3874 = DIRECTION ( 'NONE',  ( 3.469446951953611033E-15, -6.938893903907222067E-15, -1.000000000000000000 ) ) ;
#3875 = CARTESIAN_POINT ( 'NONE',  ( 21.44559763693289867, 9.681179247532856635, 16.26128205618314837 ) ) ;
#3876 = CARTESIAN_POINT ( 'NONE',  ( -10.31759533813410989, 9.791293405039818154, -25.82116396465454500 ) ) ;
#3877 = EDGE_CURVE ( 'NONE', #1608, #6159, #6514, .T. ) ;
#3878 = CARTESIAN_POINT ( 'NONE',  ( -104.7500000000000000, 229.9999999999999716, -132.2500000000000000 ) ) ;
#3879 = DIRECTION ( 'NONE',  ( 1.000000000000000000, -4.026401060382567677E-16, 0.000000000000000000 ) ) ;
#3880 = CARTESIAN_POINT ( 'NONE',  ( -114.0847343238783651, 222.5000000000000000, 121.3224544408310237 ) ) ;
#3881 = CARTESIAN_POINT ( 'NONE',  ( 42.34414469610096887, 122.4902734234873378, 51.52809453698597508 ) ) ;
#3882 = AXIS2_PLACEMENT_3D ( 'NONE', #5040, #441, #5757 ) ;
#3883 = ORIENTED_EDGE ( 'NONE', *, *, #2507, .F. ) ;
#3884 = CARTESIAN_POINT ( 'NONE',  ( 3.431731769601264581, 54.78432758417891080, -39.29453033178118204 ) ) ;
#3885 = FACE_BOUND ( 'NONE', #5788, .T. ) ;
#3886 = VERTEX_POINT ( 'NONE', #8287 ) ;
#3887 = ORIENTED_EDGE ( 'NONE', *, *, #8454, .T. ) ;
#3888 = ORIENTED_EDGE ( 'NONE', *, *, #6720, .F. ) ;
#3889 = DIRECTION ( 'NONE',  ( 0.000000000000000000, 0.000000000000000000, 1.000000000000000000 ) ) ;
#3890 = EDGE_CURVE ( 'NONE', #4014, #2267, #7638, .T. ) ;
#3891 = CARTESIAN_POINT ( 'NONE',  ( -23.98821720622232334, 34.20177691610888360, 33.50435636163794584 ) ) ;
#3892 = EDGE_CURVE ( 'NONE', #1645, #638, #21, .T. ) ;
#3893 = ORIENTED_EDGE ( 'NONE', *, *, #7839, .F. ) ;
#3894 = ORIENTED_EDGE ( 'NONE', *, *, #394, .F. ) ;
#3895 = CARTESIAN_POINT ( 'NONE',  ( -17.36327860458346350, 8.499999999999996447, 23.03384533605666462 ) ) ;
#3896 = CARTESIAN_POINT ( 'NONE',  ( 24.26165725190214317, 61.87701074264019496, 28.32304244384055281 ) ) ;
#3897 = CARTESIAN_POINT ( 'NONE',  ( 62.49627132169562316, 177.6932981675498979, 93.60675282340628200 ) ) ;
#3898 = CARTESIAN_POINT ( 'NONE',  ( 15.52992515694306697, 85.75474184781940323, 48.00696298435342158 ) ) ;
#3899 = CARTESIAN_POINT ( 'NONE',  ( -33.94842799962901125, 119.3145623853462638, 57.38494293454228767 ) ) ;
#3900 = CARTESIAN_POINT ( 'NONE',  ( -3.085617089101993393, 87.41649213276018315, -42.24154385045493854 ) ) ;
#3901 = CARTESIAN_POINT ( 'NONE',  ( -35.54166395473111351, 118.7147829693051904, 56.83731323399661761 ) ) ;
#3902 = CARTESIAN_POINT ( 'NONE',  ( 33.79267617020404657, 119.3794824612911896, -57.42522339997785252 ) ) ;
#3903 = EDGE_LOOP ( 'NONE', ( #1828, #1036, #8217, #3591 ) ) ;
#3904 = CARTESIAN_POINT ( 'NONE',  ( 40.45946519827176502, 8.500000000000000000, -2.500000000000000000 ) ) ;
#3905 = ORIENTED_EDGE ( 'NONE', *, *, #2851, .F. ) ;
#3906 = FACE_OUTER_BOUND ( 'NONE', #1627, .T. ) ;
#3907 = CYLINDRICAL_SURFACE ( 'NONE', #1741, 3.000000000000002665 ) ;
#3908 = CARTESIAN_POINT ( 'NONE',  ( 8.466084175594863481, 35.07637172486151655, -33.75039273379249494 ) ) ;
#3909 = EDGE_CURVE ( 'NONE', #4884, #6082, #6731, .T. ) ;
#3910 = PLANE ( 'NONE',  #1739 ) ;
#3911 = AXIS2_PLACEMENT_3D ( 'NONE', #7429, #806, #1712 ) ;
#3912 = CARTESIAN_POINT ( 'NONE',  ( 22.84267655515284190, 9.622350289217035169, 12.66087584913737274 ) ) ;
#3913 = CIRCLE ( 'NONE', #1438, 3.000000000000002665 ) ;
#3914 = ORIENTED_EDGE ( 'NONE', *, *, #6728, .T. ) ;
#3915 = CARTESIAN_POINT ( 'NONE',  ( -4.938849362433380463, 8.499999999999992895, -26.27406881924597570 ) ) ;
#3916 = CARTESIAN_POINT ( 'NONE',  ( 23.73427553772389231, 8.500000000000001776, 6.299630403166117887 ) ) ;
#3917 = CARTESIAN_POINT ( 'NONE',  ( 62.49627132169542421, 177.6932981675496990, -93.60675282340613990 ) ) ;
#3918 = DIRECTION ( 'NONE',  ( 0.000000000000000000, -1.000000000000000000, 0.000000000000000000 ) ) ;
#3919 = DIRECTION ( 'NONE',  ( 0.000000000000000000, -1.000000000000000000, 0.000000000000000000 ) ) ;
#3920 = FACE_OUTER_BOUND ( 'NONE', #1935, .T. ) ;
#3921 = AXIS2_PLACEMENT_3D ( 'NONE', #2453, #1152, #5088 ) ;
#3922 = CARTESIAN_POINT ( 'NONE',  ( -4.938849362433377799, 8.500000000000000000, 27.59419916606944412 ) ) ;
#3923 = EDGE_CURVE ( 'NONE', #203, #841, #3371, .T. ) ;
#3924 = EDGE_LOOP ( 'NONE', ( #8498, #4790, #8080, #4324 ) ) ;
#3925 = CARTESIAN_POINT ( 'NONE',  ( 2.843311803700736107, 55.85184906535702254, -39.69182773191516134 ) ) ;
#3926 = ORIENTED_EDGE ( 'NONE', *, *, #3580, .F. ) ;
#3927 = VERTEX_POINT ( 'NONE', #6357 ) ;
#3928 = ORIENTED_EDGE ( 'NONE', *, *, #692, .F. ) ;
#3929 = CARTESIAN_POINT ( 'NONE',  ( -2.500000000000000000, 56.26542339484620214, -40.75000000000000000 ) ) ;
#3930 = CARTESIAN_POINT ( 'NONE',  ( -23.73427553772389942, 8.499999999999976907, 26.27406881924597926 ) ) ;
#3931 = DIRECTION ( 'NONE',  ( 3.469446951953611033E-15, 1.457167719820516697E-13, -1.000000000000000000 ) ) ;
#3932 = ORIENTED_EDGE ( 'NONE', *, *, #6345, .F. ) ;
#3933 = CARTESIAN_POINT ( 'NONE',  ( -118.0407415684137646, 227.6090993664645055, 124.5776301000701949 ) ) ;
#3934 = EDGE_CURVE ( 'NONE', #7297, #5601, #1061, .T. ) ;
#3935 = ORIENTED_EDGE ( 'NONE', *, *, #1284, .T. ) ;
#3936 = ADVANCED_FACE ( 'NONE', ( #6066 ), #3543, .F. ) ;
#3937 = ORIENTED_EDGE ( 'NONE', *, *, #4317, .F. ) ;
#3938 = CARTESIAN_POINT ( 'NONE',  ( -10.03190782286665872, 9.791950636708790512, 25.95270548578102066 ) ) ;
#3939 = CIRCLE ( 'NONE', #197, 5.000000000000004441 ) ;
#3940 = DIRECTION ( 'NONE',  ( 0.000000000000000000, 0.000000000000000000, -1.000000000000000000 ) ) ;
#3941 = TOROIDAL_SURFACE ( 'NONE', #5048, 2.000000000000000000, 1.000000000000000000 ) ;
#3942 = CARTESIAN_POINT ( 'NONE',  ( 0.000000000000000000, 9.500000000000001776, -4.500000000000000888 ) ) ;
#3943 = CIRCLE ( 'NONE', #1604, 5.000000000000004441 ) ;
#3944 = CARTESIAN_POINT ( 'NONE',  ( -34.31449549130204701, 120.0631498402282347, 57.84941329541277355 ) ) ;
#3945 = EDGE_CURVE ( 'NONE', #4581, #4366, #5577, .T. ) ;
#3946 = CARTESIAN_POINT ( 'NONE',  ( -62.49627132169547394, 177.6932981675497842, 93.60675282340625358 ) ) ;
#3947 = CARTESIAN_POINT ( 'NONE',  ( -104.7500000000000000, 229.9999999999999716, -129.5500000000000114 ) ) ;
#3948 = ORIENTED_EDGE ( 'NONE', *, *, #1816, .F. ) ;
#3949 = DIRECTION ( 'NONE',  ( 0.000000000000000000, 0.000000000000000000, 1.000000000000000000 ) ) ;
#3950 = EDGE_LOOP ( 'NONE', ( #3987, #222, #5240, #2694 ) ) ;
#3951 = CARTESIAN_POINT ( 'NONE',  ( -15.54656623057176823, 85.87413050490069111, 48.04054876804516283 ) ) ;
#3952 = CARTESIAN_POINT ( 'NONE',  ( -24.17567898490996470, 53.17503500571874753, -2.500000000000000000 ) ) ;
#3953 = AXIS2_PLACEMENT_3D ( 'NONE', #3373, #1932, #6036 ) ;
#3954 = AXIS2_PLACEMENT_3D ( 'NONE', #4781, #1493, #4134 ) ;
#3955 = CARTESIAN_POINT ( 'NONE',  ( 132.2500000000011084, 229.9999999999999716, 104.7499999999986073 ) ) ;
#3956 = ORIENTED_EDGE ( 'NONE', *, *, #477, .T. ) ;
#3957 = CARTESIAN_POINT ( 'NONE',  ( -8.975497113880912536, 8.499999999999422684, -25.78331575319657532 ) ) ;
#3958 = CARTESIAN_POINT ( 'NONE',  ( 14.67524777259482782, 9.781734117539214068, 23.83325786196884977 ) ) ;
#3959 = CARTESIAN_POINT ( 'NONE',  ( 22.32323275705735810, 8.500000000000007105, 16.70969938800270782 ) ) ;
#3960 = DIRECTION ( 'NONE',  ( -4.026401060382563240E-16, -1.000000000000000000, -0.000000000000000000 ) ) ;
#3961 = VECTOR ( 'NONE', #7131, 1000.000000000000000 ) ;
#3962 = CARTESIAN_POINT ( 'NONE',  ( -127.1480598818604477, 229.2555527899202445, -119.8763410611945943 ) ) ;
#3963 = FACE_BOUND ( 'NONE', #6557, .T. ) ;
#3964 = CARTESIAN_POINT ( 'NONE',  ( -3.500000000000000000, 9.500000000000001776, 0.000000000000000000 ) ) ;
#3965 = CYLINDRICAL_SURFACE ( 'NONE', #3318, 1.000000000000000888 ) ;
#3966 = CARTESIAN_POINT ( 'NONE',  ( 38.33771859288088280, 114.2973571225204239, 54.27195576946419209 ) ) ;
#3967 = ORIENTED_EDGE ( 'NONE', *, *, #1816, .T. ) ;
#3968 = FACE_OUTER_BOUND ( 'NONE', #7448, .T. ) ;
#3969 = CARTESIAN_POINT ( 'NONE',  ( -139.6500000000000057, 222.4999999999999716, 139.6500000000000057 ) ) ;
#3970 = ORIENTED_EDGE ( 'NONE', *, *, #227, .F. ) ;
#3971 = CARTESIAN_POINT ( 'NONE',  ( -17.80704993731346164, 0.9999999999999997780, -3.961144115525822240 ) ) ;
#3972 = VERTEX_POINT ( 'NONE', #393 ) ;
#3973 = CARTESIAN_POINT ( 'NONE',  ( -4.499999998761967213, 50.37049172036407896, 38.05285344054703955 ) ) ;
#3974 = CARTESIAN_POINT ( 'NONE',  ( -24.61147325761950100, 97.28235793829992417, 51.24985079263718291 ) ) ;
#3975 = EDGE_CURVE ( 'NONE', #1655, #6916, #3656, .T. ) ;
#3976 = DIRECTION ( 'NONE',  ( 0.000000000000000000, -0.000000000000000000, -1.000000000000000000 ) ) ;
#3977 = ORIENTED_EDGE ( 'NONE', *, *, #8136, .F. ) ;
#3978 = CARTESIAN_POINT ( 'NONE',  ( -64.48740029902050708, 172.9446902893508593, 90.66042023335869260 ) ) ;
#3979 = ORIENTED_EDGE ( 'NONE', *, *, #4318, .F. ) ;
#3980 = EDGE_LOOP ( 'NONE', ( #4752, #465 ) ) ;
#3981 = CARTESIAN_POINT ( 'NONE',  ( -50.03174841421728303, 138.2109911391858930, -69.10946626875083609 ) ) ;
#3982 = CYLINDRICAL_SURFACE ( 'NONE', #1193, 1.000000000000000000 ) ;
#3983 = EDGE_CURVE ( 'NONE', #8528, #865, #2196, .T. ) ;
#3984 = CARTESIAN_POINT ( 'NONE',  ( 24.41383171847508038, 85.82379070519623099, -39.73612998050333545 ) ) ;
#3985 =( BOUNDED_SURFACE ( )  B_SPLINE_SURFACE ( 2, 3, ( 
 ( #497, #3962, #6415, #1962, #617, #4609, #1918, #4488, #7119, #3152 ),
 ( #3191, #6589, #1205, #663, #5166, #7816, #2533, #5803, #7071, #3842 ),
 ( #2492, #1806, #7858, #6456, #2455, #5089, #1882, #538, #7730, #7766 ) ),
 .UNSPECIFIED., .F., .F., .F. ) 
 B_SPLINE_SURFACE_WITH_KNOTS ( ( 3, 3 ),
 ( 4, 3, 3, 4 ),
 ( 0.000000000000000000, 1.000000000000000000 ),
 ( -0.1142279574271395925, -0.09781566862524741779, -0.02631465750806038020, -0.006609298813904800757 ),
 .UNSPECIFIED. ) 
 GEOMETRIC_REPRESENTATION_ITEM ( )  RATIONAL_B_SPLINE_SURFACE ( (
 ( 1.000000000000000000, 1.000000000000000000, 1.000000000000000000, 1.000000000000000000, 1.000000000000000000, 1.000000000000000000, 1.000000000000000000, 1.000000000000000000, 1.000000000000000000, 1.000000000000000000),
 ( 0.8343088609779759635, 0.8343088609779759635, 0.8343088609779759635, 0.8343088609779759635, 0.8343088609779759635, 0.8343088609779759635, 0.8343088609779759635, 0.8343088609779759635, 0.8343088609779759635, 0.8343088609779759635),
 ( 1.000000000000000000, 1.000000000000000000, 1.000000000000000000, 1.000000000000000000, 1.000000000000000000, 1.000000000000000000, 1.000000000000000000, 1.000000000000000000, 1.000000000000000000, 1.000000000000000000) ) ) 
 REPRESENTATION_ITEM ( '' )  SURFACE ( )  );
#3986 = CARTESIAN_POINT ( 'NONE',  ( -132.2500000000003695, 227.4999999999999716, -109.7499999999995453 ) ) ;
#3987 = ORIENTED_EDGE ( 'NONE', *, *, #7597, .T. ) ;
#3988 = DIRECTION ( 'NONE',  ( 0.000000000000000000, 0.000000000000000000, 1.000000000000000000 ) ) ;
#3989 = ORIENTED_EDGE ( 'NONE', *, *, #8472, .T. ) ;
#3990 = CARTESIAN_POINT ( 'NONE',  ( 38.34048759201160550, 8.500000000000000000, -4.500000000000000888 ) ) ;
#3991 = ORIENTED_EDGE ( 'NONE', *, *, #1380, .F. ) ;
#3992 = LINE ( 'NONE', #1495, #2777 ) ;
#3993 = EDGE_CURVE ( 'NONE', #1926, #1035, #6973, .T. ) ;
#3994 = CARTESIAN_POINT ( 'NONE',  ( -24.17563017816474868, 53.16515517230252641, 2.500000000000000000 ) ) ;
#3995 = EDGE_CURVE ( 'NONE', #4484, #7024, #2858, .T. ) ;
#3996 = CARTESIAN_POINT ( 'NONE',  ( -19.31362164303318352, 75.39414762957346738, -45.09237557849156275 ) ) ;
#3997 = LINE ( 'NONE', #700, #405 ) ;
#3998 = DIRECTION ( 'NONE',  ( -0.000000000000000000, 1.000000000000000000, -0.000000000000000000 ) ) ;
#3999 = DIRECTION ( 'NONE',  ( 0.000000000000000000, 0.000000000000000000, 1.000000000000000000 ) ) ;
#4000 = ORIENTED_EDGE ( 'NONE', *, *, #6146, .F. ) ;
#4001 = CARTESIAN_POINT ( 'NONE',  ( -13.55680447857474569, 9.787127361231711120, -24.49416394575727196 ) ) ;
#4002 = CARTESIAN_POINT ( 'NONE',  ( 18.94901900160695618, 9.736234030938845763, 20.00609267720453488 ) ) ;
#4003 = CARTESIAN_POINT ( 'NONE',  ( 5.263357322422816509, 9.772964560302051851, -26.62946309012502866 ) ) ;
#4004 = CARTESIAN_POINT ( 'NONE',  ( -39.51561378894523102, 9.169629727256930707, 2.500000000000000000 ) ) ;
#4005 = AXIS2_PLACEMENT_3D ( 'NONE', #2941, #6948, #3069 ) ;
#4006 = CARTESIAN_POINT ( 'NONE',  ( -118.4375084887886800, 222.5000000000000568, 119.0934567674732278 ) ) ;
#4007 = CARTESIAN_POINT ( 'NONE',  ( 3.281004130023534859, 53.62027671877854829, 39.37794068417792204 ) ) ;
#4008 = CYLINDRICAL_SURFACE ( 'NONE', #8464, 10.99999999999999645 ) ;
#4009 = VERTEX_POINT ( 'NONE', #8123 ) ;
#4010 = DIRECTION ( 'NONE',  ( -1.000000000000000000, 0.000000000000000000, 0.000000000000000000 ) ) ;
#4011 = DIRECTION ( 'NONE',  ( 0.000000000000000000, -0.000000000000000000, 1.000000000000000000 ) ) ;
#4012 = ORIENTED_EDGE ( 'NONE', *, *, #2197, .T. ) ;
#4013 = CARTESIAN_POINT ( 'NONE',  ( 14.01636169110989627, 8.499999999999994671, -25.28703064758447638 ) ) ;
#4014 = VERTEX_POINT ( 'NONE', #900 ) ;
#4015 = CARTESIAN_POINT ( 'NONE',  ( -4.264434226022795649, 52.78081586204796594, 38.73091304209238217 ) ) ;
#4016 = CARTESIAN_POINT ( 'NONE',  ( 25.49995119325479465, 85.99012016658377888, -4.500000000000003553 ) ) ;
#4017 = CARTESIAN_POINT ( 'NONE',  ( -119.6307288578716879, 222.4999999999999716, 115.6847746359883331 ) ) ;
#4018 = CARTESIAN_POINT ( 'NONE',  ( -5.749844924156107595, 9.775994250527967111, 26.61567406139537439 ) ) ;
#4019 = VECTOR ( 'NONE', #145, 1000.000000000000114 ) ;
#4020 = ORIENTED_EDGE ( 'NONE', *, *, #5484, .T. ) ;
#4021 = CARTESIAN_POINT ( 'NONE',  ( -132.2500000000000000, 227.4999999999999716, -4.999999999999542588 ) ) ;
#4022 = CARTESIAN_POINT ( 'NONE',  ( -127.1454012377111269, 229.2531635628336630, 119.8748586356479251 ) ) ;
#4023 = FACE_OUTER_BOUND ( 'NONE', #2021, .T. ) ;
#4024 = ORIENTED_EDGE ( 'NONE', *, *, #2367, .T. ) ;
#4025 = ADVANCED_FACE ( 'NONE', ( #6777 ), #1549, .F. ) ;
#4026 = CARTESIAN_POINT ( 'NONE',  ( -42.23335908340972367, 122.2637230694445805, -51.98054055290170083 ) ) ;
#4027 = CARTESIAN_POINT ( 'NONE',  ( 24.14082800827270603, 49.64772090977322705, -3.665780284764561525 ) ) ;
#4028 = CARTESIAN_POINT ( 'NONE',  ( -35.81439921304686891, 109.1373107502755602, 51.07034106834296239 ) ) ;
#4029 = DIRECTION ( 'NONE',  ( 0.000000000000000000, 0.2708032892222390076, -0.9626347067015693648 ) ) ;
#4030 = B_SPLINE_CURVE_WITH_KNOTS ( 'NONE', 3,
 ( #1993, #2606, #1946, #6618, #5193, #1903, #6443, #7280, #522, #1353 ),
 .UNSPECIFIED., .F., .F.,
 ( 4, 2, 2, 2, 4 ),
 ( 0.000000000000000000, 0.003813861928452915231, 0.007627723856905830463, 0.01144158578535874569, 0.01525544771381166093 ),
 .UNSPECIFIED. ) ;
#4031 = CARTESIAN_POINT ( 'NONE',  ( -34.68056298297510409, 120.8117372951102055, 58.31388365628326653 ) ) ;
#4032 = ORIENTED_EDGE ( 'NONE', *, *, #1027, .F. ) ;
#4033 = ADVANCED_FACE ( 'NONE', ( #5670 ), #1294, .F. ) ;
#4034 = CARTESIAN_POINT ( 'NONE',  ( -13.58996270211883051, 5.471864023437076233E-15, 12.13567189905952759 ) ) ;
#4035 = CARTESIAN_POINT ( 'NONE',  ( 20.13043663840053554, 8.500000000000017764, -20.07840646998064216 ) ) ;
#4036 = VERTEX_POINT ( 'NONE', #6983 ) ;
#4037 = CARTESIAN_POINT ( 'NONE',  ( 139.6500000000000057, 9.499999999999994671, 27.59419916606945122 ) ) ;
#4038 = EDGE_LOOP ( 'NONE', ( #6965, #572, #7553, #2707 ) ) ;
#4039 = LINE ( 'NONE', #7320, #1927 ) ;
#4040 = CARTESIAN_POINT ( 'NONE',  ( 24.55378690041934675, 91.44384434331338696, -49.60739111952956648 ) ) ;
#4041 = CARTESIAN_POINT ( 'NONE',  ( 67.27647612852896941, 176.2525942987256258, 90.02227675530227202 ) ) ;
#4042 = CARTESIAN_POINT ( 'NONE',  ( -38.34048759201159839, 8.500000000000001776, -3.500000000000000444 ) ) ;
#4043 = VECTOR ( 'NONE', #7857, 1000.000000000000000 ) ;
#4044 = EDGE_CURVE ( 'NONE', #8417, #5464, #6163, .T. ) ;
#4045 = ADVANCED_FACE ( 'NONE', ( #5029 ), #2397, .F. ) ;
#4046 = FACE_OUTER_BOUND ( 'NONE', #5871, .T. ) ;
#4047 = ORIENTED_EDGE ( 'NONE', *, *, #642, .F. ) ;
#4048 = CARTESIAN_POINT ( 'NONE',  ( -6.298780641147875947, 8.499999999999996447, -27.59419916565187947 ) ) ;
#4049 = CARTESIAN_POINT ( 'NONE',  ( 132.2500000000011084, 229.9999999999999716, 102.0499999999986045 ) ) ;
#4050 = DIRECTION ( 'NONE',  ( 0.000000000000000000, 0.000000000000000000, 1.000000000000000000 ) ) ;
#4051 = CARTESIAN_POINT ( 'NONE',  ( -32.94983041568480786, 119.4999999999999858, 57.50000000000000000 ) ) ;
#4052 = CARTESIAN_POINT ( 'NONE',  ( 18.51370253461190174, 87.41649213276018315, 28.16102923363654043 ) ) ;
#4053 = CARTESIAN_POINT ( 'NONE',  ( 3.367592251887055799, 52.69806608066178200, 39.24822498195263876 ) ) ;
#4054 = CARTESIAN_POINT ( 'NONE',  ( 51.22942979740065539, 140.6601822823249108, 62.99457190673818729 ) ) ;
#4055 = CARTESIAN_POINT ( 'NONE',  ( 4.938849362433375134, 8.500000000000000000, -27.59419916606945122 ) ) ;
#4056 = AXIS2_PLACEMENT_3D ( 'NONE', #4060, #4930, #6782 ) ;
#4057 = CARTESIAN_POINT ( 'NONE',  ( 41.74085462747521547, 121.2565791258481624, -57.99415152159715348 ) ) ;
#4058 = ORIENTED_EDGE ( 'NONE', *, *, #3260, .F. ) ;
#4059 = CARTESIAN_POINT ( 'NONE',  ( 30.80923502940071401, 98.90203118371829305, 43.57339139244732706 ) ) ;
#4060 = CARTESIAN_POINT ( 'NONE',  ( -132.2500000000003695, 229.9999999999999716, -104.7499999999995310 ) ) ;
#4061 = EDGE_LOOP ( 'NONE', ( #8151, #3271, #3000, #881 ) ) ;
#4062 = ORIENTED_EDGE ( 'NONE', *, *, #7151, .T. ) ;
#4063 = CARTESIAN_POINT ( 'NONE',  ( -139.6500000000000057, 229.9999999999999716, 139.6500000000000057 ) ) ;
#4064 = CARTESIAN_POINT ( 'NONE',  ( -38.34048759201159839, 8.500000000000000000, 4.500000000000000888 ) ) ;
#4065 = CARTESIAN_POINT ( 'NONE',  ( 121.8007364024827979, 230.9880703749678901, 126.6741545254467241 ) ) ;
#4066 = VECTOR ( 'NONE', #7349, 1000.000000000000114 ) ;
#4067 = LINE ( 'NONE', #3425, #6868 ) ;
#4068 = FACE_OUTER_BOUND ( 'NONE', #6060, .T. ) ;
#4069 = ORIENTED_EDGE ( 'NONE', *, *, #1082, .T. ) ;
#4070 = DIRECTION ( 'NONE',  ( -0.000000000000000000, -0.000000000000000000, 1.000000000000000000 ) ) ;
#4071 = CARTESIAN_POINT ( 'NONE',  ( -114.2834053784940664, 224.2325175850476455, 122.4825881002404060 ) ) ;
#4072 = DIRECTION ( 'NONE',  ( 0.000000000000000000, 0.000000000000000000, 1.000000000000000000 ) ) ;
#4073 = VERTEX_POINT ( 'NONE', #7879 ) ;
#4074 = VECTOR ( 'NONE', #5922, 1000.000000000000000 ) ;
#4075 = CARTESIAN_POINT ( 'NONE',  ( 117.4804790376232404, 222.5000000000000284, 119.9792118523341315 ) ) ;
#4076 = CARTESIAN_POINT ( 'NONE',  ( 24.13152009180707580, 48.70565419846847277, -3.669772979167506222 ) ) ;
#4077 = CARTESIAN_POINT ( 'NONE',  ( 15.52055380191783307, 85.68750859613999182, 47.98804928264170400 ) ) ;
#4078 = LINE ( 'NONE', #4819, #5329 ) ;
#4079 = EDGE_CURVE ( 'NONE', #7500, #2610, #2561, .T. ) ;
#4080 = VECTOR ( 'NONE', #502, 1000.000000000000000 ) ;
#4081 = CIRCLE ( 'NONE', #7948, 1.000000000000000000 ) ;
#4082 = DIRECTION ( 'NONE',  ( -4.026401060382563240E-16, -1.000000000000000000, -0.000000000000000000 ) ) ;
#4083 = EDGE_LOOP ( 'NONE', ( #2117, #1555, #7875, #1544 ) ) ;
#4084 = EDGE_LOOP ( 'NONE', ( #7787, #2023, #3208, #8208, #8481, #3620, #951, #5346, #6908, #6927, #3264, #3374, #467, #4762, #5957, #1516, #1363, #3005, #5317, #130, #7041, #5316, #6085, #2949, #7203, #3573, #3807, #954, #6303, #1690, #6251, #4265 ) ) ;
#4085 = CARTESIAN_POINT ( 'NONE',  ( -18.51370253461190885, 87.41649213276018315, -14.08051461681830752 ) ) ;
#4086 = CARTESIAN_POINT ( 'NONE',  ( -62.49627132169547394, 177.6932981675497842, 93.60675282340625358 ) ) ;
#4087 = ORIENTED_EDGE ( 'NONE', *, *, #3983, .F. ) ;
#4088 = DIRECTION ( 'NONE',  ( 1.000000000000000000, 0.000000000000000000, 0.000000000000000000 ) ) ;
#4089 = VERTEX_POINT ( 'NONE', #7175 ) ;
#4090 = DIRECTION ( 'NONE',  ( -0.000000000000000000, -0.000000000000000000, 1.000000000000000000 ) ) ;
#4091 = CIRCLE ( 'NONE', #5598, 3.000000000000002665 ) ;
#4092 = DIRECTION ( 'NONE',  ( -0.000000000000000000, 1.000000000000000000, -0.000000000000000000 ) ) ;
#4093 = ADVANCED_FACE ( 'NONE', ( #4422 ), #5747, .F. ) ;
#4094 = DIRECTION ( 'NONE',  ( 0.000000000000000000, 1.000000000000000000, 0.000000000000000000 ) ) ;
#4095 = AXIS2_PLACEMENT_3D ( 'NONE', #7719, #4998, #4428 ) ;
#4096 = CARTESIAN_POINT ( 'NONE',  ( 4.500000000000000888, 56.40340286106961543, -39.75000000000000000 ) ) ;
#4097 = VERTEX_POINT ( 'NONE', #8394 ) ;
#4098 = CIRCLE ( 'NONE', #1190, 2.700000000000008171 ) ;
#4099 = CARTESIAN_POINT ( 'NONE',  ( -21.98956770037586850, 9.662744602422668194, -15.10077130944187118 ) ) ;
#4100 = CARTESIAN_POINT ( 'NONE',  ( -3.148351528231574825, 54.64798021318748056, -39.52249473245996825 ) ) ;
#4101 = CARTESIAN_POINT ( 'NONE',  ( 13.59430978697164960, 9.786232012162447091, -24.43533976601686675 ) ) ;
#4102 = LINE ( 'NONE', #754, #1044 ) ;
#4103 = VECTOR ( 'NONE', #7665, 1000.000000000000000 ) ;
#4104 = DIRECTION ( 'NONE',  ( 0.000000000000000000, 0.000000000000000000, 1.000000000000000000 ) ) ;
#4105 = EDGE_CURVE ( 'NONE', #78, #5294, #7528, .T. ) ;
#4106 = CARTESIAN_POINT ( 'NONE',  ( 4.235184504016806351, 52.96886936988265404, 38.78381525735317581 ) ) ;
#4107 = ORIENTED_EDGE ( 'NONE', *, *, #5196, .T. ) ;
#4108 = CARTESIAN_POINT ( 'NONE',  ( -24.77012099308889148, 49.45692520922258950, -3.420349252443127153 ) ) ;
#4109 = ORIENTED_EDGE ( 'NONE', *, *, #8379, .T. ) ;
#4110 = ORIENTED_EDGE ( 'NONE', *, *, #2614, .F. ) ;
#4111 = CARTESIAN_POINT ( 'NONE',  ( -24.74420466249360118, 9.500000000000008882, 139.6500000000000057 ) ) ;
#4112 = DIRECTION ( 'NONE',  ( -0.000000000000000000, -0.000000000000000000, -1.000000000000000000 ) ) ;
#4113 = CARTESIAN_POINT ( 'NONE',  ( 0.000000000000000000, 8.500000000000000000, 0.000000000000000000 ) ) ;
#4114 = CARTESIAN_POINT ( 'NONE',  ( 56.13326742716429152, 171.9750973094525079, 90.05882425638377242 ) ) ;
#4115 = DIRECTION ( 'NONE',  ( -0.7071067811865474617, 0.000000000000000000, -0.7071067811865476838 ) ) ;
#4116 = EDGE_CURVE ( 'NONE', #8417, #1489, #7383, .T. ) ;
#4117 = CARTESIAN_POINT ( 'NONE',  ( 38.61791111448185632, 8.500000000000000000, -4.499999999992781774 ) ) ;
#4118 = EDGE_CURVE ( 'NONE', #2337, #6737, #891, .T. ) ;
#4119 = ORIENTED_EDGE ( 'NONE', *, *, #7351, .F. ) ;
#4120 = CARTESIAN_POINT ( 'NONE',  ( 34.11790219225093779, 8.500000000000000000, 38.36054287937221829 ) ) ;
#4121 = ORIENTED_EDGE ( 'NONE', *, *, #3890, .T. ) ;
#4122 = CARTESIAN_POINT ( 'NONE',  ( 38.34048759201160550, 9.500000000000001776, -4.500000000000000888 ) ) ;
#4123 = ORIENTED_EDGE ( 'NONE', *, *, #4995, .F. ) ;
#4124 = CARTESIAN_POINT ( 'NONE',  ( -66.52617087843641741, 185.9342163622333999, -98.71993261666419528 ) ) ;
#4125 = CARTESIAN_POINT ( 'NONE',  ( 24.17394958395107096, 53.00000001475847000, -2.602124701189492129 ) ) ;
#4126 = CARTESIAN_POINT ( 'NONE',  ( -59.18162869656644176, 156.9219822783717575, 80.71893253750167219 ) ) ;
#4127 =( BOUNDED_CURVE ( )  B_SPLINE_CURVE ( 3, ( #7505, #5589, #4956, #1668 ),
 .UNSPECIFIED., .F., .T. ) 
 B_SPLINE_CURVE_WITH_KNOTS ( ( 4, 4 ),
 ( 3.141592653589793116, 4.712388980384689674 ),
 .UNSPECIFIED. ) 
 CURVE ( )  GEOMETRIC_REPRESENTATION_ITEM ( )  RATIONAL_B_SPLINE_CURVE ( ( 1.000000000000000000, 0.8047378541243649375, 0.8047378541243649375, 1.000000000000000000 ) ) 
 REPRESENTATION_ITEM ( '' )  );
#4128 = CARTESIAN_POINT ( 'NONE',  ( -15.55957244489890989, 85.96744145928199998, -48.06679851074714804 ) ) ;
#4129 = CARTESIAN_POINT ( 'NONE',  ( -24.02331450380427569, 37.75402148528016255, -18.17792807833261293 ) ) ;
#4130 = VERTEX_POINT ( 'NONE', #5108 ) ;
#4131 = CARTESIAN_POINT ( 'NONE',  ( -18.51370253461190885, 87.41649213276019736, -1.760064327102291548 ) ) ;
#4132 = LINE ( 'NONE', #6096, #5320 ) ;
#4133 = EDGE_LOOP ( 'NONE', ( #2682, #1335, #514, #2191 ) ) ;
#4134 = DIRECTION ( 'NONE',  ( 0.000000000000000000, 0.000000000000000000, 1.000000000000000000 ) ) ;
#4135 = ORIENTED_EDGE ( 'NONE', *, *, #2399, .T. ) ;
#4136 = CYLINDRICAL_SURFACE ( 'NONE', #6776, 2.999999999999981792 ) ;
#4137 = CARTESIAN_POINT ( 'NONE',  ( 132.2500000000000000, 227.4999999999999716, -5.000000000001389999 ) ) ;
#4138 = DIRECTION ( 'NONE',  ( -0.000000000000000000, 1.000000000000000000, -0.000000000000000000 ) ) ;
#4139 = ORIENTED_EDGE ( 'NONE', *, *, #4799, .F. ) ;
#4140 = ADVANCED_FACE ( 'NONE', ( #5225 ), #7053, .T. ) ;
#4141 = CARTESIAN_POINT ( 'NONE',  ( -21.29321482917722008, 8.499999999999996447, -18.44613570527956981 ) ) ;
#4142 = CARTESIAN_POINT ( 'NONE',  ( -3.577079459903354408, 53.78410775008059375, -39.01315379389283322 ) ) ;
#4143 = CARTESIAN_POINT ( 'NONE',  ( 21.46407910531393171, 9.680582436578974992, -16.22343403656535088 ) ) ;
#4144 = CYLINDRICAL_SURFACE ( 'NONE', #1704, 1.000000000000000888 ) ;
#4145 = FACE_OUTER_BOUND ( 'NONE', #6763, .T. ) ;
#4146 = CARTESIAN_POINT ( 'NONE',  ( -104.7500000000000000, 229.9999999999999716, -132.2500000000000000 ) ) ;
#4147 = CARTESIAN_POINT ( 'NONE',  ( 3.570311512526851416, 55.51446430391283116, 39.49992852063336812 ) ) ;
#4148 = CARTESIAN_POINT ( 'NONE',  ( -12.90977149594522366, 43.70824606638009158, -29.45540891811432260 ) ) ;
#4149 = CARTESIAN_POINT ( 'NONE',  ( 17.27450110833659380, 89.27423230140085764, 48.99704736899177249 ) ) ;
#4150 = CARTESIAN_POINT ( 'NONE',  ( 22.49961087745266752, 99.34948820093391930, -51.83136491266117929 ) ) ;
#4151 = VERTEX_POINT ( 'NONE', #596 ) ;
#4152 = EDGE_CURVE ( 'NONE', #584, #3771, #5691, .T. ) ;
#4153 = VERTEX_POINT ( 'NONE', #5074 ) ;
#4154 = CARTESIAN_POINT ( 'NONE',  ( 40.45946519827176502, 9.500000000000001776, -2.500000000000000000 ) ) ;
#4155 = CARTESIAN_POINT ( 'NONE',  ( 0.000000000000000000, 222.4999999999999716, 134.9500000000000171 ) ) ;
#4156 = CARTESIAN_POINT ( 'NONE',  ( 3.500000000000000000, 0.000000000000000000, -38.75000000000000000 ) ) ;
#4157 = CARTESIAN_POINT ( 'NONE',  ( 0.000000000000000000, 229.9999999999999716, 137.2500000000000000 ) ) ;
#4158 = ORIENTED_EDGE ( 'NONE', *, *, #7000, .F. ) ;
#4159 = CARTESIAN_POINT ( 'NONE',  ( 104.7500000000000000, 229.9999999999999716, 127.2500000000000000 ) ) ;
#4160 = ORIENTED_EDGE ( 'NONE', *, *, #5402, .F. ) ;
#4161 = CARTESIAN_POINT ( 'NONE',  ( -128.6499999999999773, 0.000000000000000000, -139.6500000000000057 ) ) ;
#4162 = ORIENTED_EDGE ( 'NONE', *, *, #489, .T. ) ;
#4163 = EDGE_CURVE ( 'NONE', #7130, #6850, #7835, .T. ) ;
#4164 = CARTESIAN_POINT ( 'NONE',  ( 118.8360086650251333, 222.4999999999999432, 118.5778980368996542 ) ) ;
#4165 = EDGE_CURVE ( 'NONE', #456, #650, #7246, .T. ) ;
#4166 = CARTESIAN_POINT ( 'NONE',  ( 24.16078302820341506, 51.66739524566999364, -3.428138555590076741 ) ) ;
#4167 = CARTESIAN_POINT ( 'NONE',  ( -60.53311964810803403, 159.6857053478163664, 75.19947309040338723 ) ) ;
#4168 = VECTOR ( 'NONE', #4712, 1000.000000000000000 ) ;
#4169 = CARTESIAN_POINT ( 'NONE',  ( 24.17567898490996470, 53.17503500571879016, -3.500000000000003109 ) ) ;
#4170 = CYLINDRICAL_SURFACE ( 'NONE', #3664, 11.00000000000001066 ) ;
#4171 = ORIENTED_EDGE ( 'NONE', *, *, #4227, .T. ) ;
#4172 = CARTESIAN_POINT ( 'NONE',  ( -17.56083590531804006, 7.070696831037674809E-15, 4.877408961304952939 ) ) ;
#4173 = DIRECTION ( 'NONE',  ( -0.000000000000000000, 1.000000000000000000, -0.000000000000000000 ) ) ;
#4174 = EDGE_CURVE ( 'NONE', #4598, #7214, #4764, .T. ) ;
#4175 = EDGE_LOOP ( 'NONE', ( #2775, #2077, #7604, #3597 ) ) ;
#4176 =( BOUNDED_SURFACE ( )  B_SPLINE_SURFACE ( 2, 3, ( 
 ( #5401, #3517, #4722, #1436, #5945, #4167, #686, #4818, #1485, #2830 ),
 ( #1392, #4028, #3337, #6799, #6656, #4126, #7451, #729, #871, #828 ),
 ( #1531, #1987, #69, #8007, #1347, #5452, #8099, #2173, #3474, #18 ) ),
 .UNSPECIFIED., .F., .F., .F. ) 
 B_SPLINE_SURFACE_WITH_KNOTS ( ( 3, 3 ),
 ( 4, 3, 3, 4 ),
 ( 0.000000000000000000, 1.000000000000000000 ),
 ( -0.1157138705055247296, -0.09590449297010547602, -0.02436841220846807168, -0.008615024663692452331 ),
 .UNSPECIFIED. ) 
 GEOMETRIC_REPRESENTATION_ITEM ( )  RATIONAL_B_SPLINE_SURFACE ( (
 ( 1.000000000000000000, 1.000000000000000000, 1.000000000000000000, 1.000000000000000000, 1.000000000000000000, 1.000000000000000000, 1.000000000000000000, 1.000000000000000000, 1.000000000000000000, 1.000000000000000000),
 ( 0.7847319775662078278, 0.7847319775662078278, 0.7847319775662078278, 0.7847319775662078278, 0.7847319775662078278, 0.7847319775662078278, 0.7847319775662078278, 0.7847319775662077168, 0.7847319775662077168, 0.7847319775662077168),
 ( 1.000000000000000000, 1.000000000000000000, 1.000000000000000000, 1.000000000000000000, 1.000000000000000000, 1.000000000000000000, 1.000000000000000000, 1.000000000000000000, 1.000000000000000000, 1.000000000000000000) ) ) 
 REPRESENTATION_ITEM ( '' )  SURFACE ( )  );
#4177 = CARTESIAN_POINT ( 'NONE',  ( 24.23177876883821824, 52.83478489955949442, 3.085786437626904632 ) ) ;
#4178 = ORIENTED_EDGE ( 'NONE', *, *, #6600, .T. ) ;
#4179 = CARTESIAN_POINT ( 'NONE',  ( -23.66000013131243307, 0.9824864811325543235, -24.15928179410595433 ) ) ;
#4180 = CARTESIAN_POINT ( 'NONE',  ( -35.54302587272860592, 118.7141615327062709, -56.83708480978734912 ) ) ;
#4181 = CARTESIAN_POINT ( 'NONE',  ( -132.2500000000000000, 227.4999999999999716, 4.617484070620044083E-13 ) ) ;
#4182 = AXIS2_PLACEMENT_3D ( 'NONE', #3368, #3504, #3328 ) ;
#4183 = CARTESIAN_POINT ( 'NONE',  ( 24.40909996849736885, 85.81411454232045344, 39.76823981571465083 ) ) ;
#4184 = ORIENTED_EDGE ( 'NONE', *, *, #7940, .F. ) ;
#4185 = DIRECTION ( 'NONE',  ( 0.000000000000000000, -0.000000000000000000, 1.000000000000000000 ) ) ;
#4186 = DIRECTION ( 'NONE',  ( -0.000000000000000000, 1.000000000000000000, -0.000000000000000000 ) ) ;
#4187 = ORIENTED_EDGE ( 'NONE', *, *, #1135, .F. ) ;
#4188 = CARTESIAN_POINT ( 'NONE',  ( 3.500000000000000000, 9.500000000000001776, 38.75000000000000000 ) ) ;
#4189 = CARTESIAN_POINT ( 'NONE',  ( 4.938849362433375134, 9.499999999999994671, -26.59419916606944767 ) ) ;
#4190 = DIRECTION ( 'NONE',  ( 1.000000000000000000, -0.000000000000000000, 0.000000000000000000 ) ) ;
#4191 = FACE_OUTER_BOUND ( 'NONE', #7265, .T. ) ;
#4192 = ADVANCED_FACE ( 'NONE', ( #6614 ), #830, .F. ) ;
#4193 = CARTESIAN_POINT ( 'NONE',  ( 132.2499999999988916, 222.4999999999999716, -107.4500000000013955 ) ) ;
#4194 = CARTESIAN_POINT ( 'NONE',  ( 17.27450110833659380, 89.27423230140087185, -48.99704736899177249 ) ) ;
#4195 = ORIENTED_EDGE ( 'NONE', *, *, #2042, .T. ) ;
#4196 = ORIENTED_EDGE ( 'NONE', *, *, #7724, .F. ) ;
#4197 = LINE ( 'NONE', #2203, #4622 ) ;
#4198 = DIRECTION ( 'NONE',  ( 1.000000000000000000, -0.000000000000000000, 0.000000000000000000 ) ) ;
#4199 = CARTESIAN_POINT ( 'NONE',  ( -15.52055380191783307, 85.68750859614002025, 47.98804928264171821 ) ) ;
#4200 = CARTESIAN_POINT ( 'NONE',  ( 59.97434208973221104, 168.8889685339115942, 88.14399742256470915 ) ) ;
#4201 = CARTESIAN_POINT ( 'NONE',  ( 9.282989503261676489, 8.499999999999985789, 27.09522694144355626 ) ) ;
#4202 = EDGE_CURVE ( 'NONE', #792, #3512, #688, .T. ) ;
#4203 = ORIENTED_EDGE ( 'NONE', *, *, #980, .F. ) ;
#4204 = CARTESIAN_POINT ( 'NONE',  ( 0.000000000000000000, 0.000000000000000000, 139.6500000000000057 ) ) ;
#4205 = EDGE_LOOP ( 'NONE', ( #4725, #4657, #7614, #8056 ) ) ;
#4206 = CARTESIAN_POINT ( 'NONE',  ( -3.500000000000000000, 0.000000000000000000, 0.000000000000000000 ) ) ;
#4207 = EDGE_LOOP ( 'NONE', ( #6967, #7114, #1929, #7397 ) ) ;
#4208 = LINE ( 'NONE', #7537, #6860 ) ;
#4209 = AXIS2_PLACEMENT_3D ( 'NONE', #90, #6539, #2761 ) ;
#4210 = CARTESIAN_POINT ( 'NONE',  ( 4.500000000000000888, 9.500000000000001776, 38.75000000000000000 ) ) ;
#4211 = CARTESIAN_POINT ( 'NONE',  ( 51.62112623449345250, 167.9201996435935769, -87.54291276217975337 ) ) ;
#4212 = CARTESIAN_POINT ( 'NONE',  ( 5.585950807015560571, 9.775220491239876353, -26.63280708320764845 ) ) ;
#4213 = ADVANCED_FACE ( 'NONE', ( #6801 ), #2084, .F. ) ;
#4214 = EDGE_CURVE ( 'NONE', #1568, #8389, #4887, .T. ) ;
#4215 = VECTOR ( 'NONE', #4797, 1000.000000000000114 ) ;
#4216 = CARTESIAN_POINT ( 'NONE',  ( 7.011102925118596698E-15, 0.000000000000000000, 57.25000000000000000 ) ) ;
#4217 = CARTESIAN_POINT ( 'NONE',  ( -18.51370253461190885, 87.41649213276018315, 7.040257308409144876 ) ) ;
#4218 = CARTESIAN_POINT ( 'NONE',  ( -20.32931995911124545, 8.185399544022194413E-15, -24.57196064623249043 ) ) ;
#4219 = EDGE_LOOP ( 'NONE', ( #3729, #6433, #2897, #5101, #5177 ) ) ;
#4220 = CYLINDRICAL_SURFACE ( 'NONE', #5469, 1.000000000000000888 ) ;
#4221 = EDGE_LOOP ( 'NONE', ( #6912, #8291, #2650, #4631, #4873 ) ) ;
#4222 = CARTESIAN_POINT ( 'NONE',  ( -3.739305921237989327, 1.164875345489820857, -24.21059046191277275 ) ) ;
#4223 = CARTESIAN_POINT ( 'NONE',  ( 22.71177604894398527, 8.499999999998246736, -12.61655500344660297 ) ) ;
#4224 = CIRCLE ( 'NONE', #5569, 2.700000000000008171 ) ;
#4225 = CIRCLE ( 'NONE', #912, 2.700000000000008171 ) ;
#4226 = ADVANCED_FACE ( 'NONE', ( #2742 ), #4638, .F. ) ;
#4227 = EDGE_CURVE ( 'NONE', #583, #6179, #7099, .T. ) ;
#4228 = DIRECTION ( 'NONE',  ( -1.000000000000000000, -0.000000000000000000, -3.604115795743074479E-15 ) ) ;
#4229 = AXIS2_PLACEMENT_3D ( 'NONE', #4305, #8285, #4388 ) ;
#4230 = PLANE ( 'NONE',  #2985 ) ;
#4231 = DIRECTION ( 'NONE',  ( 0.000000000000000000, 0.000000000000000000, 1.000000000000000000 ) ) ;
#4232 = ORIENTED_EDGE ( 'NONE', *, *, #5471, .F. ) ;
#4233 = AXIS2_PLACEMENT_3D ( 'NONE', #3955, #7236, #5278 ) ;
#4234 = DIRECTION ( 'NONE',  ( 0.000000000000000000, -0.9626347067015693648, -0.2708032892222390076 ) ) ;
#4235 = CARTESIAN_POINT ( 'NONE',  ( -3.051832638386790197, 56.27843143879020715, -39.71484370241751094 ) ) ;
#4236 = ORIENTED_EDGE ( 'NONE', *, *, #5754, .T. ) ;
#4237 = DIRECTION ( 'NONE',  ( -0.000000000000000000, 1.000000000000000000, -0.000000000000000000 ) ) ;
#4238 = DIRECTION ( 'NONE',  ( -0.9999511932547845428, -0.009879833416229206675, 0.000000000000000000 ) ) ;
#4239 = VECTOR ( 'NONE', #1827, 1000.000000000000000 ) ;
#4240 = CARTESIAN_POINT ( 'NONE',  ( -15.55957244489890989, 85.96744145928199998, -48.06679851074714804 ) ) ;
#4241 = DIRECTION ( 'NONE',  ( -0.009879833416230943133, 0.9999511932547846538, 0.000000000000000000 ) ) ;
#4242 = EDGE_LOOP ( 'NONE', ( #545, #7040, #6849, #6464 ) ) ;
#4243 = ORIENTED_EDGE ( 'NONE', *, *, #6389, .T. ) ;
#4244 = CARTESIAN_POINT ( 'NONE',  ( -40.67700504028888986, 119.0810664868829036, -50.00582184530279051 ) ) ;
#4245 = CARTESIAN_POINT ( 'NONE',  ( -5.098803298772208059, 9.771895156504795565, -26.63187135301362929 ) ) ;
#4246 = AXIS2_PLACEMENT_3D ( 'NONE', #2131, #4954, #1622 ) ;
#4247 = VECTOR ( 'NONE', #2192, 1000.000000000000000 ) ;
#4248 = CARTESIAN_POINT ( 'NONE',  ( 65.99341986167587493, 174.2980954574490227, 85.77730577377818122 ) ) ;
#4249 = CARTESIAN_POINT ( 'NONE',  ( -24.62920562352817555, 8.499999999999992895, -8.997277810094773898 ) ) ;
#4250 = AXIS2_PLACEMENT_3D ( 'NONE', #2115, #4758, #4115 ) ;
#4251 = ORIENTED_EDGE ( 'NONE', *, *, #1911, .T. ) ;
#4252 = CIRCLE ( 'NONE', #3015, 1.000000000000000888 ) ;
#4253 = CARTESIAN_POINT ( 'NONE',  ( 0.000000000000000000, 8.500000000000000000, 27.59419916606945122 ) ) ;
#4254 = FACE_BOUND ( 'NONE', #5810, .T. ) ;
#4255 = ORIENTED_EDGE ( 'NONE', *, *, #8409, .F. ) ;
#4256 = FACE_OUTER_BOUND ( 'NONE', #8388, .T. ) ;
#4257 = CARTESIAN_POINT ( 'NONE',  ( -23.74420466249360118, 9.500000000000008882, 6.299630403166113446 ) ) ;
#4258 = EDGE_CURVE ( 'NONE', #7844, #5519, #4628, .T. ) ;
#4259 = CARTESIAN_POINT ( 'NONE',  ( -104.7500000000000000, 227.4999999999999716, 132.2500000000000000 ) ) ;
#4260 = CARTESIAN_POINT ( 'NONE',  ( 14.01636169109059793, 8.500000000000000000, -25.28703064752662044 ) ) ;
#4261 = LINE ( 'NONE', #8102, #6841 ) ;
#4262 = ORIENTED_EDGE ( 'NONE', *, *, #3677, .F. ) ;
#4263 = CARTESIAN_POINT ( 'NONE',  ( -20.12383579204193751, 9.714092243959864703, 18.44488690326641134 ) ) ;
#4264 = CARTESIAN_POINT ( 'NONE',  ( 24.74420466249359407, 9.500000000000001776, -6.299630403166124992 ) ) ;
#4265 = ORIENTED_EDGE ( 'NONE', *, *, #3693, .T. ) ;
#4266 = EDGE_CURVE ( 'NONE', #3629, #2554, #5716, .T. ) ;
#4267 = ORIENTED_EDGE ( 'NONE', *, *, #1732, .F. ) ;
#4268 = CYLINDRICAL_SURFACE ( 'NONE', #7093, 2.700000000000008171 ) ;
#4269 = CARTESIAN_POINT ( 'NONE',  ( 21.80837081176538561, 8.499999999999998224, -15.03998300752847150 ) ) ;
#4270 = DIRECTION ( 'NONE',  ( -0.000000000000000000, 1.000000000000000000, -0.000000000000000000 ) ) ;
#4271 = DIRECTION ( 'NONE',  ( -4.026401060382563240E-16, -1.000000000000000000, -0.000000000000000000 ) ) ;
#4272 = DIRECTION ( 'NONE',  ( 0.000000000000000000, 0.000000000000000000, 1.000000000000000000 ) ) ;
#4273 = ORIENTED_EDGE ( 'NONE', *, *, #2483, .F. ) ;
#4274 = CARTESIAN_POINT ( 'NONE',  ( -22.32335261992158948, 8.499999999999996447, -16.70944423871851470 ) ) ;
#4275 = EDGE_CURVE ( 'NONE', #2834, #6761, #2421, .T. ) ;
#4276 = EDGE_CURVE ( 'NONE', #1950, #8197, #4078, .T. ) ;
#4277 = CARTESIAN_POINT ( 'NONE',  ( 4.500000000000000888, 49.42675095010444153, -37.78736529329842853 ) ) ;
#4278 = ORIENTED_EDGE ( 'NONE', *, *, #3359, .F. ) ;
#4279 = B_SPLINE_CURVE_WITH_KNOTS ( 'NONE', 3,
 ( #7163, #7200, #2671, #3242, #1244, #5931 ),
 .UNSPECIFIED., .F., .F.,
 ( 4, 2, 4 ),
 ( 0.000000000000000000, 0.0007101066557031431026, 0.001420213311406286205 ),
 .UNSPECIFIED. ) ;
#4280 = CARTESIAN_POINT ( 'NONE',  ( -34.11790219224889142, 8.500000000000000000, -38.36054287937018614 ) ) ;
#4281 = DIRECTION ( 'NONE',  ( 1.000000000000000000, -0.000000000000000000, 0.000000000000000000 ) ) ;
#4282 = VERTEX_POINT ( 'NONE', #6048 ) ;
#4283 = DIRECTION ( 'NONE',  ( 0.000000000000000000, 0.000000000000000000, 1.000000000000000000 ) ) ;
#4284 = DIRECTION ( 'NONE',  ( 0.000000000000000000, 0.000000000000000000, 1.000000000000000000 ) ) ;
#4285 = ORIENTED_EDGE ( 'NONE', *, *, #1496, .T. ) ;
#4286 = ORIENTED_EDGE ( 'NONE', *, *, #6805, .T. ) ;
#4287 = CARTESIAN_POINT ( 'NONE',  ( 14.01479531894357322, 8.500000000000007105, 25.33819312102309951 ) ) ;
#4288 = CARTESIAN_POINT ( 'NONE',  ( -40.21667074776877371, 118.5820559533295722, -51.66583757393065213 ) ) ;
#4289 = CYLINDRICAL_SURFACE ( 'NONE', #5262, 1.000000000000000888 ) ;
#4290 = CARTESIAN_POINT ( 'NONE',  ( -23.75782623139468086, 10.88359729825087285, 6.877358173052307677 ) ) ;
#4291 = DIRECTION ( 'NONE',  ( 0.000000000000000000, -0.2708032892222366761, -0.9626347067015700310 ) ) ;
#4292 = ORIENTED_EDGE ( 'NONE', *, *, #8188, .T. ) ;
#4293 = CARTESIAN_POINT ( 'NONE',  ( -128.6499999999999773, 222.4999999999999716, 139.6500000000000057 ) ) ;
#4294 = ORIENTED_EDGE ( 'NONE', *, *, #3046, .F. ) ;
#4295 = CARTESIAN_POINT ( 'NONE',  ( 132.2500000000011084, 227.4999999999999716, 109.7499999999986073 ) ) ;
#4296 = CARTESIAN_POINT ( 'NONE',  ( -67.51751633082662352, 176.2790463820606135, -89.70580818210255813 ) ) ;
#4297 = CARTESIAN_POINT ( 'NONE',  ( 125.5554139482530900, 234.3622629292982253, -128.7677140997297158 ) ) ;
#4298 = PLANE ( 'NONE',  #7264 ) ;
#4299 = CYLINDRICAL_SURFACE ( 'NONE', #4613, 5.000000000000004441 ) ;
#4300 = ADVANCED_FACE ( 'NONE', ( #6707 ), #7453, .F. ) ;
#4301 = CARTESIAN_POINT ( 'NONE',  ( -22.71177604894147350, 8.499999999995303313, 12.61655500344718561 ) ) ;
#4302 = DIRECTION ( 'NONE',  ( -0.000000000000000000, 1.000000000000000000, -0.000000000000000000 ) ) ;
#4303 = CARTESIAN_POINT ( 'NONE',  ( -24.74420466249360118, 8.500000000000000000, -4.500000000000000888 ) ) ;
#4304 = CARTESIAN_POINT ( 'NONE',  ( 24.74420466219651971, 8.499999999999996447, -7.658778268616637241 ) ) ;
#4305 = CARTESIAN_POINT ( 'NONE',  ( -24.74420466249360118, 9.500000000000008882, 139.6500000000000057 ) ) ;
#4306 = AXIS2_PLACEMENT_3D ( 'NONE', #3750, #3665, #2369 ) ;
#4307 = DIRECTION ( 'NONE',  ( 0.000000000000000000, -0.000000000000000000, -1.000000000000000000 ) ) ;
#4308 = EDGE_CURVE ( 'NONE', #2540, #2779, #3045, .T. ) ;
#4309 = CARTESIAN_POINT ( 'NONE',  ( 23.74425346923881364, 9.509879833416224670, 6.299630403166117887 ) ) ;
#4310 = DIRECTION ( 'NONE',  ( 0.000000000000000000, 0.000000000000000000, 1.000000000000000000 ) ) ;
#4311 = EDGE_LOOP ( 'NONE', ( #553, #2132 ) ) ;
#4312 = DIRECTION ( 'NONE',  ( -0.000000000000000000, 0.000000000000000000, 1.000000000000000000 ) ) ;
#4313 = CARTESIAN_POINT ( 'NONE',  ( 104.7500000000000000, 229.9999999999999716, -127.2500000000000000 ) ) ;
#4314 = EDGE_LOOP ( 'NONE', ( #8383, #2874, #5211, #3551 ) ) ;
#4315 = LINE ( 'NONE', #3714, #6405 ) ;
#4316 = CARTESIAN_POINT ( 'NONE',  ( -25.49995119325479465, 85.99012016658377888, -4.500000000000003553 ) ) ;
#4317 = EDGE_CURVE ( 'NONE', #1620, #5409, #4682, .T. ) ;
#4318 = EDGE_CURVE ( 'NONE', #6946, #6124, #4653, .T. ) ;
#4319 = CARTESIAN_POINT ( 'NONE',  ( 24.17186927024879850, 52.78944867435436095, 2.907801685538109915 ) ) ;
#4320 = EDGE_LOOP ( 'NONE', ( #7455, #1776, #2422, #3200 ) ) ;
#4321 = FACE_OUTER_BOUND ( 'NONE', #152, .T. ) ;
#4322 =( NAMED_UNIT ( * ) SI_UNIT ( $, .STERADIAN. ) SOLID_ANGLE_UNIT ( ) );
#4323 = VERTEX_POINT ( 'NONE', #8053 ) ;
#4324 = ORIENTED_EDGE ( 'NONE', *, *, #1462, .F. ) ;
#4325 = CARTESIAN_POINT ( 'NONE',  ( 9.885220956279095361, 8.499999999995893063, 25.54149389675737325 ) ) ;
#4326 = CARTESIAN_POINT ( 'NONE',  ( -2.500000000000031086, 56.40340286106958700, 39.75000000000000000 ) ) ;
#4327 = AXIS2_PLACEMENT_3D ( 'NONE', #3394, #6014, #82 ) ;
#4328 = CARTESIAN_POINT ( 'NONE',  ( 40.49054663598575132, 118.8060644647617892, -50.84300026802779371 ) ) ;
#4329 =( BOUNDED_SURFACE ( )  B_SPLINE_SURFACE ( 3, 2, ( 
 ( #460, #1702, #4948 ),
 ( #6931, #6269, #344 ),
 ( #2350, #7209, #6552 ),
 ( #6467, #2503, #7132 ),
 ( #1167, #6428, #3206 ),
 ( #1852, #3329, #7958 ),
 ( #6504, #7778, #7081 ),
 ( #2633, #5814, #5257 ),
 ( #548, #510, #1288 ),
 ( #3810, #3164, #3249 ) ),
 .UNSPECIFIED., .F., .F., .F. ) 
 B_SPLINE_SURFACE_WITH_KNOTS ( ( 4, 2, 2, 2, 4 ),
 ( 3, 3 ),
 ( 1.570796326794896558, 1.963495408493620697, 2.356194490192344837, 2.748893571891068976, 3.141592653589793116 ),
 ( 0.000000000000000000, 1.000000000000000000 ),
 .UNSPECIFIED. ) 
 GEOMETRIC_REPRESENTATION_ITEM ( )  RATIONAL_B_SPLINE_SURFACE ( (
 ( 1.000000000000000000, 0.7071067811865475727, 1.000000000000000000),
 ( 1.000000000000000000, 0.7224052984098040531, 1.000000000000000000),
 ( 1.000000000000000000, 0.7371661960457253082, 1.000000000000000000),
 ( 1.000000000000000000, 0.7637849889864257724, 1.000000000000000000),
 ( 1.000000000000000000, 0.7756344079776845701, 1.000000000000000000),
 ( 1.000000000000000000, 0.7951024001216709935, 1.000000000000000000),
 ( 1.000000000000000000, 0.8027220895642609433, 1.000000000000000000),
 ( 1.000000000000000000, 0.8129649674721525221, 1.000000000000000000),
 ( 1.000000000000000000, 0.8155967546656409661, 1.000000000000000000),
 ( 1.000000000000000000, 0.8155888280080443309, 1.000000000000000000) ) ) 
 REPRESENTATION_ITEM ( '' )  SURFACE ( )  );
#4330 = LINE ( 'NONE', #6961, #5045 ) ;
#4331 = ORIENTED_EDGE ( 'NONE', *, *, #703, .T. ) ;
#4332 = CARTESIAN_POINT ( 'NONE',  ( 44.20786662445480175, 126.3014800634918231, -52.23545192850468055 ) ) ;
#4333 = DIRECTION ( 'NONE',  ( 0.000000000000000000, 0.000000000000000000, 1.000000000000000000 ) ) ;
#4334 = ORIENTED_EDGE ( 'NONE', *, *, #935, .T. ) ;
#4335 = CARTESIAN_POINT ( 'NONE',  ( -64.51122110006600963, 181.8137572648916489, -96.16334272003524575 ) ) ;
#4336 = CARTESIAN_POINT ( 'NONE',  ( -65.97315856154439473, 176.3590127536438956, -91.47776723199542914 ) ) ;
#4337 = CARTESIAN_POINT ( 'NONE',  ( 64.48740029902045023, 172.9446902893508593, -90.66042023335856470 ) ) ;
#4338 = CARTESIAN_POINT ( 'NONE',  ( -20.14883355653237373, 9.713550248031973311, 18.40789263298976053 ) ) ;
#4339 = CARTESIAN_POINT ( 'NONE',  ( -24.62891874620081367, 8.500000000000005329, 8.998480834211017410 ) ) ;
#4340 = CIRCLE ( 'NONE', #2981, 2.700000000000008171 ) ;
#4341 = VERTEX_POINT ( 'NONE', #5403 ) ;
#4342 = CARTESIAN_POINT ( 'NONE',  ( -19.90188706863253287, 8.499999999997680078, 18.29767775367129090 ) ) ;
#4343 = CARTESIAN_POINT ( 'NONE',  ( -15.25471594622914395, 0.9999999999999983347, 10.13101916016948500 ) ) ;
#4344 = DIRECTION ( 'NONE',  ( -1.000000000000000000, -0.000000000000000000, -0.000000000000000000 ) ) ;
#4345 = CARTESIAN_POINT ( 'NONE',  ( 18.74904849850751631, 9.739214527977500424, -20.22999164840166486 ) ) ;
#4346 = ADVANCED_FACE ( 'NONE', ( #8145 ), #2220, .F. ) ;
#4347 = CARTESIAN_POINT ( 'NONE',  ( 139.6500000000000057, 229.9999999999999716, 128.6499999999999773 ) ) ;
#4348 = VECTOR ( 'NONE', #6322, 1000.000000000000000 ) ;
#4349 = DIRECTION ( 'NONE',  ( 0.000000000000000000, 1.000000000000000000, 0.000000000000000000 ) ) ;
#4350 = AXIS2_PLACEMENT_3D ( 'NONE', #3114, #8411, #6491 ) ;
#4351 = CARTESIAN_POINT ( 'NONE',  ( -119.5853431280824424, 222.4999999999999147, -116.5541649730619298 ) ) ;
#4352 = CARTESIAN_POINT ( 'NONE',  ( 23.74261236665238073, 9.515816095112205275, 6.622478868177597455 ) ) ;
#4353 = CARTESIAN_POINT ( 'NONE',  ( 40.76831968793873529, 119.2677998112903879, 49.49448935844887387 ) ) ;
#4354 = VECTOR ( 'NONE', #7925, 1000.000000000000000 ) ;
#4355 = VERTEX_POINT ( 'NONE', #5502 ) ;
#4356 = CARTESIAN_POINT ( 'NONE',  ( 24.41383171847508038, 85.82379070519623099, -39.73612998050333545 ) ) ;
#4357 = AXIS2_PLACEMENT_3D ( 'NONE', #7240, #7332, #8572 ) ;
#4358 = DIRECTION ( 'NONE',  ( 1.000000000000000000, 0.000000000000000000, 0.000000000000000000 ) ) ;
#4359 = EDGE_CURVE ( 'NONE', #2296, #8528, #6015, .T. ) ;
#4360 = CYLINDRICAL_SURFACE ( 'NONE', #5992, 5.000000000000004441 ) ;
#4361 = CARTESIAN_POINT ( 'NONE',  ( 24.17567898490996825, 53.17503500571878305, 3.671572875253810153 ) ) ;
#4362 = DIRECTION ( 'NONE',  ( -0.000000000000000000, -1.000000000000000000, -0.000000000000000000 ) ) ;
#4363 = CARTESIAN_POINT ( 'NONE',  ( -24.15266095542321523, 50.84534936410208417, -3.572950796756369396 ) ) ;
#4364 = CARTESIAN_POINT ( 'NONE',  ( -16.08453962493483402, 85.78702609108394483, 48.01604501641109835 ) ) ;
#4365 = ORIENTED_EDGE ( 'NONE', *, *, #4276, .F. ) ;
#4366 = VERTEX_POINT ( 'NONE', #5938 ) ;
#4367 = CARTESIAN_POINT ( 'NONE',  ( 6.298774038206538251, 8.499999999999989342, 27.59419916564715791 ) ) ;
#4368 = DIRECTION ( 'NONE',  ( -1.000000000000000000, 0.000000000000000000, -0.000000000000000000 ) ) ;
#4369 = EDGE_CURVE ( 'NONE', #6465, #293, #4672, .T. ) ;
#4370 = CARTESIAN_POINT ( 'NONE',  ( -4.938849362433380463, 9.500000000000001776, -27.59419916606944412 ) ) ;
#4371 = VECTOR ( 'NONE', #1587, 1000.000000000000000 ) ;
#4372 = CARTESIAN_POINT ( 'NONE',  ( 15.70518321489603686, -6.323536634995981557E-15, -9.244541049937408772 ) ) ;
#4373 = AXIS2_PLACEMENT_3D ( 'NONE', #6023, #2901, #135 ) ;
#4374 = CARTESIAN_POINT ( 'NONE',  ( 115.7656696926495670, 222.5000000000000284, -120.8791836506764668 ) ) ;
#4375 = ORIENTED_EDGE ( 'NONE', *, *, #7733, .T. ) ;
#4376 = VECTOR ( 'NONE', #3484, 1000.000000000000000 ) ;
#4377 = CARTESIAN_POINT ( 'NONE',  ( -15.55957244489872693, 85.96744145928163050, 48.06679851074704857 ) ) ;
#4378 = EDGE_CURVE ( 'NONE', #4522, #6716, #4380, .T. ) ;
#4379 = EDGE_CURVE ( 'NONE', #1376, #3266, #2722, .T. ) ;
#4380 = CIRCLE ( 'NONE', #6430, 1.000000000000000000 ) ;
#4381 = AXIS2_PLACEMENT_3D ( 'NONE', #8110, #426, #5630 ) ;
#4382 = CARTESIAN_POINT ( 'NONE',  ( -24.74420466249360118, 8.500000000000000000, 7.658839624464064855 ) ) ;
#4383 = VERTEX_POINT ( 'NONE', #2593 ) ;
#4384 = CARTESIAN_POINT ( 'NONE',  ( -18.51370253461190885, 87.41649213276018315, -28.16102923363662214 ) ) ;
#4385 = DIRECTION ( 'NONE',  ( 1.000000000000000000, -0.000000000000000000, -0.000000000000000000 ) ) ;
#4386 = CARTESIAN_POINT ( 'NONE',  ( 51.38323936575886108, 140.9747142086304734, -63.59000682165254403 ) ) ;
#4387 = CARTESIAN_POINT ( 'NONE',  ( 17.43552279525760795, 8.499999999988141042, -21.20764996547059766 ) ) ;
#4388 = DIRECTION ( 'NONE',  ( 1.000000000000000000, 0.000000000000000000, 0.000000000000000000 ) ) ;
#4389 = CARTESIAN_POINT ( 'NONE',  ( -34.11790219225090226, 1.373723575649076087E-14, 38.36054287937020035 ) ) ;
#4390 = DIRECTION ( 'NONE',  ( -0.000000000000000000, 1.000000000000000000, -0.000000000000000000 ) ) ;
#4391 = CARTESIAN_POINT ( 'NONE',  ( 3.306546357697840421E-16, 222.4999999999999716, 129.5500000000000114 ) ) ;
#4392 = CYLINDRICAL_SURFACE ( 'NONE', #7110, 5.000000000000004441 ) ;
#4393 = VERTEX_POINT ( 'NONE', #5218 ) ;
#4394 = CYLINDRICAL_SURFACE ( 'NONE', #4788, 5.000000000000004441 ) ;
#4395 = CARTESIAN_POINT ( 'NONE',  ( -3.473256004144038123, 50.98583531216912945, -39.00738714375165017 ) ) ;
#4396 = CARTESIAN_POINT ( 'NONE',  ( -24.41383171847507327, 85.82379070519621678, -39.73612998050332124 ) ) ;
#4397 = CARTESIAN_POINT ( 'NONE',  ( 24.15266095542478197, 50.84534936410336314, 3.572950796754432279 ) ) ;
#4398 = EDGE_CURVE ( 'NONE', #7632, #2252, #631, .T. ) ;
#4399 = DIRECTION ( 'NONE',  ( 1.000000000000000000, 3.816391647148972452E-14, 0.000000000000000000 ) ) ;
#4400 = DIRECTION ( 'NONE',  ( 0.000000000000000000, 1.000000000000000000, 0.000000000000000000 ) ) ;
#4401 = ORIENTED_EDGE ( 'NONE', *, *, #1409, .F. ) ;
#4402 = CARTESIAN_POINT ( 'NONE',  ( 8.975128646721106662, 8.499999999998816946, 25.78340257733404073 ) ) ;
#4403 = CARTESIAN_POINT ( 'NONE',  ( 104.7500000000000000, 229.9999999999999716, -134.9500000000000171 ) ) ;
#4404 = DIRECTION ( 'NONE',  ( -0.000000000000000000, 1.000000000000000000, -0.000000000000000000 ) ) ;
#4405 = FACE_OUTER_BOUND ( 'NONE', #2460, .T. ) ;
#4406 = EDGE_CURVE ( 'NONE', #4884, #5950, #624, .T. ) ;
#4407 = EDGE_LOOP ( 'NONE', ( #6616, #6032, #363 ) ) ;
#4408 = CARTESIAN_POINT ( 'NONE',  ( 117.9968664971639640, 222.5000000000001137, -119.5733793503102618 ) ) ;
#4409 = ORIENTED_EDGE ( 'NONE', *, *, #980, .T. ) ;
#4410 = VERTEX_POINT ( 'NONE', #2772 ) ;
#4411 = CARTESIAN_POINT ( 'NONE',  ( 0.000000000000000000, 0.000000000000000000, 3.500000000000000000 ) ) ;
#4412 = CARTESIAN_POINT ( 'NONE',  ( -23.60942270897405137, 9.556452077175338289, 8.865975535820055597 ) ) ;
#4413 = CARTESIAN_POINT ( 'NONE',  ( -3.500000000000000000, 8.500000000000000000, -38.75000000000000000 ) ) ;
#4414 = EDGE_CURVE ( 'NONE', #8120, #4522, #7211, .T. ) ;
#4415 = EDGE_CURVE ( 'NONE', #7844, #142, #5393, .T. ) ;
#4416 = CARTESIAN_POINT ( 'NONE',  ( -15.74850436080411242, 8.499999999999996447, 24.23184220710563963 ) ) ;
#4417 = CARTESIAN_POINT ( 'NONE',  ( -14.20914363109803880, 0.9999999999999983347, -11.60029664539038308 ) ) ;
#4418 = FACE_OUTER_BOUND ( 'NONE', #5692, .T. ) ;
#4419 = CARTESIAN_POINT ( 'NONE',  ( 14.99126496517945917, 8.499999999998834710, -23.13768145337258275 ) ) ;
#4420 = AXIS2_PLACEMENT_3D ( 'NONE', #3831, #4560, #2571 ) ;
#4421 = DIRECTION ( 'NONE',  ( 0.000000000000000000, 0.000000000000000000, 1.000000000000000000 ) ) ;
#4422 = FACE_OUTER_BOUND ( 'NONE', #2325, .T. ) ;
#4423 = CARTESIAN_POINT ( 'NONE',  ( -116.5567837939009621, 222.4999999999999147, -120.5459587834978237 ) ) ;
#4424 = EDGE_CURVE ( 'NONE', #3972, #5650, #635, .T. ) ;
#4425 = CARTESIAN_POINT ( 'NONE',  ( 12.90977149594522011, 43.70824606638009158, -29.45540891811432260 ) ) ;
#4426 = DIRECTION ( 'NONE',  ( -1.000000000000000000, 0.000000000000000000, 0.000000000000000000 ) ) ;
#4427 = ORIENTED_EDGE ( 'NONE', *, *, #5364, .T. ) ;
#4428 = DIRECTION ( 'NONE',  ( -0.7437881461530263527, -0.6684154349222080072, 0.000000000000000000 ) ) ;
#4429 = CARTESIAN_POINT ( 'NONE',  ( -132.2500000000003695, 229.9999999999999716, -109.7499999999995453 ) ) ;
#4430 = CARTESIAN_POINT ( 'NONE',  ( 23.58572472490096672, -6.535027037734847610, -22.04449476896595073 ) ) ;
#4431 = DIRECTION ( 'NONE',  ( 1.000000000000000000, 0.000000000000000000, 0.000000000000000000 ) ) ;
#4432 = CIRCLE ( 'NONE', #3616, 1.000000000000000888 ) ;
#4433 = CARTESIAN_POINT ( 'NONE',  ( 32.53468474071836880, 119.4999999999999432, 57.49999999999997868 ) ) ;
#4434 = CARTESIAN_POINT ( 'NONE',  ( 24.17353549162004356, 52.95808917448640329, 2.706230972803204349 ) ) ;
#4435 = EDGE_LOOP ( 'NONE', ( #1283, #4944 ) ) ;
#4436 = CARTESIAN_POINT ( 'NONE',  ( 4.938849362433378687, 9.499999999999994671, 26.59419916606944767 ) ) ;
#4437 = ORIENTED_EDGE ( 'NONE', *, *, #589, .T. ) ;
#4438 = AXIS2_PLACEMENT_3D ( 'NONE', #7616, #4439, #3077 ) ;
#4439 = DIRECTION ( 'NONE',  ( -0.000000000000000000, 1.000000000000000000, -0.000000000000000000 ) ) ;
#4440 = CARTESIAN_POINT ( 'NONE',  ( -9.073682464373872492, 9.789565238047194029, -26.16103913750421839 ) ) ;
#4441 =( BOUNDED_CURVE ( )  B_SPLINE_CURVE ( 3, ( #79, #4177, #7319, #6664 ),
 .UNSPECIFIED., .F., .T. ) 
 B_SPLINE_CURVE_WITH_KNOTS ( ( 4, 4 ),
 ( 0.000000000000000000, 1.570796326794896558 ),
 .UNSPECIFIED. ) 
 CURVE ( )  GEOMETRIC_REPRESENTATION_ITEM ( )  RATIONAL_B_SPLINE_CURVE ( ( 1.000000000000000000, 0.8047378541243649375, 0.8047378541243649375, 1.000000000000000000 ) ) 
 REPRESENTATION_ITEM ( '' )  );
#4442 = DIRECTION ( 'NONE',  ( 0.000000000000000000, 0.000000000000000000, 1.000000000000000000 ) ) ;
#4443 = EDGE_CURVE ( 'NONE', #6761, #6311, #4067, .T. ) ;
#4444 = CARTESIAN_POINT ( 'NONE',  ( 18.51370253461190174, 87.41649213276018315, -24.64090057943208478 ) ) ;
#4445 = B_SPLINE_CURVE_WITH_KNOTS ( 'NONE', 3,
 ( #7744, #1819, #7088, #1174, #3817, #6435, #2879, #4075, #783, #5306, #3513, #16, #4164, #825, #2171, #6751, #726, #5358, #8096, #4719 ),
 .UNSPECIFIED., .F., .F.,
 ( 4, 2, 2, 2, 2, 2, 2, 2, 2, 4 ),
 ( 2.775557561562891351E-17, 0.002580939148471742255, 0.003871408722707619671, 0.005161878296943496654, 0.005807113084061452275, 0.006452347871179409632, 0.007742817445415290517, 0.008388052232533240934, 0.009033287019651191352, 0.01032375659388704188 ),
 .UNSPECIFIED. ) ;
#4446 = EDGE_LOOP ( 'NONE', ( #5343, #4803, #7931, #4927 ) ) ;
#4447 = CARTESIAN_POINT ( 'NONE',  ( 4.340457583908531092, 52.21690256509052830, -38.57227594477073040 ) ) ;
#4448 = ORIENTED_EDGE ( 'NONE', *, *, #1777, .T. ) ;
#4449 = VERTEX_POINT ( 'NONE', #1290 ) ;
#4450 = ORIENTED_EDGE ( 'NONE', *, *, #1770, .T. ) ;
#4451 = DIRECTION ( 'NONE',  ( -0.000000000000000000, 1.000000000000000000, -0.000000000000000000 ) ) ;
#4452 = CARTESIAN_POINT ( 'NONE',  ( 119.6307288578716879, 222.4999999999999716, -115.6847746359882478 ) ) ;
#4453 = ADVANCED_FACE ( 'NONE', ( #1476 ), #6650, .F. ) ;
#4454 = CARTESIAN_POINT ( 'NONE',  ( -19.39109364862706286, 9.728361107790366447, 19.44306218785591156 ) ) ;
#4455 = VECTOR ( 'NONE', #1413, 999.9999999999998863 ) ;
#4456 = CARTESIAN_POINT ( 'NONE',  ( -24.74420466249360118, 9.500000000000001776, -4.500000000000000888 ) ) ;
#4457 = DIRECTION ( 'NONE',  ( -1.000000000000000000, 0.000000000000000000, 0.000000000000000000 ) ) ;
#4458 = ORIENTED_EDGE ( 'NONE', *, *, #3421, .F. ) ;
#4459 = ORIENTED_EDGE ( 'NONE', *, *, #757, .F. ) ;
#4460 = CARTESIAN_POINT ( 'NONE',  ( 39.23922253581054065, -1.579928472267749071E-14, 36.23922253581257991 ) ) ;
#4461 = CARTESIAN_POINT ( 'NONE',  ( -13.64628776976184810, 0.9999999999999981126, 12.27872532496662750 ) ) ;
#4462 = FACE_OUTER_BOUND ( 'NONE', #6165, .T. ) ;
#4463 = ADVANCED_FACE ( 'NONE', ( #2730 ), #8042, .F. ) ;
#4464 = EDGE_CURVE ( 'NONE', #4410, #5458, #6745, .T. ) ;
#4465 = DIRECTION ( 'NONE',  ( 0.000000000000000000, 0.000000000000000000, 1.000000000000000000 ) ) ;
#4466 = CIRCLE ( 'NONE', #2992, 2.700000000000008171 ) ;
#4467 = CARTESIAN_POINT ( 'NONE',  ( -117.9849083377443719, 222.4999999999999716, -119.5658694858588689 ) ) ;
#4468 = DIRECTION ( 'NONE',  ( -1.000000000000000000, -0.000000000000000000, 0.000000000000000000 ) ) ;
#4469 = CARTESIAN_POINT ( 'NONE',  ( -4.500000000000000888, 9.500000000000001776, 38.75000000000000000 ) ) ;
#4470 = VERTEX_POINT ( 'NONE', #818 ) ;
#4471 = FACE_OUTER_BOUND ( 'NONE', #6949, .T. ) ;
#4472 = CARTESIAN_POINT ( 'NONE',  ( -36.48011489584190059, 118.4802578037535454, -56.25905080757629406 ) ) ;
#4473 = PLANE ( 'NONE',  #4420 ) ;
#4474 = CIRCLE ( 'NONE', #6964, 2.999999999999981792 ) ;
#4475 = EDGE_CURVE ( 'NONE', #1896, #8120, #7569, .T. ) ;
#4476 = ADVANCED_FACE ( 'NONE', ( #8545, #2634 ), #5258, .F. ) ;
#4477 = CARTESIAN_POINT ( 'NONE',  ( 24.11750743857160728, 47.28741476720374237, -4.500000000000003553 ) ) ;
#4478 = CARTESIAN_POINT ( 'NONE',  ( 24.16567402470231585, 52.16241956205674768, 3.278910863860115210 ) ) ;
#4479 = AXIS2_PLACEMENT_3D ( 'NONE', #4551, #6474, #4465 ) ;
#4480 = AXIS2_PLACEMENT_3D ( 'NONE', #2274, #2983, #267 ) ;
#4481 = DIRECTION ( 'NONE',  ( 0.000000000000000000, 0.000000000000000000, 1.000000000000000000 ) ) ;
#4482 = CARTESIAN_POINT ( 'NONE',  ( -23.52151684109298557, 85.13524814123016426, 42.54691979065073326 ) ) ;
#4483 = CARTESIAN_POINT ( 'NONE',  ( 22.64981929115341686, 9.632715046211577814, 13.27900563102998710 ) ) ;
#4484 = VERTEX_POINT ( 'NONE', #6602 ) ;
#4485 = DIRECTION ( 'NONE',  ( 0.000000000000000000, 0.000000000000000000, -1.000000000000000000 ) ) ;
#4486 = CARTESIAN_POINT ( 'NONE',  ( 23.70979254896795752, 8.499999999995234035, 7.615485420259693328 ) ) ;
#4487 = CYLINDRICAL_SURFACE ( 'NONE', #4350, 1.000000000000000888 ) ;
#4488 = CARTESIAN_POINT ( 'NONE',  ( -65.99341986167571861, 174.2980954574489658, -85.77730577377803911 ) ) ;
#4489 = CARTESIAN_POINT ( 'NONE',  ( -39.28019704306210258, 9.235813848373954471, 3.114546723609253664 ) ) ;
#4490 = CARTESIAN_POINT ( 'NONE',  ( 15.53461083445568214, 85.78835847365913025, 48.01641983520926971 ) ) ;
#4491 = CIRCLE ( 'NONE', #4747, 1.000000000000000888 ) ;
#4492 = VECTOR ( 'NONE', #8527, 999.9999999999998863 ) ;
#4493 = DIRECTION ( 'NONE',  ( -0.000000000000000000, 1.000000000000000000, -0.000000000000000000 ) ) ;
#4494 = ORIENTED_EDGE ( 'NONE', *, *, #4275, .T. ) ;
#4495 = CARTESIAN_POINT ( 'NONE',  ( 4.235184504016769047, 52.96886936988447303, -38.78381525735368029 ) ) ;
#4496 = CIRCLE ( 'NONE', #6544, 0.9999999999999996669 ) ;
#4497 = ORIENTED_EDGE ( 'NONE', *, *, #4835, .F. ) ;
#4498 = ORIENTED_EDGE ( 'NONE', *, *, #8284, .F. ) ;
#4499 = ORIENTED_EDGE ( 'NONE', *, *, #7780, .F. ) ;
#4500 = AXIS2_PLACEMENT_3D ( 'NONE', #3254, #515, #1939 ) ;
#4501 = CARTESIAN_POINT ( 'NONE',  ( 24.57196064623252596, -9.893656840166925035E-15, 20.32931995911526357 ) ) ;
#4502 = CARTESIAN_POINT ( 'NONE',  ( 86.88107549716370670, 193.0690741269954174, -97.42399204894577736 ) ) ;
#4503 = CIRCLE ( 'NONE', #7812, 1.000000000000000888 ) ;
#4504 = CARTESIAN_POINT ( 'NONE',  ( -4.938849362433377799, 9.770803289222236288, 26.63156445936786554 ) ) ;
#4505 = AXIS2_PLACEMENT_3D ( 'NONE', #3012, #4983, #2216 ) ;
#4506 = CIRCLE ( 'NONE', #3009, 1.000000000000000888 ) ;
#4507 = CARTESIAN_POINT ( 'NONE',  ( 7.305840457278537592, -2.941624376417213331E-15, 16.66927398577371022 ) ) ;
#4508 = ORIENTED_EDGE ( 'NONE', *, *, #3393, .F. ) ;
#4509 = EDGE_CURVE ( 'NONE', #6051, #7775, #218, .T. ) ;
#4510 = LINE ( 'NONE', #4588, #5314 ) ;
#4511 = AXIS2_PLACEMENT_3D ( 'NONE', #4259, #968, #4421 ) ;
#4512 = CARTESIAN_POINT ( 'NONE',  ( 132.2500000000011084, 229.9999999999999716, 109.7499999999986073 ) ) ;
#4513 = CIRCLE ( 'NONE', #7825, 1.000000000000000000 ) ;
#4514 = CARTESIAN_POINT ( 'NONE',  ( -23.12994839150579551, 85.00863512430987612, -43.27175413282853356 ) ) ;
#4515 = DIRECTION ( 'NONE',  ( -0.3303702727430710140, 0.9438514093265258920, 0.000000000000000000 ) ) ;
#4516 = CARTESIAN_POINT ( 'NONE',  ( 6.190611004176645338, -2.492588271163280774E-15, -17.15805882814741068 ) ) ;
#4517 = AXIS2_PLACEMENT_3D ( 'NONE', #7079, #3163, #5773 ) ;
#4518 = EDGE_CURVE ( 'NONE', #2754, #4323, #5545, .T. ) ;
#4519 = CARTESIAN_POINT ( 'NONE',  ( -37.02669105163241881, 118.3608498870798797, 55.88490820387024627 ) ) ;
#4520 = ORIENTED_EDGE ( 'NONE', *, *, #759, .T. ) ;
#4521 = CARTESIAN_POINT ( 'NONE',  ( 70.50624881680980138, 178.3536111904932113, 88.29360075542464870 ) ) ;
#4522 = VERTEX_POINT ( 'NONE', #6230 ) ;
#4523 = CARTESIAN_POINT ( 'NONE',  ( -33.94842799962899704, 119.3145623853462780, -57.38494293454229478 ) ) ;
#4524 = CARTESIAN_POINT ( 'NONE',  ( -19.45064030267284494, 8.500000000000000000, 22.45064030267290889 ) ) ;
#4525 = CARTESIAN_POINT ( 'NONE',  ( 24.74420466249360118, 8.500000000000000000, 4.500000000000000888 ) ) ;
#4526 = EDGE_CURVE ( 'NONE', #508, #4470, #3282, .T. ) ;
#4527 = ADVANCED_FACE ( 'NONE', ( #7595 ), #931, .F. ) ;
#4528 = DIRECTION ( 'NONE',  ( -0.000000000000000000, 1.000000000000000000, -0.000000000000000000 ) ) ;
#4529 = ORIENTED_EDGE ( 'NONE', *, *, #5513, .F. ) ;
#4530 = VECTOR ( 'NONE', #4385, 1000.000000000000000 ) ;
#4531 = CARTESIAN_POINT ( 'NONE',  ( -9.611276035985500954, 8.500000000000003553, -27.01506115606569836 ) ) ;
#4532 = CARTESIAN_POINT ( 'NONE',  ( 132.2500000000000000, 227.4999999999999716, 4.999999999998618883 ) ) ;
#4533 = CARTESIAN_POINT ( 'NONE',  ( -10.00725799357536872, 9.791041497912958746, -25.91506220891934831 ) ) ;
#4534 = CARTESIAN_POINT ( 'NONE',  ( 23.63077741367933626, 85.15263973501104999, 42.31259710160198040 ) ) ;
#4535 = CARTESIAN_POINT ( 'NONE',  ( 20.32931995911524936, 8.500000000000000000, -24.57196064623052578 ) ) ;
#4536 = LINE ( 'NONE', #2713, #6419 ) ;
#4537 = CARTESIAN_POINT ( 'NONE',  ( -7.637195678128050780, 8.500000000000005329, -27.45092560564438600 ) ) ;
#4538 = CARTESIAN_POINT ( 'NONE',  ( 3.085786437626904632, 56.26542339484617372, 39.74999999999999289 ) ) ;
#4539 = CARTESIAN_POINT ( 'NONE',  ( 2.500000000000010214, 56.26542339484618083, -39.75000000000000000 ) ) ;
#4540 = CARTESIAN_POINT ( 'NONE',  ( -112.3555234424490408, 222.4999999999999716, -121.4076260998840411 ) ) ;
#4541 = ORIENTED_EDGE ( 'NONE', *, *, #7250, .T. ) ;
#4542 = EDGE_LOOP ( 'NONE', ( #7127, #1162, #8138, #2484 ) ) ;
#4543 = VERTEX_POINT ( 'NONE', #8244 ) ;
#4544 = DIRECTION ( 'NONE',  ( 0.000000000000000000, 0.000000000000000000, 1.000000000000000000 ) ) ;
#4545 = CARTESIAN_POINT ( 'NONE',  ( -23.58572472490097738, -6.535027037734844946, 22.04449476896594007 ) ) ;
#4546 = CARTESIAN_POINT ( 'NONE',  ( -119.6307288578717305, 222.4999999999999147, 115.6847746359883331 ) ) ;
#4547 = ORIENTED_EDGE ( 'NONE', *, *, #2969, .F. ) ;
#4548 = ORIENTED_EDGE ( 'NONE', *, *, #3635, .T. ) ;
#4549 = CARTESIAN_POINT ( 'NONE',  ( -11.09988186138838806, 8.500000000004686029, 25.18069596573874591 ) ) ;
#4550 = DIRECTION ( 'NONE',  ( 2.312964634635746211E-15, 0.000000000000000000, 1.000000000000000000 ) ) ;
#4551 = CARTESIAN_POINT ( 'NONE',  ( 2.500000000000000000, 9.500000000000001776, -38.75000000000000000 ) ) ;
#4552 = EDGE_CURVE ( 'NONE', #7436, #4737, #6715, .T. ) ;
#4553 = CARTESIAN_POINT ( 'NONE',  ( -4.500000000000000888, 9.500000000000001776, 27.59419916606945478 ) ) ;
#4554 = FACE_BOUND ( 'NONE', #4311, .T. ) ;
#4555 = CARTESIAN_POINT ( 'NONE',  ( -40.42980217636363705, 118.7452942832924521, 51.05053760027999488 ) ) ;
#4556 = CARTESIAN_POINT ( 'NONE',  ( -25.11745863182639127, 47.27753493378748573, 3.500000000000000000 ) ) ;
#4557 = ORIENTED_EDGE ( 'NONE', *, *, #3507, .F. ) ;
#4558 = DIRECTION ( 'NONE',  ( 0.000000000000000000, -1.000000000000000000, 0.000000000000000000 ) ) ;
#4559 = ORIENTED_EDGE ( 'NONE', *, *, #759, .F. ) ;
#4560 = DIRECTION ( 'NONE',  ( 0.000000000000000000, -1.000000000000000000, 0.000000000000000000 ) ) ;
#4561 = CARTESIAN_POINT ( 'NONE',  ( -20.20342952058652841, 77.21375474996342803, -37.07739097898307534 ) ) ;
#4562 = ADVANCED_FACE ( 'NONE', ( #8058 ), #1577, .F. ) ;
#4563 = CARTESIAN_POINT ( 'NONE',  ( 0.000000000000000000, 227.4999999999999716, 132.2500000000000000 ) ) ;
#4564 = ORIENTED_EDGE ( 'NONE', *, *, #5666, .T. ) ;
#4565 = CARTESIAN_POINT ( 'NONE',  ( -7.637195678150527911, 8.500000000000007105, -27.45092560577757013 ) ) ;
#4566 = CARTESIAN_POINT ( 'NONE',  ( 24.14127989205745450, 8.500000000000003553, 11.63905072898857362 ) ) ;
#4567 = CARTESIAN_POINT ( 'NONE',  ( -18.96469686629076179, 9.735975908026254899, -19.98724459745250570 ) ) ;
#4568 = CARTESIAN_POINT ( 'NONE',  ( 16.06124504067750181, 85.61859767197266535, 47.96866362700523467 ) ) ;
#4569 = CARTESIAN_POINT ( 'NONE',  ( -128.6499999999999773, 229.9999999999999716, -128.6499999999999773 ) ) ;
#4570 = CARTESIAN_POINT ( 'NONE',  ( -38.34048759201159839, 8.500000000000001776, 3.500000000000000444 ) ) ;
#4571 = CARTESIAN_POINT ( 'NONE',  ( 18.51370253461190174, 87.41649213276018315, 22.88083625232966511 ) ) ;
#4572 = ADVANCED_FACE ( 'NONE', ( #1491 ), #6277, .F. ) ;
#4573 = ADVANCED_FACE ( 'NONE', ( #2264 ), #5587, .F. ) ;
#4574 = CARTESIAN_POINT ( 'NONE',  ( 69.68299993045719987, 178.3966964870022878, 86.80893935915422333 ) ) ;
#4575 = CIRCLE ( 'NONE', #1260, 2.700000000000008171 ) ;
#4576 = CIRCLE ( 'NONE', #3335, 2.700000000000008171 ) ;
#4577 = ORIENTED_EDGE ( 'NONE', *, *, #7478, .F. ) ;
#4578 = CARTESIAN_POINT ( 'NONE',  ( 2.499999999999974243, 56.53622668406841001, -39.78736529329843563 ) ) ;
#4579 = FACE_BOUND ( 'NONE', #5510, .T. ) ;
#4580 = ORIENTED_EDGE ( 'NONE', *, *, #4308, .F. ) ;
#4581 = VERTEX_POINT ( 'NONE', #4218 ) ;
#4582 = EDGE_LOOP ( 'NONE', ( #5859, #2988, #2345, #4267 ) ) ;
#4583 = DIRECTION ( 'NONE',  ( 0.000000000000000000, 0.000000000000000000, 1.000000000000000000 ) ) ;
#4584 = CARTESIAN_POINT ( 'NONE',  ( -23.23009817447847780, 52.66962972725691827, -3.500000000000000000 ) ) ;
#4585 = ORIENTED_EDGE ( 'NONE', *, *, #1684, .F. ) ;
#4586 = CYLINDRICAL_SURFACE ( 'NONE', #2283, 2.700000000000008171 ) ;
#4587 = ORIENTED_EDGE ( 'NONE', *, *, #7851, .F. ) ;
#4588 = CARTESIAN_POINT ( 'NONE',  ( 132.2499999999988916, 229.9999999999999716, -99.75000000000137845 ) ) ;
#4589 = CARTESIAN_POINT ( 'NONE',  ( -24.74420466249359407, 8.500000000000000000, -6.299630403166123216 ) ) ;
#4590 = CARTESIAN_POINT ( 'NONE',  ( -24.11750743857157886, 47.28741476720096415, 4.500000000000003553 ) ) ;
#4591 = DIRECTION ( 'NONE',  ( 0.000000000000000000, 0.000000000000000000, 1.000000000000000000 ) ) ;
#4592 = DIRECTION ( 'NONE',  ( -0.000000000000000000, -1.000000000000000000, -0.000000000000000000 ) ) ;
#4593 = CARTESIAN_POINT ( 'NONE',  ( 38.36054287937223251, 8.500000000000000000, -34.11790219224888432 ) ) ;
#4594 = CARTESIAN_POINT ( 'NONE',  ( 132.2499999999988916, 222.4999999999999716, -102.0500000000013756 ) ) ;
#4595 = CARTESIAN_POINT ( 'NONE',  ( 33.94842799962897573, 119.3145623853462354, -57.38494293454227346 ) ) ;
#4596 = EDGE_LOOP ( 'NONE', ( #5910, #5183, #6481, #5597 ) ) ;
#4597 = DIRECTION ( 'NONE',  ( -0.000000000000000000, 0.000000000000000000, -1.000000000000000000 ) ) ;
#4598 = VERTEX_POINT ( 'NONE', #1014 ) ;
#4599 = CARTESIAN_POINT ( 'NONE',  ( 39.96767401750391002, 118.5449310238781777, 51.94184837435194169 ) ) ;
#4600 = CARTESIAN_POINT ( 'NONE',  ( -36.21714430383185856, 109.9609018348022147, -47.18955747813297563 ) ) ;
#4601 = LINE ( 'NONE', #1360, #846 ) ;
#4602 = FACE_OUTER_BOUND ( 'NONE', #2128, .T. ) ;
#4603 = DIRECTION ( 'NONE',  ( 0.000000000000000000, 1.000000000000000000, 0.000000000000000000 ) ) ;
#4604 = CIRCLE ( 'NONE', #7086, 1.000000000000000888 ) ;
#4605 = EDGE_CURVE ( 'NONE', #3284, #6196, #486, .T. ) ;
#4606 = CARTESIAN_POINT ( 'NONE',  ( -6.230513888564249925, 9.779620365978237473, -26.63404483262911882 ) ) ;
#4607 = CARTESIAN_POINT ( 'NONE',  ( 23.30848928581858104, 9.590207138073129300, 10.78313054387160186 ) ) ;
#4608 = CARTESIAN_POINT ( 'NONE',  ( 20.52160982706290326, 84.78955044430766463, 46.08956020130609943 ) ) ;
#4609 = CARTESIAN_POINT ( 'NONE',  ( -86.88107549716374933, 193.0690741269955026, -97.42399204894581999 ) ) ;
#4610 = CARTESIAN_POINT ( 'NONE',  ( -38.49433898144396693, 9.456746836534332346, 3.500000000000000888 ) ) ;
#4611 = CARTESIAN_POINT ( 'NONE',  ( -118.5758792783833684, 222.5000000000000853, 118.9222144153214913 ) ) ;
#4612 = CARTESIAN_POINT ( 'NONE',  ( 3.796703055620936684, 54.91878350241726991, 39.33235475745139809 ) ) ;
#4613 = AXIS2_PLACEMENT_3D ( 'NONE', #8146, #3606, #2177 ) ;
#4614 = CARTESIAN_POINT ( 'NONE',  ( 3.500000000000000000, 49.15594766088219103, 38.75000000000000000 ) ) ;
#4615 = ORIENTED_EDGE ( 'NONE', *, *, #4995, .T. ) ;
#4616 = CARTESIAN_POINT ( 'NONE',  ( 0.000000000000000000, 8.500000000000000000, 40.75000000000000000 ) ) ;
#4617 = ORIENTED_EDGE ( 'NONE', *, *, #7832, .F. ) ;
#4618 = ADVANCED_FACE ( 'NONE', ( #4906 ), #1666, .T. ) ;
#4619 = CYLINDRICAL_SURFACE ( 'NONE', #5340, 1.000000000000000888 ) ;
#4620 = ORIENTED_EDGE ( 'NONE', *, *, #5976, .T. ) ;
#4621 = ORIENTED_EDGE ( 'NONE', *, *, #3726, .F. ) ;
#4622 = VECTOR ( 'NONE', #8084, 1000.000000000000000 ) ;
#4623 = CYLINDRICAL_SURFACE ( 'NONE', #7134, 2.700000000000008171 ) ;
#4624 = CARTESIAN_POINT ( 'NONE',  ( -1.646119595982947548, -13.85234709874232095, 19.98602510542927746 ) ) ;
#4625 = CARTESIAN_POINT ( 'NONE',  ( -102.0499999999999972, 227.4999999999999716, 132.2500000000000000 ) ) ;
#4626 = CARTESIAN_POINT ( 'NONE',  ( 39.51561378894523813, 9.169629727256930707, -2.500000000000000000 ) ) ;
#4627 = AXIS2_PLACEMENT_3D ( 'NONE', #2989, #1146, #5602 ) ;
#4628 = CIRCLE ( 'NONE', #3534, 1.000000000000000888 ) ;
#4629 = ORIENTED_EDGE ( 'NONE', *, *, #2739, .T. ) ;
#4630 = CARTESIAN_POINT ( 'NONE',  ( -129.3964886108210521, 231.2761341537572264, 126.8528872659107094 ) ) ;
#4631 = ORIENTED_EDGE ( 'NONE', *, *, #489, .F. ) ;
#4632 = EDGE_CURVE ( 'NONE', #3586, #2296, #4132, .T. ) ;
#4633 = CARTESIAN_POINT ( 'NONE',  ( 0.000000000000000000, 222.4999999999999716, -129.5500000000000114 ) ) ;
#4634 = EDGE_CURVE ( 'NONE', #24, #2834, #6767, .T. ) ;
#4635 = CARTESIAN_POINT ( 'NONE',  ( 23.75782623139468441, 10.88359729825087285, 6.877358173052308565 ) ) ;
#4636 = CARTESIAN_POINT ( 'NONE',  ( 23.64186129793339219, -0.8533691773070315456, 1.941283877768280597 ) ) ;
#4637 = AXIS2_PLACEMENT_3D ( 'NONE', #3052, #3732, #5694 ) ;
#4638 = PLANE ( 'NONE',  #5710 ) ;
#4639 = AXIS2_PLACEMENT_3D ( 'NONE', #4469, #7098, #3175 ) ;
#4640 = DIRECTION ( 'NONE',  ( 0.000000000000000000, 0.2708032892222366761, -0.9626347067015700310 ) ) ;
#4641 = ORIENTED_EDGE ( 'NONE', *, *, #4266, .F. ) ;
#4642 = ORIENTED_EDGE ( 'NONE', *, *, #7311, .T. ) ;
#4643 = LINE ( 'NONE', #1185, #8238 ) ;
#4644 = DIRECTION ( 'NONE',  ( -0.000000000000000000, -1.000000000000000000, 0.000000000000000000 ) ) ;
#4645 = ORIENTED_EDGE ( 'NONE', *, *, #1400, .T. ) ;
#4646 = AXIS2_PLACEMENT_3D ( 'NONE', #8324, #7644, #1829 ) ;
#4647 = CARTESIAN_POINT ( 'NONE',  ( 69.92748048721300336, 177.8334930805884824, 87.97088703022495793 ) ) ;
#4648 = VERTEX_POINT ( 'NONE', #5461 ) ;
#4649 = CARTESIAN_POINT ( 'NONE',  ( 40.56048602120348079, 118.9578645973682853, 50.39620223657374254 ) ) ;
#4650 = CARTESIAN_POINT ( 'NONE',  ( 0.000000000000000000, 227.4999999999999716, 137.2500000000000000 ) ) ;
#4651 = DIRECTION ( 'NONE',  ( -1.000000000000000000, 0.000000000000000000, 0.000000000000000000 ) ) ;
#4652 = CARTESIAN_POINT ( 'NONE',  ( 128.6499999999999773, 229.9999999999999716, 139.6500000000000057 ) ) ;
#4653 = CIRCLE ( 'NONE', #1755, 10.99999999999999645 ) ;
#4654 = VECTOR ( 'NONE', #5665, 1000.000000000000000 ) ;
#4655 = CARTESIAN_POINT ( 'NONE',  ( -132.2500000000003695, 222.4999999999999716, -104.7499999999995310 ) ) ;
#4656 = DIRECTION ( 'NONE',  ( -0.000000000000000000, 1.000000000000000000, -0.000000000000000000 ) ) ;
#4657 = ORIENTED_EDGE ( 'NONE', *, *, #237, .T. ) ;
#4658 = CARTESIAN_POINT ( 'NONE',  ( -9.885770335476550486, 8.499999999999118927, -25.54133365392410937 ) ) ;
#4659 = CARTESIAN_POINT ( 'NONE',  ( 23.57284082790867075, 8.500000000002298606, 8.893244404244917689 ) ) ;
#4660 = LINE ( 'NONE', #1366, #3248 ) ;
#4661 = CIRCLE ( 'NONE', #3703, 1.000000000000000888 ) ;
#4662 = CARTESIAN_POINT ( 'NONE',  ( 18.51370253461190174, 87.41649213276018315, 29.92109356073883575 ) ) ;
#4663 = CARTESIAN_POINT ( 'NONE',  ( 2.637553597598000454, 56.53622670213885471, 39.78736529838190705 ) ) ;
#4664 = EDGE_CURVE ( 'NONE', #3176, #7347, #3408, .T. ) ;
#4665 = CARTESIAN_POINT ( 'NONE',  ( -132.2500000000003695, 227.4999999999999716, -104.7499999999995310 ) ) ;
#4666 = ORIENTED_EDGE ( 'NONE', *, *, #1221, .F. ) ;
#4667 = CARTESIAN_POINT ( 'NONE',  ( 3.186623607257589974, 56.12265235458069412, -39.67102075680554663 ) ) ;
#4668 = EDGE_LOOP ( 'NONE', ( #3117, #4123, #6989, #8323 ) ) ;
#4669 = VERTEX_POINT ( 'NONE', #259 ) ;
#4670 = CARTESIAN_POINT ( 'NONE',  ( -3.672955276900839561, 52.14078246919255832, 38.55086224318485222 ) ) ;
#4671 = DIRECTION ( 'NONE',  ( -0.000000000000000000, -1.000000000000000000, -0.000000000000000000 ) ) ;
#4672 = LINE ( 'NONE', #1382, #6161 ) ;
#4673 = CARTESIAN_POINT ( 'NONE',  ( -10.05217361190380565, 9.791976935227387102, 25.94707540023274106 ) ) ;
#4674 = EDGE_CURVE ( 'NONE', #3176, #6916, #3525, .T. ) ;
#4675 = ORIENTED_EDGE ( 'NONE', *, *, #4359, .F. ) ;
#4676 = LINE ( 'NONE', #6605, #62 ) ;
#4677 = CARTESIAN_POINT ( 'NONE',  ( -118.1244800410619717, 221.1463888095066750, 120.5677612664213285 ) ) ;
#4678 = ORIENTED_EDGE ( 'NONE', *, *, #2139, .F. ) ;
#4679 = CARTESIAN_POINT ( 'NONE',  ( 3.500000000000000000, 9.500000000000001776, 39.75000000000000000 ) ) ;
#4680 = CARTESIAN_POINT ( 'NONE',  ( 24.17567898490996470, 53.17503500571878305, -2.500000000000002220 ) ) ;
#4681 = CARTESIAN_POINT ( 'NONE',  ( 24.24215887472074726, 59.90355383221776009, 40.73464390402990887 ) ) ;
#4682 = LINE ( 'NONE', #1393, #5064 ) ;
#4683 = ADVANCED_FACE ( 'NONE', ( #5629 ), #5701, .F. ) ;
#4684 = EDGE_CURVE ( 'NONE', #7887, #5388, #6588, .T. ) ;
#4685 = DIRECTION ( 'NONE',  ( -0.7437881461530263527, 0.6684154349222080072, 0.000000000000000000 ) ) ;
#4686 = EDGE_LOOP ( 'NONE', ( #6232, #1084 ) ) ;
#4687 = CARTESIAN_POINT ( 'NONE',  ( -8.578114702758359300, 3.453893013526950616E-15, 16.11165925922275832 ) ) ;
#4688 = EDGE_LOOP ( 'NONE', ( #199, #523, #7166, #1866 ) ) ;
#4689 = CARTESIAN_POINT ( 'NONE',  ( -104.7500000000000000, 222.4999999999999716, 134.9500000000000171 ) ) ;
#4690 = EDGE_LOOP ( 'NONE', ( #2866, #5100, #4012, #4499 ) ) ;
#4691 = CARTESIAN_POINT ( 'NONE',  ( -33.94842799962899704, 119.3145623853462780, -57.38494293454229478 ) ) ;
#4692 = DIRECTION ( 'NONE',  ( -0.000000000000000000, 1.000000000000000000, -0.000000000000000000 ) ) ;
#4693 = DIRECTION ( 'NONE',  ( -1.000000000000000000, 0.000000000000000000, -0.000000000000000000 ) ) ;
#4694 = DIRECTION ( 'NONE',  ( -1.000000000000000000, 0.000000000000000000, 0.000000000000000000 ) ) ;
#4695 = CARTESIAN_POINT ( 'NONE',  ( 16.69453768370965818, 88.11227435882031500, 48.67017152439763095 ) ) ;
#4696 = CARTESIAN_POINT ( 'NONE',  ( -38.34048759201160550, 9.500000000000001776, -3.500000000000000000 ) ) ;
#4697 = EDGE_LOOP ( 'NONE', ( #8438, #5563, #5494, #6189, #4529 ) ) ;
#4698 = CARTESIAN_POINT ( 'NONE',  ( -4.938849362433380463, 9.770803289222239840, -26.63156445936787264 ) ) ;
#4699 = CARTESIAN_POINT ( 'NONE',  ( 11.23563277649520842, 9.791499401609575770, 25.51592683840202014 ) ) ;
#4700 = CARTESIAN_POINT ( 'NONE',  ( -3.431731769600028237, 54.78432758418562543, -39.29453033178092625 ) ) ;
#4701 = CARTESIAN_POINT ( 'NONE',  ( 23.17881559517063295, 9.600572589236376686, -11.38257561903741788 ) ) ;
#4702 = CARTESIAN_POINT ( 'NONE',  ( 4.500000000000000888, 49.42675095010444153, -37.78736529329842853 ) ) ;
#4703 = CARTESIAN_POINT ( 'NONE',  ( -119.0508961120354456, 222.4999999999997158, 118.1993642843439432 ) ) ;
#4704 = DIRECTION ( 'NONE',  ( -0.000000000000000000, 1.000000000000000000, -0.000000000000000000 ) ) ;
#4705 = DIRECTION ( 'NONE',  ( -0.000000000000000000, 0.000000000000000000, -1.000000000000000000 ) ) ;
#4706 = EDGE_LOOP ( 'NONE', ( #4135, #918 ) ) ;
#4707 = DIRECTION ( 'NONE',  ( -0.000000000000000000, 1.000000000000000000, -0.000000000000000000 ) ) ;
#4708 = CARTESIAN_POINT ( 'NONE',  ( -30.46538220889187798, 98.19887148335190830, -43.55749728755269246 ) ) ;
#4709 = ORIENTED_EDGE ( 'NONE', *, *, #7606, .F. ) ;
#4710 = EDGE_LOOP ( 'NONE', ( #219, #1092, #5664, #3203 ) ) ;
#4711 = CARTESIAN_POINT ( 'NONE',  ( 0.000000000000000000, 229.9999999999999716, 134.9500000000000171 ) ) ;
#4712 = DIRECTION ( 'NONE',  ( 0.000000000000000000, 0.000000000000000000, 1.000000000000000000 ) ) ;
#4713 = CARTESIAN_POINT ( 'NONE',  ( -70.50624881680980138, 178.3536111904932397, 88.29360075542464870 ) ) ;
#4714 = DIRECTION ( 'NONE',  ( 0.000000000000000000, 1.000000000000000000, 0.000000000000000000 ) ) ;
#4715 = B_SPLINE_CURVE_WITH_KNOTS ( 'NONE', 3,
 ( #7105, #3951, #6482, #3305, #566, #5273, #5874 ),
 .UNSPECIFIED., .F., .F.,
 ( 4, 3, 4 ),
 ( -0.2105238004594145451, -0.2102326438772024741, -0.1312721095478435740 ),
 .UNSPECIFIED. ) ;
#4716 = EDGE_LOOP ( 'NONE', ( #1904, #2402, #8333, #5476 ) ) ;
#4717 = CARTESIAN_POINT ( 'NONE',  ( -56.13372593547305200, 171.9755093542427176, 90.05907991467881857 ) ) ;
#4718 = ORIENTED_EDGE ( 'NONE', *, *, #2039, .F. ) ;
#4719 = CARTESIAN_POINT ( 'NONE',  ( 119.6307288578716879, 222.4999999999999716, 115.6847746359883615 ) ) ;
#4720 = CARTESIAN_POINT ( 'NONE',  ( 24.26390638955349033, 52.63319827097632242, -2.775968010032330291 ) ) ;
#4721 = ADVANCED_FACE ( 'NONE', ( #6979 ), #4619, .F. ) ;
#4722 = CARTESIAN_POINT ( 'NONE',  ( -39.69962462399910663, 117.0823784445824032, 48.76571108707319269 ) ) ;
#4723 = DIRECTION ( 'NONE',  ( 0.000000000000000000, 0.000000000000000000, 1.000000000000000000 ) ) ;
#4724 = FACE_OUTER_BOUND ( 'NONE', #3766, .T. ) ;
#4725 = ORIENTED_EDGE ( 'NONE', *, *, #3581, .F. ) ;
#4726 = CARTESIAN_POINT ( 'NONE',  ( -18.51370253461190885, 87.41649213276018315, -3.520128654204579544 ) ) ;
#4727 = CARTESIAN_POINT ( 'NONE',  ( 19.70454419732006812, 8.500000000000019540, -20.60530593239808539 ) ) ;
#4728 = ORIENTED_EDGE ( 'NONE', *, *, #3304, .F. ) ;
#4729 = DIRECTION ( 'NONE',  ( -0.000000000000000000, 1.000000000000000000, -0.000000000000000000 ) ) ;
#4730 = ADVANCED_FACE ( 'NONE', ( #7256 ), #2430, .T. ) ;
#4731 = EDGE_LOOP ( 'NONE', ( #4780, #7996, #185, #3169 ) ) ;
#4732 = EDGE_CURVE ( 'NONE', #4009, #6169, #7670, .T. ) ;
#4733 = CARTESIAN_POINT ( 'NONE',  ( 68.77305503950380228, 176.7960527937180757, -87.32719435105718730 ) ) ;
#4734 = CARTESIAN_POINT ( 'NONE',  ( 15.52055380191783662, 85.68750859614002025, -47.98804928264171821 ) ) ;
#4735 = DIRECTION ( 'NONE',  ( -1.000000000000000000, 0.000000000000000000, 0.000000000000000000 ) ) ;
#4736 = CARTESIAN_POINT ( 'NONE',  ( 0.000000000000000000, 222.4999999999999716, 132.2500000000000000 ) ) ;
#4737 = VERTEX_POINT ( 'NONE', #7745 ) ;
#4738 = CARTESIAN_POINT ( 'NONE',  ( -24.62920562364276122, 8.500000000000000000, -8.997277810110343665 ) ) ;
#4739 = EDGE_CURVE ( 'NONE', #2854, #1127, #1820, .T. ) ;
#4740 = EDGE_CURVE ( 'NONE', #1127, #7436, #403, .T. ) ;
#4741 = CARTESIAN_POINT ( 'NONE',  ( -3.367592251887060684, 52.69806608066381415, -39.24822498195263165 ) ) ;
#4742 = CARTESIAN_POINT ( 'NONE',  ( 5.749844924156104042, 9.775994250527968887, -26.61567406139537439 ) ) ;
#4743 = FACE_OUTER_BOUND ( 'NONE', #1026, .T. ) ;
#4744 = LINE ( 'NONE', #2857, #332 ) ;
#4745 = DIRECTION ( 'NONE',  ( 0.000000000000000000, 1.000000000000000000, 0.000000000000000000 ) ) ;
#4746 = CARTESIAN_POINT ( 'NONE',  ( 104.7500000000000000, 227.4999999999999716, 127.2500000000000000 ) ) ;
#4747 = AXIS2_PLACEMENT_3D ( 'NONE', #5594, #4228, #1019 ) ;
#4748 = EDGE_LOOP ( 'NONE', ( #4862, #6599, #1539, #5534 ) ) ;
#4749 = CARTESIAN_POINT ( 'NONE',  ( -24.11750743857157531, 47.28741476720115600, -3.499999999999571454 ) ) ;
#4750 = B_SPLINE_CURVE_WITH_KNOTS ( 'NONE', 3,
 ( #6933, #5062, #7705, #1125, #8311, #7628, #4412, #2387, #8386, #6384, #3123, #461, #345, #5739, #7740, #4338, #1815, #4454, #3811, #3645, #6429, #511, #5777, #5019, #8424, #3013, #5622, #4673, #2731, #6555, #1383, #1251, #4018, #722, #587, #8546, #677, #4504 ),
 .UNSPECIFIED., .F., .F.,
 ( 4, 2, 1, 2, 2, 2, 2, 2, 2, 2, 2, 2, 2, 2, 2, 2, 2, 1, 2, 4 ),
 ( -6.000000000358109112E-08, 0.0004787298942630956525, 0.0009575197885261949602, 0.001915099577052390648, 0.003830259154104782241, 0.005745418731157173400, 0.007660578308209565861, 0.01149089746231435512, 0.01340605703936675712, 0.01436363682789296159, 0.01532121661641916606, 0.01915153577052396833, 0.02106669534757637727, 0.02298185492462877927, 0.02681217407873357980, 0.02872733365578598874, 0.02968491344431218801, 0.03016370333857528938, 0.03040309828570684006, 0.03064249323283839074 ),
 .UNSPECIFIED. ) ;
#4751 = VERTEX_POINT ( 'NONE', #1994 ) ;
#4752 = ORIENTED_EDGE ( 'NONE', *, *, #1230, .F. ) ;
#4753 = CARTESIAN_POINT ( 'NONE',  ( -4.500000000000059508, 49.42675095010440600, 37.78736529329841431 ) ) ;
#4754 = DIRECTION ( 'NONE',  ( -1.000000000000000000, 0.000000000000000000, 1.734723475976805517E-15 ) ) ;
#4755 = LINE ( 'NONE', #4156, #1537 ) ;
#4756 = CIRCLE ( 'NONE', #7520, 5.000000000000004441 ) ;
#4757 = B_SPLINE_CURVE_WITH_KNOTS ( 'NONE', 3,
 ( #8066, #942, #4872, #6195, #7983, #2141, #4789, #2190, #4830, #1543, #6287, #362, #8322, #5596, #6398, #1065, #6238, #3710, #6325, #1758, #4918, #398, #6360, #3066, #3031, #7059, #1022, #479, #7603, #1139 ),
 .UNSPECIFIED., .F., .F.,
 ( 4, 2, 2, 2, 2, 2, 2, 2, 2, 2, 2, 2, 2, 2, 4 ),
 ( 0.000000000000000000, 0.005273209969867403459, 0.007909814954801105621, 0.01054641993973481212, 0.01318302492466851342, 0.01581962990960221124, 0.01845623489453591254, 0.02109283987946961383, 0.02372944486440331513, 0.02636604984933701643, 0.02900265483427071425, 0.03163925981920441555, 0.03427586480413812031, 0.03691246978907181814, 0.04218567975893922767 ),
 .UNSPECIFIED. ) ;
#4758 = DIRECTION ( 'NONE',  ( 0.7071067811865476838, -2.847095493573216547E-16, -0.7071067811865474617 ) ) ;
#4759 = DIRECTION ( 'NONE',  ( 1.000000000000000000, 0.000000000000000000, 0.000000000000000000 ) ) ;
#4760 = ORIENTED_EDGE ( 'NONE', *, *, #6962, .F. ) ;
#4761 = LINE ( 'NONE', #1481, #6387 ) ;
#4762 = ORIENTED_EDGE ( 'NONE', *, *, #3744, .T. ) ;
#4763 = DIRECTION ( 'NONE',  ( 1.000000000000000000, -0.000000000000000000, 0.000000000000000000 ) ) ;
#4764 = CIRCLE ( 'NONE', #6833, 2.700000000000008171 ) ;
#4765 = ORIENTED_EDGE ( 'NONE', *, *, #8419, .F. ) ;
#4766 = VECTOR ( 'NONE', #4082, 1000.000000000000000 ) ;
#4767 = CARTESIAN_POINT ( 'NONE',  ( -37.16589016458839012, 111.9010338197200838, -45.55088162124460638 ) ) ;
#4768 = CARTESIAN_POINT ( 'NONE',  ( 24.12435751221056535, 47.98071990731917680, -3.617535526500614829 ) ) ;
#4769 = CARTESIAN_POINT ( 'NONE',  ( 38.34048759201160550, 9.500000000000001776, -3.500000000000000000 ) ) ;
#4770 = CARTESIAN_POINT ( 'NONE',  ( -39.75000000000000000, 8.499999999999992895, 3.500000000000000000 ) ) ;
#4771 = CARTESIAN_POINT ( 'NONE',  ( 4.500000000000000888, 9.500000000000001776, 27.59419916606945833 ) ) ;
#4772 = VECTOR ( 'NONE', #4901, 1000.000000000000000 ) ;
#4773 = CIRCLE ( 'NONE', #3253, 2.700000000000008171 ) ;
#4774 = LINE ( 'NONE', #831, #2136 ) ;
#4775 = EDGE_CURVE ( 'NONE', #6929, #6651, #7841, .T. ) ;
#4776 = ORIENTED_EDGE ( 'NONE', *, *, #7640, .F. ) ;
#4777 = AXIS2_PLACEMENT_3D ( 'NONE', #5276, #7757, #8440 ) ;
#4778 = CARTESIAN_POINT ( 'NONE',  ( -16.56989435081572637, 6.671704018455146856E-15, -7.586364098844395443 ) ) ;
#4779 = CARTESIAN_POINT ( 'NONE',  ( 132.2500000000000000, 229.9999999999999716, 2.699999999998622613 ) ) ;
#4780 = ORIENTED_EDGE ( 'NONE', *, *, #4526, .F. ) ;
#4781 = CARTESIAN_POINT ( 'NONE',  ( 2.500000000000000000, 0.000000000000000000, 38.75000000000000000 ) ) ;
#4782 = ORIENTED_EDGE ( 'NONE', *, *, #5136, .T. ) ;
#4783 = CARTESIAN_POINT ( 'NONE',  ( 65.67992689487759606, 176.4194547047941626, -91.74127102156573699 ) ) ;
#4784 = AXIS2_PLACEMENT_3D ( 'NONE', #7115, #294, #5538 ) ;
#4785 = CARTESIAN_POINT ( 'NONE',  ( 2.500000000000000000, 56.53622668406843843, 39.78736529329843563 ) ) ;
#4786 = AXIS2_PLACEMENT_3D ( 'NONE', #2534, #1239, #3879 ) ;
#4787 = EDGE_CURVE ( 'NONE', #4036, #5934, #8441, .T. ) ;
#4788 = AXIS2_PLACEMENT_3D ( 'NONE', #1142, #3785, #984 ) ;
#4789 = CARTESIAN_POINT ( 'NONE',  ( 14.20914363109803347, 0.9999999999999967804, 11.60029664539038485 ) ) ;
#4790 = ORIENTED_EDGE ( 'NONE', *, *, #2253, .F. ) ;
#4791 = CARTESIAN_POINT ( 'NONE',  ( 25.17563017816475224, 53.16515517230256194, 2.500000000000000000 ) ) ;
#4792 = DIRECTION ( 'NONE',  ( -0.3303702727430710140, 0.9438514093265257809, 0.000000000000000000 ) ) ;
#4793 = LINE ( 'NONE', #1412, #4074 ) ;
#4794 = DIRECTION ( 'NONE',  ( -0.7071067811865489050, 0.000000000000000000, 0.7071067811865462405 ) ) ;
#4795 = CARTESIAN_POINT ( 'NONE',  ( 132.2500000000000000, 229.9999999999999716, -5.000000000001389999 ) ) ;
#4796 = AXIS2_PLACEMENT_3D ( 'NONE', #2838, #1057, #4955 ) ;
#4797 = DIRECTION ( 'NONE',  ( -0.7071067811865474617, 2.847095493573215561E-16, -0.7071067811865474617 ) ) ;
#4798 = DIRECTION ( 'NONE',  ( 0.000000000000000000, 0.000000000000000000, -1.000000000000000000 ) ) ;
#4799 = EDGE_CURVE ( 'NONE', #603, #6051, #6572, .T. ) ;
#4800 = ADVANCED_FACE ( 'NONE', ( #7974 ), #3439, .F. ) ;
#4801 = CARTESIAN_POINT ( 'NONE',  ( -24.23177876883821824, 52.83478489955947310, -3.085786437626904632 ) ) ;
#4802 = LINE ( 'NONE', #8170, #902 ) ;
#4803 = ORIENTED_EDGE ( 'NONE', *, *, #3312, .T. ) ;
#4804 = EDGE_LOOP ( 'NONE', ( #7853, #6884, #4852, #2385 ) ) ;
#4805 = CARTESIAN_POINT ( 'NONE',  ( -40.36952546133087338, 118.6849701079812718, -51.25652668380352850 ) ) ;
#4806 = DIRECTION ( 'NONE',  ( -0.000000000000000000, 1.000000000000000000, -0.000000000000000000 ) ) ;
#4807 = CYLINDRICAL_SURFACE ( 'NONE', #1934, 1.000000000000001554 ) ;
#4808 = CARTESIAN_POINT ( 'NONE',  ( -39.51561378894427179, 9.169629727259682284, -2.630923291040141443 ) ) ;
#4809 = CARTESIAN_POINT ( 'NONE',  ( 15.17263504961548826, 8.500000000000012434, 24.65678193825700859 ) ) ;
#4810 = CARTESIAN_POINT ( 'NONE',  ( 6.123233995736758394E-16, 229.9999999999999716, 127.2500000000000000 ) ) ;
#4811 = VERTEX_POINT ( 'NONE', #4556 ) ;
#4812 = DIRECTION ( 'NONE',  ( 1.000000000000000000, -4.026401060382563733E-16, 0.000000000000000000 ) ) ;
#4813 = ORIENTED_EDGE ( 'NONE', *, *, #2655, .T. ) ;
#4814 = CARTESIAN_POINT ( 'NONE',  ( -3.500000000000000000, 49.15594766088219103, -38.75000000000000000 ) ) ;
#4815 = ORIENTED_EDGE ( 'NONE', *, *, #1273, .F. ) ;
#4816 = FACE_OUTER_BOUND ( 'NONE', #3689, .T. ) ;
#4817 = CARTESIAN_POINT ( 'NONE',  ( 24.13247034433948812, 48.80183053180356723, -4.446572992257240564 ) ) ;
#4818 = CARTESIAN_POINT ( 'NONE',  ( -71.69794970882757923, 182.5171555843439819, 89.36552925578311601 ) ) ;
#4819 = CARTESIAN_POINT ( 'NONE',  ( 34.11790219225295573, 8.500000000000000000, -38.36054287936817531 ) ) ;
#4820 = CARTESIAN_POINT ( 'NONE',  ( 0.000000000000000000, 229.9999999999999716, -132.2500000000000000 ) ) ;
#4821 = ORIENTED_EDGE ( 'NONE', *, *, #2018, .T. ) ;
#4822 = DIRECTION ( 'NONE',  ( -0.7071067811865476838, 2.847095493573215561E-16, 0.7071067811865474617 ) ) ;
#4823 = CARTESIAN_POINT ( 'NONE',  ( -104.7500000000000000, 227.4999999999999716, -132.2500000000000000 ) ) ;
#4824 = ORIENTED_EDGE ( 'NONE', *, *, #7091, .F. ) ;
#4825 = CARTESIAN_POINT ( 'NONE',  ( -2.500000000000000000, 56.26542339484620214, 39.75000000000000000 ) ) ;
#4826 = ORIENTED_EDGE ( 'NONE', *, *, #7010, .F. ) ;
#4827 = CARTESIAN_POINT ( 'NONE',  ( -11.94233556256705775, 60.01616791996198685, -40.76632390181265464 ) ) ;
#4828 = DIRECTION ( 'NONE',  ( 1.000000000000000000, 0.000000000000000000, 0.000000000000000000 ) ) ;
#4829 = EDGE_CURVE ( 'NONE', #8168, #4393, #3104, .T. ) ;
#4830 = CARTESIAN_POINT ( 'NONE',  ( 15.73731124075470866, 0.9999999999999961142, 9.340130589362010127 ) ) ;
#4831 = EDGE_LOOP ( 'NONE', ( #5473, #12, #1444 ) ) ;
#4832 = CARTESIAN_POINT ( 'NONE',  ( -23.57284331971364111, 8.500000000002298606, -8.893161494398871270 ) ) ;
#4833 = CARTESIAN_POINT ( 'NONE',  ( -4.446512007246287368, 51.25663860139393790, -38.30213958039463762 ) ) ;
#4834 = ORIENTED_EDGE ( 'NONE', *, *, #1823, .F. ) ;
#4835 = EDGE_CURVE ( 'NONE', #4907, #1066, #6734, .T. ) ;
#4836 = CARTESIAN_POINT ( 'NONE',  ( 37.11812783944747451, 12.99222091195516171, 3.500000000000000000 ) ) ;
#4837 = CARTESIAN_POINT ( 'NONE',  ( 0.000000000000000000, 0.000000000000000000, 0.000000000000000000 ) ) ;
#4838 = CARTESIAN_POINT ( 'NONE',  ( 2.500000000000000000, 9.500000000000001776, -40.75000000000000000 ) ) ;
#4839 = CARTESIAN_POINT ( 'NONE',  ( -24.59863938000867023, 50.53289659423929692, -3.499999999999999112 ) ) ;
#4840 = ORIENTED_EDGE ( 'NONE', *, *, #7806, .F. ) ;
#4841 = ORIENTED_EDGE ( 'NONE', *, *, #826, .T. ) ;
#4842 = CARTESIAN_POINT ( 'NONE',  ( -40.64094142215834182, 119.0073184138518769, -50.21429850955137653 ) ) ;
#4843 = LINE ( 'NONE', #5389, #146 ) ;
#4844 = CIRCLE ( 'NONE', #8310, 2.700000000000008171 ) ;
#4845 = EDGE_CURVE ( 'NONE', #1980, #2019, #7561, .T. ) ;
#4846 = LINE ( 'NONE', #5491, #8172 ) ;
#4847 = EDGE_CURVE ( 'NONE', #7534, #7255, #4676, .T. ) ;
#4848 = CARTESIAN_POINT ( 'NONE',  ( -39.51561378894523102, 9.169629727256930707, -2.499999999999999112 ) ) ;
#4849 = CARTESIAN_POINT ( 'NONE',  ( 24.14127989193755042, 8.500000000000008882, 11.63905072897060222 ) ) ;
#4850 = EDGE_LOOP ( 'NONE', ( #768, #2376 ) ) ;
#4851 = AXIS2_PLACEMENT_3D ( 'NONE', #8177, #6174, #8134 ) ;
#4852 = ORIENTED_EDGE ( 'NONE', *, *, #3635, .F. ) ;
#4853 = FACE_OUTER_BOUND ( 'NONE', #5497, .T. ) ;
#4854 = VERTEX_POINT ( 'NONE', #4021 ) ;
#4855 = LINE ( 'NONE', #2488, #6558 ) ;
#4856 = DIRECTION ( 'NONE',  ( -1.000000000000000000, 0.000000000000000000, 0.000000000000000000 ) ) ;
#4857 = CARTESIAN_POINT ( 'NONE',  ( 130.9027374276307683, 232.6297453442505230, -121.9699006354776429 ) ) ;
#4858 = ADVANCED_FACE ( 'NONE', ( #7306 ), #3234, .F. ) ;
#4859 = VECTOR ( 'NONE', #4281, 1000.000000000000000 ) ;
#4860 = CARTESIAN_POINT ( 'NONE',  ( 6.298817817839242217, 8.500000000000003553, -27.55798224461320700 ) ) ;
#4861 = CARTESIAN_POINT ( 'NONE',  ( -38.36054287936817531, 1.544549305263387906E-14, -34.11790219225091647 ) ) ;
#4862 = ORIENTED_EDGE ( 'NONE', *, *, #989, .T. ) ;
#4863 = CIRCLE ( 'NONE', #1123, 2.700000000000008171 ) ;
#4864 = CARTESIAN_POINT ( 'NONE',  ( -18.51370253461190885, 87.41649213276018315, 29.92109356073886772 ) ) ;
#4865 = DIRECTION ( 'NONE',  ( -4.026401060382563240E-16, -1.000000000000000000, -0.000000000000000000 ) ) ;
#4866 = ORIENTED_EDGE ( 'NONE', *, *, #5030, .F. ) ;
#4867 = CARTESIAN_POINT ( 'NONE',  ( -104.7500000000000000, 229.9999999999999716, 134.9500000000000171 ) ) ;
#4868 = ORIENTED_EDGE ( 'NONE', *, *, #1391, .F. ) ;
#4869 = CARTESIAN_POINT ( 'NONE',  ( -17.14623718594759794, 97.35070776160010553, -51.26907860235421310 ) ) ;
#4870 = DIRECTION ( 'NONE',  ( 0.000000000000000000, 1.000000000000000000, 0.000000000000000000 ) ) ;
#4871 = CARTESIAN_POINT ( 'NONE',  ( 39.51561378894523813, 9.169629727256930707, -2.500000000000000000 ) ) ;
#4872 = CARTESIAN_POINT ( 'NONE',  ( 9.984049513053204095, 0.9999999999999985567, 15.59164677574353952 ) ) ;
#4873 = ORIENTED_EDGE ( 'NONE', *, *, #1674, .T. ) ;
#4874 = CARTESIAN_POINT ( 'NONE',  ( -23.70979256977681260, 8.500000000021451285, -7.615484303672043431 ) ) ;
#4875 = CARTESIAN_POINT ( 'NONE',  ( -2.777269435354808635, 56.48522337443993280, -39.77301731278985386 ) ) ;
#4876 = ORIENTED_EDGE ( 'NONE', *, *, #4275, .F. ) ;
#4877 = DIRECTION ( 'NONE',  ( -0.3303702727430710140, 0.9438514093265257809, 0.000000000000000000 ) ) ;
#4878 =( BOUNDED_CURVE ( )  B_SPLINE_CURVE ( 3, ( #421, #2735, #5354, #2684 ),
 .UNSPECIFIED., .F., .T. ) 
 B_SPLINE_CURVE_WITH_KNOTS ( ( 4, 4 ),
 ( 4.712388980384689674, 6.283185307179586232 ),
 .UNSPECIFIED. ) 
 CURVE ( )  GEOMETRIC_REPRESENTATION_ITEM ( )  RATIONAL_B_SPLINE_CURVE ( ( 1.000000000000000000, 0.8047378541243649375, 0.8047378541243649375, 1.000000000000000000 ) ) 
 REPRESENTATION_ITEM ( '' )  );
#4880 = ADVANCED_FACE ( 'NONE', ( #8297 ), #7688, .T. ) ;
#4879 = CARTESIAN_POINT ( 'NONE',  ( 13.64746816378559835, 82.28044907250419726, -47.02959337080584135 ) ) ;
#4881 = CARTESIAN_POINT ( 'NONE',  ( -24.99994838366314553, 48.01485984078422575, -3.500000000000092371 ) ) ;
#4882 = CARTESIAN_POINT ( 'NONE',  ( -24.23177876883822890, 52.83478489955945179, 2.500000000000000000 ) ) ;
#4883 = ORIENTED_EDGE ( 'NONE', *, *, #4116, .F. ) ;
#4884 = VERTEX_POINT ( 'NONE', #3793 ) ;
#4885 = CARTESIAN_POINT ( 'NONE',  ( -38.49115441637486867, 118.2112410863129810, -54.50800963794508647 ) ) ;
#4886 = CARTESIAN_POINT ( 'NONE',  ( -4.938849362433380463, 9.770803289222239840, -26.63156445936787620 ) ) ;
#4887 = B_SPLINE_CURVE_WITH_KNOTS ( 'NONE', 3,
 ( #6090, #7405, #1486, #3984 ),
 .UNSPECIFIED., .F., .F.,
 ( 4, 4 ),
 ( 2.797157557069881010E-17, 0.001283055201885265843 ),
 .UNSPECIFIED. ) ;
#4888 = CARTESIAN_POINT ( 'NONE',  ( -16.13121533271149488, 87.06970507332168552, -48.37688146349537988 ) ) ;
#4889 = CARTESIAN_POINT ( 'NONE',  ( -24.74420466249359407, 8.500000000000000000, -6.299630403166123216 ) ) ;
#4890 = CIRCLE ( 'NONE', #3781, 2.700000000000008171 ) ;
#4891 = ORIENTED_EDGE ( 'NONE', *, *, #427, .F. ) ;
#4893 = ADVANCED_FACE ( 'NONE', ( #1030 ), #3146, .F. ) ;
#4892 = FACE_OUTER_BOUND ( 'NONE', #4716, .T. ) ;
#4894 = DIRECTION ( 'NONE',  ( 0.000000000000000000, 1.000000000000000000, -0.000000000000000000 ) ) ;
#4895 = ORIENTED_EDGE ( 'NONE', *, *, #6146, .T. ) ;
#4896 = CARTESIAN_POINT ( 'NONE',  ( 132.2500000000011084, 227.4999999999999716, 102.0499999999986045 ) ) ;
#4897 = CIRCLE ( 'NONE', #5429, 2.700000000000008171 ) ;
#4898 = DIRECTION ( 'NONE',  ( 0.000000000000000000, 0.000000000000000000, 1.000000000000000000 ) ) ;
#4899 = CARTESIAN_POINT ( 'NONE',  ( 61.48104941485067343, 170.2429917691949584, -83.26126645042664620 ) ) ;
#4900 = CARTESIAN_POINT ( 'NONE',  ( -38.93230344375730567, 9.333619261603566031, -3.373786390243968203 ) ) ;
#4901 = DIRECTION ( 'NONE',  ( -0.7071067811865474617, 2.847095493573215561E-16, -0.7071067811865476838 ) ) ;
#4902 = EDGE_CURVE ( 'NONE', #4073, #8257, #2558, .T. ) ;
#4903 = ORIENTED_EDGE ( 'NONE', *, *, #6685, .F. ) ;
#4904 = EDGE_CURVE ( 'NONE', #1846, #3084, #6297, .T. ) ;
#4905 = CARTESIAN_POINT ( 'NONE',  ( -23.63512554491272510, 9.556933125911552196, 8.884661600470524334 ) ) ;
#4906 = FACE_OUTER_BOUND ( 'NONE', #2960, .T. ) ;
#4907 = VERTEX_POINT ( 'NONE', #5003 ) ;
#4908 = CARTESIAN_POINT ( 'NONE',  ( 64.51122110006599542, 181.8137572648915921, -96.16334272003524575 ) ) ;
#4909 = ORIENTED_EDGE ( 'NONE', *, *, #2784, .T. ) ;
#4910 = CARTESIAN_POINT ( 'NONE',  ( 24.14231405264825270, 8.500000000000007105, -11.63430561254787676 ) ) ;
#4911 = VECTOR ( 'NONE', #7883, 1000.000000000000000 ) ;
#4912 = CARTESIAN_POINT ( 'NONE',  ( -24.15266095542530778, 50.84534936410023676, 3.572950796754102321 ) ) ;
#4913 = CIRCLE ( 'NONE', #6847, 2.999999999999992450 ) ;
#4914 = B_SPLINE_CURVE_WITH_KNOTS ( 'NONE', 3,
 ( #5695, #512, #8312, #3167, #8425, #7666, #3086, #2505, #5138, #1088, #7783, #1854, #462, #1054, #3017, #2352, #5625, #8347, #8278, #3053, #4986, #3125, #2428, #2466, #7630, #5020, #1705, #4339, #4382, #6976 ),
 .UNSPECIFIED., .F., .F.,
 ( 4, 2, 2, 2, 2, 2, 2, 2, 2, 2, 2, 2, 2, 2, 4 ),
 ( 0.000000000000000000, 0.002038512757751164469, 0.004077025515502328938, 0.008154051031004663080, 0.009173307409880249869, 0.01019256378875583492, 0.01223107654650701197, 0.01630810206200935739, 0.01732735844088494417, 0.01834661481976052749, 0.02038512757751171495, 0.02446215309301408639, 0.02650066585076527731, 0.02853917860851646476, 0.03261620412401884661 ),
 .UNSPECIFIED. ) ;
#4915 = AXIS2_PLACEMENT_3D ( 'NONE', #1721, #6244, #4431 ) ;
#4916 = CARTESIAN_POINT ( 'NONE',  ( 0.000000000000000000, 8.500000000000000000, 0.000000000000000000 ) ) ;
#4917 = CARTESIAN_POINT ( 'NONE',  ( -24.17567898490996825, 53.17503500571875463, -3.671572875253810153 ) ) ;
#4918 = CARTESIAN_POINT ( 'NONE',  ( 16.59213052314856540, 0.9999999999999958922, -7.660653862246380896 ) ) ;
#4919 = VERTEX_POINT ( 'NONE', #7651 ) ;
#4920 = AXIS2_PLACEMENT_3D ( 'NONE', #1636, #4996, #4426 ) ;
#4921 = CARTESIAN_POINT ( 'NONE',  ( -23.17223061083619129, 9.601073306299859667, -11.41162773877581316 ) ) ;
#4922 = CARTESIAN_POINT ( 'NONE',  ( 38.36054287937020035, 8.500000000000000000, 34.11790219225295573 ) ) ;
#4923 = ORIENTED_EDGE ( 'NONE', *, *, #4378, .T. ) ;
#4924 = FACE_OUTER_BOUND ( 'NONE', #5097, .T. ) ;
#4925 = CARTESIAN_POINT ( 'NONE',  ( 104.7500000000000000, 229.9999999999999716, 132.2500000000000000 ) ) ;
#4926 = VECTOR ( 'NONE', #482, 1000.000000000000000 ) ;
#4927 = ORIENTED_EDGE ( 'NONE', *, *, #8387, .T. ) ;
#4928 = CARTESIAN_POINT ( 'NONE',  ( -22.45064030267088739, 9.039528192094155827E-15, -22.45064030267285204 ) ) ;
#4929 = AXIS2_PLACEMENT_3D ( 'NONE', #8187, #1009, #343 ) ;
#4930 = DIRECTION ( 'NONE',  ( -0.000000000000000000, 1.000000000000000000, -0.000000000000000000 ) ) ;
#4931 = ORIENTED_EDGE ( 'NONE', *, *, #2094, .F. ) ;
#4932 = EDGE_LOOP ( 'NONE', ( #7340, #4895, #6807, #8420, #1046, #5161 ) ) ;
#4933 = CARTESIAN_POINT ( 'NONE',  ( -39.65632269396506615, 118.3358271233851866, -52.87109244419708887 ) ) ;
#4934 = CARTESIAN_POINT ( 'NONE',  ( -2.637553597598166544, 56.53622670213922419, 39.78736529838202074 ) ) ;
#4935 = AXIS2_PLACEMENT_3D ( 'NONE', #676, #8148, #973 ) ;
#4936 = AXIS2_PLACEMENT_3D ( 'NONE', #2386, #2303, #6930 ) ;
#4937 = CARTESIAN_POINT ( 'NONE',  ( -17.27450110833658670, 89.27423230140085764, -48.99704736899175828 ) ) ;
#4938 = EDGE_CURVE ( 'NONE', #331, #943, #1744, .T. ) ;
#4939 = CARTESIAN_POINT ( 'NONE',  ( 22.32323275684460384, 8.500000000000007105, 16.70969938789230014 ) ) ;
#4940 = AXIS2_PLACEMENT_3D ( 'NONE', #1532, #2125, #3382 ) ;
#4941 = VERTEX_POINT ( 'NONE', #7758 ) ;
#4942 = AXIS2_PLACEMENT_3D ( 'NONE', #3929, #8502, #8422 ) ;
#4943 = CARTESIAN_POINT ( 'NONE',  ( -2.500000000000000000, 8.500000000000000000, 38.75000000000000000 ) ) ;
#4944 = ORIENTED_EDGE ( 'NONE', *, *, #2644, .T. ) ;
#4945 = DIRECTION ( 'NONE',  ( -0.7071067811865474617, 0.000000000000000000, -0.7071067811865476838 ) ) ;
#4946 = DIRECTION ( 'NONE',  ( 0.000000000000000000, 0.000000000000000000, 1.000000000000000000 ) ) ;
#4947 = FACE_OUTER_BOUND ( 'NONE', #6343, .T. ) ;
#4948 = CARTESIAN_POINT ( 'NONE',  ( 38.34048759201160550, 8.500000000000000000, 4.500000000000000888 ) ) ;
#4949 = EDGE_CURVE ( 'NONE', #7297, #3586, #6986, .T. ) ;
#4950 = CARTESIAN_POINT ( 'NONE',  ( 4.938849362433376022, 8.499999999999998224, -26.27406881924599347 ) ) ;
#4951 = CARTESIAN_POINT ( 'NONE',  ( -40.45946519827175791, 8.500000000000000000, 0.000000000000000000 ) ) ;
#4952 = AXIS2_PLACEMENT_3D ( 'NONE', #7411, #3609, #2314 ) ;
#4953 = CARTESIAN_POINT ( 'NONE',  ( -19.36327189134313898, 9.728865056359454755, 19.47894873310692887 ) ) ;
#4954 = DIRECTION ( 'NONE',  ( -0.000000000000000000, 1.000000000000000000, -0.000000000000000000 ) ) ;
#4955 = DIRECTION ( 'NONE',  ( -2.312964634635743450E-15, 0.000000000000000000, 1.000000000000000000 ) ) ;
#4956 = CARTESIAN_POINT ( 'NONE',  ( 39.02886058067539210, 9.306473574832008211, 3.499999999999999112 ) ) ;
#4957 = CARTESIAN_POINT ( 'NONE',  ( 21.29979104959859271, 8.500000000000003553, -18.43556397786748491 ) ) ;
#4958 = EDGE_CURVE ( 'NONE', #6597, #4669, #6706, .T. ) ;
#4959 = CARTESIAN_POINT ( 'NONE',  ( 4.500000000000000888, 8.500000000000000000, -38.75000000000000000 ) ) ;
#4960 = EDGE_CURVE ( 'NONE', #1984, #7743, #5879, .T. ) ;
#4961 = LINE ( 'NONE', #225, #7802 ) ;
#4962 = CARTESIAN_POINT ( 'NONE',  ( -43.45882761868934807, 124.7697373775445016, 58.98245456479144622 ) ) ;
#4963 = CARTESIAN_POINT ( 'NONE',  ( 24.72592357672937879, 86.46200102207579619, 39.95660488003564836 ) ) ;
#4964 = ORIENTED_EDGE ( 'NONE', *, *, #6031, .F. ) ;
#4965 = DIRECTION ( 'NONE',  ( 0.000000000000000000, 0.000000000000000000, -1.000000000000000000 ) ) ;
#4966 = FACE_OUTER_BOUND ( 'NONE', #4668, .T. ) ;
#4967 = ORIENTED_EDGE ( 'NONE', *, *, #7805, .T. ) ;
#4968 = ADVANCED_FACE ( 'NONE', ( #4602 ), #7233, .F. ) ;
#4969 = DIRECTION ( 'NONE',  ( -0.000000000000000000, 1.000000000000000000, -0.000000000000000000 ) ) ;
#4970 = CYLINDRICAL_SURFACE ( 'NONE', #7049, 1.000000000000001554 ) ;
#4971 = CARTESIAN_POINT ( 'NONE',  ( -24.17356883942733958, 52.96146435078984638, -3.051936019946543954 ) ) ;
#4972 = ORIENTED_EDGE ( 'NONE', *, *, #8427, .T. ) ;
#4973 = ORIENTED_EDGE ( 'NONE', *, *, #1808, .F. ) ;
#4974 = CARTESIAN_POINT ( 'NONE',  ( 24.72907807671450797, 86.46845179732629560, -39.93519832322810004 ) ) ;
#4975 = CARTESIAN_POINT ( 'NONE',  ( 132.2500000000011084, 222.4999999999999716, 107.4499999999986102 ) ) ;
#4976 = DIRECTION ( 'NONE',  ( -0.000000000000000000, 1.000000000000000000, -0.000000000000000000 ) ) ;
#4977 = CARTESIAN_POINT ( 'NONE',  ( 23.59007323236974685, 8.500000000000023093, 13.59441968732135031 ) ) ;
#4978 = ORIENTED_EDGE ( 'NONE', *, *, #7419, .T. ) ;
#4979 = CARTESIAN_POINT ( 'NONE',  ( 119.2264347129342923, 222.5000000000000000, -117.8043029886913189 ) ) ;
#4980 = ORIENTED_EDGE ( 'NONE', *, *, #4684, .T. ) ;
#4981 = DIRECTION ( 'NONE',  ( -0.000000000000000000, 1.000000000000000000, -0.000000000000000000 ) ) ;
#4982 = DIRECTION ( 'NONE',  ( 1.000000000000000000, -4.026401060382572115E-16, 0.000000000000000000 ) ) ;
#4983 = DIRECTION ( 'NONE',  ( -1.000000000000000000, 0.000000000000000000, -0.000000000000000000 ) ) ;
#4984 = CARTESIAN_POINT ( 'NONE',  ( -24.50000000000000711, 85.99999999999990052, 38.90092901844944606 ) ) ;
#4985 = CARTESIAN_POINT ( 'NONE',  ( 15.18850814199502253, 8.500000000000003553, -24.60441018067448127 ) ) ;
#4986 = CARTESIAN_POINT ( 'NONE',  ( -21.29979104966038150, 8.500000000000007105, 18.43556397790293744 ) ) ;
#4987 = EDGE_CURVE ( 'NONE', #3771, #8241, #8156, .T. ) ;
#4988 = CARTESIAN_POINT ( 'NONE',  ( -24.28541820681979857, 8.500000000000007105, 10.97899073157024930 ) ) ;
#4989 = CARTESIAN_POINT ( 'NONE',  ( 59.18162869656640623, 156.9219822783717575, -80.71893253750165798 ) ) ;
#4990 = CARTESIAN_POINT ( 'NONE',  ( 18.72821337426746879, 8.500000000000017764, -19.79018021017699525 ) ) ;
#4991 = CYLINDRICAL_SURFACE ( 'NONE', #5266, 5.000000000000004441 ) ;
#4992 = DIRECTION ( 'NONE',  ( 0.000000000000000000, 0.000000000000000000, 1.000000000000000000 ) ) ;
#4993 = DIRECTION ( 'NONE',  ( 0.000000000000000000, 0.000000000000000000, 1.000000000000000000 ) ) ;
#4994 = CARTESIAN_POINT ( 'NONE',  ( -28.73096866970521290, 111.3650299087044857, 55.21151336731273318 ) ) ;
#4995 = EDGE_CURVE ( 'NONE', #4355, #8094, #7509, .T. ) ;
#4996 = DIRECTION ( 'NONE',  ( 0.000000000000000000, 0.000000000000000000, -1.000000000000000000 ) ) ;
#4997 = ORIENTED_EDGE ( 'NONE', *, *, #2506, .F. ) ;
#4998 = DIRECTION ( 'NONE',  ( -0.6684154349222080072, 0.7437881461530263527, 0.000000000000000000 ) ) ;
#4999 = CARTESIAN_POINT ( 'NONE',  ( -4.500000000000003553, 119.2291967107777424, -58.46263470670157147 ) ) ;
#5000 = CYLINDRICAL_SURFACE ( 'NONE', #4915, 1.000000000000000888 ) ;
#5001 = DIRECTION ( 'NONE',  ( -1.000000000000000000, -0.000000000000000000, 0.000000000000000000 ) ) ;
#5002 = DIRECTION ( 'NONE',  ( 8.558695390763224562E-15, -0.9626347067015695869, 0.2708032892222382859 ) ) ;
#5003 = CARTESIAN_POINT ( 'NONE',  ( -23.74420466249360118, 9.500000000000001776, -4.500000000000003553 ) ) ;
#5004 = EDGE_CURVE ( 'NONE', #4009, #8094, #4496, .T. ) ;
#5005 = ORIENTED_EDGE ( 'NONE', *, *, #2032, .T. ) ;
#5006 = ADVANCED_FACE ( 'NONE', ( #6331 ), #3941, .F. ) ;
#5007 = FACE_OUTER_BOUND ( 'NONE', #2586, .T. ) ;
#5008 = DIRECTION ( 'NONE',  ( 0.000000000000000000, 0.000000000000000000, 1.000000000000000000 ) ) ;
#5009 = ORIENTED_EDGE ( 'NONE', *, *, #2573, .T. ) ;
#5010 = ORIENTED_EDGE ( 'NONE', *, *, #6339, .T. ) ;
#5011 = FACE_OUTER_BOUND ( 'NONE', #4932, .T. ) ;
#5012 = DIRECTION ( 'NONE',  ( -1.000000000000000000, 0.000000000000000000, 0.000000000000000000 ) ) ;
#5013 = CARTESIAN_POINT ( 'NONE',  ( 40.59396759410588373, 118.9379167845840044, -50.42544981481407973 ) ) ;
#5014 = CARTESIAN_POINT ( 'NONE',  ( 18.51370253461190174, 87.41649213276018315, 3.520128654204493390 ) ) ;
#5015 = FACE_OUTER_BOUND ( 'NONE', #1419, .T. ) ;
#5016 = VERTEX_POINT ( 'NONE', #2481 ) ;
#5017 = CARTESIAN_POINT ( 'NONE',  ( 139.6500000000000057, 222.4999999999999716, 128.6499999999999773 ) ) ;
#5018 = B_SPLINE_CURVE_WITH_KNOTS ( 'NONE', 3,
 ( #5466, #2093, #7506, #8063, #2134, #4783, #6719, #7978, #2751, #6100, #740, #30, #839, #4733 ),
 .UNSPECIFIED., .F., .F.,
 ( 4, 2, 2, 2, 2, 2, 4 ),
 ( -2.999654976856466263E-05, 0.002343875068396757046, 0.003530810877479412593, 0.004717746686562068574, 0.005904682495644724555, 0.007091618304727380535, 0.009465489922892693364 ),
 .UNSPECIFIED. ) ;
#5019 = CARTESIAN_POINT ( 'NONE',  ( -14.70228368088717730, 9.780800975388226348, 23.77541292778615301 ) ) ;
#5020 = CARTESIAN_POINT ( 'NONE',  ( -24.14231405253973861, 8.500000000000017764, 11.63430561252838125 ) ) ;
#5021 = CIRCLE ( 'NONE', #3514, 2.700000000000008171 ) ;
#5022 = AXIS2_PLACEMENT_3D ( 'NONE', #1245, #1330, #3324 ) ;
#5023 = EDGE_LOOP ( 'NONE', ( #7623, #4547, #810, #5888, #4564 ) ) ;
#5024 = CARTESIAN_POINT ( 'NONE',  ( -11.78044997827179685, 4.743281628429731878E-15, -13.89603248059096607 ) ) ;
#5025 = DIRECTION ( 'NONE',  ( 1.000000000000000000, 0.000000000000000000, 0.000000000000000000 ) ) ;
#5026 = DIRECTION ( 'NONE',  ( 0.000000000000000000, 1.000000000000000000, 0.000000000000000000 ) ) ;
#5027 = CARTESIAN_POINT ( 'NONE',  ( 22.84529137286725842, 9.622197767071421382, -12.65184592289169174 ) ) ;
#5028 = CARTESIAN_POINT ( 'NONE',  ( -24.14032061112625627, 49.59636656395089460, 4.340698505292857945 ) ) ;
#5029 = FACE_OUTER_BOUND ( 'NONE', #3552, .T. ) ;
#5030 = EDGE_CURVE ( 'NONE', #4410, #1984, #2003, .T. ) ;
#5031 = CARTESIAN_POINT ( 'NONE',  ( -119.6307288578717163, 222.5000000000000853, -116.1223289694517575 ) ) ;
#5032 = CARTESIAN_POINT ( 'NONE',  ( -21.04241442868867296, 78.92943175304873193, 46.08690295456407426 ) ) ;
#5033 = DIRECTION ( 'NONE',  ( 0.000000000000000000, 1.000000000000000000, 0.000000000000000000 ) ) ;
#5034 = ORIENTED_EDGE ( 'NONE', *, *, #2667, .F. ) ;
#5035 = CARTESIAN_POINT ( 'NONE',  ( 20.96849615172855863, 84.84943933395604176, -45.76668015660239064 ) ) ;
#5036 = LINE ( 'NONE', #4922, #8029 ) ;
#5037 = PLANE ( 'NONE',  #3116 ) ;
#5038 = AXIS2_PLACEMENT_3D ( 'NONE', #8526, #5236, #3268 ) ;
#5039 = EDGE_CURVE ( 'NONE', #7129, #6444, #2189, .T. ) ;
#5040 = CARTESIAN_POINT ( 'NONE',  ( -132.2500000000000000, 229.9999999999999716, 4.617484070620044083E-13 ) ) ;
#5041 = CARTESIAN_POINT ( 'NONE',  ( 24.17356883942733248, 52.96146435078931347, 3.051936019946544398 ) ) ;
#5042 = VECTOR ( 'NONE', #4010, 1000.000000000000000 ) ;
#5043 = DIRECTION ( 'NONE',  ( -0.000000000000000000, 0.000000000000000000, 1.000000000000000000 ) ) ;
#5044 = ORIENTED_EDGE ( 'NONE', *, *, #4414, .F. ) ;
#5045 = VECTOR ( 'NONE', #7583, 1000.000000000000000 ) ;
#5046 = CARTESIAN_POINT ( 'NONE',  ( 9.279267002410925613, 8.500000000004112266, 25.70819752858553997 ) ) ;
#5047 = CARTESIAN_POINT ( 'NONE',  ( -2.568776798877215661, 56.26542341291716554, 39.75000000000000000 ) ) ;
#5048 = AXIS2_PLACEMENT_3D ( 'NONE', #2523, #1232, #7232 ) ;
#5049 =( BOUNDED_SURFACE ( )  B_SPLINE_SURFACE ( 2, 3, ( 
 ( #6940, #2227, #2932, #303, #1016, #1581, #8246, #6233, #8198, #6809 ),
 ( #2185, #6280, #5549, #5631, #6148, #8282, #2268, #4179, #976, #2841 ),
 ( #884, #4869, #223, #2978, #4827, #7461, #3612, #4222, #5465, #2892 ) ),
 .UNSPECIFIED., .F., .F., .T. ) 
 B_SPLINE_SURFACE_WITH_KNOTS ( ( 3, 3 ),
 ( 4, 3, 3, 4 ),
 ( 0.000000000000000000, 1.000000000000000000 ),
 ( -0.06862074133165763090, -0.05042450044426739081, 0.02967734677949436864, 0.05310633853194653142 ),
 .UNSPECIFIED. ) 
 GEOMETRIC_REPRESENTATION_ITEM ( )  RATIONAL_B_SPLINE_SURFACE ( (
 ( 1.000000000000000000, 1.000000000000000000, 1.000000000000000000, 1.000000000000000000, 1.000000000000000000, 1.000000000000000000, 1.000000000000000000, 1.000000000000000000, 1.000000000000000000, 1.000000000000000000),
 ( 0.7080520783763301074, 0.7080520783763301074, 0.7080520783763301074, 0.7080520783763301074, 0.7080520783763301074, 0.7080520783763301074, 0.7080520783763301074, 0.7080520783763301074, 0.7080520783763301074, 0.7080520783763301074),
 ( 1.000000000000000000, 1.000000000000000000, 1.000000000000000000, 1.000000000000000000, 1.000000000000000000, 1.000000000000000000, 1.000000000000000000, 1.000000000000000000, 1.000000000000000000, 1.000000000000000000) ) ) 
 REPRESENTATION_ITEM ( '' )  SURFACE ( )  );
#5050 = CARTESIAN_POINT ( 'NONE',  ( 40.65913521830880484, 119.0445237048562177, -50.10912376220856146 ) ) ;
#5051 = AXIS2_PLACEMENT_3D ( 'NONE', #7840, #3139, #8397 ) ;
#5052 = CARTESIAN_POINT ( 'NONE',  ( 8.578114702758353971, -3.453893013526947066E-15, -16.11165925922276898 ) ) ;
#5053 = EDGE_CURVE ( 'NONE', #5601, #2296, #2697, .T. ) ;
#5054 = EDGE_CURVE ( 'NONE', #5374, #679, #1607, .T. ) ;
#5055 = CARTESIAN_POINT ( 'NONE',  ( 25.35957079319337382, 87.75777398158645326, -40.33333500867763632 ) ) ;
#5056 = ORIENTED_EDGE ( 'NONE', *, *, #7519, .F. ) ;
#5057 = FACE_OUTER_BOUND ( 'NONE', #8307, .T. ) ;
#5058 = ORIENTED_EDGE ( 'NONE', *, *, #4958, .T. ) ;
#5059 = AXIS2_PLACEMENT_3D ( 'NONE', #4791, #4185, #6906 ) ;
#5060 = ORIENTED_EDGE ( 'NONE', *, *, #590, .T. ) ;
#5061 = DIRECTION ( 'NONE',  ( 0.000000000000000000, -1.000000000000000000, 0.000000000000000000 ) ) ;
#5062 = CARTESIAN_POINT ( 'NONE',  ( -23.74428229173201643, 9.512818047274219424, 6.459199983066329587 ) ) ;
#5063 = EDGE_CURVE ( 'NONE', #7129, #4151, #7017, .T. ) ;
#5064 = VECTOR ( 'NONE', #6001, 1000.000000000000000 ) ;
#5065 = AXIS2_PLACEMENT_3D ( 'NONE', #8274, #5579, #4982 ) ;
#5066 = CARTESIAN_POINT ( 'NONE',  ( -34.11790219225090226, -7.793022551979197680E-15, 38.36054287937020035 ) ) ;
#5067 = ORIENTED_EDGE ( 'NONE', *, *, #2796, .T. ) ;
#5068 = EDGE_LOOP ( 'NONE', ( #8171, #6583, #836, #3883 ) ) ;
#5069 = CARTESIAN_POINT ( 'NONE',  ( -18.35341993653126025, 8.500000000000007105, 22.12883478520526737 ) ) ;
#5070 = CARTESIAN_POINT ( 'NONE',  ( -12.47041347705065739, 0.9999999999999976685, 13.51821543368308021 ) ) ;
#5071 = CARTESIAN_POINT ( 'NONE',  ( 38.34813367245747884, 114.3186553751377517, -54.28517053417148475 ) ) ;
#5072 = CARTESIAN_POINT ( 'NONE',  ( 21.44542719479154158, 9.681164092387351872, -16.26052477554231857 ) ) ;
#5073 = DIRECTION ( 'NONE',  ( 0.000000000000000000, 0.000000000000000000, 1.000000000000000000 ) ) ;
#5074 = CARTESIAN_POINT ( 'NONE',  ( -3.500000000000000000, 49.15594766088219814, 38.75000000000000000 ) ) ;
#5075 = CARTESIAN_POINT ( 'NONE',  ( -115.3413190767643357, 222.5000000000001421, -121.0156251593982830 ) ) ;
#5076 = CARTESIAN_POINT ( 'NONE',  ( -30.78835754851261441, 98.85933790819431977, 43.76144624340529532 ) ) ;
#5077 = CARTESIAN_POINT ( 'NONE',  ( 23.74425346923881364, 9.509879833416231776, -4.500000000000003553 ) ) ;
#5078 = ORIENTED_EDGE ( 'NONE', *, *, #7905, .F. ) ;
#5079 = ADVANCED_FACE ( 'NONE', ( #1742 ), #7781, .F. ) ;
#5080 = CARTESIAN_POINT ( 'NONE',  ( 17.64576966563220850, 85.34993735178713337, -47.63396687747152924 ) ) ;
#5081 = FACE_OUTER_BOUND ( 'NONE', #3460, .T. ) ;
#5082 = DIRECTION ( 'NONE',  ( 1.000000000000000000, -0.000000000000000000, 0.000000000000000000 ) ) ;
#5083 = DIRECTION ( 'NONE',  ( 0.000000000000000000, 0.000000000000000000, 1.000000000000000000 ) ) ;
#5084 = CARTESIAN_POINT ( 'NONE',  ( -24.16078302820641710, 51.66739524566525432, -3.428138555586061287 ) ) ;
#5085 = VERTEX_POINT ( 'NONE', #2465 ) ;
#5086 = EDGE_CURVE ( 'NONE', #6169, #4355, #914, .T. ) ;
#5087 = CARTESIAN_POINT ( 'NONE',  ( 10.58973494051518927, 8.500000000000021316, 26.73852301970621426 ) ) ;
#5088 = DIRECTION ( 'NONE',  ( 0.000000000000000000, 0.000000000000000000, 1.000000000000000000 ) ) ;
#5089 = CARTESIAN_POINT ( 'NONE',  ( -81.53375201778608528, 194.8015917120432334, -104.2218055131978929 ) ) ;
#5090 = DIRECTION ( 'NONE',  ( -0.009879833416224212406, 0.9999511932547845428, 0.000000000000000000 ) ) ;
#5091 = CARTESIAN_POINT ( 'NONE',  ( 18.51370253461190174, 87.41649213276018315, -12.32045028971608325 ) ) ;
#5092 = ORIENTED_EDGE ( 'NONE', *, *, #7597, .F. ) ;
#5093 = CARTESIAN_POINT ( 'NONE',  ( 3.620162371176889771, 50.28166195270536321, -38.02786432155046725 ) ) ;
#5094 = VERTEX_POINT ( 'NONE', #3165 ) ;
#5095 = EDGE_CURVE ( 'NONE', #4543, #203, #5993, .T. ) ;
#5096 = EDGE_CURVE ( 'NONE', #6215, #1005, #4750, .T. ) ;
#5097 = EDGE_LOOP ( 'NONE', ( #4834, #1913, #2608, #5690 ) ) ;
#5098 = DIRECTION ( 'NONE',  ( -1.000000000000000000, 0.000000000000000000, 0.000000000000000000 ) ) ;
#5099 = DIRECTION ( 'NONE',  ( -4.026401060382563240E-16, -1.000000000000000000, 0.000000000000000000 ) ) ;
#5100 = ORIENTED_EDGE ( 'NONE', *, *, #322, .T. ) ;
#5101 = ORIENTED_EDGE ( 'NONE', *, *, #6267, .F. ) ;
#5102 = ADVANCED_FACE ( 'NONE', ( #7133 ), #2734, .F. ) ;
#5103 = DIRECTION ( 'NONE',  ( -1.000000000000000000, 0.000000000000000000, -3.469446951953614189E-15 ) ) ;
#5104 = CARTESIAN_POINT ( 'NONE',  ( -18.20358859669335061, 1.000000000000000000, -1.000008714907283824 ) ) ;
#5105 = ADVANCED_FACE ( 'NONE', ( #2116 ), #149, .F. ) ;
#5106 = FACE_OUTER_BOUND ( 'NONE', #340, .T. ) ;
#5107 = CIRCLE ( 'NONE', #4005, 5.000000000000004441 ) ;
#5108 = CARTESIAN_POINT ( 'NONE',  ( -24.23177876883822890, 52.83478489955945179, -2.500000000000000000 ) ) ;
#5109 = CARTESIAN_POINT ( 'NONE',  ( -117.6553171338054824, 222.4999999999999432, -119.8469575957298474 ) ) ;
#5110 = CARTESIAN_POINT ( 'NONE',  ( 3.306546357697840914E-16, 227.4999999999999716, -134.9500000000000171 ) ) ;
#5111 = CARTESIAN_POINT ( 'NONE',  ( 2.500000000000000000, 8.500000000000000000, -39.75000000000000000 ) ) ;
#5112 = ORIENTED_EDGE ( 'NONE', *, *, #6963, .F. ) ;
#5113 = CARTESIAN_POINT ( 'NONE',  ( 23.85889713998244943, 85.28701077767848915, -41.80039897282917849 ) ) ;
#5114 = CYLINDRICAL_SURFACE ( 'NONE', #2922, 1.000000000000000000 ) ;
#5115 = B_SPLINE_CURVE_WITH_KNOTS ( 'NONE', 3,
 ( #2871, #4888, #2248, #4937, #2207, #6122, #3464 ),
 .UNSPECIFIED., .F., .F.,
 ( 4, 3, 4 ),
 ( 0.01403119798856756681, 0.01786960490654623812, 0.05295461674272955443 ),
 .UNSPECIFIED. ) ;
#5116 = CARTESIAN_POINT ( 'NONE',  ( -35.42124542124541620, 108.3333333333333002, -54.35865256890310349 ) ) ;
#5117 = CIRCLE ( 'NONE', #550, 2.700000000000008171 ) ;
#5118 = CARTESIAN_POINT ( 'NONE',  ( -33.94842799962901125, 119.3145623853462638, 57.38494293454228767 ) ) ;
#5119 = CARTESIAN_POINT ( 'NONE',  ( -4.500000000000000888, -6.496707006939539397, 23.09409040825522297 ) ) ;
#5120 = VERTEX_POINT ( 'NONE', #4810 ) ;
#5121 = CARTESIAN_POINT ( 'NONE',  ( -132.2500000000000000, 229.9999999999999716, 4.617484070620044083E-13 ) ) ;
#5122 = CARTESIAN_POINT ( 'NONE',  ( 23.30886996112513643, 9.590181925048053557, 10.78165364236571122 ) ) ;
#5123 = ORIENTED_EDGE ( 'NONE', *, *, #1922, .T. ) ;
#5124 = CYLINDRICAL_SURFACE ( 'NONE', #2433, 2.999999999999992450 ) ;
#5125 = CARTESIAN_POINT ( 'NONE',  ( 23.17214198744509446, 9.601080152008433899, 11.41202451621492031 ) ) ;
#5126 = FACE_OUTER_BOUND ( 'NONE', #5396, .T. ) ;
#5127 = CARTESIAN_POINT ( 'NONE',  ( 37.71067716385504554, 118.2570269489850716, -55.31672505225147773 ) ) ;
#5128 = CARTESIAN_POINT ( 'NONE',  ( -11.55563734077203542, 8.499999999999987566, -26.41809849558440959 ) ) ;
#5129 = EDGE_CURVE ( 'NONE', #6780, #1565, #7443, .T. ) ;
#5130 = CARTESIAN_POINT ( 'NONE',  ( 119.6307288578716737, 222.4999999999999716, -116.1219435571811971 ) ) ;
#5131 = ORIENTED_EDGE ( 'NONE', *, *, #215, .F. ) ;
#5132 = ORIENTED_EDGE ( 'NONE', *, *, #6356, .T. ) ;
#5133 = ORIENTED_EDGE ( 'NONE', *, *, #3869, .F. ) ;
#5134 = CARTESIAN_POINT ( 'NONE',  ( 132.2499999999988916, 227.4999999999999716, -104.7500000000013785 ) ) ;
#5135 = DIRECTION ( 'NONE',  ( 0.000000000000000000, 0.000000000000000000, 1.000000000000000000 ) ) ;
#5136 = EDGE_CURVE ( 'NONE', #240, #779, #6791, .T. ) ;
#5137 = B_SPLINE_CURVE_WITH_KNOTS ( 'NONE', 3,
 ( #1709, #8352, #2431, #8245, #2266, #7552, #1626 ),
 .UNSPECIFIED., .F., .F.,
 ( 4, 3, 4 ),
 ( -0.09996048296074908079, -0.09590449297010547602, -0.02614836767155130637 ),
 .UNSPECIFIED. ) ;
#5138 = CARTESIAN_POINT ( 'NONE',  ( -13.41397825245934250, 8.499999999999994671, 25.60125737847238270 ) ) ;
#5139 = ORIENTED_EDGE ( 'NONE', *, *, #7650, .T. ) ;
#5140 = CARTESIAN_POINT ( 'NONE',  ( -7.461534845815161354, 8.499999999999998224, 26.08493077523894144 ) ) ;
#5141 = CARTESIAN_POINT ( 'NONE',  ( -22.45064030267087318, 36.48528137423859619, -22.45064030267285204 ) ) ;
#5142 = CARTESIAN_POINT ( 'NONE',  ( -18.15063872727609962, 85.23431620173126078, -47.44945885258648843 ) ) ;
#5143 = EDGE_CURVE ( 'NONE', #5504, #8408, #7118, .T. ) ;
#5144 = ADVANCED_FACE ( 'NONE', ( #4068 ), #4298, .F. ) ;
#5145 = AXIS2_PLACEMENT_3D ( 'NONE', #5247, #621, #5767 ) ;
#5146 = DIRECTION ( 'NONE',  ( 0.000000000000000000, 0.000000000000000000, 1.000000000000000000 ) ) ;
#5147 = CARTESIAN_POINT ( 'NONE',  ( 139.6500000000000057, 9.499999999999994671, 26.59419916606944767 ) ) ;
#5148 = CARTESIAN_POINT ( 'NONE',  ( -33.94842799962901125, 119.3145623853462638, 57.38494293454228767 ) ) ;
#5149 = ORIENTED_EDGE ( 'NONE', *, *, #2507, .T. ) ;
#5150 = CARTESIAN_POINT ( 'NONE',  ( -62.49627132169548105, 177.6932981675498411, -93.60675282340619674 ) ) ;
#5151 = ORIENTED_EDGE ( 'NONE', *, *, #438, .T. ) ;
#5152 = DIRECTION ( 'NONE',  ( 0.000000000000000000, 0.000000000000000000, -1.000000000000000000 ) ) ;
#5153 = CIRCLE ( 'NONE', #3911, 1.000000000000000888 ) ;
#5154 = AXIS2_PLACEMENT_3D ( 'NONE', #3468, #7446, #2251 ) ;
#5155 = B_SPLINE_CURVE_WITH_KNOTS ( 'NONE', 3,
 ( #5148, #7797, #3901, #1865, #4519, #562, #7144, #1224, #3219, #7178, #8477, #1262, #2566, #4555, #25, #120, #5506, #7501, #833, #8147 ),
 .UNSPECIFIED., .F., .F.,
 ( 4, 2, 2, 2, 2, 2, 2, 2, 2, 4 ),
 ( 0.000000000000000000, 0.002664532623023022333, 0.003996798934534546294, 0.005329065246046070688, 0.006661331557557594214, 0.007993597869069118608, 0.009325864180580642135, 0.009991997336336396959, 0.01032506391421426917, 0.01065813049209214138 ),
 .UNSPECIFIED. ) ;
#5156 = CARTESIAN_POINT ( 'NONE',  ( -132.2500000000003695, 229.9999999999999716, -99.74999999999953104 ) ) ;
#5157 = CARTESIAN_POINT ( 'NONE',  ( 24.17229368704708747, 52.83240446784477484, 3.186755825677611842 ) ) ;
#5158 = VECTOR ( 'NONE', #7221, 1000.000000000000000 ) ;
#5159 = VERTEX_POINT ( 'NONE', #3519 ) ;
#5160 = DIRECTION ( 'NONE',  ( 0.7071067811865462405, -2.847095493573211616E-16, 0.7071067811865489050 ) ) ;
#5161 = ORIENTED_EDGE ( 'NONE', *, *, #5795, .F. ) ;
#5162 = CARTESIAN_POINT ( 'NONE',  ( -20.11874916200543240, 8.500000000000007105, -20.10680605970507884 ) ) ;
#5163 = DIRECTION ( 'NONE',  ( 0.000000000000000000, 0.000000000000000000, -1.000000000000000000 ) ) ;
#5164 = CARTESIAN_POINT ( 'NONE',  ( -22.64988345085800958, 9.632711948483285269, -13.27881890647330465 ) ) ;
#5165 = CARTESIAN_POINT ( 'NONE',  ( 24.40909996849736885, 85.81411454232045344, 39.76823981571465083 ) ) ;
#5166 = CARTESIAN_POINT ( 'NONE',  ( -101.7496533607079527, 206.4309258730044974, -111.4373699729000435 ) ) ;
#5167 = DIRECTION ( 'NONE',  ( 0.000000000000000000, -0.000000000000000000, -1.000000000000000000 ) ) ;
#5168 = AXIS2_PLACEMENT_3D ( 'NONE', #2400, #397, #5595 ) ;
#5169 = CARTESIAN_POINT ( 'NONE',  ( 18.51370253461190174, 87.41649213276018315, -29.92109356073894233 ) ) ;
#5170 = CIRCLE ( 'NONE', #5591, 57.25000000000000000 ) ;
#5171 = CIRCLE ( 'NONE', #2993, 1.000000000000000888 ) ;
#5172 = CARTESIAN_POINT ( 'NONE',  ( 71.69160638463755220, 182.5041838427418952, 89.40104981920330829 ) ) ;
#5173 = CARTESIAN_POINT ( 'NONE',  ( 2.707004906356166973, 56.35251178186927490, -39.73568359156044494 ) ) ;
#5174 = FACE_BOUND ( 'NONE', #1794, .T. ) ;
#5175 = EDGE_LOOP ( 'NONE', ( #4024, #838 ) ) ;
#5176 = VERTEX_POINT ( 'NONE', #5541 ) ;
#5177 = ORIENTED_EDGE ( 'NONE', *, *, #8409, .T. ) ;
#5178 = AXIS2_PLACEMENT_3D ( 'NONE', #6797, #7402, #2121 ) ;
#5179 = PLANE ( 'NONE',  #3418 ) ;
#5180 = ADVANCED_FACE ( 'NONE', ( #2217 ), #4176, .T. ) ;
#5181 = CARTESIAN_POINT ( 'NONE',  ( -24.03001935087457852, 38.43262805141151262, 18.46332144932566521 ) ) ;
#5182 = DIRECTION ( 'NONE',  ( -0.000000000000000000, 1.000000000000000000, -0.000000000000000000 ) ) ;
#5183 = ORIENTED_EDGE ( 'NONE', *, *, #7649, .F. ) ;
#5184 = ORIENTED_EDGE ( 'NONE', *, *, #5635, .T. ) ;
#5185 = CARTESIAN_POINT ( 'NONE',  ( -14.01636169109148611, 8.499999999999992895, 25.28703064752602003 ) ) ;
#5186 = LINE ( 'NONE', #1219, #496 ) ;
#5187 = ADVANCED_FACE ( 'NONE', ( #6089 ), #7982, .T. ) ;
#5188 = CIRCLE ( 'NONE', #1204, 1.000000000000000888 ) ;
#5189 = CARTESIAN_POINT ( 'NONE',  ( 4.938849362433376022, 9.770803289222230958, 26.63156445936786909 ) ) ;
#5190 =( BOUNDED_SURFACE ( )  B_SPLINE_SURFACE ( 3, 2, ( 
 ( #7656, #447, #5652 ),
 ( #7003, #2414, #4367 ),
 ( #324, #6304, #1111 ),
 ( #3630, #4402, #2378 ),
 ( #1151, #5046, #7692 ),
 ( #5611, #4325, #6958 ),
 ( #5724, #8373, #5087 ),
 ( #7728, #6413, #1037 ),
 ( #494, #5762, #7577 ),
 ( #6918, #1650, #4287 ),
 ( #997, #5921, #3313 ),
 ( #5242, #7192, #3274 ),
 ( #8571, #1959, #1319 ),
 ( #4002, #7855, #660 ),
 ( #5283, #7942, #1236 ),
 ( #6635, #40, #6454 ),
 ( #8447, #7764, #1915 ),
 ( #3875, #2660, #3959 ),
 ( #1201, #7899, #2009 ),
 ( #3840, #1275, #6586 ),
 ( #5970, #7155, #708 ),
 ( #5125, #1838, #4566 ),
 ( #4607, #6490, #535 ),
 ( #575, #4659, #7239 ),
 ( #7290, #4486, #6534 ),
 ( #3189, #3916, #1365 ) ),
 .UNSPECIFIED., .F., .F., .F. ) 
 B_SPLINE_SURFACE_WITH_KNOTS ( ( 4, 2, 2, 2, 2, 2, 2, 2, 2, 2, 2, 2, 4 ),
 ( 3, 3 ),
 ( 0.000000000000000000, 0.004033646402818611906, 0.005042058003523265317, 0.006050469604227917859, 0.008067292805637223813, 0.01210093920845583572, 0.01613458561127444763, 0.01815140881268375445, 0.02016823201409306127, 0.02420187841691167144, 0.02621870161832097479, 0.02823552481973028161, 0.03226917122254889525 ),
 ( 0.000000000000000000, 1.000000000000000000 ),
 .UNSPECIFIED. ) 
 GEOMETRIC_REPRESENTATION_ITEM ( )  RATIONAL_B_SPLINE_SURFACE ( (
 ( 1.000000000000000000, 0.6038198037402204843, 1.000000000000000000),
 ( 1.000000000000000000, 0.6001716644463737094, 1.000000000000000000),
 ( 1.000000000000000000, 0.5976679306965125837, 1.000000000000000000),
 ( 1.000000000000000000, 0.5960100078831133130, 1.000000000000000000),
 ( 1.000000000000000000, 0.5957522526453836731, 1.000000000000000000),
 ( 1.000000000000000000, 0.5953868569080943418, 1.000000000000000000),
 ( 1.000000000000000000, 0.5952792680111427259, 1.000000000000000000),
 ( 1.000000000000000000, 0.5951864269512039396, 1.000000000000000000),
 ( 1.000000000000000000, 0.5954283533552072738, 1.000000000000000000),
 ( 1.000000000000000000, 0.5970234736343277282, 1.000000000000000000),
 ( 1.000000000000000000, 0.5992404926416811106, 1.000000000000000000),
 ( 1.000000000000000000, 0.6058979632714435182, 1.000000000000000000),
 ( 1.000000000000000000, 0.6102220459005472941, 1.000000000000000000),
 ( 1.000000000000000000, 0.6179722149383116703, 1.000000000000000000),
 ( 1.000000000000000000, 0.6207680672865713012, 1.000000000000000000),
 ( 1.000000000000000000, 0.6267650545530368822, 1.000000000000000000),
 ( 1.000000000000000000, 0.6299510972665876007, 1.000000000000000000),
 ( 1.000000000000000000, 0.6398861187656025296, 1.000000000000000000),
 ( 1.000000000000000000, 0.6470577705229102472, 1.000000000000000000),
 ( 1.000000000000000000, 0.6585029767618851837, 1.000000000000000000),
 ( 1.000000000000000000, 0.6624501505976603255, 1.000000000000000000),
 ( 1.000000000000000000, 0.6704295950243257529, 1.000000000000000000),
 ( 1.000000000000000000, 0.6744724957783625463, 1.000000000000000000),
 ( 1.000000000000000000, 0.6867382775885820800, 1.000000000000000000),
 ( 1.000000000000000000, 0.6950972642001277402, 1.000000000000000000),
 ( 1.000000000000000000, 0.7036050620141159895, 1.000000000000000000) ) ) 
 REPRESENTATION_ITEM ( '' )  SURFACE ( )  );
#5191 = CARTESIAN_POINT ( 'NONE',  ( -118.8360086650249769, 222.4999999999999147, -118.5778980368995832 ) ) ;
#5192 = CARTESIAN_POINT ( 'NONE',  ( 18.51370253461190529, 87.41649213276018315, -42.24154385045493854 ) ) ;
#5193 = CARTESIAN_POINT ( 'NONE',  ( 1.291850474882818567, 1.000000000000001998, -18.47502297637318591 ) ) ;
#5194 = VERTEX_POINT ( 'NONE', #4769 ) ;
#5195 = CARTESIAN_POINT ( 'NONE',  ( 68.76994382801936467, 176.7932568607790245, 87.32545957982553375 ) ) ;
#5196 = EDGE_CURVE ( 'NONE', #2383, #657, #6421, .T. ) ;
#5197 = ORIENTED_EDGE ( 'NONE', *, *, #7102, .T. ) ;
#5198 = EDGE_CURVE ( 'NONE', #4919, #6716, #764, .T. ) ;
#5199 = CARTESIAN_POINT ( 'NONE',  ( 40.25680999008395133, 118.7020261337962239, 51.28455987888432333 ) ) ;
#5200 = CARTESIAN_POINT ( 'NONE',  ( -43.35388810268688786, 124.5551419627978760, -51.69619085662331770 ) ) ;
#5201 = CARTESIAN_POINT ( 'NONE',  ( 2.500000000000000000, 56.53622668406843843, -39.78736529329843563 ) ) ;
#5202 = ORIENTED_EDGE ( 'NONE', *, *, #5865, .T. ) ;
#5203 = CARTESIAN_POINT ( 'NONE',  ( -16.73184253634074281, 9.765793749298461890, -22.30397912165958729 ) ) ;
#5204 = ADVANCED_FACE ( 'NONE', ( #4947 ), #5955, .T. ) ;
#5205 = CARTESIAN_POINT ( 'NONE',  ( 15.42808544550992522, 87.41649213276018315, 42.24154385045486748 ) ) ;
#5206 = CARTESIAN_POINT ( 'NONE',  ( -20.47828573443908695, 9.706081803517989215, -17.90300377966091006 ) ) ;
#5207 = CARTESIAN_POINT ( 'NONE',  ( 23.11702548838490756, 84.96840987193215256, 43.27783877743861041 ) ) ;
#5208 = CARTESIAN_POINT ( 'NONE',  ( -38.61791111448182789, 8.500000000000000000, 4.499999999992781774 ) ) ;
#5209 = CARTESIAN_POINT ( 'NONE',  ( -116.5598381591800461, 222.5000000000000284, 120.5443508810595006 ) ) ;
#5210 = CARTESIAN_POINT ( 'NONE',  ( 37.27638178229889121, 112.1269829705437644, 44.98813683119652040 ) ) ;
#5211 = ORIENTED_EDGE ( 'NONE', *, *, #5448, .T. ) ;
#5212 = CARTESIAN_POINT ( 'NONE',  ( 2.777269435354663862, 56.48522337444106256, -39.77301731279019492 ) ) ;
#5213 = ORIENTED_EDGE ( 'NONE', *, *, #1871, .F. ) ;
#5214 = ORIENTED_EDGE ( 'NONE', *, *, #8115, .F. ) ;
#5215 = VERTEX_POINT ( 'NONE', #6182 ) ;
#5216 = CARTESIAN_POINT ( 'NONE',  ( 132.2499999999988916, 229.9999999999999716, -104.7500000000013785 ) ) ;
#5217 = CARTESIAN_POINT ( 'NONE',  ( -24.55378690041933964, 91.44384434331330169, 49.60739111952953806 ) ) ;
#5218 = CARTESIAN_POINT ( 'NONE',  ( 32.94983041568483628, 119.4999999999999858, -57.50000000000000000 ) ) ;
#5219 = ORIENTED_EDGE ( 'NONE', *, *, #4214, .T. ) ;
#5220 = PLANE ( 'NONE',  #3657 ) ;
#5221 = ORIENTED_EDGE ( 'NONE', *, *, #2464, .F. ) ;
#5222 = CARTESIAN_POINT ( 'NONE',  ( -14.31440395698423096, 8.499999999999996447, 25.12126558035578938 ) ) ;
#5223 = FACE_OUTER_BOUND ( 'NONE', #2065, .T. ) ;
#5224 = CARTESIAN_POINT ( 'NONE',  ( -24.12435751221019586, 47.98071990732420744, 3.617535526497624332 ) ) ;
#5225 = FACE_OUTER_BOUND ( 'NONE', #5851, .T. ) ;
#5226 = CARTESIAN_POINT ( 'NONE',  ( -132.2499999999996589, 229.9999999999999716, 104.7500000000004547 ) ) ;
#5227 = EDGE_CURVE ( 'NONE', #256, #119, #5607, .T. ) ;
#5228 = FACE_OUTER_BOUND ( 'NONE', #247, .T. ) ;
#5229 = CARTESIAN_POINT ( 'NONE',  ( -35.04663047464813985, 121.5603247499921764, -58.77835401715376662 ) ) ;
#5230 = CARTESIAN_POINT ( 'NONE',  ( 14.31440395704068713, 8.500000000000001776, -25.12126558042559665 ) ) ;
#5231 = CIRCLE ( 'NONE', #8563, 2.700000000000008171 ) ;
#5232 = ORIENTED_EDGE ( 'NONE', *, *, #7590, .T. ) ;
#5233 = SPHERICAL_SURFACE ( 'NONE', #8248, 1.000000000000000000 ) ;
#5234 = VERTEX_POINT ( 'NONE', #6223 ) ;
#5235 = CARTESIAN_POINT ( 'NONE',  ( 39.39074435149105824, 118.3511498991254314, 52.99230697758432740 ) ) ;
#5236 = DIRECTION ( 'NONE',  ( 0.000000000000000000, 1.000000000000000000, 0.000000000000000000 ) ) ;
#5237 = AXIS2_PLACEMENT_3D ( 'NONE', #1522, #860, #5391 ) ;
#5238 = EDGE_CURVE ( 'NONE', #5950, #3849, #7540, .T. ) ;
#5239 = CARTESIAN_POINT ( 'NONE',  ( 24.23177876883822535, 52.83478489955949442, 3.500000000000003109 ) ) ;
#5240 = ORIENTED_EDGE ( 'NONE', *, *, #3776, .F. ) ;
#5241 = CARTESIAN_POINT ( 'NONE',  ( -10.59039176049463116, 8.499999999999987566, -26.73831664569525657 ) ) ;
#5242 = CARTESIAN_POINT ( 'NONE',  ( 16.73150289423900006, 9.765797477130940152, 22.30428879760914285 ) ) ;
#5243 = LINE ( 'NONE', #5971, #8079 ) ;
#5244 = DIRECTION ( 'NONE',  ( 0.000000000000000000, 0.000000000000000000, 1.000000000000000000 ) ) ;
#5245 = DIRECTION ( 'NONE',  ( -0.000000000000000000, 1.000000000000000000, -0.000000000000000000 ) ) ;
#5246 = EDGE_CURVE ( 'NONE', #5723, #54, #2305, .T. ) ;
#5247 = CARTESIAN_POINT ( 'NONE',  ( -4.500000000000000888, 9.500000000000001776, -38.75000000000000000 ) ) ;
#5248 = EDGE_CURVE ( 'NONE', #3150, #1470, #1874, .T. ) ;
#5249 = AXIS2_PLACEMENT_3D ( 'NONE', #2489, #1078, #6336 ) ;
#5250 = CARTESIAN_POINT ( 'NONE',  ( 3.796703055620745282, 54.91878350240790496, -39.33235475744876908 ) ) ;
#5251 = CARTESIAN_POINT ( 'NONE',  ( -63.38382266027429779, 178.4909083702134751, -94.10163995549632432 ) ) ;
#5252 = VERTEX_POINT ( 'NONE', #4959 ) ;
#5253 = CARTESIAN_POINT ( 'NONE',  ( -18.12301564693409262, 1.000000000000000000, 1.999931296504951606 ) ) ;
#5254 = ORIENTED_EDGE ( 'NONE', *, *, #1464, .T. ) ;
#5255 = ORIENTED_EDGE ( 'NONE', *, *, #3744, .F. ) ;
#5256 = FACE_OUTER_BOUND ( 'NONE', #6796, .T. ) ;
#5257 = CARTESIAN_POINT ( 'NONE',  ( 40.40431387863633006, 8.500000000000000000, 3.023495778618898289 ) ) ;
#5258 = PLANE ( 'NONE',  #71 ) ;
#5259 = VERTEX_POINT ( 'NONE', #4347 ) ;
#5260 = CARTESIAN_POINT ( 'NONE',  ( -59.97480059804094310, 168.8893805787017186, 88.14425308085972688 ) ) ;
#5261 = EDGE_LOOP ( 'NONE', ( #1580, #8068, #5092, #8264 ) ) ;
#5262 = AXIS2_PLACEMENT_3D ( 'NONE', #8334, #4368, #6877 ) ;
#5263 = LINE ( 'NONE', #2639, #7545 ) ;
#5264 = DIRECTION ( 'NONE',  ( 1.000000000000000000, 0.000000000000000000, 0.000000000000000000 ) ) ;
#5265 = CARTESIAN_POINT ( 'NONE',  ( 24.57509192064563663, 93.60015401981247862, 41.66446183207470000 ) ) ;
#5266 = AXIS2_PLACEMENT_3D ( 'NONE', #7052, #8249, #5073 ) ;
#5267 = CARTESIAN_POINT ( 'NONE',  ( -36.23922253580852271, 36.48528137423860329, -36.23922253581054775 ) ) ;
#5268 = CARTESIAN_POINT ( 'NONE',  ( 0.000000000000000000, 0.000000000000000000, -139.6500000000000057 ) ) ;
#5269 = DIRECTION ( 'NONE',  ( 0.000000000000000000, 0.000000000000000000, 1.000000000000000000 ) ) ;
#5270 = ORIENTED_EDGE ( 'NONE', *, *, #8523, .F. ) ;
#5271 = CARTESIAN_POINT ( 'NONE',  ( 69.00000000000008527, 177.0000000000000853, 86.17003489688143247 ) ) ;
#5272 = ORIENTED_EDGE ( 'NONE', *, *, #8503, .F. ) ;
#5273 = CARTESIAN_POINT ( 'NONE',  ( -8.466084175594863481, 35.07637172486150234, 33.75039273379248783 ) ) ;
#5274 = EDGE_CURVE ( 'NONE', #2610, #5085, #3404, .T. ) ;
#5275 = CARTESIAN_POINT ( 'NONE',  ( 65.67401333553277709, 176.4132406737147392, 91.73683368642652169 ) ) ;
#5276 = CARTESIAN_POINT ( 'NONE',  ( 24.74420466249360118, 9.500000000000001776, -4.500000000000000888 ) ) ;
#5277 = DIRECTION ( 'NONE',  ( 0.000000000000000000, -0.000000000000000000, -1.000000000000000000 ) ) ;
#5278 = DIRECTION ( 'NONE',  ( 0.000000000000000000, 0.000000000000000000, 1.000000000000000000 ) ) ;
#5279 = CIRCLE ( 'NONE', #1720, 2.999999999999995559 ) ;
#5280 = CIRCLE ( 'NONE', #732, 2.700000000000008171 ) ;
#5281 = ORIENTED_EDGE ( 'NONE', *, *, #7543, .T. ) ;
#5282 = CARTESIAN_POINT ( 'NONE',  ( -20.46744884418316346, 9.706339110529134118, -17.92023520593596331 ) ) ;
#5283 = CARTESIAN_POINT ( 'NONE',  ( 19.35188697829776672, 9.729311995214647624, 19.50645642816650494 ) ) ;
#5284 = CARTESIAN_POINT ( 'NONE',  ( 14.70228368088716486, 9.780800975388215690, -23.77541292778615301 ) ) ;
#5285 = ADVANCED_FACE ( 'NONE', ( #3741 ), #2434, .F. ) ;
#5286 = CARTESIAN_POINT ( 'NONE',  ( -39.15734744896231945, 8.500000000000001776, 3.438093536181332954 ) ) ;
#5287 = CARTESIAN_POINT ( 'NONE',  ( -117.6666890112257420, 222.5000000000000284, 119.8531533612479336 ) ) ;
#5288 = CARTESIAN_POINT ( 'NONE',  ( -3.500000000000001776, 53.32058212447587664, -39.33578643762690774 ) ) ;
#5289 = VECTOR ( 'NONE', #844, 1000.000000000000000 ) ;
#5290 = CARTESIAN_POINT ( 'NONE',  ( -32.94983041568491444, 119.4999999999999858, -57.50000000000000000 ) ) ;
#5291 = CARTESIAN_POINT ( 'NONE',  ( 35.79356905389361998, 109.0947142450408478, 51.04391153892839128 ) ) ;
#5292 = ORIENTED_EDGE ( 'NONE', *, *, #5677, .F. ) ;
#5293 = CARTESIAN_POINT ( 'NONE',  ( 20.08493222779564746, 76.97143444335736717, 37.19733880503108736 ) ) ;
#5294 = VERTEX_POINT ( 'NONE', #1134 ) ;
#5295 = ORIENTED_EDGE ( 'NONE', *, *, #2310, .F. ) ;
#5296 = CARTESIAN_POINT ( 'NONE',  ( -132.2499999999996589, 227.4999999999999716, 107.4500000000004576 ) ) ;
#5297 = ADVANCED_FACE ( 'NONE', ( #2270 ), #4991, .F. ) ;
#5298 = AXIS2_PLACEMENT_3D ( 'NONE', #4665, #4493, #7821 ) ;
#5299 = CARTESIAN_POINT ( 'NONE',  ( -8.364117323216284206, 34.34482724378394636, 33.54459852098359107 ) ) ;
#5300 = ADVANCED_FACE ( 'NONE', ( #978 ), #2066, .F. ) ;
#5301 = CARTESIAN_POINT ( 'NONE',  ( 36.23922253581258701, 8.500000000000000000, -36.23922253580852271 ) ) ;
#5302 = ORIENTED_EDGE ( 'NONE', *, *, #7650, .F. ) ;
#5303 = CARTESIAN_POINT ( 'NONE',  ( -56.96844971387118051, 166.1876820585459029, 80.74509929792777996 ) ) ;
#5304 = VERTEX_POINT ( 'NONE', #7092 ) ;
#5305 = AXIS2_PLACEMENT_3D ( 'NONE', #469, #8390, #5103 ) ;
#5306 = CARTESIAN_POINT ( 'NONE',  ( 117.9849083377445709, 222.5000000000000284, 119.5658694858589257 ) ) ;
#5307 = B_SPLINE_CURVE_WITH_KNOTS ( 'NONE', 3,
 ( #8412, #3079, #7731, #3682, #6416, #5127, #3044, #5687, #1653, #7618, #8303, #1693, #3761, #8335, #4328, #2380, #5013, #7658, #5050, #7697 ),
 .UNSPECIFIED., .F., .F.,
 ( 4, 2, 2, 2, 2, 2, 2, 2, 2, 4 ),
 ( 0.000000000000000000, 0.002664532623023027971, 0.003996798934534541957, 0.005329065246046055943, 0.006661331557557570796, 0.007993597869069083914, 0.009325864180580597032, 0.009991997336336364000, 0.01032506391421424315, 0.01065813049209212403 ),
 .UNSPECIFIED. ) ;
#5308 = AXIS2_PLACEMENT_3D ( 'NONE', #1229, #3225, #7231 ) ;
#5309 = CARTESIAN_POINT ( 'NONE',  ( 24.17353549162004356, 52.95808917448746911, -2.706230972803617796 ) ) ;
#5310 = CARTESIAN_POINT ( 'NONE',  ( 24.61004614185889139, 97.13791763777872745, 51.20921761350382440 ) ) ;
#5311 = EDGE_CURVE ( 'NONE', #563, #4522, #1140, .T. ) ;
#5312 =( BOUNDED_CURVE ( )  B_SPLINE_CURVE ( 3, ( #7539, #342, #6344, #8344 ),
 .UNSPECIFIED., .F., .T. ) 
 B_SPLINE_CURVE_WITH_KNOTS ( ( 4, 4 ),
 ( 3.141592653589793116, 4.712388980384691450 ),
 .UNSPECIFIED. ) 
 CURVE ( )  GEOMETRIC_REPRESENTATION_ITEM ( )  RATIONAL_B_SPLINE_CURVE ( ( 1.000000000000000000, 0.8047378541243646044, 0.8047378541243646044, 1.000000000000000000 ) ) 
 REPRESENTATION_ITEM ( '' )  );
#5313 = CARTESIAN_POINT ( 'NONE',  ( 80.89112470577120462, 194.2240858503606660, 103.8634848464125611 ) ) ;
#5314 = VECTOR ( 'NONE', #7215, 1000.000000000000000 ) ;
#5315 = FACE_OUTER_BOUND ( 'NONE', #3676, .T. ) ;
#5316 = ORIENTED_EDGE ( 'NONE', *, *, #4740, .T. ) ;
#5317 = ORIENTED_EDGE ( 'NONE', *, *, #5917, .F. ) ;
#5318 = CARTESIAN_POINT ( 'NONE',  ( -18.51370253461190885, 87.41649213276018315, 24.64090057943201018 ) ) ;
#5319 = CARTESIAN_POINT ( 'NONE',  ( -80.89112470577111935, 194.2240858503605807, 103.8634848464125042 ) ) ;
#5320 = VECTOR ( 'NONE', #4865, 1000.000000000000000 ) ;
#5321 = ORIENTED_EDGE ( 'NONE', *, *, #5707, .F. ) ;
#5322 = AXIS2_PLACEMENT_3D ( 'NONE', #1408, #1317, #3874 ) ;
#5323 = CARTESIAN_POINT ( 'NONE',  ( 68.85154853140119258, 176.8665920484729384, 87.10839106292726797 ) ) ;
#5324 = ORIENTED_EDGE ( 'NONE', *, *, #7640, .T. ) ;
#5325 = DIRECTION ( 'NONE',  ( 0.000000000000000000, 0.000000000000000000, 1.000000000000000000 ) ) ;
#5326 = PLANE ( 'NONE',  #4327 ) ;
#5327 = CARTESIAN_POINT ( 'NONE',  ( 13.65210493403139758, 8.500000000002350120, -23.95544701608733718 ) ) ;
#5328 = CARTESIAN_POINT ( 'NONE',  ( 134.9500000000011255, 227.4999999999999716, 104.7499999999986073 ) ) ;
#5329 = VECTOR ( 'NONE', #5947, 1000.000000000000000 ) ;
#5330 = CIRCLE ( 'NONE', #7414, 5.000000000000004441 ) ;
#5331 = FACE_BOUND ( 'NONE', #3244, .T. ) ;
#5332 = EDGE_LOOP ( 'NONE', ( #3719, #5352, #1446, #4891, #6207, #5919 ) ) ;
#5333 = CARTESIAN_POINT ( 'NONE',  ( -11.08463365411267709, 8.499999999995281996, -25.15185173335916957 ) ) ;
#5334 = LINE ( 'NONE', #3450, #7039 ) ;
#5335 = DIRECTION ( 'NONE',  ( 0.000000000000000000, 0.000000000000000000, 1.000000000000000000 ) ) ;
#5336 = CARTESIAN_POINT ( 'NONE',  ( 3.306546357697851761E-16, 229.9999999999999716, 129.5500000000000114 ) ) ;
#5337 = CARTESIAN_POINT ( 'NONE',  ( -119.2264347129343776, 222.5000000000000568, 117.8043029886914042 ) ) ;
#5338 = CARTESIAN_POINT ( 'NONE',  ( 3.319245560615312840, 53.25617717813488383, 39.32672740884817841 ) ) ;
#5339 = DIRECTION ( 'NONE',  ( -0.000000000000000000, 0.9626347067015693648, 0.2708032892222390076 ) ) ;
#5340 = AXIS2_PLACEMENT_3D ( 'NONE', #8351, #7089, #5025 ) ;
#5342 = ADVANCED_FACE ( 'NONE', ( #1178 ), #6437, .F. ) ;
#5341 = CARTESIAN_POINT ( 'NONE',  ( 40.88186813186815272, 119.5000000000000284, -57.50000000000000711 ) ) ;
#5343 = ORIENTED_EDGE ( 'NONE', *, *, #5576, .T. ) ;
#5344 = CARTESIAN_POINT ( 'NONE',  ( 35.42124542124544462, 108.3333333333333570, 54.35865256890313191 ) ) ;
#5345 = CARTESIAN_POINT ( 'NONE',  ( -65.15892533743210890, 180.0861287755409705, -95.09141421967665053 ) ) ;
#5346 = ORIENTED_EDGE ( 'NONE', *, *, #2914, .T. ) ;
#5347 = ORIENTED_EDGE ( 'NONE', *, *, #6488, .F. ) ;
#5348 = CARTESIAN_POINT ( 'NONE',  ( -3.319245560615233792, 53.25617717813307905, 39.32672740884829921 ) ) ;
#5349 =( NAMED_UNIT ( * ) PLANE_ANGLE_UNIT ( ) SI_UNIT ( $, .RADIAN. ) );
#5350 = FACE_OUTER_BOUND ( 'NONE', #2461, .T. ) ;
#5351 = CARTESIAN_POINT ( 'NONE',  ( -69.92851755770784905, 177.8344250582348991, 87.97146528730222315 ) ) ;
#5352 = ORIENTED_EDGE ( 'NONE', *, *, #3260, .T. ) ;
#5353 = CARTESIAN_POINT ( 'NONE',  ( 24.14382719210885142, 49.95127232907542236, 3.653840631460261168 ) ) ;
#5354 = CARTESIAN_POINT ( 'NONE',  ( -39.51561378894523102, 9.169629727256930707, 3.085786437626904632 ) ) ;
#5355 = EDGE_CURVE ( 'NONE', #2540, #6204, #7838, .T. ) ;
#5356 = ADVANCED_FACE ( 'NONE', ( #2846 ), #5415, .F. ) ;
#5357 = ORIENTED_EDGE ( 'NONE', *, *, #8165, .F. ) ;
#5358 = CARTESIAN_POINT ( 'NONE',  ( 119.5853431280825561, 222.5000000000000000, 116.5541649730620009 ) ) ;
#5359 = DIRECTION ( 'NONE',  ( -0.3303702727430712360, -0.9438514093265257809, 0.000000000000000000 ) ) ;
#5360 = CARTESIAN_POINT ( 'NONE',  ( 23.71341652681990553, 6.388831525306571280, 4.987048795296486148 ) ) ;
#5361 = B_SPLINE_CURVE_WITH_KNOTS ( 'NONE', 3,
 ( #5290, #138, #5482, #2808, #5927, #5427 ),
 .UNSPECIFIED., .F., .F.,
 ( 4, 2, 4 ),
 ( 2.775557561562891351E-17, 0.0005121818122450995294, 0.001024363624490171303 ),
 .UNSPECIFIED. ) ;
#5362 = DIRECTION ( 'NONE',  ( 0.000000000000000000, 0.000000000000000000, -1.000000000000000000 ) ) ;
#5363 = PLANE ( 'NONE',  #1301 ) ;
#5364 = EDGE_CURVE ( 'NONE', #7342, #1640, #7979, .T. ) ;
#5365 = VERTEX_POINT ( 'NONE', #4137 ) ;
#5366 = EDGE_CURVE ( 'NONE', #6275, #6463, #2187, .T. ) ;
#5367 = CARTESIAN_POINT ( 'NONE',  ( -15.70518321489603863, 6.323536634995982346E-15, 9.244541049937406996 ) ) ;
#5368 = VERTEX_POINT ( 'NONE', #4650 ) ;
#5369 = DIRECTION ( 'NONE',  ( 0.000000000000000000, 1.000000000000000000, 0.000000000000000000 ) ) ;
#5370 = ORIENTED_EDGE ( 'NONE', *, *, #6410, .T. ) ;
#5371 = DIRECTION ( 'NONE',  ( 0.000000000000000000, 0.000000000000000000, -1.000000000000000000 ) ) ;
#5372 = LINE ( 'NONE', #8022, #4455 ) ;
#5373 = DIRECTION ( 'NONE',  ( 0.000000000000000000, 0.000000000000000000, 1.000000000000000000 ) ) ;
#5374 = VERTEX_POINT ( 'NONE', #4785 ) ;
#5375 = CARTESIAN_POINT ( 'NONE',  ( -23.73427553772388165, 8.499999999999994671, -6.299630403166123216 ) ) ;
#5376 = CARTESIAN_POINT ( 'NONE',  ( -3.649263761375294735, 52.87949357661246097, -38.75867253330055462 ) ) ;
#5377 = CARTESIAN_POINT ( 'NONE',  ( 6.559390874683635353, 9.780483415884386744, -26.56480508772522953 ) ) ;
#5378 = DIRECTION ( 'NONE',  ( -0.9438514093265257809, -0.3303702727430710140, 0.000000000000000000 ) ) ;
#5379 = CARTESIAN_POINT ( 'NONE',  ( -65.07969061094041763, 176.5774216356884381, 92.22546399023002550 ) ) ;
#5380 = CYLINDRICAL_SURFACE ( 'NONE', #6135, 2.700000000000008171 ) ;
#5381 = LINE ( 'NONE', #3964, #451 ) ;
#5382 = CARTESIAN_POINT ( 'NONE',  ( 3.408597778981344195, 52.13283804569174151, 39.16872150574036482 ) ) ;
#5383 = CARTESIAN_POINT ( 'NONE',  ( 60.11471489870032059, 158.8300911411624270, 74.46104927649041372 ) ) ;
#5384 = ORIENTED_EDGE ( 'NONE', *, *, #6243, .F. ) ;
#5385 = CARTESIAN_POINT ( 'NONE',  ( -15.52055380191783307, 85.68750859614002025, -47.98804928264172531 ) ) ;
#5386 = CARTESIAN_POINT ( 'NONE',  ( 16.13121533271143093, 87.06970507332155762, -48.37688146349533724 ) ) ;
#5387 = EDGE_LOOP ( 'NONE', ( #290, #4824, #7409, #1272 ) ) ;
#5388 = VERTEX_POINT ( 'NONE', #6766 ) ;
#5389 = CARTESIAN_POINT ( 'NONE',  ( 24.17394958380501890, 53.00000000000000000, 4.500000000000000888 ) ) ;
#5390 = CARTESIAN_POINT ( 'NONE',  ( -38.36054287937020035, 1.544549305263469632E-14, 34.11790219225090226 ) ) ;
#5391 = DIRECTION ( 'NONE',  ( 0.000000000000000000, 0.2708032892222390631, 0.9626347067015692538 ) ) ;
#5392 = EDGE_CURVE ( 'NONE', #5304, #6837, #8200, .T. ) ;
#5393 = LINE ( 'NONE', #103, #1623 ) ;
#5394 = CARTESIAN_POINT ( 'NONE',  ( 38.34048759201160550, 8.500000000000001776, -3.500000000000000444 ) ) ;
#5395 = VECTOR ( 'NONE', #202, 1000.000000000000000 ) ;
#5396 = EDGE_LOOP ( 'NONE', ( #3937, #7567, #6342, #3325 ) ) ;
#5397 = DIRECTION ( 'NONE',  ( 0.000000000000000000, -0.000000000000000000, -1.000000000000000000 ) ) ;
#5398 = ORIENTED_EDGE ( 'NONE', *, *, #1350, .F. ) ;
#5399 = DIRECTION ( 'NONE',  ( -0.000000000000000000, 1.000000000000000000, -0.000000000000000000 ) ) ;
#5400 = CARTESIAN_POINT ( 'NONE',  ( 24.17567898505810220, 53.17503502071209454, -2.637575744528439348 ) ) ;
#5401 = CARTESIAN_POINT ( 'NONE',  ( -34.63215570517782993, 106.7196891948580060, 42.33605215541615507 ) ) ;
#5402 = EDGE_CURVE ( 'NONE', #3727, #3414, #1567, .T. ) ;
#5403 = CARTESIAN_POINT ( 'NONE',  ( 4.500000000000000888, 8.500000000000000000, 38.75000000000000000 ) ) ;
#5404 = B_SPLINE_CURVE_WITH_KNOTS ( 'NONE', 3,
 ( #3917, #3841, #8531, #1881, #576, #2620, #7693 ),
 .UNSPECIFIED., .F., .F.,
 ( 4, 3, 4 ),
 ( 0.03796760183743438238, 0.1095036825990717555, 0.1123656909358422551 ),
 .UNSPECIFIED. ) ;
#5405 = CARTESIAN_POINT ( 'NONE',  ( 3.500000000000000000, 8.500000000000000000, -39.75000000000000000 ) ) ;
#5406 = EDGE_LOOP ( 'NONE', ( #6094, #2231, #4110, #2570 ) ) ;
#5407 = CARTESIAN_POINT ( 'NONE',  ( -15.21700339266499391, 6.126975859607137776E-15, 10.02421444951568930 ) ) ;
#5408 = DIRECTION ( 'NONE',  ( 0.000000000000000000, 0.000000000000000000, 1.000000000000000000 ) ) ;
#5409 = VERTEX_POINT ( 'NONE', #3994 ) ;
#5410 = CARTESIAN_POINT ( 'NONE',  ( -4.938849362433380463, 8.500000000000000000, -27.59419916606945122 ) ) ;
#5411 = ORIENTED_EDGE ( 'NONE', *, *, #4276, .T. ) ;
#5412 = CARTESIAN_POINT ( 'NONE',  ( -20.32931995911124545, 8.500000000000000000, -24.57196064623249043 ) ) ;
#5413 = CIRCLE ( 'NONE', #154, 1.000000000000000888 ) ;
#5414 = EDGE_CURVE ( 'NONE', #5504, #6179, #742, .T. ) ;
#5415 = CYLINDRICAL_SURFACE ( 'NONE', #7767, 1.000000000000000888 ) ;
#5416 = EDGE_CURVE ( 'NONE', #6785, #5519, #6101, .T. ) ;
#5417 = B_SPLINE_CURVE_WITH_KNOTS ( 'NONE', 3,
 ( #7574, #854, #4150, #4194, #141, #5386, #1553 ),
 .UNSPECIFIED., .F., .F.,
 ( 4, 3, 4 ),
 ( -0.05295461674272931851, -0.01786960490654621037, -0.01403119798856729272 ),
 .UNSPECIFIED. ) ;
#5418 = CARTESIAN_POINT ( 'NONE',  ( -38.36054287936817531, 8.500000000000000000, -34.11790219225091647 ) ) ;
#5419 = ORIENTED_EDGE ( 'NONE', *, *, #7792, .T. ) ;
#5420 = CARTESIAN_POINT ( 'NONE',  ( -119.6307288578716879, 222.4999999999999716, 139.6500000000000057 ) ) ;
#5421 = CARTESIAN_POINT ( 'NONE',  ( 3.085617089101986732, 87.41649213276018315, 42.24154385045486748 ) ) ;
#5422 = CARTESIAN_POINT ( 'NONE',  ( -23.74425346923880653, 9.509879833416222894, -6.299630403166123216 ) ) ;
#5423 = CARTESIAN_POINT ( 'NONE',  ( 24.50000000000000711, 86.00000000000000000, 38.46815680934847848 ) ) ;
#5424 = DIRECTION ( 'NONE',  ( -0.000000000000000000, 1.000000000000000000, -0.000000000000000000 ) ) ;
#5425 = CARTESIAN_POINT ( 'NONE',  ( -24.23177876883822890, 52.83478489955945179, 2.500000000000000000 ) ) ;
#5426 = DIRECTION ( 'NONE',  ( -1.000000000000000000, 0.000000000000000000, -0.000000000000000000 ) ) ;
#5427 = CARTESIAN_POINT ( 'NONE',  ( -33.94842799962899704, 119.3145623853462780, -57.38494293454229478 ) ) ;
#5428 = VECTOR ( 'NONE', #7035, 1000.000000000000000 ) ;
#5429 = AXIS2_PLACEMENT_3D ( 'NONE', #3718, #7690, #4284 ) ;
#5430 = ORIENTED_EDGE ( 'NONE', *, *, #6857, .T. ) ;
#5431 = CARTESIAN_POINT ( 'NONE',  ( -15.53356001624483973, 85.78081955052063279, -48.01429902534352578 ) ) ;
#5432 = CARTESIAN_POINT ( 'NONE',  ( -24.74420466249360118, 9.500000000000001776, -4.500000000000000888 ) ) ;
#5433 = ORIENTED_EDGE ( 'NONE', *, *, #5900, .F. ) ;
#5434 = EDGE_LOOP ( 'NONE', ( #1966, #1706, #3989, #50 ) ) ;
#5435 = CARTESIAN_POINT ( 'NONE',  ( -36.23922253581054065, 36.48528137423860329, 36.23922253581055486 ) ) ;
#5436 = CARTESIAN_POINT ( 'NONE',  ( 0.000000000000000000, 0.000000000000000000, 0.000000000000000000 ) ) ;
#5437 = CARTESIAN_POINT ( 'NONE',  ( 24.74420466249359407, 9.500000000000001776, -6.299630403166124992 ) ) ;
#5438 = CARTESIAN_POINT ( 'NONE',  ( -39.55118518122902316, 8.500000000000001776, -3.118599564162157112 ) ) ;
#5439 = AXIS2_PLACEMENT_3D ( 'NONE', #8077, #430, #4104 ) ;
#5440 = VECTOR ( 'NONE', #3190, 1000.000000000000000 ) ;
#5441 = CARTESIAN_POINT ( 'NONE',  ( -20.91949793669198954, 8.500000000000005329, -19.01311095315910649 ) ) ;
#5442 = CARTESIAN_POINT ( 'NONE',  ( 38.93230344375804464, 9.333619261603251616, -3.373786390243722177 ) ) ;
#5443 = ORIENTED_EDGE ( 'NONE', *, *, #7465, .T. ) ;
#5444 = CARTESIAN_POINT ( 'NONE',  ( -104.7500000000000000, 229.9999999999999716, -137.2500000000000000 ) ) ;
#5445 = LINE ( 'NONE', #2169, #1048 ) ;
#5446 = AXIS2_PLACEMENT_3D ( 'NONE', #8152, #1540, #6898 ) ;
#5447 = VERTEX_POINT ( 'NONE', #6625 ) ;
#5448 = EDGE_CURVE ( 'NONE', #1608, #53, #7324, .T. ) ;
#5449 = CIRCLE ( 'NONE', #1733, 1.000000000000000888 ) ;
#5450 = CARTESIAN_POINT ( 'NONE',  ( -73.71289948719798701, 186.6376146816857613, -91.92211915241212239 ) ) ;
#5451 = CARTESIAN_POINT ( 'NONE',  ( 24.14493729962314461, 50.06362779972880617, -4.264691288619002485 ) ) ;
#5452 = CARTESIAN_POINT ( 'NONE',  ( -53.34639103934645732, 158.9823070283639765, 81.99728655465544591 ) ) ;
#5453 = AXIS2_PLACEMENT_3D ( 'NONE', #8326, #4969, #7610 ) ;
#5454 = DIRECTION ( 'NONE',  ( -1.000000000000000000, -0.000000000000000000, -0.000000000000000000 ) ) ;
#5455 = AXIS2_PLACEMENT_3D ( 'NONE', #656, #7287, #5965 ) ;
#5456 = CARTESIAN_POINT ( 'NONE',  ( -23.74425346923880653, 9.509879833416222894, -6.299630403166123216 ) ) ;
#5457 = ORIENTED_EDGE ( 'NONE', *, *, #1575, .T. ) ;
#5458 = VERTEX_POINT ( 'NONE', #1448 ) ;
#5459 = EDGE_CURVE ( 'NONE', #2467, #5120, #2137, .T. ) ;
#5460 = CARTESIAN_POINT ( 'NONE',  ( -18.51370253461190885, 87.41649213276018315, -19.36070759812517394 ) ) ;
#5461 = CARTESIAN_POINT ( 'NONE',  ( 20.32931995911527068, -8.185399544023813156E-15, -24.57196064623049381 ) ) ;
#5462 = ORIENTED_EDGE ( 'NONE', *, *, #570, .T. ) ;
#5463 = SPHERICAL_SURFACE ( 'NONE', #4381, 1.000000000000000000 ) ;
#5464 = VERTEX_POINT ( 'NONE', #171 ) ;
#5465 = CARTESIAN_POINT ( 'NONE',  ( -2.692712758610469326, -6.343735876626254822, -22.09830778367102511 ) ) ;
#5466 = CARTESIAN_POINT ( 'NONE',  ( 62.49627132169542421, 177.6932981675496990, -93.60675282340613990 ) ) ;
#5467 = DIRECTION ( 'NONE',  ( -0.000000000000000000, 1.000000000000000000, -0.000000000000000000 ) ) ;
#5468 = AXIS2_PLACEMENT_3D ( 'NONE', #8533, #2622, #5244 ) ;
#5469 = AXIS2_PLACEMENT_3D ( 'NONE', #4037, #6055, #2225 ) ;
#5470 = ADVANCED_FACE ( 'NONE', ( #8114 ), #5326, .F. ) ;
#5471 = EDGE_CURVE ( 'NONE', #4153, #5304, #5372, .T. ) ;
#5472 = CARTESIAN_POINT ( 'NONE',  ( 3.306546357697851761E-16, 229.9999999999999716, -134.9500000000000171 ) ) ;
#5473 = ORIENTED_EDGE ( 'NONE', *, *, #589, .F. ) ;
#5474 = CARTESIAN_POINT ( 'NONE',  ( -23.21108935995717815, 8.499999999998825828, -10.76733473010307840 ) ) ;
#5475 = CARTESIAN_POINT ( 'NONE',  ( -3.672955276901486155, 52.14078246918953141, -38.55086224318407773 ) ) ;
#5476 = ORIENTED_EDGE ( 'NONE', *, *, #7102, .F. ) ;
#5477 = LINE ( 'NONE', #8266, #6246 ) ;
#5478 = CARTESIAN_POINT ( 'NONE',  ( 23.64162379844607287, -0.8774068190099864051, -1.931174656993369876 ) ) ;
#5479 = LINE ( 'NONE', #847, #8250 ) ;
#5480 = CARTESIAN_POINT ( 'NONE',  ( 34.11790219225093068, -1.373723575649077191E-14, 38.36054287937221119 ) ) ;
#5481 = CARTESIAN_POINT ( 'NONE',  ( 3.007755225401044896, 55.99239606799659441, 39.63437774923255574 ) ) ;
#5482 = CARTESIAN_POINT ( 'NONE',  ( -33.29290270126347195, 119.4865074666783897, -57.49162839053722962 ) ) ;
#5483 = EDGE_LOOP ( 'NONE', ( #6604, #4273, #1103, #6434 ) ) ;
#5484 = EDGE_CURVE ( 'NONE', #54, #8372, #2621, .T. ) ;
#5485 = CARTESIAN_POINT ( 'NONE',  ( -128.6499999999999773, 222.4999999999999716, 139.6500000000000057 ) ) ;
#5486 = FACE_OUTER_BOUND ( 'NONE', #1344, .T. ) ;
#5487 = ORIENTED_EDGE ( 'NONE', *, *, #3046, .T. ) ;
#5488 = ORIENTED_EDGE ( 'NONE', *, *, #5096, .T. ) ;
#5489 = CARTESIAN_POINT ( 'NONE',  ( -25.35957079319336316, 87.75777398158642484, 40.33333500867762922 ) ) ;
#5490 = CARTESIAN_POINT ( 'NONE',  ( -119.6307288578716879, 222.4999999999999716, -115.6847746359883047 ) ) ;
#5491 = CARTESIAN_POINT ( 'NONE',  ( -12.90977149594522544, 43.70824606638009158, 29.45540891811428708 ) ) ;
#5492 = CARTESIAN_POINT ( 'NONE',  ( -39.48502839705266609, 9.178228381842053807, -2.761747889309410731 ) ) ;
#5493 = FACE_OUTER_BOUND ( 'NONE', #7190, .T. ) ;
#5494 = ORIENTED_EDGE ( 'NONE', *, *, #8125, .F. ) ;
#5495 = EDGE_LOOP ( 'NONE', ( #2693, #5419, #1728 ) ) ;
#5496 = CARTESIAN_POINT ( 'NONE',  ( -128.6499999999999773, 222.4999999999999716, -139.6500000000000057 ) ) ;
#5497 = EDGE_LOOP ( 'NONE', ( #270, #7576, #7251, #3351 ) ) ;
#5498 = CARTESIAN_POINT ( 'NONE',  ( -71.69794970882757923, 182.5171555843440387, -89.36552925578315865 ) ) ;
#5499 = CARTESIAN_POINT ( 'NONE',  ( 24.17526152669388040, 53.13278349967364278, -2.777317768968045719 ) ) ;
#5500 = CARTESIAN_POINT ( 'NONE',  ( 56.13372593547300227, 171.9755093542427176, -90.05907991467870488 ) ) ;
#5501 = CARTESIAN_POINT ( 'NONE',  ( -39.15734744896235497, 8.500000000000000000, -3.438093536181483945 ) ) ;
#5502 = CARTESIAN_POINT ( 'NONE',  ( -4.500000000000003553, 49.42675095010443442, -37.78736529329842142 ) ) ;
#5503 = FACE_OUTER_BOUND ( 'NONE', #1695, .T. ) ;
#5504 = VERTEX_POINT ( 'NONE', #7156 ) ;
#5505 = ORIENTED_EDGE ( 'NONE', *, *, #4732, .T. ) ;
#5506 = CARTESIAN_POINT ( 'NONE',  ( -40.59396759410478239, 118.9379167845817307, 50.42544981481307076 ) ) ;
#5507 = DIRECTION ( 'NONE',  ( -0.000000000000000000, 1.000000000000000000, -0.000000000000000000 ) ) ;
#5508 = ORIENTED_EDGE ( 'NONE', *, *, #2454, .T. ) ;
#5509 = CARTESIAN_POINT ( 'NONE',  ( -7.434052672203744550, 1.000000000000000000, 16.96180768554564366 ) ) ;
#5510 = EDGE_LOOP ( 'NONE', ( #6502, #636 ) ) ;
#5511 = CARTESIAN_POINT ( 'NONE',  ( -104.7500000000000000, 227.4999999999999716, 137.2499999999999716 ) ) ;
#5512 = DIRECTION ( 'NONE',  ( 0.000000000000000000, 1.000000000000000000, 0.000000000000000000 ) ) ;
#5513 = EDGE_CURVE ( 'NONE', #3771, #6665, #3819, .T. ) ;
#5514 = CARTESIAN_POINT ( 'NONE',  ( -24.74420466249360118, 9.500000000000001776, -3.500000000000000000 ) ) ;
#5515 = CARTESIAN_POINT ( 'NONE',  ( -19.45064030267088029, 36.48528137423859619, -22.45064030267285204 ) ) ;
#5516 = ORIENTED_EDGE ( 'NONE', *, *, #395, .T. ) ;
#5517 = CARTESIAN_POINT ( 'NONE',  ( -23.74425346923880653, 9.509879833416224670, -6.299630403166123216 ) ) ;
#5518 = CARTESIAN_POINT ( 'NONE',  ( 2.541886916618999237, -1.023465617644730184E-15, 18.06542556948194189 ) ) ;
#5519 = VERTEX_POINT ( 'NONE', #898 ) ;
#5520 = DIRECTION ( 'NONE',  ( 0.000000000000000000, 0.000000000000000000, 1.000000000000000000 ) ) ;
#5521 = EDGE_CURVE ( 'NONE', #7078, #5464, #5413, .T. ) ;
#5522 = DIRECTION ( 'NONE',  ( -0.8983410760951978657, 0.4392986580905088867, 0.000000000000000000 ) ) ;
#5523 = DIRECTION ( 'NONE',  ( -0.000000000000000000, 1.000000000000000000, -0.000000000000000000 ) ) ;
#5524 = CARTESIAN_POINT ( 'NONE',  ( -24.13247034433955562, 48.80183053181082187, -4.446572992257159740 ) ) ;
#5525 = ORIENTED_EDGE ( 'NONE', *, *, #3844, .T. ) ;
#5526 = EDGE_LOOP ( 'NONE', ( #1782, #1432 ) ) ;
#5527 = CARTESIAN_POINT ( 'NONE',  ( -24.57196064623251175, 9.893656840166918724E-15, 20.32931995911326695 ) ) ;
#5528 = DIRECTION ( 'NONE',  ( 0.000000000000000000, 0.000000000000000000, 1.000000000000000000 ) ) ;
#5529 = DIRECTION ( 'NONE',  ( 1.000000000000000000, -4.026401060382563733E-16, 0.000000000000000000 ) ) ;
#5530 = CARTESIAN_POINT ( 'NONE',  ( 86.88107549716376354, 193.0690741269954458, 97.42399204894589104 ) ) ;
#5531 = CARTESIAN_POINT ( 'NONE',  ( 19.69418660191246317, 8.499999999999989342, 20.63058671095110697 ) ) ;
#5532 = ADVANCED_FACE ( 'NONE', ( #752 ), #7427, .F. ) ;
#5533 = ADVANCED_FACE ( 'NONE', ( #2758 ), #4144, .F. ) ;
#5534 = ORIENTED_EDGE ( 'NONE', *, *, #5764, .T. ) ;
#5535 = PLANE ( 'NONE',  #1157 ) ;
#5536 = DIRECTION ( 'NONE',  ( -1.000000000000000000, -0.000000000000000000, -0.000000000000000000 ) ) ;
#5537 = ORIENTED_EDGE ( 'NONE', *, *, #5248, .F. ) ;
#5538 = DIRECTION ( 'NONE',  ( 1.000000000000000000, 0.000000000000000000, 0.000000000000000000 ) ) ;
#5539 = CARTESIAN_POINT ( 'NONE',  ( -65.67978064624276158, 176.4194873670345771, -91.74139838691156967 ) ) ;
#5540 = CARTESIAN_POINT ( 'NONE',  ( 127.1454012377110701, 229.2531635628336630, -119.8748586356478540 ) ) ;
#5541 = CARTESIAN_POINT ( 'NONE',  ( 20.32931995911327405, 8.500000000000000000, 24.57196064623451903 ) ) ;
#5542 = CARTESIAN_POINT ( 'NONE',  ( 7.650857058376101527, 8.500000000000003553, -27.41284842830170376 ) ) ;
#5543 = CARTESIAN_POINT ( 'NONE',  ( 139.6500000000000057, 9.499999999999994671, -27.59419916606945122 ) ) ;
#5544 = CARTESIAN_POINT ( 'NONE',  ( -18.74904849850777211, 9.739214527973787838, 20.22999164839998443 ) ) ;
#5545 = LINE ( 'NONE', #4779, #5863 ) ;
#5546 = ORIENTED_EDGE ( 'NONE', *, *, #7278, .T. ) ;
#5547 = DIRECTION ( 'NONE',  ( 0.000000000000000000, 0.000000000000000000, 1.000000000000000000 ) ) ;
#5548 = ORIENTED_EDGE ( 'NONE', *, *, #4152, .T. ) ;
#5549 = CARTESIAN_POINT ( 'NONE',  ( -24.55378690041933964, 91.44384434331340117, -49.60739111952956648 ) ) ;
#5550 = CARTESIAN_POINT ( 'NONE',  ( 23.70976157139809359, 8.499999999990448529, -7.617150328549543659 ) ) ;
#5551 = LINE ( 'NONE', #8252, #727 ) ;
#5552 = DIRECTION ( 'NONE',  ( 0.000000000000000000, 0.000000000000000000, 1.000000000000000000 ) ) ;
#5553 = ORIENTED_EDGE ( 'NONE', *, *, #6659, .F. ) ;
#5554 = EDGE_CURVE ( 'NONE', #6665, #6412, #6371, .T. ) ;
#5555 = CARTESIAN_POINT ( 'NONE',  ( -24.28493377027889721, 8.500000000000000000, -10.98155798865083987 ) ) ;
#5556 = CARTESIAN_POINT ( 'NONE',  ( -69.00000000000005684, 177.0000000000001421, 86.18201394046052144 ) ) ;
#5557 = ORIENTED_EDGE ( 'NONE', *, *, #6858, .F. ) ;
#5558 = CARTESIAN_POINT ( 'NONE',  ( 25.11745863182639127, 47.27753493378752836, 3.500000000000000000 ) ) ;
#5559 = CARTESIAN_POINT ( 'NONE',  ( 24.15158354147239450, 50.73630285282352759, 4.500000000000000888 ) ) ;
#5560 = ORIENTED_EDGE ( 'NONE', *, *, #2419, .F. ) ;
#5561 = CARTESIAN_POINT ( 'NONE',  ( -24.14032061112624561, 49.59636656394964405, -4.340698505292877485 ) ) ;
#5562 = SURFACE_STYLE_USAGE ( .BOTH. , #2948 ) ;
#5563 = ORIENTED_EDGE ( 'NONE', *, *, #5795, .T. ) ;
#5564 = ADVANCED_FACE ( 'NONE', ( #4743 ), #803, .F. ) ;
#5565 = EDGE_LOOP ( 'NONE', ( #1247, #480, #2392, #6881 ) ) ;
#5566 = CARTESIAN_POINT ( 'NONE',  ( -132.2499999999996589, 227.4999999999999716, 104.7500000000004547 ) ) ;
#5567 = CARTESIAN_POINT ( 'NONE',  ( 125.5594019144771778, 234.3658467699279697, 128.7699377380498618 ) ) ;
#5568 = CARTESIAN_POINT ( 'NONE',  ( 12.18217691284111659, 8.500000000000008882, 26.17195383463581138 ) ) ;
#5569 = AXIS2_PLACEMENT_3D ( 'NONE', #940, #6236, #5981 ) ;
#5570 = ORIENTED_EDGE ( 'NONE', *, *, #4605, .F. ) ;
#5571 = FACE_OUTER_BOUND ( 'NONE', #955, .T. ) ;
#5572 = CARTESIAN_POINT ( 'NONE',  ( 34.11790219225094489, 36.48528137423857487, 38.36054287937221119 ) ) ;
#5573 = EDGE_LOOP ( 'NONE', ( #6372, #278, #3162, #3341 ) ) ;
#5574 = EDGE_CURVE ( 'NONE', #6999, #986, #3495, .T. ) ;
#5575 = FACE_OUTER_BOUND ( 'NONE', #6875, .T. ) ;
#5576 = EDGE_CURVE ( 'NONE', #3008, #4, #5477, .T. ) ;
#5577 = CIRCLE ( 'NONE', #7372, 2.999999999999992450 ) ;
#5578 = CIRCLE ( 'NONE', #586, 5.000000000000004441 ) ;
#5579 = DIRECTION ( 'NONE',  ( -4.026401060382563240E-16, -1.000000000000000000, 0.000000000000000000 ) ) ;
#5580 = CARTESIAN_POINT ( 'NONE',  ( 69.00000000000000000, 176.9999999999999716, -93.17658738585753042 ) ) ;
#5581 = CARTESIAN_POINT ( 'NONE',  ( 8.324602564652270331, 8.500000000000003553, -27.30344033161896533 ) ) ;
#5582 = VECTOR ( 'NONE', #3295, 1000.000000000000000 ) ;
#5583 = VECTOR ( 'NONE', #4271, 1000.000000000000000 ) ;
#5584 = CARTESIAN_POINT ( 'NONE',  ( -132.2499999999996589, 222.4999999999999716, 104.7500000000004547 ) ) ;
#5585 = AXIS2_PLACEMENT_3D ( 'NONE', #7357, #7313, #4685 ) ;
#5586 = CARTESIAN_POINT ( 'NONE',  ( -18.51370253461190885, 87.41649213276018315, -29.92109356073891036 ) ) ;
#5587 = CYLINDRICAL_SURFACE ( 'NONE', #4246, 5.000000000000004441 ) ;
#5588 = CARTESIAN_POINT ( 'NONE',  ( 29.97916155582684539, 111.1976355002677366, -52.34869508549670769 ) ) ;
#5589 = CARTESIAN_POINT ( 'NONE',  ( 39.51561378894523813, 9.169629727256930707, 3.085786437626904632 ) ) ;
#5590 = CARTESIAN_POINT ( 'NONE',  ( 23.17312397245253663, 9.601001629603757692, -11.40748359141093715 ) ) ;
#5591 = AXIS2_PLACEMENT_3D ( 'NONE', #4916, #889, #979 ) ;
#5592 = CARTESIAN_POINT ( 'NONE',  ( -24.69983047679745169, 49.89796715515402070, 3.382345644509624716 ) ) ;
#5593 = AXIS2_PLACEMENT_3D ( 'NONE', #8298, #5043, #6333 ) ;
#5594 = CARTESIAN_POINT ( 'NONE',  ( -4.500000000000000888, 9.500000000000001776, -27.59419916606945122 ) ) ;
#5595 = DIRECTION ( 'NONE',  ( 0.000000000000000000, 0.000000000000000000, 1.000000000000000000 ) ) ;
#5596 = CARTESIAN_POINT ( 'NONE',  ( 18.12301564693408551, 0.9999999999999952260, 1.999931296504953826 ) ) ;
#5597 = ORIENTED_EDGE ( 'NONE', *, *, #2039, .T. ) ;
#5598 = AXIS2_PLACEMENT_3D ( 'NONE', #7964, #2034, #2687 ) ;
#5599 = CARTESIAN_POINT ( 'NONE',  ( 23.13001319847144543, 85.00865160348944016, -43.27164689657880103 ) ) ;
#5600 = CARTESIAN_POINT ( 'NONE',  ( 69.00000000000000000, 177.0000000000000000, 139.6500000000000057 ) ) ;
#5601 = VERTEX_POINT ( 'NONE', #5527 ) ;
#5602 = DIRECTION ( 'NONE',  ( 0.000000000000000000, 0.000000000000000000, -1.000000000000000000 ) ) ;
#5603 = CARTESIAN_POINT ( 'NONE',  ( -20.32931995911322431, 8.500000000000000000, 24.57196064623257925 ) ) ;
#5604 = CIRCLE ( 'NONE', #8368, 2.700000000000008171 ) ;
#5605 = ORIENTED_EDGE ( 'NONE', *, *, #2294, .T. ) ;
#5606 = CARTESIAN_POINT ( 'NONE',  ( -24.23813469959278066, 52.79490423953840406, -2.638658884424690321 ) ) ;
#5607 = CIRCLE ( 'NONE', #4929, 5.000000000000004441 ) ;
#5608 = CARTESIAN_POINT ( 'NONE',  ( -19.13938640454203011, 85.04570105927328427, 46.99441827052395837 ) ) ;
#5609 = ORIENTED_EDGE ( 'NONE', *, *, #3051, .T. ) ;
#5610 = ORIENTED_EDGE ( 'NONE', *, *, #4406, .T. ) ;
#5611 = CARTESIAN_POINT ( 'NONE',  ( 9.995300606641940533, 9.791029047980790878, 25.91854076844969512 ) ) ;
#5612 = CARTESIAN_POINT ( 'NONE',  ( -38.91809284678224401, 118.2233147509210056, -53.98316387227561108 ) ) ;
#5613 = DIRECTION ( 'NONE',  ( -0.000000000000000000, 0.000000000000000000, -1.000000000000000000 ) ) ;
#5614 = LINE ( 'NONE', #2456, #6003 ) ;
#5615 = CARTESIAN_POINT ( 'NONE',  ( 9.610818194469416653, 8.500000000000008882, 27.01517601202904473 ) ) ;
#5616 = EDGE_CURVE ( 'NONE', #2184, #679, #191, .T. ) ;
#5617 = VERTEX_POINT ( 'NONE', #8131 ) ;
#5618 = CARTESIAN_POINT ( 'NONE',  ( 0.000000000000000000, 229.9999999999999716, 132.2500000000000000 ) ) ;
#5619 = ORIENTED_EDGE ( 'NONE', *, *, #5414, .F. ) ;
#5620 = DIRECTION ( 'NONE',  ( 0.000000000000000000, 0.000000000000000000, 1.000000000000000000 ) ) ;
#5621 = DIRECTION ( 'NONE',  ( -0.000000000000000000, -1.000000000000000000, -0.000000000000000000 ) ) ;
#5622 = CARTESIAN_POINT ( 'NONE',  ( -11.26433386872402664, 9.792198291127531817, 25.54192147013406711 ) ) ;
#5623 = CARTESIAN_POINT ( 'NONE',  ( 9.923552372453123382, 8.500000000002350120, -25.57270119338648584 ) ) ;
#5624 = ADVANCED_FACE ( 'NONE', ( #2246 ), #6253, .F. ) ;
#5625 = CARTESIAN_POINT ( 'NONE',  ( -19.70454419732007523, 8.500000000000030198, 20.60530593239807828 ) ) ;
#5626 = ORIENTED_EDGE ( 'NONE', *, *, #7160, .T. ) ;
#5627 = EDGE_LOOP ( 'NONE', ( #5302, #7524, #3979, #4826 ) ) ;
#5628 = CARTESIAN_POINT ( 'NONE',  ( -2.500000000000000000, 8.500000000000000000, -40.75000000000000000 ) ) ;
#5629 = FACE_OUTER_BOUND ( 'NONE', #2092, .T. ) ;
#5630 = DIRECTION ( 'NONE',  ( 1.000000000000000000, 0.000000000000000000, 0.000000000000000000 ) ) ;
#5631 = CARTESIAN_POINT ( 'NONE',  ( -24.49610054321917474, 85.60533074832669342, -47.96493144642188611 ) ) ;
#5632 = CARTESIAN_POINT ( 'NONE',  ( 23.74449036548336167, 9.533856420109676932, -7.601759544357100218 ) ) ;
#5633 = CARTESIAN_POINT ( 'NONE',  ( -24.14382719210857786, 49.95127232907702108, 3.653840631460536059 ) ) ;
#5634 = CARTESIAN_POINT ( 'NONE',  ( -2.500000000000000000, 9.500000000000001776, -38.75000000000000000 ) ) ;
#5635 = EDGE_CURVE ( 'NONE', #508, #5194, #1601, .T. ) ;
#5636 = CIRCLE ( 'NONE', #5755, 1.000000000000000888 ) ;
#5637 = EDGE_CURVE ( 'NONE', #4151, #84, #8346, .T. ) ;
#5638 = CARTESIAN_POINT ( 'NONE',  ( 80.89112470577096303, 194.2240858503604954, -103.8634848464123479 ) ) ;
#5639 = CARTESIAN_POINT ( 'NONE',  ( -13.64746816378551486, 82.28044907250405515, 47.02959337080577740 ) ) ;
#5640 = DIRECTION ( 'NONE',  ( 2.312964634635735167E-15, 0.000000000000000000, 1.000000000000000000 ) ) ;
#5641 = ORIENTED_EDGE ( 'NONE', *, *, #6298, .F. ) ;
#5642 = CARTESIAN_POINT ( 'NONE',  ( 25.11745863182639127, 47.27753493378752836, 4.500000000000000888 ) ) ;
#5643 = CYLINDRICAL_SURFACE ( 'NONE', #1799, 2.999999999999999112 ) ;
#5644 = ORIENTED_EDGE ( 'NONE', *, *, #1922, .F. ) ;
#5645 = FACE_OUTER_BOUND ( 'NONE', #2451, .T. ) ;
#5646 = LINE ( 'NONE', #1593, #8547 ) ;
#5647 = DIRECTION ( 'NONE',  ( 0.000000000000000000, -0.9626347067015693648, 0.2708032892222390076 ) ) ;
#5648 = CARTESIAN_POINT ( 'NONE',  ( 24.56145383000346172, 50.76621949510636966, 3.281141510480653611 ) ) ;
#5649 = CYLINDRICAL_SURFACE ( 'NONE', #748, 5.000000000000004441 ) ;
#5650 = VERTEX_POINT ( 'NONE', #3593 ) ;
#5651 = ORIENTED_EDGE ( 'NONE', *, *, #6511, .F. ) ;
#5652 = CARTESIAN_POINT ( 'NONE',  ( 4.938849362433376911, 8.499999999999989342, 27.59419916606943701 ) ) ;
#5653 = CARTESIAN_POINT ( 'NONE',  ( -104.7500000000000000, 222.4999999999999716, -129.5500000000000114 ) ) ;
#5654 = CARTESIAN_POINT ( 'NONE',  ( -24.26165725190214317, 61.87701074264000312, 28.32304244384047109 ) ) ;
#5655 = CARTESIAN_POINT ( 'NONE',  ( 18.51370253461190174, 87.41649213276018315, -1.760064327102367043 ) ) ;
#5656 = VERTEX_POINT ( 'NONE', #242 ) ;
#5657 = CARTESIAN_POINT ( 'NONE',  ( 3.408597778980985371, 52.13283804569378788, -39.16872150574108247 ) ) ;
#5658 = ORIENTED_EDGE ( 'NONE', *, *, #59, .T. ) ;
#5659 = CARTESIAN_POINT ( 'NONE',  ( -102.0499999999999972, 227.4999999999999716, -132.2500000000000000 ) ) ;
#5660 = CARTESIAN_POINT ( 'NONE',  ( -65.07951770170591033, 176.5774729707841573, -92.22559407516224894 ) ) ;
#5661 = EDGE_CURVE ( 'NONE', #5368, #3711, #4197, .T. ) ;
#5662 = AXIS2_PLACEMENT_3D ( 'NONE', #6810, #4090, #224 ) ;
#5663 = CARTESIAN_POINT ( 'NONE',  ( 24.74420466249360118, 9.500000000000001776, -4.500000000000000888 ) ) ;
#5664 = ORIENTED_EDGE ( 'NONE', *, *, #288, .F. ) ;
#5665 = DIRECTION ( 'NONE',  ( 0.000000000000000000, 1.000000000000000000, -0.000000000000000000 ) ) ;
#5666 = EDGE_CURVE ( 'NONE', #7609, #2764, #3829, .T. ) ;
#5667 = CARTESIAN_POINT ( 'NONE',  ( 17.95907887796246882, 103.1823073443300842, -52.90959326221040726 ) ) ;
#5668 = CARTESIAN_POINT ( 'NONE',  ( 22.65270618528721869, 9.632580319096749832, -13.27085522198863821 ) ) ;
#5669 = CARTESIAN_POINT ( 'NONE',  ( -24.14082800827298314, 49.64772090977205465, 3.665780284763942465 ) ) ;
#5670 = FACE_OUTER_BOUND ( 'NONE', #4748, .T. ) ;
#5671 = AXIS2_PLACEMENT_3D ( 'NONE', #4838, #7473, #901 ) ;
#5672 = CARTESIAN_POINT ( 'NONE',  ( -118.1407371614344868, 222.5000000000000568, -119.4163546717087740 ) ) ;
#5673 = CARTESIAN_POINT ( 'NONE',  ( -36.21714430383186567, 109.9609018348022431, 47.18955747813298274 ) ) ;
#5674 = LINE ( 'NONE', #2984, #5997 ) ;
#5675 = EDGE_LOOP ( 'NONE', ( #4972, #2736, #5811, #7654 ) ) ;
#5676 = CARTESIAN_POINT ( 'NONE',  ( 24.21173479339973866, 85.52677679952604706, -40.78528866810115971 ) ) ;
#5677 = EDGE_CURVE ( 'NONE', #2779, #4036, #2750, .T. ) ;
#5678 = ADVANCED_FACE ( 'NONE', ( #2317 ), #353, .F. ) ;
#5679 = LINE ( 'NONE', #8325, #6211 ) ;
#5680 = CYLINDRICAL_SURFACE ( 'NONE', #4627, 1.000000000000000888 ) ;
#5681 = LINE ( 'NONE', #8211, #1920 ) ;
#5682 = CARTESIAN_POINT ( 'NONE',  ( 24.15104534499269562, 50.68183126515459946, 4.138765292532053053 ) ) ;
#5683 = CARTESIAN_POINT ( 'NONE',  ( 38.80614859067347311, 8.169629727256928931, -2.500000000000000000 ) ) ;
#5684 = ORIENTED_EDGE ( 'NONE', *, *, #2408, .T. ) ;
#5685 = CARTESIAN_POINT ( 'NONE',  ( 40.67700504028892539, 119.0810664868829747, -50.00582184530284025 ) ) ;
#5686 = CARTESIAN_POINT ( 'NONE',  ( -2.638634717626935799, 56.21442008522055289, 39.74282600950831323 ) ) ;
#5687 = CARTESIAN_POINT ( 'NONE',  ( 38.63897191594514879, 118.2063392340942727, -54.34647919589048826 ) ) ;
#5688 = CARTESIAN_POINT ( 'NONE',  ( -19.69443668911673839, 8.500000000000003553, -20.63029045005343320 ) ) ;
#5689 = CARTESIAN_POINT ( 'NONE',  ( 3.420228791824067471, 51.94609927586826359, -39.14245532568524055 ) ) ;
#5690 = ORIENTED_EDGE ( 'NONE', *, *, #4552, .T. ) ;
#5691 = B_SPLINE_CURVE_WITH_KNOTS ( 'NONE', 3,
 ( #5189, #7094, #7750, #8471, #1179, #3898, #1259 ),
 .UNSPECIFIED., .F., .F.,
 ( 4, 3, 4 ),
 ( 0.1312721095478435740, 0.2102326438772024741, 0.2103375372624431416 ),
 .UNSPECIFIED. ) ;
#5692 = EDGE_LOOP ( 'NONE', ( #1266, #241, #232, #3970, #1150 ) ) ;
#5693 = CARTESIAN_POINT ( 'NONE',  ( -2.500000000000000000, 8.500000000000000000, -38.75000000000000000 ) ) ;
#5694 = DIRECTION ( 'NONE',  ( 0.000000000000000000, 0.000000000000000000, 1.000000000000000000 ) ) ;
#5695 = CARTESIAN_POINT ( 'NONE',  ( -4.938849362433377799, 8.500000000000000000, 27.59419916606944412 ) ) ;
#5696 = ADVANCED_FACE ( 'NONE', ( #3654 ), #4268, .F. ) ;
#5697 = DIRECTION ( 'NONE',  ( 0.000000000000000000, 0.000000000000000000, 1.000000000000000000 ) ) ;
#5698 = STYLED_ITEM ( 'NONE', ( #96 ), #1281 ) ;
#5699 = ORIENTED_EDGE ( 'NONE', *, *, #2559, .T. ) ;
#5700 = CARTESIAN_POINT ( 'NONE',  ( -19.48358976007203225, 8.500000000000007105, 20.86520758190096458 ) ) ;
#5701 = CYLINDRICAL_SURFACE ( 'NONE', #7412, 1.000000000000000888 ) ;
#5702 = CARTESIAN_POINT ( 'NONE',  ( 68.54112065680683941, 190.0546754595751509, -101.2765225132931732 ) ) ;
#5703 = CARTESIAN_POINT ( 'NONE',  ( -24.60683358881349747, 50.48148155454990871, 3.319382646642755397 ) ) ;
#5704 = DIRECTION ( 'NONE',  ( -4.026401060382563240E-16, -1.000000000000000000, 0.000000000000000000 ) ) ;
#5705 = CIRCLE ( 'NONE', #2278, 1.000000000000000888 ) ;
#5706 = LINE ( 'NONE', #7141, #741 ) ;
#5707 = EDGE_CURVE ( 'NONE', #5650, #8519, #6974, .T. ) ;
#5708 = CARTESIAN_POINT ( 'NONE',  ( -38.36054287937018614, 36.48528137423860329, 34.11790219225090226 ) ) ;
#5709 = DIRECTION ( 'NONE',  ( 0.000000000000000000, 0.000000000000000000, 1.000000000000000000 ) ) ;
#5710 = AXIS2_PLACEMENT_3D ( 'NONE', #114, #4029, #3521 ) ;
#5711 = ORIENTED_EDGE ( 'NONE', *, *, #339, .T. ) ;
#5712 = CARTESIAN_POINT ( 'NONE',  ( 20.53767908663125041, 84.87531683034173113, -46.10828977488035463 ) ) ;
#5713 = AXIS2_PLACEMENT_3D ( 'NONE', #5432, #4241, #6873 ) ;
#5714 = CARTESIAN_POINT ( 'NONE',  ( -139.6500000000000057, 222.4999999999999716, -139.6500000000000057 ) ) ;
#5715 = LINE ( 'NONE', #8366, #6278 ) ;
#5716 = CIRCLE ( 'NONE', #6137, 5.000000000000004441 ) ;
#5717 = ADVANCED_FACE ( 'NONE', ( #8112 ), #5049, .T. ) ;
#5718 = EDGE_CURVE ( 'NONE', #6897, #3084, #4127, .T. ) ;
#5719 = DIRECTION ( 'NONE',  ( -0.000000000000000000, 1.000000000000000000, -0.000000000000000000 ) ) ;
#5720 = AXIS2_PLACEMENT_3D ( 'NONE', #6411, #1767, #4399 ) ;
#5721 = CARTESIAN_POINT ( 'NONE',  ( 0.000000000000000000, 229.9999999999999716, -132.2500000000000000 ) ) ;
#5722 = CARTESIAN_POINT ( 'NONE',  ( -132.2500000000000000, 222.4999999999999716, 4.617484070620044083E-13 ) ) ;
#5723 = VERTEX_POINT ( 'NONE', #5511 ) ;
#5724 = CARTESIAN_POINT ( 'NONE',  ( 10.30482722286970443, 9.791285188046119359, 25.82513656672201918 ) ) ;
#5725 = CARTESIAN_POINT ( 'NONE',  ( -23.52753013795380710, 9.567885805273968813, -9.509595771622182170 ) ) ;
#5726 = VECTOR ( 'NONE', #5647, 999.9999999999998863 ) ;
#5727 = CARTESIAN_POINT ( 'NONE',  ( 38.34048759201160550, 9.500000000000001776, 3.500000000000000000 ) ) ;
#5728 = AXIS2_PLACEMENT_3D ( 'NONE', #6769, #890, #4231 ) ;
#5729 = CARTESIAN_POINT ( 'NONE',  ( -4.938849362433380463, 8.500000000000000000, -27.59419916606945122 ) ) ;
#5730 = CIRCLE ( 'NONE', #4786, 2.999999999999988898 ) ;
#5731 = EDGE_CURVE ( 'NONE', #2487, #5464, #1982, .T. ) ;
#5732 = EDGE_CURVE ( 'NONE', #3764, #4854, #1164, .T. ) ;
#5733 = CARTESIAN_POINT ( 'NONE',  ( 24.50000000000002487, 86.00000000000004263, -48.07595770670939572 ) ) ;
#5734 = CARTESIAN_POINT ( 'NONE',  ( 119.3770098713968508, 222.5000000000000284, -117.3956919336452103 ) ) ;
#5735 = VERTEX_POINT ( 'NONE', #1510 ) ;
#5736 = VECTOR ( 'NONE', #7888, 1000.000000000000000 ) ;
#5737 = ORIENTED_EDGE ( 'NONE', *, *, #5274, .F. ) ;
#5738 = CARTESIAN_POINT ( 'NONE',  ( -24.57196064623050091, 9.893656840166110931E-15, -20.32931995911323853 ) ) ;
#5739 = CARTESIAN_POINT ( 'NONE',  ( -21.46407910531394236, 9.680582436578967886, 16.22343403656533667 ) ) ;
#5740 = CIRCLE ( 'NONE', #1757, 1.000000000000001332 ) ;
#5741 = EDGE_LOOP ( 'NONE', ( #3187, #2133 ) ) ;
#5742 = DIRECTION ( 'NONE',  ( -4.026401060382563240E-16, -1.000000000000000000, 0.000000000000000000 ) ) ;
#5743 = ORIENTED_EDGE ( 'NONE', *, *, #2483, .T. ) ;
#5744 = CARTESIAN_POINT ( 'NONE',  ( -24.50000000000000711, 86.00000000000000000, 38.46815680934837189 ) ) ;
#5745 = CARTESIAN_POINT ( 'NONE',  ( -18.12301564693409262, 1.000000000000000000, -1.999931296504958045 ) ) ;
#5746 = CARTESIAN_POINT ( 'NONE',  ( -24.74420466249360118, 9.500000000000008882, 4.500000000000000888 ) ) ;
#5747 = CYLINDRICAL_SURFACE ( 'NONE', #3107, 1.000000000000000000 ) ;
#5748 = CARTESIAN_POINT ( 'NONE',  ( -24.41383171847507327, 85.82379070519621678, -39.73612998050332124 ) ) ;
#5749 = CARTESIAN_POINT ( 'NONE',  ( -7.305840457278539368, 2.941624376417214514E-15, -16.66927398577371022 ) ) ;
#5750 = LINE ( 'NONE', #5111, #4239 ) ;
#5751 = ORIENTED_EDGE ( 'NONE', *, *, #5136, .F. ) ;
#5752 = CARTESIAN_POINT ( 'NONE',  ( 3.500000000000000000, 8.500000000000000000, 39.75000000000000000 ) ) ;
#5753 = FACE_OUTER_BOUND ( 'NONE', #3924, .T. ) ;
#5754 = EDGE_CURVE ( 'NONE', #4449, #2764, #5361, .T. ) ;
#5755 = AXIS2_PLACEMENT_3D ( 'NONE', #5868, #4468, #1303 ) ;
#5756 = CARTESIAN_POINT ( 'NONE',  ( -40.88186813186812429, 119.4999999999999716, -57.49999999999999289 ) ) ;
#5757 = DIRECTION ( 'NONE',  ( 0.000000000000000000, 0.000000000000000000, 1.000000000000000000 ) ) ;
#5758 = CARTESIAN_POINT ( 'NONE',  ( 24.23177876418019139, 52.83478491286726353, 2.568787872332655819 ) ) ;
#5759 = CARTESIAN_POINT ( 'NONE',  ( -24.17186927024852139, 52.78944867435376409, -2.907801685537874103 ) ) ;
#5760 = LINE ( 'NONE', #8407, #3228 ) ;
#5761 = ORIENTED_EDGE ( 'NONE', *, *, #5991, .T. ) ;
#5762 = CARTESIAN_POINT ( 'NONE',  ( 11.66619648752151583, 8.499999999998260947, 24.92432770925228525 ) ) ;
#5763 = CARTESIAN_POINT ( 'NONE',  ( -20.12478674802353140, 9.714075659351969705, -18.44369446681047364 ) ) ;
#5764 = EDGE_CURVE ( 'NONE', #7078, #1578, #5979, .T. ) ;
#5765 = CARTESIAN_POINT ( 'NONE',  ( 0.000000000000000000, 229.9999999999999716, -129.5500000000000114 ) ) ;
#5766 = CARTESIAN_POINT ( 'NONE',  ( 18.51370253461190174, 87.41649213276018315, -35.20128654204579988 ) ) ;
#5767 = DIRECTION ( 'NONE',  ( 1.000000000000000000, 0.000000000000000000, 0.000000000000000000 ) ) ;
#5768 = ORIENTED_EDGE ( 'NONE', *, *, #2934, .F. ) ;
#5769 = CARTESIAN_POINT ( 'NONE',  ( 3.670045419708130030, 52.32411320904055430, -38.60243587440945134 ) ) ;
#5770 = EDGE_LOOP ( 'NONE', ( #5270, #5537 ) ) ;
#5771 = ORIENTED_EDGE ( 'NONE', *, *, #6754, .T. ) ;
#5772 = ORIENTED_EDGE ( 'NONE', *, *, #1400, .F. ) ;
#5773 = DIRECTION ( 'NONE',  ( 0.000000000000000000, 0.000000000000000000, 1.000000000000000000 ) ) ;
#5774 = EDGE_CURVE ( 'NONE', #8426, #4751, #8451, .T. ) ;
#5775 = CARTESIAN_POINT ( 'NONE',  ( 68.77305503950380228, 176.7960527937180757, -87.32719435105718730 ) ) ;
#5776 = EDGE_CURVE ( 'NONE', #5388, #4543, #92, .T. ) ;
#5777 = CARTESIAN_POINT ( 'NONE',  ( -15.23438895977426633, 9.777422214845071125, 23.41862508030049028 ) ) ;
#5778 = FACE_OUTER_BOUND ( 'NONE', #2891, .T. ) ;
#5779 = ORIENTED_EDGE ( 'NONE', *, *, #3945, .T. ) ;
#5780 = CARTESIAN_POINT ( 'NONE',  ( -10.30224642694063064, 8.500000000000007105, 26.87268630463823627 ) ) ;
#5781 = FACE_OUTER_BOUND ( 'NONE', #6923, .T. ) ;
#5782 = AXIS2_PLACEMENT_3D ( 'NONE', #2611, #169, #5371 ) ;
#5783 = DIRECTION ( 'NONE',  ( 0.000000000000000000, 0.000000000000000000, 1.000000000000000000 ) ) ;
#5784 = CARTESIAN_POINT ( 'NONE',  ( -119.1373245550279734, 222.4999999999998863, -118.0047180304253231 ) ) ;
#5785 = DIRECTION ( 'NONE',  ( 0.000000000000000000, 0.000000000000000000, 1.000000000000000000 ) ) ;
#5786 = CIRCLE ( 'NONE', #1673, 5.000000000000004441 ) ;
#5787 = LINE ( 'NONE', #8435, #2151 ) ;
#5788 = EDGE_LOOP ( 'NONE', ( #6532, #8349, #5292, #5626, #5123, #718, #6701, #5151 ) ) ;
#5789 = CARTESIAN_POINT ( 'NONE',  ( 103.2559021775177683, 207.7845370634977655, 106.5543833424671334 ) ) ;
#5790 = EDGE_LOOP ( 'NONE', ( #110, #832, #3784 ) ) ;
#5791 = CARTESIAN_POINT ( 'NONE',  ( 24.74420466249360118, 9.500000000000008882, 4.500000000000000888 ) ) ;
#5792 = CARTESIAN_POINT ( 'NONE',  ( -23.00273488902090335, 100.3196311050526646, -52.10428036815223862 ) ) ;
#5793 = VECTOR ( 'NONE', #3715, 1000.000000000000000 ) ;
#5794 = CARTESIAN_POINT ( 'NONE',  ( 24.14532552245890074, 50.10292035370095221, 3.644949131463288694 ) ) ;
#5795 = EDGE_CURVE ( 'NONE', #584, #240, #7648, .T. ) ;
#5796 = ORIENTED_EDGE ( 'NONE', *, *, #590, .F. ) ;
#5797 = CARTESIAN_POINT ( 'NONE',  ( -112.3555234424490408, 222.4999999999999716, -121.4076260998840411 ) ) ;
#5798 = CARTESIAN_POINT ( 'NONE',  ( -22.14740554396827221, 84.86812454931879302, 44.59212677861626872 ) ) ;
#5799 = ORIENTED_EDGE ( 'NONE', *, *, #5637, .F. ) ;
#5800 = CARTESIAN_POINT ( 'NONE',  ( -14.44733405324638653, 8.499999999992885691, -23.53157447674785629 ) ) ;
#5801 = DIRECTION ( 'NONE',  ( 0.000000000000000000, 0.000000000000000000, 1.000000000000000000 ) ) ;
#5802 = CARTESIAN_POINT ( 'NONE',  ( -8.133644846416553165, 9.787196173454141501, -26.36395172935898046 ) ) ;
#5803 = CARTESIAN_POINT ( 'NONE',  ( -64.48717104486593144, 172.9444842669556692, -90.66029240421102031 ) ) ;
#5804 = CARTESIAN_POINT ( 'NONE',  ( -23.74425346923881364, 9.509879833416231776, -4.500000000000003553 ) ) ;
#5805 = CARTESIAN_POINT ( 'NONE',  ( 12.40048135057325673, -4.992931125920235684E-15, -13.34877076590534628 ) ) ;
#5806 = CARTESIAN_POINT ( 'NONE',  ( 53.18694728371331593, 159.0386039498023365, 82.03221667704241327 ) ) ;
#5807 = EDGE_CURVE ( 'NONE', #53, #7299, #8223, .T. ) ;
#5808 = DIRECTION ( 'NONE',  ( -0.000000000000000000, 1.000000000000000000, -0.000000000000000000 ) ) ;
#5809 = CARTESIAN_POINT ( 'NONE',  ( -35.57119362459038570, 108.6399689851174060, -46.78165956642775569 ) ) ;
#5810 = EDGE_LOOP ( 'NONE', ( #6607, #4559 ) ) ;
#5811 = ORIENTED_EDGE ( 'NONE', *, *, #1859, .F. ) ;
#5812 = VERTEX_POINT ( 'NONE', #3745 ) ;
#5813 = FACE_OUTER_BOUND ( 'NONE', #1769, .T. ) ;
#5814 = CARTESIAN_POINT ( 'NONE',  ( 39.70797759213080269, 8.500000000000000000, 2.827590939985415996 ) ) ;
#5815 = CARTESIAN_POINT ( 'NONE',  ( 39.74999999999182165, 8.500000000000001776, -2.663467475211290569 ) ) ;
#5816 = VECTOR ( 'NONE', #5467, 1000.000000000000000 ) ;
#5817 = CARTESIAN_POINT ( 'NONE',  ( -104.7500000000000000, 227.4999999999999716, 134.9500000000000171 ) ) ;
#5818 = EDGE_CURVE ( 'NONE', #8519, #3628, #5903, .T. ) ;
#5819 = EDGE_CURVE ( 'NONE', #1488, #7476, #6237, .T. ) ;
#5820 = DIRECTION ( 'NONE',  ( 1.000000000000000000, -4.026401060382553872E-16, 0.000000000000000000 ) ) ;
#5821 = EDGE_LOOP ( 'NONE', ( #3623, #3641, #8548, #3867 ) ) ;
#5822 = DIRECTION ( 'NONE',  ( -0.000000000000000000, -0.000000000000000000, 1.000000000000000000 ) ) ;
#5823 = LINE ( 'NONE', #8392, #2167 ) ;
#5824 = CARTESIAN_POINT ( 'NONE',  ( -16.87142996983085652, 85.55686969763493721, -47.84668668090288435 ) ) ;
#5825 = CIRCLE ( 'NONE', #1289, 2.000000000000001776 ) ;
#5826 = DIRECTION ( 'NONE',  ( 0.000000000000000000, 0.000000000000000000, 1.000000000000000000 ) ) ;
#5827 = CARTESIAN_POINT ( 'NONE',  ( -5.001881619155670755, 2.013958145527644635E-15, -17.54428597496414710 ) ) ;
#5828 = CARTESIAN_POINT ( 'NONE',  ( -34.68056298297511120, 120.8117372951102340, -58.31388365628330206 ) ) ;
#5829 = VERTEX_POINT ( 'NONE', #307 ) ;
#5830 = CARTESIAN_POINT ( 'NONE',  ( 69.34871215761620533, 177.3133749706837818, 87.64817330502526715 ) ) ;
#5831 = ORIENTED_EDGE ( 'NONE', *, *, #3770, .F. ) ;
#5832 = CARTESIAN_POINT ( 'NONE',  ( 38.35730111140201615, 118.2474407146175821, 54.34220254125077787 ) ) ;
#5833 = VECTOR ( 'NONE', #43, 1000.000000000000000 ) ;
#5834 = DIRECTION ( 'NONE',  ( 0.009879833416224002504, 0.9999511932547846538, 6.938555239080355968E-15 ) ) ;
#5835 = DIRECTION ( 'NONE',  ( 0.000000000000000000, 0.000000000000000000, 1.000000000000000000 ) ) ;
#5836 = AXIS2_PLACEMENT_3D ( 'NONE', #1628, #263, #7554 ) ;
#5837 = DIRECTION ( 'NONE',  ( 0.000000000000000000, 0.000000000000000000, -1.000000000000000000 ) ) ;
#5838 = VERTEX_POINT ( 'NONE', #4391 ) ;
#5839 = CARTESIAN_POINT ( 'NONE',  ( -9.995862591520513263, 9.791029646952820187, -25.91837798270424997 ) ) ;
#5840 = FACE_OUTER_BOUND ( 'NONE', #1085, .T. ) ;
#5841 = CARTESIAN_POINT ( 'NONE',  ( -9.385743856618644188, 9.790177295635606569, -26.08484163096635200 ) ) ;
#5842 = CARTESIAN_POINT ( 'NONE',  ( 19.12199348249989228, 84.93505433276185101, 46.96563130184407697 ) ) ;
#5843 = LINE ( 'NONE', #316, #4859 ) ;
#5844 = CARTESIAN_POINT ( 'NONE',  ( -39.74999999999999289, 8.500000000000001776, 2.500000000000000000 ) ) ;
#5845 = DIRECTION ( 'NONE',  ( 0.7071067811865476838, 0.000000000000000000, -0.7071067811865474617 ) ) ;
#5846 = VECTOR ( 'NONE', #1552, 1000.000000000000000 ) ;
#5847 = AXIS2_PLACEMENT_3D ( 'NONE', #6579, #5834, #3307 ) ;
#5848 = CARTESIAN_POINT ( 'NONE',  ( 29.96062271062272941, 97.16666666666667140, 51.21730513780626382 ) ) ;
#5849 = AXIS2_PLACEMENT_3D ( 'NONE', #3716, #1724, #2482 ) ;
#5850 = ORIENTED_EDGE ( 'NONE', *, *, #2681, .T. ) ;
#5851 = EDGE_LOOP ( 'NONE', ( #5184, #5994, #6145 ) ) ;
#5852 = ORIENTED_EDGE ( 'NONE', *, *, #5063, .T. ) ;
#5853 = AXIS2_PLACEMENT_3D ( 'NONE', #3783, #2364, #5552 ) ;
#5854 = DIRECTION ( 'NONE',  ( 0.000000000000000000, 0.000000000000000000, 1.000000000000000000 ) ) ;
#5855 = CARTESIAN_POINT ( 'NONE',  ( -24.24215887472075437, 59.90355383221777430, 40.73464390402991597 ) ) ;
#5856 = ADVANCED_FACE ( 'NONE', ( #7022 ), #4230, .F. ) ;
#5857 = CARTESIAN_POINT ( 'NONE',  ( -38.34048759201159839, 9.500000000000001776, 4.500000000000000888 ) ) ;
#5858 = CIRCLE ( 'NONE', #6002, 1.000000000000000888 ) ;
#5859 = ORIENTED_EDGE ( 'NONE', *, *, #6835, .T. ) ;
#5860 = EDGE_LOOP ( 'NONE', ( #1688, #8460, #682, #5133 ) ) ;
#5861 = CARTESIAN_POINT ( 'NONE',  ( -6.205554912785920862, 8.499999999999996447, 26.22854798026325795 ) ) ;
#5862 = CARTESIAN_POINT ( 'NONE',  ( -38.34048759201159839, 9.500000000000001776, 3.500000000000000000 ) ) ;
#5863 = VECTOR ( 'NONE', #350, 1000.000000000000000 ) ;
#5864 = AXIS2_PLACEMENT_3D ( 'NONE', #2557, #2641, #1346 ) ;
#5865 = EDGE_CURVE ( 'NONE', #1562, #2250, #7793, .T. ) ;
#5866 = DIRECTION ( 'NONE',  ( -0.000000000000000000, 1.000000000000000000, -0.000000000000000000 ) ) ;
#5867 = DIRECTION ( 'NONE',  ( 0.3303702727430710140, -0.9438514093265257809, -0.000000000000000000 ) ) ;
#5868 = CARTESIAN_POINT ( 'NONE',  ( 4.500000000000000888, 9.499999999999994671, -27.59419916606945478 ) ) ;
#5869 = CARTESIAN_POINT ( 'NONE',  ( 68.99999999999995737, 176.9999999999999432, -86.18201394046042196 ) ) ;
#5870 = CARTESIAN_POINT ( 'NONE',  ( 33.63077585947161197, 119.4257635710909113, -57.45393908794453353 ) ) ;
#5871 = EDGE_LOOP ( 'NONE', ( #4203, #8362, #2588, #8265 ) ) ;
#5872 = CARTESIAN_POINT ( 'NONE',  ( 139.6500000000000057, 9.770803289222266486, -26.63156445936789041 ) ) ;
#5873 = ORIENTED_EDGE ( 'NONE', *, *, #3210, .F. ) ;
#5874 = CARTESIAN_POINT ( 'NONE',  ( -4.938849362433377799, 9.770803289222236288, 26.63156445936786554 ) ) ;
#5875 = ADVANCED_FACE ( 'NONE', ( #1063 ), #7368, .T. ) ;
#5876 = EDGE_CURVE ( 'NONE', #4811, #8120, #6359, .T. ) ;
#5877 = CARTESIAN_POINT ( 'NONE',  ( -15.46098463606111473, 85.77734068695257008, -48.01332036989880692 ) ) ;
#5878 = CARTESIAN_POINT ( 'NONE',  ( -132.2500000000000000, 227.4999999999999716, 4.617484070620044083E-13 ) ) ;
#5879 = LINE ( 'NONE', #5915, #198 ) ;
#5880 = CARTESIAN_POINT ( 'NONE',  ( 7.434052672203748102, 1.000000000000000888, 16.96180768554565432 ) ) ;
#5881 = ORIENTED_EDGE ( 'NONE', *, *, #5930, .T. ) ;
#5882 = CARTESIAN_POINT ( 'NONE',  ( 8.133473678169323762, 9.787195544541608783, 26.36397866636559684 ) ) ;
#5883 = CARTESIAN_POINT ( 'NONE',  ( 12.34246835640794338, 87.41649213276018315, 42.24154385045486748 ) ) ;
#5884 = CARTESIAN_POINT ( 'NONE',  ( -23.30891658645969855, 9.590177764341074607, -10.78141458552238774 ) ) ;
#5885 = SPHERICAL_SURFACE ( 'NONE', #1465, 1.000000000000000000 ) ;
#5886 = CARTESIAN_POINT ( 'NONE',  ( 17.56083590531803296, -7.070696831037671653E-15, 4.877408961304957380 ) ) ;
#5887 = DIRECTION ( 'NONE',  ( 0.000000000000000000, 0.000000000000000000, 1.000000000000000000 ) ) ;
#5888 = ORIENTED_EDGE ( 'NONE', *, *, #1631, .F. ) ;
#5889 = CARTESIAN_POINT ( 'NONE',  ( 104.7500000000000000, 229.9999999999999716, -137.2500000000000000 ) ) ;
#5890 = FACE_BOUND ( 'NONE', #2170, .T. ) ;
#5891 = ORIENTED_EDGE ( 'NONE', *, *, #42, .T. ) ;
#5892 = EDGE_LOOP ( 'NONE', ( #7328, #3850, #7655, #8461 ) ) ;
#5893 = ORIENTED_EDGE ( 'NONE', *, *, #4475, .F. ) ;
#5894 = DIRECTION ( 'NONE',  ( 1.000000000000000000, 0.000000000000000000, 0.000000000000000000 ) ) ;
#5895 = DIRECTION ( 'NONE',  ( -0.000000000000000000, 1.000000000000000000, -0.000000000000000000 ) ) ;
#5896 = DIRECTION ( 'NONE',  ( 0.000000000000000000, 0.000000000000000000, -1.000000000000000000 ) ) ;
#5897 = EDGE_LOOP ( 'NONE', ( #6382, #3281 ) ) ;
#5898 = EDGE_LOOP ( 'NONE', ( #2791, #4195, #2889, #3442 ) ) ;
#5899 = ORIENTED_EDGE ( 'NONE', *, *, #776, .F. ) ;
#5900 = EDGE_CURVE ( 'NONE', #3628, #2589, #433, .T. ) ;
#5901 = CARTESIAN_POINT ( 'NONE',  ( -13.10988891202550022, 8.500000000000000000, 25.74967030864514328 ) ) ;
#5902 = DIRECTION ( 'NONE',  ( 0.000000000000000000, 0.000000000000000000, -1.000000000000000000 ) ) ;
#5903 =( BOUNDED_CURVE ( )  B_SPLINE_CURVE ( 3, ( #2937, #3618, #4917, #6324 ),
 .UNSPECIFIED., .F., .T. ) 
 B_SPLINE_CURVE_WITH_KNOTS ( ( 4, 4 ),
 ( 4.712388980384689674, 6.283185307179586232 ),
 .UNSPECIFIED. ) 
 CURVE ( )  GEOMETRIC_REPRESENTATION_ITEM ( )  RATIONAL_B_SPLINE_CURVE ( ( 1.000000000000000000, 0.8047378541243649375, 0.8047378541243649375, 1.000000000000000000 ) ) 
 REPRESENTATION_ITEM ( '' )  );
#5904 = DIRECTION ( 'NONE',  ( -0.000000000000000000, 1.000000000000000000, -0.000000000000000000 ) ) ;
#5905 = FACE_BOUND ( 'NONE', #8436, .T. ) ;
#5906 = ADVANCED_FACE ( 'NONE', ( #4554, #478 ), #521, .F. ) ;
#5907 = CARTESIAN_POINT ( 'NONE',  ( -62.49627132169548105, 177.6932981675498411, -93.60675282340619674 ) ) ;
#5908 = CARTESIAN_POINT ( 'NONE',  ( 32.94983041568483628, 119.4999999999999858, -57.50000000000000000 ) ) ;
#5909 = CIRCLE ( 'NONE', #8179, 4.999999999999976907 ) ;
#5910 = ORIENTED_EDGE ( 'NONE', *, *, #7419, .F. ) ;
#5911 = CARTESIAN_POINT ( 'NONE',  ( 0.000000000000000000, 227.4999999999999716, -129.5500000000000114 ) ) ;
#5912 = ORIENTED_EDGE ( 'NONE', *, *, #1133, .F. ) ;
#5913 = DIRECTION ( 'NONE',  ( 0.000000000000000000, -0.000000000000000000, 1.000000000000000000 ) ) ;
#5914 = DIRECTION ( 'NONE',  ( -4.026401060382563240E-16, -1.000000000000000000, -0.000000000000000000 ) ) ;
#5915 = CARTESIAN_POINT ( 'NONE',  ( -132.2500000000003695, 229.9999999999999716, -107.4499999999995481 ) ) ;
#5916 = EDGE_CURVE ( 'NONE', #8539, #657, #7796, .T. ) ;
#5917 = EDGE_CURVE ( 'NONE', #5252, #163, #3436, .T. ) ;
#5918 = DIRECTION ( 'NONE',  ( 0.000000000000000000, 0.000000000000000000, 1.000000000000000000 ) ) ;
#5919 = ORIENTED_EDGE ( 'NONE', *, *, #5096, .F. ) ;
#5920 = CARTESIAN_POINT ( 'NONE',  ( -18.94925647410415337, 9.736230172484185985, -20.00580990326749742 ) ) ;
#5921 = CARTESIAN_POINT ( 'NONE',  ( 14.44662503162222578, 8.499999999978669507, 23.53203469901491829 ) ) ;
#5922 = DIRECTION ( 'NONE',  ( 1.000000000000000000, 0.000000000000000000, -0.000000000000000000 ) ) ;
#5923 = AXIS2_PLACEMENT_3D ( 'NONE', #6870, #6821, #2331 ) ;
#5924 = CARTESIAN_POINT ( 'NONE',  ( 38.36054287937223251, -1.544549305263551358E-14, -34.11790219224888432 ) ) ;
#5925 = CARTESIAN_POINT ( 'NONE',  ( 7.305840457278537592, -2.941624376417213331E-15, 16.66927398577371022 ) ) ;
#5926 = DIRECTION ( 'NONE',  ( 0.000000000000000000, 0.000000000000000000, 1.000000000000000000 ) ) ;
#5927 = CARTESIAN_POINT ( 'NONE',  ( -33.79289465554888494, 119.3793913927931101, -57.42516689539993280 ) ) ;
#5928 = FACE_BOUND ( 'NONE', #3209, .T. ) ;
#5929 = CIRCLE ( 'NONE', #4306, 0.9999999999999996669 ) ;
#5930 = EDGE_CURVE ( 'NONE', #3161, #7775, #5636, .T. ) ;
#5931 = CARTESIAN_POINT ( 'NONE',  ( -69.00000000000000000, 177.0000000000000000, -85.94234171967497105 ) ) ;
#5932 = CARTESIAN_POINT ( 'NONE',  ( -104.7500000000000000, 229.9999999999999716, -137.2500000000000000 ) ) ;
#5933 = EDGE_LOOP ( 'NONE', ( #5516, #1948, #4047, #6027 ) ) ;
#5934 = VERTEX_POINT ( 'NONE', #3946 ) ;
#5935 = CARTESIAN_POINT ( 'NONE',  ( -3.500000000000000444, 49.15594766088219103, 38.75000000000000000 ) ) ;
#5936 = PRODUCT_CONTEXT ( 'NONE', #1937, 'mechanical' ) ;
#5937 = CARTESIAN_POINT ( 'NONE',  ( 103.2559021775176689, 207.7845370634976803, -106.5543833424670055 ) ) ;
#5938 = CARTESIAN_POINT ( 'NONE',  ( -19.45064030267089095, 7.831607873979390553E-15, -22.45064030267285204 ) ) ;
#5939 = VERTEX_POINT ( 'NONE', #6442 ) ;
#5940 = CARTESIAN_POINT ( 'NONE',  ( 24.13152009180707225, 48.70565419846658273, 3.669772979167363225 ) ) ;
#5941 = CARTESIAN_POINT ( 'NONE',  ( -65.99364911583026583, 174.2983014798441275, 85.77743360292569719 ) ) ;
#5942 = ORIENTED_EDGE ( 'NONE', *, *, #7142, .T. ) ;
#5943 = CARTESIAN_POINT ( 'NONE',  ( 7.011102925118596698E-15, 8.500000000000000000, 57.25000000000000000 ) ) ;
#5944 = FACE_OUTER_BOUND ( 'NONE', #7801, .T. ) ;
#5945 = CARTESIAN_POINT ( 'NONE',  ( -51.38323936575888240, 140.9747142086304734, 63.59000682165254403 ) ) ;
#5946 = VECTOR ( 'NONE', #7418, 1000.000000000000000 ) ;
#5947 = DIRECTION ( 'NONE',  ( 0.7071067811865476838, 0.000000000000000000, -0.7071067811865474617 ) ) ;
#5948 = EDGE_CURVE ( 'NONE', #2458, #5365, #2040, .T. ) ;
#5949 = LINE ( 'NONE', #7971, #5158 ) ;
#5950 = VERTEX_POINT ( 'NONE', #4593 ) ;
#5951 = ORIENTED_EDGE ( 'NONE', *, *, #4258, .T. ) ;
#5952 = CARTESIAN_POINT ( 'NONE',  ( -18.51370253461190885, 87.41649213276018315, -8.800321635511441087 ) ) ;
#5953 = CARTESIAN_POINT ( 'NONE',  ( 24.28541820686124808, 8.500000000000005329, -10.97899073157762295 ) ) ;
#5954 = ORIENTED_EDGE ( 'NONE', *, *, #8188, .F. ) ;
#5955 =( BOUNDED_SURFACE ( )  B_SPLINE_SURFACE ( 2, 3, ( 
 ( #3644, #4899, #6268, #8235, #2968, #7626, #1701, #7496, #5540, #4857 ),
 ( #7591, #8275, #4337, #5580, #6889, #2304, #210, #2921, #2349, #8143 ),
 ( #4211, #5500, #1661, #2257, #2881, #6971, #926, #6844, #3567, #4297 ) ),
 .UNSPECIFIED., .F., .F., .F. ) 
 B_SPLINE_SURFACE_WITH_KNOTS ( ( 3, 3 ),
 ( 4, 3, 3, 4 ),
 ( 0.000000000000000000, 1.000000000000000000 ),
 ( 0.006610299856796463674, 0.02631465750806038020, 0.09781566862524741779, 0.1142221529154768545 ),
 .UNSPECIFIED. ) 
 GEOMETRIC_REPRESENTATION_ITEM ( )  RATIONAL_B_SPLINE_SURFACE ( (
 ( 1.000000000000000000, 1.000000000000000000, 1.000000000000000000, 1.000000000000000000, 1.000000000000000000, 1.000000000000000000, 1.000000000000000000, 1.000000000000000000, 1.000000000000000000, 1.000000000000000000),
 ( 0.8343088609779759635, 0.8343088609779759635, 0.8343088609779759635, 0.8343088609779759635, 0.8343088609779759635, 0.8343088609779759635, 0.8343088609779759635, 0.8343088609779758524, 0.8343088609779758524, 0.8343088609779758524),
 ( 1.000000000000000000, 1.000000000000000000, 1.000000000000000000, 1.000000000000000000, 1.000000000000000000, 1.000000000000000000, 1.000000000000000000, 1.000000000000000000, 1.000000000000000000, 1.000000000000000000) ) ) 
 REPRESENTATION_ITEM ( '' )  SURFACE ( )  );
#5956 = DIRECTION ( 'NONE',  ( 1.000000000000000000, 0.000000000000000000, 0.000000000000000000 ) ) ;
#5957 = ORIENTED_EDGE ( 'NONE', *, *, #2176, .T. ) ;
#5958 = DIRECTION ( 'NONE',  ( 1.000000000000000000, 0.000000000000000000, 0.000000000000000000 ) ) ;
#5959 = CARTESIAN_POINT ( 'NONE',  ( 23.60891276375324566, 9.556545720445052794, 8.871201942624608705 ) ) ;
#5960 = CARTESIAN_POINT ( 'NONE',  ( 104.7500000000000000, 229.9999999999999716, 134.9500000000000171 ) ) ;
#5961 = CARTESIAN_POINT ( 'NONE',  ( 11.24045089185642077, 9.792205885630391293, -25.55051610449955746 ) ) ;
#5962 = CIRCLE ( 'NONE', #5713, 1.000000000000001554 ) ;
#5963 = ADVANCED_FACE ( 'NONE', ( #5228 ), #1953, .F. ) ;
#5964 = CARTESIAN_POINT ( 'NONE',  ( -19.45064030267284849, 7.831607873980176258E-15, 22.45064030267290889 ) ) ;
#5965 = DIRECTION ( 'NONE',  ( 0.000000000000000000, 0.000000000000000000, 1.000000000000000000 ) ) ;
#5966 = AXIS2_PLACEMENT_3D ( 'NONE', #4837, #4349, #1753 ) ;
#5967 = VERTEX_POINT ( 'NONE', #5110 ) ;
#5968 = CARTESIAN_POINT ( 'NONE',  ( -18.71681180880043271, 8.500000000003478107, -19.81490741676464040 ) ) ;
#5969 = CARTESIAN_POINT ( 'NONE',  ( 7.501723516517980528, 9.784906969762792173, 26.46506038730123933 ) ) ;
#5970 = CARTESIAN_POINT ( 'NONE',  ( 22.84267965787822519, 9.622351431702252711, 12.66093676593935768 ) ) ;
#5971 = CARTESIAN_POINT ( 'NONE',  ( 20.32931995911528489, 36.48528137423858198, -24.57196064623049381 ) ) ;
#5972 = CARTESIAN_POINT ( 'NONE',  ( 19.60856109624264221, 84.87097442008200687, 46.69591357326287095 ) ) ;
#5973 = FACE_OUTER_BOUND ( 'NONE', #8468, .T. ) ;
#5974 = CARTESIAN_POINT ( 'NONE',  ( -40.40431387863629453, 8.500000000000000000, 3.023495778618892071 ) ) ;
#5975 = CARTESIAN_POINT ( 'NONE',  ( 9.885345517889239986, -3.980236567547725683E-15, 15.36472666729738457 ) ) ;
#5976 = EDGE_CURVE ( 'NONE', #3197, #8519, #3262, .T. ) ;
#5977 = DIRECTION ( 'NONE',  ( 0.000000000000000000, 0.000000000000000000, 1.000000000000000000 ) ) ;
#5978 = EDGE_CURVE ( 'NONE', #6850, #7609, #2179, .T. ) ;
#5979 = CIRCLE ( 'NONE', #2276, 2.000000000000001776 ) ;
#5980 = CIRCLE ( 'NONE', #7530, 0.9999999999999992228 ) ;
#5981 = DIRECTION ( 'NONE',  ( 0.000000000000000000, 0.000000000000000000, 1.000000000000000000 ) ) ;
#5982 = EDGE_LOOP ( 'NONE', ( #37, #1158, #4498, #5711 ) ) ;
#5983 = CARTESIAN_POINT ( 'NONE',  ( 3.281004130024476773, 53.62027671878069413, -39.37794068417689886 ) ) ;
#5984 = ORIENTED_EDGE ( 'NONE', *, *, #7531, .T. ) ;
#5985 = ORIENTED_EDGE ( 'NONE', *, *, #369, .F. ) ;
#5986 = CARTESIAN_POINT ( 'NONE',  ( -3.367592251887094434, 52.69806608066267017, 39.24822498195257481 ) ) ;
#5987 = DIRECTION ( 'NONE',  ( 0.000000000000000000, 1.000000000000000000, 0.000000000000000000 ) ) ;
#5988 = CIRCLE ( 'NONE', #2000, 2.700000000000008171 ) ;
#5989 = DIRECTION ( 'NONE',  ( 0.000000000000000000, 0.000000000000000000, 1.000000000000000000 ) ) ;
#5990 = EDGE_CURVE ( 'NONE', #5094, #203, #2778, .T. ) ;
#5991 = EDGE_CURVE ( 'NONE', #1906, #5838, #4890, .T. ) ;
#5992 = AXIS2_PLACEMENT_3D ( 'NONE', #3751, #6909, #6994 ) ;
#5993 = CIRCLE ( 'NONE', #8237, 18.19999999999999929 ) ;
#5994 = ORIENTED_EDGE ( 'NONE', *, *, #3304, .T. ) ;
#5995 = CARTESIAN_POINT ( 'NONE',  ( 24.74683815393395037, 49.60301474156218404, 3.408719109512272194 ) ) ;
#5996 = ORIENTED_EDGE ( 'NONE', *, *, #6728, .F. ) ;
#5997 = VECTOR ( 'NONE', #7679, 1000.000000000000000 ) ;
#5998 = CARTESIAN_POINT ( 'NONE',  ( -72.36140853565640896, 183.8738916122412093, -97.44157859951037892 ) ) ;
#5999 = CARTESIAN_POINT ( 'NONE',  ( 24.11750743857157886, 47.28741476720117731, -3.499999999999567901 ) ) ;
#6000 = CARTESIAN_POINT ( 'NONE',  ( 23.51181849788935452, -14.01517541431247871, 19.94021910744483961 ) ) ;
#6001 = DIRECTION ( 'NONE',  ( 0.000000000000000000, 0.000000000000000000, 1.000000000000000000 ) ) ;
#6002 = AXIS2_PLACEMENT_3D ( 'NONE', #436, #4312, #3621 ) ;
#6003 = VECTOR ( 'NONE', #2340, 1000.000000000000000 ) ;
#6004 = CARTESIAN_POINT ( 'NONE',  ( -53.34639103934641469, 158.9823070283638913, 81.99728655465538907 ) ) ;
#6005 = ORIENTED_EDGE ( 'NONE', *, *, #4605, .T. ) ;
#6006 = VECTOR ( 'NONE', #1615, 1000.000000000000000 ) ;
#6007 = EDGE_LOOP ( 'NONE', ( #4107, #4437, #717 ) ) ;
#6008 = CARTESIAN_POINT ( 'NONE',  ( -18.19999999999999929, 7.328049929896264436E-15, 0.9912134538010155538 ) ) ;
#6009 = ORIENTED_EDGE ( 'NONE', *, *, #1230, .T. ) ;
#6010 = CIRCLE ( 'NONE', #220, 1.000000000000000000 ) ;
#6011 = CARTESIAN_POINT ( 'NONE',  ( 4.500000000000000888, 9.500000000000001776, -27.59419916606945478 ) ) ;
#6012 = ORIENTED_EDGE ( 'NONE', *, *, #3581, .T. ) ;
#6013 = CARTESIAN_POINT ( 'NONE',  ( 132.2500000000011084, 222.4999999999999716, 104.7499999999986073 ) ) ;
#6014 = DIRECTION ( 'NONE',  ( -0.7071067811865475727, 2.847095493573217040E-16, 0.7071067811865475727 ) ) ;
#6015 = CIRCLE ( 'NONE', #8107, 3.000000000000006217 ) ;
#6016 = FACE_OUTER_BOUND ( 'NONE', #5933, .T. ) ;
#6017 = ORIENTED_EDGE ( 'NONE', *, *, #6567, .T. ) ;
#6018 = ADVANCED_FACE ( 'NONE', ( #3782, #1182, #6396, #3827, #4254, #6260, #3562, #153, #8139, #249, #1609, #2917, #1004 ), #6882, .F. ) ;
#6019 = CARTESIAN_POINT ( 'NONE',  ( 40.67700504028892539, 119.0810664868829747, -50.00582184530284025 ) ) ;
#6020 = CARTESIAN_POINT ( 'NONE',  ( -4.138491120745179330, 53.52698046734861492, -38.94082011069266969 ) ) ;
#6021 = LINE ( 'NONE', #4049, #5289 ) ;
#6022 = CARTESIAN_POINT ( 'NONE',  ( -66.52618862812092004, 176.2792475872041962, 90.92563918316146498 ) ) ;
#6023 = CARTESIAN_POINT ( 'NONE',  ( 3.500000000000000000, 0.000000000000000000, 0.000000000000000000 ) ) ;
#6024 = CARTESIAN_POINT ( 'NONE',  ( -104.7500000000000000, 229.9999999999999716, 132.2500000000000000 ) ) ;
#6025 = CARTESIAN_POINT ( 'NONE',  ( 139.6500000000000057, 9.499999999999994671, -27.59419916606945122 ) ) ;
#6026 = CARTESIAN_POINT ( 'NONE',  ( 40.76831968793873529, 119.2677998112903879, 49.49448935844887387 ) ) ;
#6027 = ORIENTED_EDGE ( 'NONE', *, *, #7311, .F. ) ;
#6028 = CARTESIAN_POINT ( 'NONE',  ( 34.82487969587111110, 124.4364527607321520, 58.88869670435735060 ) ) ;
#6029 = DIRECTION ( 'NONE',  ( 0.000000000000000000, 0.000000000000000000, 1.000000000000000000 ) ) ;
#6030 = VERTEX_POINT ( 'NONE', #8182 ) ;
#6031 = EDGE_CURVE ( 'NONE', #6412, #1568, #2823, .T. ) ;
#6032 = ORIENTED_EDGE ( 'NONE', *, *, #1380, .T. ) ;
#6033 = DIRECTION ( 'NONE',  ( -4.026401060382563240E-16, -1.000000000000000000, -0.000000000000000000 ) ) ;
#6034 = CARTESIAN_POINT ( 'NONE',  ( -24.11750743857160728, 47.28741476720370684, 4.500000000000000888 ) ) ;
#6035 = CARTESIAN_POINT ( 'NONE',  ( -39.70797759213077427, 8.500000000000001776, -2.827590939985427543 ) ) ;
#6036 = DIRECTION ( 'NONE',  ( 1.000000000000000000, 0.000000000000000000, 0.000000000000000000 ) ) ;
#6037 = VECTOR ( 'NONE', #7177, 1000.000000000000000 ) ;
#6038 = DIRECTION ( 'NONE',  ( -4.026401060382563240E-16, -1.000000000000000000, -0.000000000000000000 ) ) ;
#6039 = EDGE_LOOP ( 'NONE', ( #8173, #4866, #2907, #454 ) ) ;
#6040 = CARTESIAN_POINT ( 'NONE',  ( -24.57196064623051868, 8.500000000000000000, -20.32931995911321010 ) ) ;
#6041 = CARTESIAN_POINT ( 'NONE',  ( -40.67700504028888986, 119.0810664868829036, -50.00582184530279051 ) ) ;
#6042 = ORIENTED_EDGE ( 'NONE', *, *, #4845, .F. ) ;
#6043 = ADVANCED_FACE ( 'NONE', ( #4853 ), #6218, .T. ) ;
#6044 = CARTESIAN_POINT ( 'NONE',  ( -33.28066475363614529, 103.9559661254131981, -47.85551160251434766 ) ) ;
#6045 = EDGE_CURVE ( 'NONE', #2519, #4484, #867, .T. ) ;
#6046 = CARTESIAN_POINT ( 'NONE',  ( 24.88964374384248046, 48.70697273984488618, -3.473286496941670798 ) ) ;
#6047 = CARTESIAN_POINT ( 'NONE',  ( 4.785899083865504444, 8.673486567605893427, 26.32287314015451329 ) ) ;
#6048 = CARTESIAN_POINT ( 'NONE',  ( 23.74420466249360118, 9.500000000000008882, -4.500000000000003553 ) ) ;
#6049 = DIRECTION ( 'NONE',  ( -0.000000000000000000, -0.000000000000000000, -1.000000000000000000 ) ) ;
#6050 = ORIENTED_EDGE ( 'NONE', *, *, #1195, .F. ) ;
#6051 = VERTEX_POINT ( 'NONE', #8229 ) ;
#6052 = CARTESIAN_POINT ( 'NONE',  ( -11.78044997827179685, 4.743281628429731089E-15, 13.89603248059095186 ) ) ;
#6053 = CARTESIAN_POINT ( 'NONE',  ( -4.500000000000000888, 9.500000000000001776, 27.59419916606945478 ) ) ;
#6054 = ORIENTED_EDGE ( 'NONE', *, *, #7322, .T. ) ;
#6055 = DIRECTION ( 'NONE',  ( 1.000000000000000000, -0.000000000000000000, 0.000000000000000000 ) ) ;
#6056 = EDGE_LOOP ( 'NONE', ( #3847, #6758, #6646, #105 ) ) ;
#6057 = CARTESIAN_POINT ( 'NONE',  ( 112.3555234424493392, 222.4999999999999716, 121.4076260998840411 ) ) ;
#6058 = CARTESIAN_POINT ( 'NONE',  ( 64.76735391735718395, 176.6695418021251953, 92.44367104256429002 ) ) ;
#6059 = CARTESIAN_POINT ( 'NONE',  ( -2.500000000000000000, 56.26542339484620214, 39.75000000000000000 ) ) ;
#6060 = EDGE_LOOP ( 'NONE', ( #1648, #506, #2501, #3344 ) ) ;
#6061 = CARTESIAN_POINT ( 'NONE',  ( 0.000000000000000000, 229.9999999999999716, -127.2500000000000000 ) ) ;
#6062 = CARTESIAN_POINT ( 'NONE',  ( -3.500000000000000000, 9.500000000000001776, -38.75000000000000000 ) ) ;
#6063 = CARTESIAN_POINT ( 'NONE',  ( 5.018645672197607155, 9.771347989664715072, -26.63171755957733566 ) ) ;
#6064 = CARTESIAN_POINT ( 'NONE',  ( -2.500000000000000000, 9.500000000000001776, -40.75000000000000000 ) ) ;
#6065 = CYLINDRICAL_SURFACE ( 'NONE', #613, 1.000000000000000888 ) ;
#6066 = FACE_OUTER_BOUND ( 'NONE', #1248, .T. ) ;
#6067 =( BOUNDED_SURFACE ( )  B_SPLINE_SURFACE ( 3, 2, ( 
 ( #6678, #6158, #2853 ),
 ( #843, #8027, #231 ),
 ( #4875, #7514, #1591 ),
 ( #4235, #2100, #6864 ),
 ( #8119, #947, #3585 ),
 ( #2145, #3493, #7986 ),
 ( #2711, #4700, #4100 ),
 ( #7331, #4142, #1411 ),
 ( #6020, #86, #2756 ),
 ( #6725, #5376, #4741 ),
 ( #7376, #1455, #8072 ),
 ( #7425, #6772, #6106 ),
 ( #178, #5475, #2193 ),
 ( #4833, #1762, #4395 ),
 ( #1025, #401, #2404 ),
 ( #2327, #6907, #2987 ) ),
 .UNSPECIFIED., .F., .F., .T. ) 
 B_SPLINE_SURFACE_WITH_KNOTS ( ( 4, 2, 2, 2, 2, 2, 2, 4 ),
 ( 3, 3 ),
 ( 0.1714997952260025604, 0.2273543285504799893, 0.2832088618749574183, 0.3949179285239123316, 0.4507724618483898160, 0.4786997285106285305, 0.5066269951728672449, 0.6183360618218221028 ),
 ( 0.000000000000000000, 1.000000000000000000 ),
 .UNSPECIFIED. ) 
 GEOMETRIC_REPRESENTATION_ITEM ( )  RATIONAL_B_SPLINE_SURFACE ( (
 ( 1.000000000000000000, 0.9906146341291288682, 1.000000000000000000),
 ( 1.000000000000000000, 0.9906199750928953440, 1.000000000000000000),
 ( 1.000000000000000000, 0.9888766379498679093, 1.000000000000000000),
 ( 1.000000000000000000, 0.9817723874260939620, 1.000000000000000000),
 ( 1.000000000000000000, 0.9764057314859176939, 1.000000000000000000),
 ( 1.000000000000000000, 0.9551668359498542982, 1.000000000000000000),
 ( 1.000000000000000000, 0.9340592855701543851, 1.000000000000000000),
 ( 1.000000000000000000, 0.8957687510844904999, 1.000000000000000000),
 ( 1.000000000000000000, 0.8819295566530919173, 1.000000000000000000),
 ( 1.000000000000000000, 0.8601494276729618749, 1.000000000000000000),
 ( 1.000000000000000000, 0.8527191825731783581, 1.000000000000000000),
 ( 1.000000000000000000, 0.8376126662481486740, 1.000000000000000000),
 ( 1.000000000000000000, 0.8300349926990922000, 1.000000000000000000),
 ( 1.000000000000000000, 0.7904969223662144939, 1.000000000000000000),
 ( 1.000000000000000000, 0.7522428303028219077, 1.000000000000000000),
 ( 1.000000000000000000, 0.7071067811865233699, 1.000000000000000000) ) ) 
 REPRESENTATION_ITEM ( '' )  SURFACE ( )  );
#6068 = EDGE_CURVE ( 'NONE', #8205, #7929, #4575, .T. ) ;
#6069 = DIRECTION ( 'NONE',  ( -0.000000000000000000, 1.000000000000000000, -0.000000000000000000 ) ) ;
#6070 = ORIENTED_EDGE ( 'NONE', *, *, #4509, .F. ) ;
#6071 = CARTESIAN_POINT ( 'NONE',  ( -24.14382719210885853, 49.95127232907488235, -3.653840631460060440 ) ) ;
#6072 = CARTESIAN_POINT ( 'NONE',  ( -132.2500000000003695, 227.4999999999999716, -104.7499999999995310 ) ) ;
#6073 = ORIENTED_EDGE ( 'NONE', *, *, #6214, .F. ) ;
#6074 = AXIS2_PLACEMENT_3D ( 'NONE', #2911, #816, #5529 ) ;
#6075 = ORIENTED_EDGE ( 'NONE', *, *, #4902, .F. ) ;
#6076 = CARTESIAN_POINT ( 'NONE',  ( -3.796703055620855416, 54.91878350240795470, 39.33235475744876908 ) ) ;
#6077 = DIRECTION ( 'NONE',  ( 0.000000000000000000, 0.000000000000000000, 1.000000000000000000 ) ) ;
#6078 = CARTESIAN_POINT ( 'NONE',  ( 51.62043847203036506, 167.9195815764082909, 87.54252927473729073 ) ) ;
#6079 = CARTESIAN_POINT ( 'NONE',  ( -24.28493377033619538, 8.499999999999992895, -10.98155798865860611 ) ) ;
#6080 = AXIS2_PLACEMENT_3D ( 'NONE', #1680, #439, #3101 ) ;
#6081 = EDGE_CURVE ( 'NONE', #1428, #6349, #6087, .T. ) ;
#6082 = VERTEX_POINT ( 'NONE', #8093 ) ;
#6083 = ORIENTED_EDGE ( 'NONE', *, *, #2597, .T. ) ;
#6084 = CYLINDRICAL_SURFACE ( 'NONE', #3315, 1.000000000000000888 ) ;
#6085 = ORIENTED_EDGE ( 'NONE', *, *, #7104, .T. ) ;
#6086 = FACE_OUTER_BOUND ( 'NONE', #4219, .T. ) ;
#6087 = CIRCLE ( 'NONE', #778, 2.000000000000001776 ) ;
#6088 = DIRECTION ( 'NONE',  ( 0.000000000000000000, 0.000000000000000000, 1.000000000000000000 ) ) ;
#6089 = FACE_OUTER_BOUND ( 'NONE', #4697, .T. ) ;
#6090 = CARTESIAN_POINT ( 'NONE',  ( 24.50000000000000711, 86.00000000000000000, -38.46815680934845005 ) ) ;
#6091 = ADVANCED_FACE ( 'NONE', ( #6749 ), #6084, .F. ) ;
#6092 = EDGE_CURVE ( 'NONE', #5447, #7255, #1183, .T. ) ;
#6093 = CARTESIAN_POINT ( 'NONE',  ( -4.500000000000000888, 9.499999999999994671, 26.59419916606945122 ) ) ;
#6094 = ORIENTED_EDGE ( 'NONE', *, *, #2954, .F. ) ;
#6095 = CARTESIAN_POINT ( 'NONE',  ( -15.70518321489603331, 6.323536634995983135E-15, -9.244541049937401667 ) ) ;
#6096 = CARTESIAN_POINT ( 'NONE',  ( -19.45064030267283783, 36.48528137423859619, 22.45064030267290889 ) ) ;
#6097 = ORIENTED_EDGE ( 'NONE', *, *, #5143, .F. ) ;
#6098 = FACE_OUTER_BOUND ( 'NONE', #3048, .T. ) ;
#6099 = ORIENTED_EDGE ( 'NONE', *, *, #1823, .T. ) ;
#6100 = CARTESIAN_POINT ( 'NONE',  ( 67.28297786947638315, 176.2589030271981869, -90.02695008619981820 ) ) ;
#6101 = LINE ( 'NONE', #8064, #8052 ) ;
#6102 = B_SPLINE_CURVE_WITH_KNOTS ( 'NONE', 3,
 ( #3728, #5130, #2420, #3765, #5734, #4979, #1811, #6462, #1159, #3848, #4408, #6422, #7125, #380, #4374, #505, #6341, #7038, #1119 ),
 .UNSPECIFIED., .F., .F.,
 ( 4, 2, 2, 1, 2, 2, 2, 2, 2, 4 ),
 ( 1.387778780781445521E-17, 0.001296037885999252147, 0.001944056828998896218, 0.002592075771998540289, 0.003240094714998184577, 0.003888113657997828432, 0.005184151543997089252, 0.006480189429996349205, 0.007776227315995608291, 0.01036830308799418024 ),
 .UNSPECIFIED. ) ;
#6103 = DIRECTION ( 'NONE',  ( -0.000000000000000000, 1.000000000000000000, -0.000000000000000000 ) ) ;
#6104 = VERTEX_POINT ( 'NONE', #4293 ) ;
#6105 = CARTESIAN_POINT ( 'NONE',  ( 60.07778636113653192, 158.7545743564814700, -74.62174133075049554 ) ) ;
#6106 = CARTESIAN_POINT ( 'NONE',  ( -3.408597778981008020, 52.13283804569450552, -39.16872150574103273 ) ) ;
#6107 = CARTESIAN_POINT ( 'NONE',  ( 23.74425346923881364, 9.509879833416226447, -6.299630403166124992 ) ) ;
#6108 = CARTESIAN_POINT ( 'NONE',  ( 132.2499999999988916, 229.9999999999999716, -102.0500000000013756 ) ) ;
#6109 = DIRECTION ( 'NONE',  ( 0.000000000000000000, -0.000000000000000000, 1.000000000000000000 ) ) ;
#6110 = CARTESIAN_POINT ( 'NONE',  ( 24.57196064623453324, 8.500000000000000000, -20.32931995911123835 ) ) ;
#6111 = DIRECTION ( 'NONE',  ( 0.000000000000000000, 0.000000000000000000, 1.000000000000000000 ) ) ;
#6112 = CARTESIAN_POINT ( 'NONE',  ( 4.938849362433376022, 9.770803289222230958, 26.63156445936786909 ) ) ;
#6113 = AXIS2_PLACEMENT_3D ( 'NONE', #329, #8135, #3004 ) ;
#6114 = CIRCLE ( 'NONE', #2405, 1.000000000000000888 ) ;
#6115 = EDGE_LOOP ( 'NONE', ( #4236, #1717, #6119, #8509, #6690, #3838, #7680, #4069 ) ) ;
#6116 = CARTESIAN_POINT ( 'NONE',  ( 13.69156586233404305, 82.09581399075923969, 46.97765280903898599 ) ) ;
#6117 = DIRECTION ( 'NONE',  ( -0.000000000000000000, -1.000000000000000000, -0.000000000000000000 ) ) ;
#6118 = ORIENTED_EDGE ( 'NONE', *, *, #8367, .T. ) ;
#6119 = ORIENTED_EDGE ( 'NONE', *, *, #1642, .T. ) ;
#6120 = DIRECTION ( 'NONE',  ( 0.000000000000000000, 0.000000000000000000, 1.000000000000000000 ) ) ;
#6121 = DIRECTION ( 'NONE',  ( 0.000000000000000000, 0.000000000000000000, 1.000000000000000000 ) ) ;
#6122 = CARTESIAN_POINT ( 'NONE',  ( -27.72472064656879809, 109.4247441004670520, -54.66568245633060741 ) ) ;
#6123 = CARTESIAN_POINT ( 'NONE',  ( 11.55521568074073357, 8.500000000000023093, 26.41826139856567224 ) ) ;
#6124 = VERTEX_POINT ( 'NONE', #5496 ) ;
#6125 = LINE ( 'NONE', #2916, #317 ) ;
#6126 = DIRECTION ( 'NONE',  ( 0.000000000000000000, 0.000000000000000000, 1.000000000000000000 ) ) ;
#6127 = EDGE_LOOP ( 'NONE', ( #2090, #3894, #5831, #4459, #812 ) ) ;
#6128 = AXIS2_PLACEMENT_3D ( 'NONE', #5226, #8515, #2743 ) ;
#6129 = DIRECTION ( 'NONE',  ( 0.000000000000000000, 0.000000000000000000, 1.000000000000000000 ) ) ;
#6130 = DIRECTION ( 'NONE',  ( -1.000000000000000000, -0.000000000000000000, -0.000000000000000000 ) ) ;
#6131 = DIRECTION ( 'NONE',  ( 0.9438514093265258920, -0.3303702727430709585, 0.000000000000000000 ) ) ;
#6132 = ADVANCED_FACE ( 'NONE', ( #3638 ), #2119, .F. ) ;
#6133 = B_SPLINE_CURVE_WITH_KNOTS ( 'NONE', 3,
 ( #6107, #3314, #709, #661, #2057, #2101, #2146, #6773, #87, #4701, #3402, #7900, #7291, #4143, #1320, #3355, #2802, #1456, #6679, #2661, #179, #802, #1960, #5284, #4101, #751, #6726, #7943, #2757, #3451, #5377, #2010, #4742, #8028, #4003, #7377, #6063, #133 ),
 .UNSPECIFIED., .F., .F.,
 ( 4, 2, 1, 2, 2, 2, 2, 2, 2, 2, 2, 2, 2, 2, 2, 2, 2, 1, 2, 4 ),
 ( -6.000000000088489260E-08, 0.0004787298942631013987, 0.0009575197885262037422, 0.001915099577052406044, 0.003830259154104811298, 0.005745418731157217636, 0.007660578308209622239, 0.01149089746231442971, 0.01340605703936683518, 0.01436363682789303271, 0.01532121661641923198, 0.01915153577052403078, 0.02106669534757642584, 0.02298185492462882090, 0.02681217407873361103, 0.02872733365578600609, 0.02968491344431220536, 0.03016370333857529978, 0.03040309828570685047, 0.03064249323283839768 ),
 .UNSPECIFIED. ) ;
#6134 = FACE_OUTER_BOUND ( 'NONE', #4804, .T. ) ;
#6135 = AXIS2_PLACEMENT_3D ( 'NONE', #8076, #4237, #949 ) ;
#6136 = CARTESIAN_POINT ( 'NONE',  ( -38.99413009787164697, 8.500000000000001776, -3.501413174003793927 ) ) ;
#6137 = AXIS2_PLACEMENT_3D ( 'NONE', #160, #2643, #3338 ) ;
#6138 = CARTESIAN_POINT ( 'NONE',  ( 104.7500000000000000, 229.9999999999999716, 132.2500000000000000 ) ) ;
#6139 = CIRCLE ( 'NONE', #3384, 4.999999999999976907 ) ;
#6140 = CARTESIAN_POINT ( 'NONE',  ( -132.2500000000000000, 229.9999999999999716, -4.999999999999542588 ) ) ;
#6141 = ORIENTED_EDGE ( 'NONE', *, *, #235, .F. ) ;
#6142 = FACE_OUTER_BOUND ( 'NONE', #8164, .T. ) ;
#6143 = CARTESIAN_POINT ( 'NONE',  ( -104.7500000000000000, 229.9999999999999716, -127.2500000000000000 ) ) ;
#6144 = VECTOR ( 'NONE', #8369, 1000.000000000000000 ) ;
#6145 = ORIENTED_EDGE ( 'NONE', *, *, #6741, .T. ) ;
#6146 = EDGE_CURVE ( 'NONE', #6380, #6785, #2078, .T. ) ;
#6147 = ORIENTED_EDGE ( 'NONE', *, *, #3088, .T. ) ;
#6148 = CARTESIAN_POINT ( 'NONE',  ( -24.24215887472074726, 59.90355383221777430, -40.73464390402991597 ) ) ;
#6149 = CARTESIAN_POINT ( 'NONE',  ( 132.2499999999988916, 229.9999999999999716, -109.7500000000013927 ) ) ;
#6150 = AXIS2_PLACEMENT_3D ( 'NONE', #4736, #746, #6153 ) ;
#6151 = CARTESIAN_POINT ( 'NONE',  ( 64.27137399885312163, 179.2885185728770807, -94.59652708758640927 ) ) ;
#6152 = VECTOR ( 'NONE', #131, 1000.000000000000000 ) ;
#6153 = DIRECTION ( 'NONE',  ( 0.000000000000000000, 0.000000000000000000, 1.000000000000000000 ) ) ;
#6154 = ORIENTED_EDGE ( 'NONE', *, *, #1777, .F. ) ;
#6155 = CARTESIAN_POINT ( 'NONE',  ( -21.44571146980216270, 9.681175370480545439, -16.26103817158383080 ) ) ;
#6156 = EDGE_CURVE ( 'NONE', #5194, #14, #195, .T. ) ;
#6157 = EDGE_CURVE ( 'NONE', #6840, #4153, #5445, .T. ) ;
#6158 = CARTESIAN_POINT ( 'NONE',  ( -2.500000000000026645, 56.40340286106958700, -39.75000000000000000 ) ) ;
#6159 = VERTEX_POINT ( 'NONE', #7533 ) ;
#6160 = CARTESIAN_POINT ( 'NONE',  ( 0.000000000000000000, 227.4999999999999716, 132.2500000000000000 ) ) ;
#6161 = VECTOR ( 'NONE', #7394, 1000.000000000000000 ) ;
#6162 = CIRCLE ( 'NONE', #7128, 2.700000000000008171 ) ;
#6163 = LINE ( 'NONE', #8318, #6529 ) ;
#6164 = FACE_OUTER_BOUND ( 'NONE', #7237, .T. ) ;
#6165 = EDGE_LOOP ( 'NONE', ( #4903, #1213, #1499, #5779 ) ) ;
#6166 = ORIENTED_EDGE ( 'NONE', *, *, #3061, .T. ) ;
#6167 = CARTESIAN_POINT ( 'NONE',  ( -24.13152009180823043, 48.70565419847397237, -3.669772979168518745 ) ) ;
#6168 = DIRECTION ( 'NONE',  ( -0.000000000000000000, 1.000000000000000000, -0.000000000000000000 ) ) ;
#6169 = VERTEX_POINT ( 'NONE', #4814 ) ;
#6170 = AXIS2_PLACEMENT_3D ( 'NONE', #2545, #4451, #2632 ) ;
#6171 = ORIENTED_EDGE ( 'NONE', *, *, #2309, .T. ) ;
#6172 = CARTESIAN_POINT ( 'NONE',  ( -3.186623607257672575, 56.12265235458093571, 39.67102075680559636 ) ) ;
#6173 = FACE_BOUND ( 'NONE', #7257, .T. ) ;
#6174 = DIRECTION ( 'NONE',  ( -0.000000000000000000, 1.000000000000000000, -0.000000000000000000 ) ) ;
#6175 = CARTESIAN_POINT ( 'NONE',  ( 24.74420466249360118, 8.500000000000000000, -4.500000000000000888 ) ) ;
#6176 = ORIENTED_EDGE ( 'NONE', *, *, #2785, .F. ) ;
#6177 = ORIENTED_EDGE ( 'NONE', *, *, #4949, .T. ) ;
#6178 = DIRECTION ( 'NONE',  ( 1.000000000000000000, -0.000000000000000000, -0.000000000000000000 ) ) ;
#6179 = VERTEX_POINT ( 'NONE', #7447 ) ;
#6180 = CARTESIAN_POINT ( 'NONE',  ( -29.97916155582682407, 111.1976355002676797, -52.34869508549666506 ) ) ;
#6181 = CARTESIAN_POINT ( 'NONE',  ( -66.78805380407855807, 176.2592095367126035, -90.63562317595093987 ) ) ;
#6182 = CARTESIAN_POINT ( 'NONE',  ( -4.938849362433380463, 9.499999999999994671, -26.59419916606944057 ) ) ;
#6183 = CARTESIAN_POINT ( 'NONE',  ( 10.30224642694179593, 8.500000000000003553, -26.87268630464292585 ) ) ;
#6184 = B_SPLINE_CURVE_WITH_KNOTS ( 'NONE', 3,
 ( #601, #3263, #5828, #5229, #1305, #3828, #5907 ),
 .UNSPECIFIED., .F., .F.,
 ( 4, 3, 4 ),
 ( -0.1123656909358419775, -0.1095036825990718110, -0.03796760183743444483 ),
 .UNSPECIFIED. ) ;
#6185 = DIRECTION ( 'NONE',  ( 0.000000000000000000, 0.000000000000000000, 1.000000000000000000 ) ) ;
#6186 = EDGE_CURVE ( 'NONE', #6124, #5829, #1527, .T. ) ;
#6187 = CARTESIAN_POINT ( 'NONE',  ( -13.58996270211882873, 5.471864023437076233E-15, -12.13567189905954180 ) ) ;
#6188 = CARTESIAN_POINT ( 'NONE',  ( -3.671572875253810153, 56.53622668406842422, 39.78736529329842142 ) ) ;
#6189 = ORIENTED_EDGE ( 'NONE', *, *, #5554, .F. ) ;
#6190 = ORIENTED_EDGE ( 'NONE', *, *, #811, .F. ) ;
#6191 = CARTESIAN_POINT ( 'NONE',  ( 23.21160019602674396, 8.499999999997674749, -10.76488271300973665 ) ) ;
#6192 = DIRECTION ( 'NONE',  ( 0.000000000000000000, 0.000000000000000000, 1.000000000000000000 ) ) ;
#6193 = EDGE_CURVE ( 'NONE', #3886, #4383, #4225, .T. ) ;
#6194 = CARTESIAN_POINT ( 'NONE',  ( -35.42124542124543041, 108.3333333333333570, 54.35865256890311770 ) ) ;
#6195 = CARTESIAN_POINT ( 'NONE',  ( 11.85747494681107916, 0.9999999999999976685, 14.07935099051024785 ) ) ;
#6196 = VERTEX_POINT ( 'NONE', #6310 ) ;
#6197 = CARTESIAN_POINT ( 'NONE',  ( 40.45946519827176502, 8.500000000000000000, -2.500000000000000000 ) ) ;
#6198 = LINE ( 'NONE', #132, #8159 ) ;
#6199 = ORIENTED_EDGE ( 'NONE', *, *, #5930, .F. ) ;
#6200 = CARTESIAN_POINT ( 'NONE',  ( 3.671572875253809265, 56.53622668406841001, 39.78736529329843563 ) ) ;
#6201 =( BOUNDED_SURFACE ( )  B_SPLINE_SURFACE ( 3, 2, ( 
 ( #7669, #2393, #388 ),
 ( #6978, #1747, #2354 ),
 ( #4905, #972, #349 ),
 ( #258, #8243, #4988 ),
 ( #7015, #3022, #3608 ),
 ( #6938, #4301, #2974 ),
 ( #8193, #2313, #1093 ),
 ( #2263, #3736, #7633 ),
 ( #1707, #3651, #8350 ),
 ( #7548, #6317, #930 ),
 ( #4263, #4342, #1055 ),
 ( #6894, #8279, #6229 ),
 ( #4953, #6350, #424 ),
 ( #3700, #2926, #3089 ),
 ( #5544, #300, #5700 ),
 ( #1783, #2429, #5069 ),
 ( #6851, #3571, #3895 ),
 ( #7047, #2556, #4416 ),
 ( #8428, #7137, #7833 ),
 ( #6510, #2510, #5222 ),
 ( #7876, #1897, #5185 ),
 ( #8550, #8469, #2469 ),
 ( #3129, #1297, #5901 ),
 ( #3858, #4549, #1129 ),
 ( #3938, #3773, #5780 ),
 ( #593, #7172, #3170 ),
 ( #1255, #5140, #7788 ),
 ( #6471, #5861, #1857 ),
 ( #1218, #7922, #8510 ),
 ( #3211, #2598, #640 ) ),
 .UNSPECIFIED., .F., .F., .F. ) 
 B_SPLINE_SURFACE_WITH_KNOTS ( ( 4, 2, 2, 2, 2, 2, 2, 2, 2, 2, 2, 2, 2, 2, 4 ),
 ( 3, 3 ),
 ( -6.938893903907228378E-18, 0.004020129209460757656, 0.006030193814191139520, 0.008040258418921522252, 0.01206038762838228598, 0.01407045223311266871, 0.01507548453547786008, 0.01608051683784305144, 0.02010064604730381344, 0.02211071065203419617, 0.02311574295439938753, 0.02412077525676457890, 0.02814090446622534436, 0.03015096907095572709, 0.03216103367568610982 ),
 ( 0.000000000000000000, 1.000000000000000000 ),
 .UNSPECIFIED. ) 
 GEOMETRIC_REPRESENTATION_ITEM ( )  RATIONAL_B_SPLINE_SURFACE ( (
 ( 1.000000000000000000, 0.7036050620141166556, 1.000000000000000000),
 ( 1.000000000000000000, 0.6950866112261212537, 1.000000000000000000),
 ( 1.000000000000000000, 0.6867314138705112869, 1.000000000000000000),
 ( 1.000000000000000000, 0.6744902967800795457, 1.000000000000000000),
 ( 1.000000000000000000, 0.6704587897549313391, 1.000000000000000000),
 ( 1.000000000000000000, 0.6625080527902350580, 1.000000000000000000),
 ( 1.000000000000000000, 0.6585776959175001499, 1.000000000000000000),
 ( 1.000000000000000000, 0.6470594485846166144, 1.000000000000000000),
 ( 1.000000000000000000, 0.6398916484768201185, 1.000000000000000000),
 ( 1.000000000000000000, 0.6300134938709204269, 1.000000000000000000),
 ( 1.000000000000000000, 0.6268674309958688351, 1.000000000000000000),
 ( 1.000000000000000000, 0.6223930011618443725, 1.000000000000000000),
 ( 1.000000000000000000, 0.6209423900182027278, 1.000000000000000000),
 ( 1.000000000000000000, 0.6181282173423947590, 1.000000000000000000),
 ( 1.000000000000000000, 0.6167612519303889984, 1.000000000000000000),
 ( 1.000000000000000000, 0.6102307936586661707, 1.000000000000000000),
 ( 1.000000000000000000, 0.6059285190569763113, 1.000000000000000000),
 ( 1.000000000000000000, 0.6009860031705067662, 1.000000000000000000),
 ( 1.000000000000000000, 0.5995917015822859186, 1.000000000000000000),
 ( 1.000000000000000000, 0.5979101778338270501, 1.000000000000000000),
 ( 1.000000000000000000, 0.5974168788013817233, 1.000000000000000000),
 ( 1.000000000000000000, 0.5965806900162494708, 1.000000000000000000),
 ( 1.000000000000000000, 0.5962375179144973059, 1.000000000000000000),
 ( 1.000000000000000000, 0.5948934470823894483, 1.000000000000000000),
 ( 1.000000000000000000, 0.5950011754483663928, 1.000000000000000000),
 ( 1.000000000000000000, 0.5969667570056617079, 1.000000000000000000),
 ( 1.000000000000000000, 0.5979306431261259824, 1.000000000000000000),
 ( 1.000000000000000000, 0.6004441651922503009, 1.000000000000000000),
 ( 1.000000000000000000, 0.6019911068226708739, 1.000000000000000000),
 ( 1.000000000000000000, 0.6038198037402199292, 1.000000000000000000) ) ) 
 REPRESENTATION_ITEM ( '' )  SURFACE ( )  );
#6202 = ADVANCED_FACE ( 'NONE', ( #5057 ), #3805, .F. ) ;
#6203 = EDGE_CURVE ( 'NONE', #3084, #5447, #341, .T. ) ;
#6204 = VERTEX_POINT ( 'NONE', #1775 ) ;
#6205 = CARTESIAN_POINT ( 'NONE',  ( -24.15104534499268141, 50.68183126515348391, -4.138765292532053053 ) ) ;
#6206 = DIRECTION ( 'NONE',  ( -0.000000000000000000, 1.000000000000000000, -0.000000000000000000 ) ) ;
#6207 = ORIENTED_EDGE ( 'NONE', *, *, #2005, .F. ) ;
#6208 = VERTEX_POINT ( 'NONE', #7075 ) ;
#6209 = CARTESIAN_POINT ( 'NONE',  ( -24.72907807671451152, 86.46845179732630982, 39.93519832322808583 ) ) ;
#6210 = CARTESIAN_POINT ( 'NONE',  ( -2.500000000000003997, 56.26542339484619504, 39.75000000000000000 ) ) ;
#6211 = VECTOR ( 'NONE', #5913, 1000.000000000000000 ) ;
#6212 = CARTESIAN_POINT ( 'NONE',  ( -40.45946519826449617, 8.500000000000000000, -2.761846582080222934 ) ) ;
#6213 = CARTESIAN_POINT ( 'NONE',  ( -21.29321482928737908, 8.499999999999998224, -18.44613570533162061 ) ) ;
#6214 = EDGE_CURVE ( 'NONE', #2673, #6275, #6102, .T. ) ;
#6215 = VERTEX_POINT ( 'NONE', #6379 ) ;
#6216 = AXIS2_PLACEMENT_3D ( 'NONE', #1872, #1267, #7845 ) ;
#6217 = CYLINDRICAL_SURFACE ( 'NONE', #5154, 5.000000000000004441 ) ;
#6218 = CYLINDRICAL_SURFACE ( 'NONE', #3195, 10.99999999999999645 ) ;
#6219 = EDGE_LOOP ( 'NONE', ( #8137, #4868, #3526, #6548 ) ) ;
#6220 = CARTESIAN_POINT ( 'NONE',  ( -53.34639103934644311, 158.9823070283640050, -81.99728655465544591 ) ) ;
#6221 = ORIENTED_EDGE ( 'NONE', *, *, #6540, .F. ) ;
#6222 = CARTESIAN_POINT ( 'NONE',  ( -32.94983041568480786, 119.4999999999999858, 57.50000000000000000 ) ) ;
#6223 = CARTESIAN_POINT ( 'NONE',  ( 23.74425346923881364, 9.509879833416226447, -6.299630403166124992 ) ) ;
#6224 = CARTESIAN_POINT ( 'NONE',  ( -39.64269833733995085, 8.500000000000000000, -4.099333677528235853 ) ) ;
#6225 = CARTESIAN_POINT ( 'NONE',  ( -128.6499999999999773, 0.000000000000000000, 128.6499999999999773 ) ) ;
#6226 = B_SPLINE_CURVE_WITH_KNOTS ( 'NONE', 3,
 ( #2486, #4364, #6334, #1768, #3075, #5608, #3148, #1647, #320, #532, #3186, #5798, #7761, #8444, #2526, #4482, #1834, #7112, #1198, #3837, #6451, #866 ),
 .UNSPECIFIED., .F., .F.,
 ( 4, 2, 2, 2, 2, 2, 2, 2, 2, 2, 4 ),
 ( -3.405147187874095293E-05, 0.001638203275737667259, 0.003310458023354075248, 0.004982712770970483020, 0.006654967518586891659, 0.007491094892395098147, 0.008327222266203306369, 0.009999477013819714141, 0.01083560438762792670, 0.01167173176143613926, 0.01334398650905258346 ),
 .UNSPECIFIED. ) ;
#6227 = ORIENTED_EDGE ( 'NONE', *, *, #2408, .F. ) ;
#6228 = ORIENTED_EDGE ( 'NONE', *, *, #5818, .F. ) ;
#6229 = CARTESIAN_POINT ( 'NONE',  ( -20.33602100129195378, 8.500000000000003553, 19.81073329199683997 ) ) ;
#6230 = CARTESIAN_POINT ( 'NONE',  ( -24.74420466249360118, 9.500000000000001776, 3.500000000000000000 ) ) ;
#6231 = CARTESIAN_POINT ( 'NONE',  ( 72.36140853565639475, 183.8738916122411808, -97.44157859951040734 ) ) ;
#6232 = ORIENTED_EDGE ( 'NONE', *, *, #5143, .T. ) ;
#6233 = CARTESIAN_POINT ( 'NONE',  ( -23.71329777707624586, 6.376812704455089076, -4.981994184909032342 ) ) ;
#6234 = CARTESIAN_POINT ( 'NONE',  ( 23.06323110358153627, 8.500000000001747935, -11.38606178324764429 ) ) ;
#6235 = CARTESIAN_POINT ( 'NONE',  ( -24.16567402470231940, 52.16241956205063701, 3.278910863858246483 ) ) ;
#6236 = DIRECTION ( 'NONE',  ( 0.000000000000000000, 1.000000000000000000, 0.000000000000000000 ) ) ;
#6237 = LINE ( 'NONE', #5708, #5583 ) ;
#6238 = CARTESIAN_POINT ( 'NONE',  ( 18.12301564693408196, 0.9999999999999952260, -1.999931296504957601 ) ) ;
#6239 = EDGE_LOOP ( 'NONE', ( #3650, #8560, #4585, #2110 ) ) ;
#6240 = LINE ( 'NONE', #2477, #4926 ) ;
#6241 = DIRECTION ( 'NONE',  ( -0.000000000000000000, 1.000000000000000000, -0.000000000000000000 ) ) ;
#6242 = EDGE_LOOP ( 'NONE', ( #283, #1637, #5272, #4058 ) ) ;
#6243 = EDGE_CURVE ( 'NONE', #7364, #8161, #8340, .T. ) ;
#6244 = DIRECTION ( 'NONE',  ( 0.000000000000000000, -0.000000000000000000, 1.000000000000000000 ) ) ;
#6245 = DIRECTION ( 'NONE',  ( -0.009879833416224214140, 0.9999511932547846538, 0.000000000000000000 ) ) ;
#6246 = VECTOR ( 'NONE', #7480, 1000.000000000000000 ) ;
#6247 = ORIENTED_EDGE ( 'NONE', *, *, #6741, .F. ) ;
#6248 = CARTESIAN_POINT ( 'NONE',  ( -24.23177876883821469, 52.83478489955949442, -2.499999999999997780 ) ) ;
#6249 = DIRECTION ( 'NONE',  ( 0.000000000000000000, 1.000000000000000000, 0.000000000000000000 ) ) ;
#6250 = ORIENTED_EDGE ( 'NONE', *, *, #6345, .T. ) ;
#6251 = ORIENTED_EDGE ( 'NONE', *, *, #5416, .T. ) ;
#6252 = CARTESIAN_POINT ( 'NONE',  ( 3.620162371184654670, 50.28166195271050043, 38.02786432157079588 ) ) ;
#6253 = CYLINDRICAL_SURFACE ( 'NONE', #8450, 1.000000000000000888 ) ;
#6254 = DIRECTION ( 'NONE',  ( 0.000000000000000000, -0.9626347067015713632, -0.2708032892222318466 ) ) ;
#6255 = ADVANCED_FACE ( 'NONE', ( #5015 ), #561, .F. ) ;
#6256 = ADVANCED_FACE ( 'NONE', ( #7252 ), #1967, .F. ) ;
#6257 = CARTESIAN_POINT ( 'NONE',  ( -24.50000000000000711, 86.00000000000000000, 139.6500000000000057 ) ) ;
#6258 = CARTESIAN_POINT ( 'NONE',  ( -1.291850474882823008, 1.000000000000002887, 18.47502297637317525 ) ) ;
#6259 = ORIENTED_EDGE ( 'NONE', *, *, #2934, .T. ) ;
#6260 = FACE_BOUND ( 'NONE', #1517, .T. ) ;
#6261 = ORIENTED_EDGE ( 'NONE', *, *, #5948, .F. ) ;
#6262 = DIRECTION ( 'NONE',  ( -0.000000000000000000, 0.000000000000000000, 1.000000000000000000 ) ) ;
#6263 = ORIENTED_EDGE ( 'NONE', *, *, #335, .T. ) ;
#6264 = AXIS2_PLACEMENT_3D ( 'NONE', #3028, #4745, #136 ) ;
#6265 = PRESENTATION_LAYER_ASSIGNMENT (  '', '', ( #5698 ) ) ;
#6266 = DIRECTION ( 'NONE',  ( -0.000000000000000000, 0.000000000000000000, -1.000000000000000000 ) ) ;
#6267 = EDGE_CURVE ( 'NONE', #7984, #6850, #4279, .T. ) ;
#6268 = CARTESIAN_POINT ( 'NONE',  ( 65.99364911583022320, 174.2983014798440706, -85.77743360292559771 ) ) ;
#6269 = CARTESIAN_POINT ( 'NONE',  ( 38.49107761429957719, 8.500000000000001776, 3.542336281473895898 ) ) ;
#6270 = EDGE_CURVE ( 'NONE', #3437, #6349, #7952, .T. ) ;
#6271 = CARTESIAN_POINT ( 'NONE',  ( -24.41383171847507327, 85.82379070519620257, 39.73612998050331413 ) ) ;
#6272 = DIRECTION ( 'NONE',  ( 0.000000000000000000, 0.000000000000000000, -1.000000000000000000 ) ) ;
#6273 = AXIS2_PLACEMENT_3D ( 'NONE', #2602, #3296, #7836 ) ;
#6274 = EDGE_LOOP ( 'NONE', ( #3948, #6770, #7, #6487, #2995 ) ) ;
#6275 = VERTEX_POINT ( 'NONE', #3364 ) ;
#6276 = CARTESIAN_POINT ( 'NONE',  ( -18.51370253461190885, 87.41649213276018315, -38.72141519625035500 ) ) ;
#6277 = SPHERICAL_SURFACE ( 'NONE', #360, 1.000000000000000000 ) ;
#6278 = VECTOR ( 'NONE', #6329, 1000.000000000000000 ) ;
#6279 = CARTESIAN_POINT ( 'NONE',  ( -36.23922253580853692, 8.500000000000000000, -36.23922253581054775 ) ) ;
#6280 = CARTESIAN_POINT ( 'NONE',  ( -24.61147325761951166, 97.28235793830015155, -51.24985079263724685 ) ) ;
#6281 = CARTESIAN_POINT ( 'NONE',  ( 20.47369384438658457, 9.706187679055993556, -17.91013637877069442 ) ) ;
#6282 = CIRCLE ( 'NONE', #2527, 5.000000000000004441 ) ;
#6283 = CARTESIAN_POINT ( 'NONE',  ( -24.26390638955268741, 52.63319827097846115, 2.775968010032515032 ) ) ;
#6284 = CIRCLE ( 'NONE', #3673, 10.99999999999999645 ) ;
#6285 = CARTESIAN_POINT ( 'NONE',  ( 107.4499999999999886, 227.4999999999999716, -132.2500000000000000 ) ) ;
#6286 = CARTESIAN_POINT ( 'NONE',  ( -29.96062271062272586, 97.16666666666667140, 51.21730513780624250 ) ) ;
#6287 = CARTESIAN_POINT ( 'NONE',  ( 16.96421089549374983, 0.9999999999999956701, 6.772085143679268171 ) ) ;
#6288 = ORIENTED_EDGE ( 'NONE', *, *, #3, .F. ) ;
#6289 = VECTOR ( 'NONE', #646, 1000.000000000000000 ) ;
#6290 = CARTESIAN_POINT ( 'NONE',  ( 22.14740554396824734, 84.86812454931877880, -44.59212677861626162 ) ) ;
#6291 = CARTESIAN_POINT ( 'NONE',  ( -68.91092437394596004, 176.9199509650190407, 86.88283837674049437 ) ) ;
#6292 = ORIENTED_EDGE ( 'NONE', *, *, #4116, .T. ) ;
#6293 = CARTESIAN_POINT ( 'NONE',  ( 24.74420466249360118, 9.500000000000008882, 139.6500000000000057 ) ) ;
#6294 = VECTOR ( 'NONE', #863, 1000.000000000000000 ) ;
#6295 = CARTESIAN_POINT ( 'NONE',  ( -132.2499999999996589, 227.4999999999999716, 99.75000000000045475 ) ) ;
#6296 = VECTOR ( 'NONE', #2144, 1000.000000000000114 ) ;
#6297 = LINE ( 'NONE', #1194, #6144 ) ;
#6298 = EDGE_CURVE ( 'NONE', #5617, #5085, #8537, .T. ) ;
#6299 = ORIENTED_EDGE ( 'NONE', *, *, #7704, .T. ) ;
#6300 = DIRECTION ( 'NONE',  ( -0.000000000000000000, 1.000000000000000000, -0.000000000000000000 ) ) ;
#6301 = CARTESIAN_POINT ( 'NONE',  ( -39.75000000000000000, 9.500000000000001776, -3.500000000000000000 ) ) ;
#6302 = VERTEX_POINT ( 'NONE', #2538 ) ;
#6303 = ORIENTED_EDGE ( 'NONE', *, *, #1684, .T. ) ;
#6304 = CARTESIAN_POINT ( 'NONE',  ( 7.450204390642575447, 8.500000000004648726, 26.11888640622953517 ) ) ;
#6305 = CARTESIAN_POINT ( 'NONE',  ( 132.2499999999988916, 229.9999999999999716, -109.7500000000013927 ) ) ;
#6306 = CIRCLE ( 'NONE', #933, 2.700000000000008171 ) ;
#6307 = CARTESIAN_POINT ( 'NONE',  ( 128.6499999999999773, 222.4999999999999716, -128.6499999999999773 ) ) ;
#6308 = CARTESIAN_POINT ( 'NONE',  ( 18.51370253461190174, 87.41649213276018315, -19.36070759812522368 ) ) ;
#6309 = ADVANCED_FACE ( 'NONE', ( #3968 ), #1792, .T. ) ;
#6310 = CARTESIAN_POINT ( 'NONE',  ( -104.7500000000000000, 227.4999999999999716, -134.9500000000000171 ) ) ;
#6311 = VERTEX_POINT ( 'NONE', #6825 ) ;
#6312 = LINE ( 'NONE', #382, #2562 ) ;
#6313 = CARTESIAN_POINT ( 'NONE',  ( -23.74425346923881364, 9.509879833416237105, 139.6500000000000057 ) ) ;
#6314 = DIRECTION ( 'NONE',  ( 0.000000000000000000, 0.000000000000000000, 1.000000000000000000 ) ) ;
#6315 = EDGE_CURVE ( 'NONE', #4366, #8549, #4913, .T. ) ;
#6316 = EDGE_CURVE ( 'NONE', #6361, #3927, #2765, .T. ) ;
#6317 = CARTESIAN_POINT ( 'NONE',  ( -20.25728235093776064, 8.500000000001152856, 17.77687129044691972 ) ) ;
#6318 = CARTESIAN_POINT ( 'NONE',  ( -16.59213052314856185, 0.9999999999999991118, -7.660653862246375567 ) ) ;
#6319 = CARTESIAN_POINT ( 'NONE',  ( 73.71289948719800122, 186.6376146816858181, -91.92211915241215081 ) ) ;
#6320 = CARTESIAN_POINT ( 'NONE',  ( 34.56829920774870857, 121.7292155143072847, 58.88314438431467579 ) ) ;
#6321 = CARTESIAN_POINT ( 'NONE',  ( -24.15402589228055064, 50.98349645438209166, 4.062283021597041355 ) ) ;
#6322 = DIRECTION ( 'NONE',  ( -4.026401060382563240E-16, -1.000000000000000000, -0.000000000000000000 ) ) ;
#6323 = LINE ( 'NONE', #2564, #597 ) ;
#6324 = CARTESIAN_POINT ( 'NONE',  ( -24.17567898490996470, 53.17503500571874753, -2.500000000000000000 ) ) ;
#6325 = CARTESIAN_POINT ( 'NONE',  ( 17.57173621264044172, 0.9999999999999954481, -4.922285077681817000 ) ) ;
#6326 = ORIENTED_EDGE ( 'NONE', *, *, #5248, .T. ) ;
#6327 = CARTESIAN_POINT ( 'NONE',  ( -128.6499999999999773, 229.9999999999999716, -128.6499999999999773 ) ) ;
#6328 = DIRECTION ( 'NONE',  ( -0.000000000000000000, 1.000000000000000000, -0.000000000000000000 ) ) ;
#6329 = DIRECTION ( 'NONE',  ( -0.000000000000000000, 1.000000000000000000, -0.000000000000000000 ) ) ;
#6330 = CARTESIAN_POINT ( 'NONE',  ( -132.2500000000003695, 222.4999999999999716, -107.4499999999995481 ) ) ;
#6331 = FACE_OUTER_BOUND ( 'NONE', #2698, .T. ) ;
#6332 = CARTESIAN_POINT ( 'NONE',  ( 24.17060556813291328, 52.66154768803095720, 3.005852317760590697 ) ) ;
#6333 = DIRECTION ( 'NONE',  ( 1.000000000000000000, 0.000000000000000000, 0.000000000000000000 ) ) ;
#6334 = CARTESIAN_POINT ( 'NONE',  ( -16.61380348659106687, 85.62571112662949702, 47.91747367105304534 ) ) ;
#6335 = ORIENTED_EDGE ( 'NONE', *, *, #5311, .F. ) ;
#6336 = DIRECTION ( 'NONE',  ( 1.000000000000000000, 0.000000000000000000, 0.000000000000000000 ) ) ;
#6337 = CARTESIAN_POINT ( 'NONE',  ( 2.500000000000000000, 8.500000000000000000, -40.75000000000000000 ) ) ;
#6338 = CARTESIAN_POINT ( 'NONE',  ( 3.500000000000000000, 56.26542339484620214, 40.75000000000000000 ) ) ;
#6339 = EDGE_CURVE ( 'NONE', #1846, #779, #7393, .T. ) ;
#6340 = CARTESIAN_POINT ( 'NONE',  ( 18.11849467092550015, -7.295232615555027092E-15, -1.982339777569379624 ) ) ;
#6341 = CARTESIAN_POINT ( 'NONE',  ( 114.0847343238782514, 222.5000000000000568, -121.3224544408309384 ) ) ;
#6342 = ORIENTED_EDGE ( 'NONE', *, *, #1051, .F. ) ;
#6343 = EDGE_LOOP ( 'NONE', ( #6348, #3905, #4187, #6073 ) ) ;
#6344 = CARTESIAN_POINT ( 'NONE',  ( -24.15158354147240516, 50.73630285282351338, 4.500000000000002665 ) ) ;
#6345 = EDGE_CURVE ( 'NONE', #2342, #650, #432, .T. ) ;
#6346 = CARTESIAN_POINT ( 'NONE',  ( 36.23922253581056907, 36.48528137423857487, 36.23922253581257991 ) ) ;
#6347 = CIRCLE ( 'NONE', #1805, 2.700000000000008171 ) ;
#6348 = ORIENTED_EDGE ( 'NONE', *, *, #1770, .F. ) ;
#6349 = VERTEX_POINT ( 'NONE', #1646 ) ;
#6350 = CARTESIAN_POINT ( 'NONE',  ( -19.13508114222663892, 8.499999999998856026, 19.30167603554353306 ) ) ;
#6351 = CARTESIAN_POINT ( 'NONE',  ( 5.620151896871755426, 8.500000000000001776, -27.59419916606945122 ) ) ;
#6352 = CARTESIAN_POINT ( 'NONE',  ( 42.23335908340971656, 122.2637230694445947, -51.98054055290170083 ) ) ;
#6353 = CARTESIAN_POINT ( 'NONE',  ( 23.73427553772388165, 8.499999999999994671, -6.299630403166123216 ) ) ;
#6354 = EDGE_CURVE ( 'NONE', #5650, #4130, #6819, .T. ) ;
#6355 = DIRECTION ( 'NONE',  ( -0.000000000000000000, 1.000000000000000000, -0.000000000000000000 ) ) ;
#6356 = EDGE_CURVE ( 'NONE', #8257, #6104, #2863, .T. ) ;
#6357 = CARTESIAN_POINT ( 'NONE',  ( 132.2499999999988916, 227.4999999999999716, -107.4500000000013955 ) ) ;
#6358 = FACE_OUTER_BOUND ( 'NONE', #4038, .T. ) ;
#6359 = LINE ( 'NONE', #6945, #8478 ) ;
#6360 = CARTESIAN_POINT ( 'NONE',  ( 15.25471594622914040, 0.9999999999999963363, -10.13101916016949566 ) ) ;
#6361 = VERTEX_POINT ( 'NONE', #4193 ) ;
#6362 = DIRECTION ( 'NONE',  ( 0.000000000000000000, 0.000000000000000000, 1.000000000000000000 ) ) ;
#6363 = LINE ( 'NONE', #5714, #1384 ) ;
#6364 = CARTESIAN_POINT ( 'NONE',  ( 24.03001935087457497, 38.43262805141151262, -18.46332144932567232 ) ) ;
#6365 = ADVANCED_FACE ( 'NONE', ( #6688 ), #7706, .F. ) ;
#6366 = CARTESIAN_POINT ( 'NONE',  ( 23.74420466249360118, 9.500000000000008882, 4.500000000000000888 ) ) ;
#6367 = CARTESIAN_POINT ( 'NONE',  ( 0.000000000000000000, 8.500000000000000000, -27.59419916606945122 ) ) ;
#6368 = DIRECTION ( 'NONE',  ( -1.000000000000000000, 0.000000000000000000, 0.000000000000000000 ) ) ;
#6369 = DIRECTION ( 'NONE',  ( -0.000000000000000000, 1.000000000000000000, -0.000000000000000000 ) ) ;
#6370 = DIRECTION ( 'NONE',  ( 1.000000000000000000, -4.026401060382553872E-16, 0.000000000000000000 ) ) ;
#6371 = B_SPLINE_CURVE_WITH_KNOTS ( 'NONE', 3,
 ( #7378, #1457, #6727, #5423 ),
 .UNSPECIFIED., .F., .F.,
 ( 4, 4 ),
 ( 0.000000000000000000, 0.001316646152951476230 ),
 .UNSPECIFIED. ) ;
#6372 = ORIENTED_EDGE ( 'NONE', *, *, #703, .F. ) ;
#6373 = CARTESIAN_POINT ( 'NONE',  ( -23.69023861170320799, 9.539252532087864722, -7.909625376604870972 ) ) ;
#6374 = AXIS2_PLACEMENT_3D ( 'NONE', #3445, #2049, #7285 ) ;
#6375 = CARTESIAN_POINT ( 'NONE',  ( -40.45946519827175791, 9.500000000000001776, -2.500000000000000000 ) ) ;
#6376 = CARTESIAN_POINT ( 'NONE',  ( 16.56989435081572992, -6.671704018455146067E-15, -7.586364098844398995 ) ) ;
#6377 = CARTESIAN_POINT ( 'NONE',  ( 21.04241442868875822, 78.92943175304887404, -46.08690295456415953 ) ) ;
#6378 = ORIENTED_EDGE ( 'NONE', *, *, #1050, .F. ) ;
#6379 = CARTESIAN_POINT ( 'NONE',  ( -23.74425346923881364, 9.509879833416229999, 6.299630403166119663 ) ) ;
#6380 = VERTEX_POINT ( 'NONE', #4436 ) ;
#6381 = ADVANCED_FACE ( 'NONE', ( #7689 ), #5649, .F. ) ;
#6382 = ORIENTED_EDGE ( 'NONE', *, *, #1326, .T. ) ;
#6383 = CARTESIAN_POINT ( 'NONE',  ( -132.2499999999996589, 229.9999999999999716, 104.7500000000004547 ) ) ;
#6384 = CARTESIAN_POINT ( 'NONE',  ( -23.17881559517062584, 9.600572589236374910, 11.38257561903740189 ) ) ;
#6385 = DIRECTION ( 'NONE',  ( -0.000000000000000000, 0.2708032892222390076, 0.9626347067015693648 ) ) ;
#6386 = ORIENTED_EDGE ( 'NONE', *, *, #215, .T. ) ;
#6387 = VECTOR ( 'NONE', #248, 1000.000000000000000 ) ;
#6388 = ORIENTED_EDGE ( 'NONE', *, *, #8126, .F. ) ;
#6389 = EDGE_CURVE ( 'NONE', #5159, #366, #2849, .T. ) ;
#6390 = DIRECTION ( 'NONE',  ( -0.009879833416224212406, -0.9999511932547845428, 0.000000000000000000 ) ) ;
#6391 = CARTESIAN_POINT ( 'NONE',  ( 0.000000000000000000, 9.500000000000001776, 40.75000000000000000 ) ) ;
#6392 = CARTESIAN_POINT ( 'NONE',  ( 71.69794970882757923, 182.5171555843440387, -89.36552925578317286 ) ) ;
#6393 = CARTESIAN_POINT ( 'NONE',  ( -24.17060556813291328, 52.66154768803382069, 3.005852317761562364 ) ) ;
#6394 = DIRECTION ( 'NONE',  ( -0.000000000000000000, 1.000000000000000000, -0.000000000000000000 ) ) ;
#6395 = FACE_OUTER_BOUND ( 'NONE', #3600, .T. ) ;
#6396 = FACE_BOUND ( 'NONE', #5770, .T. ) ;
#6397 = ADVANCED_FACE ( 'NONE', ( #5007 ), #407, .F. ) ;
#6398 = CARTESIAN_POINT ( 'NONE',  ( 18.20358859669334706, 0.9999999999999952260, 1.000008714907279828 ) ) ;
#6399 = ORIENTED_EDGE ( 'NONE', *, *, #5991, .F. ) ;
#6400 = CARTESIAN_POINT ( 'NONE',  ( 62.49627132169542421, 177.6932981675496990, -93.60675282340613990 ) ) ;
#6401 = VECTOR ( 'NONE', #953, 1000.000000000000000 ) ;
#6402 = LINE ( 'NONE', #483, #678 ) ;
#6403 = AXIS2_PLACEMENT_3D ( 'NONE', #7894, #3872, #8568 ) ;
#6404 = DIRECTION ( 'NONE',  ( 0.000000000000000000, 0.000000000000000000, -1.000000000000000000 ) ) ;
#6405 = VECTOR ( 'NONE', #5082, 1000.000000000000000 ) ;
#6406 = DIRECTION ( 'NONE',  ( -0.000000000000000000, 1.000000000000000000, -0.000000000000000000 ) ) ;
#6407 = CARTESIAN_POINT ( 'NONE',  ( 24.16243879437501718, 51.83497756076216945, 3.796958259171065997 ) ) ;
#6408 = TOROIDAL_SURFACE ( 'NONE', #5853, 2.000000000000000000, 1.000000000000000000 ) ;
#6409 = ADVANCED_FACE ( 'NONE', ( #6998 ), #3795, .F. ) ;
#6410 = EDGE_CURVE ( 'NONE', #563, #4919, #6984, .T. ) ;
#6411 = CARTESIAN_POINT ( 'NONE',  ( -24.74420466249360118, 9.500000000000001776, 4.500000000000000888 ) ) ;
#6412 = VERTEX_POINT ( 'NONE', #2449 ) ;
#6413 = CARTESIAN_POINT ( 'NONE',  ( 11.08424212516399621, 8.500000000003550937, 25.15200247785292831 ) ) ;
#6414 = CARTESIAN_POINT ( 'NONE',  ( -19.36660987513494447, 9.729045999057618133, -19.48750313971255110 ) ) ;
#6415 = CARTESIAN_POINT ( 'NONE',  ( -123.3893943698660678, 225.8777763949601365, -117.7805578485914424 ) ) ;
#6416 = CARTESIAN_POINT ( 'NONE',  ( 37.02669105163243302, 118.3608498870798940, -55.88490820387026048 ) ) ;
#6417 = CIRCLE ( 'NONE', #1472, 1.000000000000000888 ) ;
#6418 = CARTESIAN_POINT ( 'NONE',  ( 17.56083590531803651, -7.070696831037670076E-15, -4.877408961304958268 ) ) ;
#6419 = VECTOR ( 'NONE', #7120, 1000.000000000000000 ) ;
#6420 = CARTESIAN_POINT ( 'NONE',  ( 26.80284925802489937, 106.1682474263688505, 49.22814894435160227 ) ) ;
#6421 = CIRCLE ( 'NONE', #4505, 1.000000000000000888 ) ;
#6422 = CARTESIAN_POINT ( 'NONE',  ( 117.6666890112256993, 222.5000000000000568, -119.8531533612478910 ) ) ;
#6423 = ORIENTED_EDGE ( 'NONE', *, *, #5039, .T. ) ;
#6424 = CIRCLE ( 'NONE', #1611, 1.000000000000000888 ) ;
#6425 = EDGE_LOOP ( 'NONE', ( #2732, #4119, #6828, #5899 ) ) ;
#6426 = EDGE_LOOP ( 'NONE', ( #1385, #762, #1423, #2595 ) ) ;
#6427 = FACE_OUTER_BOUND ( 'NONE', #6426, .T. ) ;
#6428 = CARTESIAN_POINT ( 'NONE',  ( 39.15734744896236208, 8.500000000000000000, 3.438093536181428878 ) ) ;
#6429 = CARTESIAN_POINT ( 'NONE',  ( -17.70747031096820123, 9.754903154477828409, 21.40489897829402111 ) ) ;
#6430 = AXIS2_PLACEMENT_3D ( 'NONE', #11, #2679, #5989 ) ;
#6431 = AXIS2_PLACEMENT_3D ( 'NONE', #7877, #5902, #516 ) ;
#6432 = DIRECTION ( 'NONE',  ( 0.000000000000000000, -0.9626347067015692538, 0.2708032892222389520 ) ) ;
#6433 = ORIENTED_EDGE ( 'NONE', *, *, #5666, .F. ) ;
#6434 = ORIENTED_EDGE ( 'NONE', *, *, #5635, .F. ) ;
#6435 = CARTESIAN_POINT ( 'NONE',  ( 116.5567837939012463, 222.5000000000000568, 120.5459587834978947 ) ) ;
#6436 = DIRECTION ( 'NONE',  ( 1.000000000000000000, 0.000000000000000000, 0.000000000000000000 ) ) ;
#6437 = CYLINDRICAL_SURFACE ( 'NONE', #8046, 2.700000000000008171 ) ;
#6438 = CARTESIAN_POINT ( 'NONE',  ( -21.57579609854662905, 84.84449241476723103, -45.20085278544704011 ) ) ;
#6439 = ADVANCED_FACE ( 'NONE', ( #7029 ), #6954, .F. ) ;
#6440 = AXIS2_PLACEMENT_3D ( 'NONE', #4264, #834, #6895 ) ;
#6441 = FACE_OUTER_BOUND ( 'NONE', #4446, .T. ) ;
#6442 = CARTESIAN_POINT ( 'NONE',  ( 119.6307288578716879, 222.4999999999999716, 115.6847746359883615 ) ) ;
#6443 = CARTESIAN_POINT ( 'NONE',  ( -2.583404794687971240, 1.000000000000003553, -18.34198800857245359 ) ) ;
#6444 = VERTEX_POINT ( 'NONE', #3717 ) ;
#6445 = ORIENTED_EDGE ( 'NONE', *, *, #4379, .T. ) ;
#6446 = LINE ( 'NONE', #526, #8552 ) ;
#6447 = CARTESIAN_POINT ( 'NONE',  ( -22.77120721434441464, 82.46471587652450808, -47.08143033063677052 ) ) ;
#6448 = ADVANCED_FACE ( 'NONE', ( #6914 ), #992, .T. ) ;
#6449 = DIRECTION ( 'NONE',  ( 0.000000000000000000, 0.000000000000000000, -1.000000000000000000 ) ) ;
#6450 = FACE_OUTER_BOUND ( 'NONE', #4435, .T. ) ;
#6451 = CARTESIAN_POINT ( 'NONE',  ( -24.33690143115907389, 85.66647258956123778, 40.26624217900859293 ) ) ;
#6452 = VERTEX_POINT ( 'NONE', #1687 ) ;
#6453 = CARTESIAN_POINT ( 'NONE',  ( 128.6499999999999773, 229.9999999999999716, -128.6499999999999773 ) ) ;
#6454 = CARTESIAN_POINT ( 'NONE',  ( 20.91906208459842986, 8.499999999999996447, 19.01374062666240761 ) ) ;
#6455 = DIRECTION ( 'NONE',  ( 0.000000000000000000, 1.000000000000000000, 0.000000000000000000 ) ) ;
#6456 = CARTESIAN_POINT ( 'NONE',  ( -114.2834053784940238, 224.2325175850477308, -122.4825881002403491 ) ) ;
#6457 = CARTESIAN_POINT ( 'NONE',  ( -39.43483914830979131, 8.500000000000001776, 3.246305433290666453 ) ) ;
#6458 = CARTESIAN_POINT ( 'NONE',  ( 18.51370253461190174, 87.41649213276018315, 8.800321635511359375 ) ) ;
#6459 = ADVANCED_FACE ( 'NONE', ( #4321 ), #1109, .F. ) ;
#6460 = EDGE_CURVE ( 'NONE', #3512, #3607, #2674, .T. ) ;
#6461 = CARTESIAN_POINT ( 'NONE',  ( 43.87762324573100869, 140.3839097320548319, 70.45768053067854453 ) ) ;
#6462 = CARTESIAN_POINT ( 'NONE',  ( 118.8258859957752662, 222.4999999999998295, -118.5675732285355792 ) ) ;
#6463 = VERTEX_POINT ( 'NONE', #5797 ) ;
#6464 = ORIENTED_EDGE ( 'NONE', *, *, #3423, .F. ) ;
#6465 = VERTEX_POINT ( 'NONE', #5201 ) ;
#6466 = DIRECTION ( 'NONE',  ( -0.000000000000000000, 1.000000000000000000, -0.000000000000000000 ) ) ;
#6467 = CARTESIAN_POINT ( 'NONE',  ( 38.93230344375728436, 9.333619261603557149, 3.373786390243977973 ) ) ;
#6468 = EDGE_CURVE ( 'NONE', #54, #5723, #6695, .T. ) ;
#6469 = EDGE_LOOP ( 'NONE', ( #7738, #1141, #1441, #6576 ) ) ;
#6470 = ORIENTED_EDGE ( 'NONE', *, *, #7917, .T. ) ;
#6471 = CARTESIAN_POINT ( 'NONE',  ( -6.230476912905328568, 9.778936767882900227, 26.59948673681126152 ) ) ;
#6472 = CARTESIAN_POINT ( 'NONE',  ( 0.000000000000000000, 9.500000000000001776, 4.500000000000000888 ) ) ;
#6473 = CARTESIAN_POINT ( 'NONE',  ( 63.15835566115446653, 177.3252679654471251, 93.37840392486801022 ) ) ;
#6474 = DIRECTION ( 'NONE',  ( -0.000000000000000000, -1.000000000000000000, -0.000000000000000000 ) ) ;
#6475 = CARTESIAN_POINT ( 'NONE',  ( -116.9387650417037463, 222.5000000000000568, -120.3444775850425259 ) ) ;
#6476 = CARTESIAN_POINT ( 'NONE',  ( -69.00000000000000000, 177.0000000000000000, -85.94234171967497105 ) ) ;
#6477 = VECTOR ( 'NONE', #7518, 1000.000000000000000 ) ;
#6478 = CARTESIAN_POINT ( 'NONE',  ( -139.6500000000000057, 222.4999999999999716, -128.6499999999999773 ) ) ;
#6479 = EDGE_LOOP ( 'NONE', ( #920, #4450, #5644, #4967, #4375, #7842 ) ) ;
#6480 = CARTESIAN_POINT ( 'NONE',  ( 69.00000000000000000, 177.0000000000000000, 85.92752664624262593 ) ) ;
#6481 = ORIENTED_EDGE ( 'NONE', *, *, #4739, .F. ) ;
#6482 = CARTESIAN_POINT ( 'NONE',  ( -15.53356001624480065, 85.78081955052036278, 48.01429902534344762 ) ) ;
#6483 = CARTESIAN_POINT ( 'NONE',  ( -13.64746816378564098, 82.28044907250428253, -47.02959337080584845 ) ) ;
#6484 = AXIS2_PLACEMENT_3D ( 'NONE', #5328, #2613, #5277 ) ;
#6485 = CARTESIAN_POINT ( 'NONE',  ( -33.29635042316219540, 119.4861169322289953, 57.49138607859973860 ) ) ;
#6486 = DIRECTION ( 'NONE',  ( 0.000000000000000000, -0.000000000000000000, -1.000000000000000000 ) ) ;
#6487 = ORIENTED_EDGE ( 'NONE', *, *, #7606, .T. ) ;
#6488 = EDGE_CURVE ( 'NONE', #2467, #5368, #3804, .T. ) ;
#6489 = CARTESIAN_POINT ( 'NONE',  ( -6.212879073938752050, 8.500000000017793766, -26.26143144972301968 ) ) ;
#6490 = CARTESIAN_POINT ( 'NONE',  ( 23.21102411410766564, 8.499999999998827604, 10.76763710916366179 ) ) ;
#6491 = DIRECTION ( 'NONE',  ( 1.000000000000000000, 0.000000000000000000, 0.000000000000000000 ) ) ;
#6492 = CARTESIAN_POINT ( 'NONE',  ( 17.62568513037218310, 85.21182965811202337, 47.59584714776055847 ) ) ;
#6493 = DIRECTION ( 'NONE',  ( -0.000000000000000000, 1.000000000000000000, -0.000000000000000000 ) ) ;
#6494 = CARTESIAN_POINT ( 'NONE',  ( -38.66142681920376845, 8.500000000000000000, 3.554678142872937041 ) ) ;
#6495 = CARTESIAN_POINT ( 'NONE',  ( 18.51370253461190174, 87.41649213276018315, 38.72141519625029105 ) ) ;
#6496 = CARTESIAN_POINT ( 'NONE',  ( 104.7500000000000000, 227.4999999999999716, -132.2500000000000000 ) ) ;
#6497 = CARTESIAN_POINT ( 'NONE',  ( 25.35957079319337382, 87.75777398158643905, 40.33333500867763632 ) ) ;
#6498 = CYLINDRICAL_SURFACE ( 'NONE', #5022, 3.000000000000006217 ) ;
#6499 = ORIENTED_EDGE ( 'NONE', *, *, #5521, .T. ) ;
#6500 = ADVANCED_FACE ( 'NONE', ( #5331, #6450 ), #3308, .F. ) ;
#6501 = EDGE_LOOP ( 'NONE', ( #2202, #6823, #4109, #7008 ) ) ;
#6502 = ORIENTED_EDGE ( 'NONE', *, *, #3421, .T. ) ;
#6503 = CYLINDRICAL_SURFACE ( 'NONE', #4517, 2.700000000000008171 ) ;
#6504 = CARTESIAN_POINT ( 'NONE',  ( 39.36729686990022259, 9.211326951882751857, 3.003618975420799586 ) ) ;
#6505 = CARTESIAN_POINT ( 'NONE',  ( 39.70797759213076716, 8.500000000000000000, -2.827590939985401786 ) ) ;
#6506 = B_SPLINE_CURVE_WITH_KNOTS ( 'NONE', 3,
 ( #2061, #1964, #666, #3319, #578, #5337, #4703, #756, #4611, #4006, #3410, #5287, #620, #5209, #1279, #7946, #3880, #3237, #7245 ),
 .UNSPECIFIED., .F., .F.,
 ( 4, 2, 2, 1, 2, 2, 2, 2, 2, 4 ),
 ( 0.000000000000000000, 0.001296037885999246943, 0.001944056828998854802, 0.002592075771998462660, 0.003240094714998070519, 0.003888113657997678812, 0.005184151543996953077, 0.006480189429996227775, 0.007776227315995500738, 0.01036830308799404146 ),
 .UNSPECIFIED. ) ;
#6507 = ORIENTED_EDGE ( 'NONE', *, *, #2895, .F. ) ;
#6508 = ORIENTED_EDGE ( 'NONE', *, *, #4829, .F. ) ;
#6509 = EDGE_CURVE ( 'NONE', #3512, #4470, #5171, .T. ) ;
#6510 = CARTESIAN_POINT ( 'NONE',  ( -13.84107335522051940, 9.785007466803925524, 24.28758934781741630 ) ) ;
#6511 = EDGE_CURVE ( 'NONE', #5617, #7500, #6139, .T. ) ;
#6512 = CARTESIAN_POINT ( 'NONE',  ( 24.50000000000000711, 86.00000000000000000, 38.46815680934847848 ) ) ;
#6513 = CARTESIAN_POINT ( 'NONE',  ( -69.00000000000000000, 177.0000000000000000, 139.6500000000000057 ) ) ;
#6514 = CIRCLE ( 'NONE', #6264, 2.700000000000008171 ) ;
#6515 = VECTOR ( 'NONE', #2335, 1000.000000000000000 ) ;
#6516 = DIRECTION ( 'NONE',  ( 0.000000000000000000, 0.000000000000000000, -1.000000000000000000 ) ) ;
#6517 = CARTESIAN_POINT ( 'NONE',  ( -18.51370253461191240, 87.41649213276018315, -42.24154385045493854 ) ) ;
#6518 = CARTESIAN_POINT ( 'NONE',  ( -104.7500000000000000, 229.9999999999999716, -127.2500000000000000 ) ) ;
#6519 = CARTESIAN_POINT ( 'NONE',  ( -65.15892533743213733, 180.0861287755409421, 95.09141421967672159 ) ) ;
#6520 = ORIENTED_EDGE ( 'NONE', *, *, #1642, .F. ) ;
#6521 = CARTESIAN_POINT ( 'NONE',  ( -4.500000000000000888, 9.500000000000001776, -27.59419916606945478 ) ) ;
#6522 = ORIENTED_EDGE ( 'NONE', *, *, #1284, .F. ) ;
#6523 = FACE_OUTER_BOUND ( 'NONE', #1600, .T. ) ;
#6524 = AXIS2_PLACEMENT_3D ( 'NONE', #1602, #2339, #909 ) ;
#6525 = CARTESIAN_POINT ( 'NONE',  ( 24.52011454121089784, 88.03581969839414967, -39.32433692232759626 ) ) ;
#6526 = CARTESIAN_POINT ( 'NONE',  ( 36.23922253581260122, 36.48528137423857487, -36.23922253580852271 ) ) ;
#6527 = LINE ( 'NONE', #6367, #7186 ) ;
#6528 = CARTESIAN_POINT ( 'NONE',  ( 4.938849362433376911, 9.770803289222245169, -26.63156445936786909 ) ) ;
#6529 = VECTOR ( 'NONE', #7381, 1000.000000000000000 ) ;
#6530 = CIRCLE ( 'NONE', #7667, 2.700000000000008171 ) ;
#6531 = CARTESIAN_POINT ( 'NONE',  ( -39.75000000000000000, 8.499999999999992895, -2.500000000000000000 ) ) ;
#6532 = ORIENTED_EDGE ( 'NONE', *, *, #7558, .F. ) ;
#6533 = DIRECTION ( 'NONE',  ( -4.026401060382563240E-16, -1.000000000000000000, -0.000000000000000000 ) ) ;
#6534 = CARTESIAN_POINT ( 'NONE',  ( 24.74420466222985837, 8.500000000000000000, 7.657081785909506166 ) ) ;
#6535 = CARTESIAN_POINT ( 'NONE',  ( -11.83216129474849865, 9.790910434322286804, -25.28076699709072273 ) ) ;
#6536 = VECTOR ( 'NONE', #1873, 1000.000000000000000 ) ;
#6537 = FACE_OUTER_BOUND ( 'NONE', #5627, .T. ) ;
#6538 = CARTESIAN_POINT ( 'NONE',  ( -39.51561378894455601, 9.169629727258874041, 2.630923291040159206 ) ) ;
#6539 = DIRECTION ( 'NONE',  ( 0.000000000000000000, -0.000000000000000000, 1.000000000000000000 ) ) ;
#6540 = EDGE_CURVE ( 'NONE', #8025, #1066, #4081, .T. ) ;
#6541 = DIRECTION ( 'NONE',  ( 0.000000000000000000, -1.000000000000000000, 0.000000000000000000 ) ) ;
#6542 = B_SPLINE_CURVE_WITH_KNOTS ( 'NONE', 3,
 ( #264, #977, #2933, #6320, #3577, #6856, #1710 ),
 .UNSPECIFIED., .F., .F.,
 ( 4, 3, 4 ),
 ( 0.02372050907004569914, 0.02679336183935719651, 0.09832944260099421574 ),
 .UNSPECIFIED. ) ;
#6543 = ORIENTED_EDGE ( 'NONE', *, *, #5865, .F. ) ;
#6544 = AXIS2_PLACEMENT_3D ( 'NONE', #8296, #5002, #2372 ) ;
#6545 = CARTESIAN_POINT ( 'NONE',  ( -25.04432443495393912, 87.11311288945636022, -40.13426666595285752 ) ) ;
#6546 = ORIENTED_EDGE ( 'NONE', *, *, #6951, .F. ) ;
#6547 = CARTESIAN_POINT ( 'NONE',  ( -8.691772750449910490, 0.9999999999999961142, 16.37030331351276047 ) ) ;
#6548 = ORIENTED_EDGE ( 'NONE', *, *, #4266, .T. ) ;
#6549 = ORIENTED_EDGE ( 'NONE', *, *, #3155, .F. ) ;
#6550 = CIRCLE ( 'NONE', #921, 57.25000000000000000 ) ;
#6551 = DIRECTION ( 'NONE',  ( -1.000000000000000000, -0.000000000000000000, -0.000000000000000000 ) ) ;
#6552 = CARTESIAN_POINT ( 'NONE',  ( 38.89512550712180428, 8.500000000000000000, 4.447945349557484107 ) ) ;
#6553 = CARTESIAN_POINT ( 'NONE',  ( 17.14623718594759083, 97.35070776160004868, -51.26907860235417758 ) ) ;
#6554 = DIRECTION ( 'NONE',  ( 1.000000000000000000, 0.000000000000000000, 0.000000000000000000 ) ) ;
#6555 = CARTESIAN_POINT ( 'NONE',  ( -7.526706214197422362, 9.785011966145118478, 26.46179534590421056 ) ) ;
#6556 = ADVANCED_FACE ( 'NONE', ( #1197 ), #3910, .F. ) ;
#6557 = EDGE_LOOP ( 'NONE', ( #3377, #7938 ) ) ;
#6558 = VECTOR ( 'NONE', #2254, 1000.000000000000000 ) ;
#6559 = FACE_OUTER_BOUND ( 'NONE', #4688, .T. ) ;
#6560 = EDGE_LOOP ( 'NONE', ( #4776, #1309 ) ) ;
#6561 = EDGE_LOOP ( 'NONE', ( #3888, #3222, #3343, #7085 ) ) ;
#6562 = LINE ( 'NONE', #555, #475 ) ;
#6563 = CARTESIAN_POINT ( 'NONE',  ( -2.500000000000000000, 9.500000000000001776, 40.75000000000000000 ) ) ;
#6564 = AXIS2_PLACEMENT_3D ( 'NONE', #5301, #7959, #2026 ) ;
#6565 = AXIS2_PLACEMENT_3D ( 'NONE', #5693, #5061, #7702 ) ;
#6566 = CARTESIAN_POINT ( 'NONE',  ( 132.2499999999988916, 227.4999999999999716, -104.7500000000013785 ) ) ;
#6567 = EDGE_CURVE ( 'NONE', #2267, #5259, #6284, .T. ) ;
#6568 = EDGE_CURVE ( 'NONE', #4130, #7572, #1956, .T. ) ;
#6569 = CARTESIAN_POINT ( 'NONE',  ( -44.19651075699726306, 140.2713158891779699, 70.38782028590455297 ) ) ;
#6570 = CARTESIAN_POINT ( 'NONE',  ( 15.42808544550991989, 87.41649213276018315, -42.24154385045493854 ) ) ;
#6571 = CARTESIAN_POINT ( 'NONE',  ( 3.500000000000003109, 56.53622668406843843, 39.78736529329843563 ) ) ;
#6572 = LINE ( 'NONE', #647, #1641 ) ;
#6573 = VERTEX_POINT ( 'NONE', #5880 ) ;
#6574 =( BOUNDED_SURFACE ( )  B_SPLINE_SURFACE ( 3, 2, ( 
 ( #4753, #6740, #5935 ),
 ( #3973, #2158, #674 ),
 ( #1424, #99, #2024 ),
 ( #2204, #4670, #1518 ),
 ( #7301, #1379, #3462 ),
 ( #4015, #2769, #8039 ),
 ( #6647, #719, #5986 ),
 ( #55, #2728, #5348 ),
 ( #2112, #7389, #1471 ),
 ( #6076, #3078, #999 ),
 ( #6920, #1652, #2910 ),
 ( #6172, #1692, #2379 ),
 ( #243, #3632, #3043 ),
 ( #2415, #3594, #5686 ),
 ( #4934, #1557, #5047 ),
 ( #7579, #4326, #6210 ) ),
 .UNSPECIFIED., .F., .F., .F. ) 
 B_SPLINE_SURFACE_WITH_KNOTS ( ( 4, 2, 2, 2, 2, 2, 2, 4 ),
 ( 3, 3 ),
 ( 0.3816639381781782858, 0.4933730048271324220, 0.5213002714893709699, 0.5492275381516095178, 0.6050820714760866137, 0.7167911381250406944, 0.7726456714495177902, 0.8285002047739948861 ),
 ( 0.000000000000000000, 1.000000000000000000 ),
 .UNSPECIFIED. ) 
 GEOMETRIC_REPRESENTATION_ITEM ( )  RATIONAL_B_SPLINE_SURFACE ( (
 ( 1.000000000000000000, 0.7071067811865243691, 1.000000000000000000),
 ( 1.000000000000000000, 0.7522428303020805007, 1.000000000000000000),
 ( 1.000000000000000000, 0.7904969223672018153, 1.000000000000000000),
 ( 1.000000000000000000, 0.8300349926988457305, 1.000000000000000000),
 ( 1.000000000000000000, 0.8376126662477976215, 1.000000000000000000),
 ( 1.000000000000000000, 0.8527191825735294106, 1.000000000000000000),
 ( 1.000000000000000000, 0.8601494276731205257, 1.000000000000000000),
 ( 1.000000000000000000, 0.8819295566527681762, 1.000000000000000000),
 ( 1.000000000000000000, 0.8957687510843341805, 1.000000000000000000),
 ( 1.000000000000000000, 0.9340592855704671349, 1.000000000000000000),
 ( 1.000000000000000000, 0.9551668359496089389, 1.000000000000000000),
 ( 1.000000000000000000, 0.9764057314860414838, 1.000000000000000000),
 ( 1.000000000000000000, 0.9817723874261129469, 1.000000000000000000),
 ( 1.000000000000000000, 0.9888766379498500347, 1.000000000000000000),
 ( 1.000000000000000000, 0.9906199750929071124, 1.000000000000000000),
 ( 1.000000000000000000, 0.9906146341291288682, 1.000000000000000000) ) ) 
 REPRESENTATION_ITEM ( '' )  SURFACE ( )  );
#6575 = LINE ( 'NONE', #649, #619 ) ;
#6576 = ORIENTED_EDGE ( 'NONE', *, *, #3844, .F. ) ;
#6577 = CARTESIAN_POINT ( 'NONE',  ( 40.67543183704434284, 119.1067219055256459, 49.94662125152201071 ) ) ;
#6578 = PRODUCT_DEFINITION_SHAPE ( 'NONE', 'NONE',  #7341 ) ;
#6579 = CARTESIAN_POINT ( 'NONE',  ( 24.74420466249360118, 9.500000000000008882, -4.500000000000003553 ) ) ;
#6580 = CARTESIAN_POINT ( 'NONE',  ( 104.7500000000000000, 229.9999999999999716, 137.2500000000000000 ) ) ;
#6581 = EDGE_CURVE ( 'NONE', #4470, #2142, #1314, .T. ) ;
#6582 = CARTESIAN_POINT ( 'NONE',  ( 25.17563017816475224, 53.16515517230256904, -2.500000000000000000 ) ) ;
#6583 = ORIENTED_EDGE ( 'NONE', *, *, #7839, .T. ) ;
#6584 = CARTESIAN_POINT ( 'NONE',  ( -14.65659699361683721, 9.781839375282263660, -23.84507719305191387 ) ) ;
#6585 = CARTESIAN_POINT ( 'NONE',  ( 19.36649924545649881, 9.729047870621656102, 19.48763878282804640 ) ) ;
#6586 = CARTESIAN_POINT ( 'NONE',  ( 23.59007323235348608, 8.500000000000003553, 13.59441968731331052 ) ) ;
#6587 = CARTESIAN_POINT ( 'NONE',  ( -2.500000000000000000, 56.53622668406843843, -39.78736529329843563 ) ) ;
#6588 = B_SPLINE_CURVE_WITH_KNOTS ( 'NONE', 3,
 ( #3130, #6547, #8280, #1708, #5070, #4461, #7016, #4343, #3283, #8540, #2629, #628, #3701, #5253, #7910, #5104, #5745, #3971, #7709, #1784, #6318, #1056, #8315, #4417, #2355, #7634, #1748, #7048, #389, #1970 ),
 .UNSPECIFIED., .F., .F.,
 ( 4, 2, 2, 2, 2, 2, 2, 2, 2, 2, 2, 2, 2, 2, 4 ),
 ( 0.000000000000000000, 0.005273209969867386979, 0.007909814954801079601, 0.01054641993973477222, 0.01318302492466846831, 0.01581962990960215920, 0.01845623489453585356, 0.02109283987946954791, 0.02372944486440324227, 0.02636604984933693663, 0.02900265483427062752, 0.03163925981920431840, 0.03427586480413801623, 0.03691246978907170712, 0.04218567975893909583 ),
 .UNSPECIFIED. ) ;
#6589 = CARTESIAN_POINT ( 'NONE',  ( -125.6418110650506890, 227.9019415994269764, -124.7593276916275613 ) ) ;
#6590 = CARTESIAN_POINT ( 'NONE',  ( 4.500000000000000888, 9.499999999999994671, -26.59419916606945122 ) ) ;
#6591 = DIRECTION ( 'NONE',  ( -0.000000000000000000, -0.000000000000000000, 1.000000000000000000 ) ) ;
#6592 = CARTESIAN_POINT ( 'NONE',  ( 3.148351528231501550, 54.64798021319256094, 39.52249473246004641 ) ) ;
#6593 = B_SPLINE_CURVE_WITH_KNOTS ( 'NONE', 3,
 ( #4353, #1102, #1793, #3660, #8256, #4963, #308 ),
 .UNSPECIFIED., .F., .F.,
 ( 4, 3, 4 ),
 ( 0.08439584541116501581, 0.1206471233159469580, 0.1228832413967725634 ),
 .UNSPECIFIED. ) ;
#6594 = CARTESIAN_POINT ( 'NONE',  ( 34.56829920774870857, 121.7292155143072847, 58.88314438431467579 ) ) ;
#6595 = ORIENTED_EDGE ( 'NONE', *, *, #6410, .F. ) ;
#6596 = CARTESIAN_POINT ( 'NONE',  ( 42.58416410923162232, 122.9810996391028084, 50.57408583524706813 ) ) ;
#6597 = VERTEX_POINT ( 'NONE', #7937 ) ;
#6598 = DIRECTION ( 'NONE',  ( -0.000000000000000000, 0.9626347067015693648, -0.2708032892222390076 ) ) ;
#6599 = ORIENTED_EDGE ( 'NONE', *, *, #5731, .T. ) ;
#6600 = EDGE_CURVE ( 'NONE', #5967, #7774, #4773, .T. ) ;
#6601 = CARTESIAN_POINT ( 'NONE',  ( -2.692712758610467549, -6.343735876626243275, 22.09830778367102511 ) ) ;
#6602 = CARTESIAN_POINT ( 'NONE',  ( 34.11790219225093068, -1.373723575649077191E-14, 38.36054287937221119 ) ) ;
#6603 = CARTESIAN_POINT ( 'NONE',  ( 39.43483914830980552, 8.500000000000000000, -3.246305433290549214 ) ) ;
#6604 = ORIENTED_EDGE ( 'NONE', *, *, #4526, .T. ) ;
#6605 = CARTESIAN_POINT ( 'NONE',  ( 40.45946519827176502, 8.500000000000000000, 0.000000000000000000 ) ) ;
#6606 = CARTESIAN_POINT ( 'NONE',  ( -104.7500000000000000, 229.9999999999999716, 132.2500000000000000 ) ) ;
#6607 = ORIENTED_EDGE ( 'NONE', *, *, #7303, .F. ) ;
#6608 = ORIENTED_EDGE ( 'NONE', *, *, #6857, .F. ) ;
#6609 = CARTESIAN_POINT ( 'NONE',  ( -38.34813367245746463, 114.3186553751377375, -54.28517053417144922 ) ) ;
#6610 = CARTESIAN_POINT ( 'NONE',  ( 23.74425346923881364, 9.509879833416224670, 6.299630403166117887 ) ) ;
#6611 = ADVANCED_FACE ( 'NONE', ( #7152, #1233 ), #704, .F. ) ;
#6612 = CARTESIAN_POINT ( 'NONE',  ( 23.78497175570641531, 13.63103222792017277, 8.032813712824690811 ) ) ;
#6613 = PRODUCT_DEFINITION_CONTEXT ( 'detailed design', #336, 'design' ) ;
#6614 = FACE_OUTER_BOUND ( 'NONE', #2211, .T. ) ;
#6615 = DIRECTION ( 'NONE',  ( -1.000000000000000000, 4.026401060382563240E-16, 0.000000000000000000 ) ) ;
#6616 = ORIENTED_EDGE ( 'NONE', *, *, #3212, .T. ) ;
#6617 = ORIENTED_EDGE ( 'NONE', *, *, #5416, .F. ) ;
#6618 = CARTESIAN_POINT ( 'NONE',  ( 2.583404794687965467, 1.000000000000001332, -18.34198800857245359 ) ) ;
#6619 = ORIENTED_EDGE ( 'NONE', *, *, #4799, .T. ) ;
#6620 = CARTESIAN_POINT ( 'NONE',  ( 4.500000000000000888, 9.500000000000001776, 27.59419916606945478 ) ) ;
#6621 = EDGE_CURVE ( 'NONE', #98, #2240, #5988, .T. ) ;
#6622 = ORIENTED_EDGE ( 'NONE', *, *, #7370, .F. ) ;
#6623 = ADVANCED_FACE ( 'NONE', ( #3836 ), #3185, .F. ) ;
#6624 = DIRECTION ( 'NONE',  ( -4.026401060382563240E-16, -1.000000000000000000, -0.000000000000000000 ) ) ;
#6625 = CARTESIAN_POINT ( 'NONE',  ( 38.34048759201160550, 8.500000000000000000, 4.500000000000000888 ) ) ;
#6626 = CARTESIAN_POINT ( 'NONE',  ( 6.230476912904598485, 9.778936767883646297, -26.59948673681157061 ) ) ;
#6627 = FACE_OUTER_BOUND ( 'NONE', #5741, .T. ) ;
#6628 = VECTOR ( 'NONE', #698, 1000.000000000000000 ) ;
#6629 = DIRECTION ( 'NONE',  ( -0.4392986580905088867, 0.8983410760951978657, 0.000000000000000000 ) ) ;
#6630 = DIRECTION ( 'NONE',  ( 0.000000000000000000, 0.000000000000000000, 1.000000000000000000 ) ) ;
#6631 = ORIENTED_EDGE ( 'NONE', *, *, #1409, .T. ) ;
#6632 = CARTESIAN_POINT ( 'NONE',  ( -17.67266131072616631, 9.755309416419677859, -21.43791481076896588 ) ) ;
#6633 = EDGE_CURVE ( 'NONE', #7281, #1640, #7939, .T. ) ;
#6634 = ADVANCED_FACE ( 'NONE', ( #6016 ), #269, .F. ) ;
#6635 = CARTESIAN_POINT ( 'NONE',  ( 20.11214469751563527, 9.714349114698469734, 18.46236888626958361 ) ) ;
#6636 = CARTESIAN_POINT ( 'NONE',  ( -132.2500000000003695, 229.9999999999999716, -104.7499999999995310 ) ) ;
#6637 = CIRCLE ( 'NONE', #6074, 18.19999999999999929 ) ;
#6638 = FACE_OUTER_BOUND ( 'NONE', #7387, .T. ) ;
#6639 = CARTESIAN_POINT ( 'NONE',  ( 12.40048135057326029, -4.992931125920238051E-15, 13.34877076590534273 ) ) ;
#6640 = CARTESIAN_POINT ( 'NONE',  ( 4.138491120745068308, 53.52698046735976334, 38.94082011069582450 ) ) ;
#6641 = CARTESIAN_POINT ( 'NONE',  ( -2.500000000000000000, 9.500000000000001776, -38.75000000000000000 ) ) ;
#6642 = CARTESIAN_POINT ( 'NONE',  ( 65.15892533743210890, 180.0861287755409137, -95.09141421967662211 ) ) ;
#6643 = ORIENTED_EDGE ( 'NONE', *, *, #2605, .T. ) ;
#6644 = CARTESIAN_POINT ( 'NONE',  ( 43.45976471664784668, 124.7716536902236157, 51.09466751050746325 ) ) ;
#6645 = ORIENTED_EDGE ( 'NONE', *, *, #875, .F. ) ;
#6646 = ORIENTED_EDGE ( 'NONE', *, *, #1850, .F. ) ;
#6647 = CARTESIAN_POINT ( 'NONE',  ( -4.235184504016880069, 52.96886936988573069, 38.78381525735404267 ) ) ;
#6648 = LINE ( 'NONE', #910, #6924 ) ;
#6649 = CIRCLE ( 'NONE', #2945, 1.000000000000000888 ) ;
#6650 = CYLINDRICAL_SURFACE ( 'NONE', #3953, 1.000000000000000000 ) ;
#6651 = VERTEX_POINT ( 'NONE', #228 ) ;
#6652 = CARTESIAN_POINT ( 'NONE',  ( 24.77012099308836923, 49.45692520922374058, 3.420349252443176002 ) ) ;
#6653 = ORIENTED_EDGE ( 'NONE', *, *, #4552, .F. ) ;
#6654 = CARTESIAN_POINT ( 'NONE',  ( -74.37635831402681674, 187.9943507095829318, -99.99816849613935688 ) ) ;
#6655 = CARTESIAN_POINT ( 'NONE',  ( 24.14647668158836780, 50.21943071341690512, -4.235447154113425761 ) ) ;
#6656 = CARTESIAN_POINT ( 'NONE',  ( -50.03174841421729013, 138.2109911391858645, 69.10946626875083609 ) ) ;
#6657 = CARTESIAN_POINT ( 'NONE',  ( -15.68915466655072777, 85.92290796241073281, -48.05427058364319493 ) ) ;
#6658 = DIRECTION ( 'NONE',  ( 4.026401060382563240E-16, 1.000000000000000000, -0.000000000000000000 ) ) ;
#6659 = EDGE_CURVE ( 'NONE', #7775, #3327, #2896, .T. ) ;
#6660 = ORIENTED_EDGE ( 'NONE', *, *, #6963, .T. ) ;
#6661 = CARTESIAN_POINT ( 'NONE',  ( -16.56989435081572637, 6.671704018455147645E-15, 7.586364098844393666 ) ) ;
#6662 = CARTESIAN_POINT ( 'NONE',  ( 22.89659477596681825, 8.500000000000005329, -15.49548418325946209 ) ) ;
#6663 = VERTEX_POINT ( 'NONE', #7327 ) ;
#6664 = CARTESIAN_POINT ( 'NONE',  ( 25.11745863182639127, 47.27753493378752836, 3.500000000000000000 ) ) ;
#6665 = VERTEX_POINT ( 'NONE', #4183 ) ;
#6666 = CARTESIAN_POINT ( 'NONE',  ( -4.500000000000000888, 9.500000000000001776, -27.59419916606945478 ) ) ;
#6667 = DIRECTION ( 'NONE',  ( -1.000000000000000000, -0.000000000000000000, -0.000000000000000000 ) ) ;
#6668 = CARTESIAN_POINT ( 'NONE',  ( -38.49107761429974062, 8.500000000000000000, -3.542336281473232873 ) ) ;
#6669 = VECTOR ( 'NONE', #7084, 1000.000000000000000 ) ;
#6670 = VECTOR ( 'NONE', #3599, 1000.000000000000000 ) ;
#6671 = ADVANCED_FACE ( 'NONE', ( #4046 ), #2938, .F. ) ;
#6672 = CARTESIAN_POINT ( 'NONE',  ( -69.00000000000000000, 177.0000000000000000, 139.6500000000000057 ) ) ;
#6673 = DIRECTION ( 'NONE',  ( -0.000000000000000000, 1.000000000000000000, -0.000000000000000000 ) ) ;
#6674 = AXIS2_PLACEMENT_3D ( 'NONE', #8517, #2604, #5697 ) ;
#6675 = ORIENTED_EDGE ( 'NONE', *, *, #7543, .F. ) ;
#6676 = CARTESIAN_POINT ( 'NONE',  ( -11.66649955823106133, 8.500000000000001776, -24.92420169902079863 ) ) ;
#6677 = CARTESIAN_POINT ( 'NONE',  ( 17.69064707699645211, 9.755086160986243371, 21.42014920430723990 ) ) ;
#6678 = CARTESIAN_POINT ( 'NONE',  ( -2.500000000000057732, 56.53622668406841001, -39.78736529329842853 ) ) ;
#6679 = CARTESIAN_POINT ( 'NONE',  ( 18.98797526707258143, 9.735357840507502303, -19.94682711567723388 ) ) ;
#6680 = CARTESIAN_POINT ( 'NONE',  ( 16.59178710556082592, 85.46773400071396054, 47.87313935136401000 ) ) ;
#6681 = DIRECTION ( 'NONE',  ( 0.000000000000000000, 0.000000000000000000, 1.000000000000000000 ) ) ;
#6682 = CARTESIAN_POINT ( 'NONE',  ( 4.500000000000003553, 9.499999999999994671, 26.59419916606944767 ) ) ;
#6683 = DIRECTION ( 'NONE',  ( -1.000000000000000000, -0.000000000000000000, 0.000000000000000000 ) ) ;
#6684 = CARTESIAN_POINT ( 'NONE',  ( 4.264434226022684626, 52.78081586204920228, 38.73091304209273744 ) ) ;
#6685 = EDGE_CURVE ( 'NONE', #331, #4366, #174, .T. ) ;
#6686 = ADVANCED_FACE ( 'NONE', ( #129 ), #7371, .F. ) ;
#6687 = CARTESIAN_POINT ( 'NONE',  ( 23.00273488902090691, 100.3196311050526788, -52.10428036815225283 ) ) ;
#6688 = FACE_OUTER_BOUND ( 'NONE', #8191, .T. ) ;
#6689 = CARTESIAN_POINT ( 'NONE',  ( -132.2500000000003695, 229.9999999999999716, -109.7499999999995453 ) ) ;
#6690 = ORIENTED_EDGE ( 'NONE', *, *, #1135, .T. ) ;
#6691 = VERTEX_POINT ( 'NONE', #6812 ) ;
#6692 = CYLINDRICAL_SURFACE ( 'NONE', #1268, 2.700000000000008171 ) ;
#6693 = CARTESIAN_POINT ( 'NONE',  ( 22.45064030267291244, 8.500000000000000000, 22.45064030267488420 ) ) ;
#6694 = CARTESIAN_POINT ( 'NONE',  ( 97.90857869814009007, 209.5170546485454395, 113.3521968067191921 ) ) ;
#6695 = CIRCLE ( 'NONE', #1311, 4.999999999999976907 ) ;
#6696 = DIRECTION ( 'NONE',  ( 1.000000000000000000, 0.000000000000000000, 0.000000000000000000 ) ) ;
#6697 = CARTESIAN_POINT ( 'NONE',  ( 38.49433898144476274, 9.456746836534831502, -3.500000000000000444 ) ) ;
#6698 = ORIENTED_EDGE ( 'NONE', *, *, #4317, .T. ) ;
#6699 = CARTESIAN_POINT ( 'NONE',  ( -104.7500000000000000, 229.9999999999999716, 129.5500000000000114 ) ) ;
#6700 = DIRECTION ( 'NONE',  ( -4.026401060382563240E-16, -1.000000000000000000, 0.000000000000000000 ) ) ;
#6701 = ORIENTED_EDGE ( 'NONE', *, *, #5366, .T. ) ;
#6702 = CIRCLE ( 'NONE', #5178, 1.000000000000001110 ) ;
#6703 = CARTESIAN_POINT ( 'NONE',  ( -34.63215570517773045, 106.7196891948578354, -42.33605215541606270 ) ) ;
#6704 = CARTESIAN_POINT ( 'NONE',  ( 24.17060556813291328, 52.66154768803021824, -3.005852317760686621 ) ) ;
#6705 = CARTESIAN_POINT ( 'NONE',  ( 24.03001935087457497, 38.43262805141149130, 18.46332144932565811 ) ) ;
#6706 = B_SPLINE_CURVE_WITH_KNOTS ( 'NONE', 3,
 ( #3835, #530, #7723, #3184, #7188, #3908, #6528 ),
 .UNSPECIFIED., .F., .F.,
 ( 4, 3, 4 ),
 ( -0.1348918625985229824, -0.1346007060163102731, -0.05564017168695137294 ),
 .UNSPECIFIED. ) ;
#6707 = FACE_OUTER_BOUND ( 'NONE', #3548, .T. ) ;
#6708 = AXIS2_PLACEMENT_3D ( 'NONE', #1188, #1949, #7101 ) ;
#6709 = B_SPLINE_CURVE_WITH_KNOTS ( 'NONE', 3,
 ( #6019, #6814, #3400, #7375, #7423, #6105, #7512 ),
 .UNSPECIFIED., .F., .F.,
 ( 4, 3, 4 ),
 ( 0.03602085237406150997, 0.04007684236470536454, 0.1098329676632593122 ),
 .UNSPECIFIED. ) ;
#6710 = CIRCLE ( 'NONE', #2302, 10.99999999999999645 ) ;
#6711 = CARTESIAN_POINT ( 'NONE',  ( 0.000000000000000000, 229.9999999999999716, -127.2500000000000000 ) ) ;
#6712 = ORIENTED_EDGE ( 'NONE', *, *, #6157, .F. ) ;
#6713 = ORIENTED_EDGE ( 'NONE', *, *, #3892, .T. ) ;
#6714 = CARTESIAN_POINT ( 'NONE',  ( -18.51370253461190885, 87.41649213276018315, -17.60064327102288217 ) ) ;
#6715 = CIRCLE ( 'NONE', #6440, 1.000000000000000888 ) ;
#6716 = VERTEX_POINT ( 'NONE', #1498 ) ;
#6717 = FACE_OUTER_BOUND ( 'NONE', #5821, .T. ) ;
#6718 = EDGE_LOOP ( 'NONE', ( #3367, #4728, #697, #1513 ) ) ;
#6719 = CARTESIAN_POINT ( 'NONE',  ( 65.97329008840038966, 176.3589887262226910, -91.47764406989837482 ) ) ;
#6720 = EDGE_CURVE ( 'NONE', #7572, #3972, #2976, .T. ) ;
#6721 = CARTESIAN_POINT ( 'NONE',  ( 68.15463900890212301, 176.3948738014702826, 88.71611010818973853 ) ) ;
#6722 = DIRECTION ( 'NONE',  ( -4.026401060382563240E-16, -1.000000000000000000, -0.000000000000000000 ) ) ;
#6723 = ORIENTED_EDGE ( 'NONE', *, *, #503, .F. ) ;
#6724 = LINE ( 'NONE', #6061, #7961 ) ;
#6725 = CARTESIAN_POINT ( 'NONE',  ( -4.235184504016917373, 52.96886936988821049, -38.78381525735473190 ) ) ;
#6726 = CARTESIAN_POINT ( 'NONE',  ( 11.26433386872401776, 9.792198291127535370, -25.54192147013407421 ) ) ;
#6727 = CARTESIAN_POINT ( 'NONE',  ( 24.49999999999999289, 86.00000000000000000, 38.91150717566325312 ) ) ;
#6728 = EDGE_CURVE ( 'NONE', #4854, #612, #1452, .T. ) ;
#6729 = CARTESIAN_POINT ( 'NONE',  ( -34.11790219225089515, 8.500000000000000000, 38.36054287937019325 ) ) ;
#6730 = LINE ( 'NONE', #4836, #1735 ) ;
#6731 = LINE ( 'NONE', #7675, #4348 ) ;
#6732 = B_SPLINE_CURVE_WITH_KNOTS ( 'NONE', 3,
 ( #6790, #3465, #862, #8269, #6922, #6258, #1001, #6836, #8178, #3508 ),
 .UNSPECIFIED., .F., .F.,
 ( 4, 2, 2, 2, 4 ),
 ( 0.000000000000000000, 0.003813861928452914364, 0.007627723856905832198, 0.01144158578535874743, 0.01525544771381166440 ),
 .UNSPECIFIED. ) ;
#6733 = CARTESIAN_POINT ( 'NONE',  ( 3.420228791823810788, 51.94609927587150366, 39.14245532568589425 ) ) ;
#6734 = CIRCLE ( 'NONE', #2714, 1.000000000000000000 ) ;
#6735 = ORIENTED_EDGE ( 'NONE', *, *, #2244, .T. ) ;
#6736 = CARTESIAN_POINT ( 'NONE',  ( 0.000000000000000000, 8.500000000000000000, 0.000000000000000000 ) ) ;
#6737 = VERTEX_POINT ( 'NONE', #6861 ) ;
#6738 = ORIENTED_EDGE ( 'NONE', *, *, #6621, .F. ) ;
#6739 = CARTESIAN_POINT ( 'NONE',  ( 38.80614859067347311, 8.169629727256928931, -3.500000000000000000 ) ) ;
#6740 = CARTESIAN_POINT ( 'NONE',  ( -3.499999999999993339, 49.42675095010442021, 37.78736529329836458 ) ) ;
#6741 = EDGE_CURVE ( 'NONE', #3414, #508, #3535, .T. ) ;
#6742 = LINE ( 'NONE', #5390, #4019 ) ;
#6743 = EDGE_CURVE ( 'NONE', #7500, #5617, #1180, .T. ) ;
#6744 = CARTESIAN_POINT ( 'NONE',  ( 127.1480598818604761, 229.2555527899201877, 119.8763410611946512 ) ) ;
#6745 = LINE ( 'NONE', #7915, #7694 ) ;
#6746 = CARTESIAN_POINT ( 'NONE',  ( 38.89512550712085215, 8.500000000000000000, -4.447945349557364203 ) ) ;
#6747 = ORIENTED_EDGE ( 'NONE', *, *, #2615, .F. ) ;
#6748 = DIRECTION ( 'NONE',  ( -1.000000000000000000, 0.000000000000000000, -0.000000000000000000 ) ) ;
#6749 = FACE_OUTER_BOUND ( 'NONE', #5892, .T. ) ;
#6750 = ORIENTED_EDGE ( 'NONE', *, *, #8136, .T. ) ;
#6751 = CARTESIAN_POINT ( 'NONE',  ( 119.3749415223307153, 222.5000000000000853, 117.4019334841990627 ) ) ;
#6752 = CARTESIAN_POINT ( 'NONE',  ( 24.15266095542478197, 50.84534936410020123, -3.572950796754178704 ) ) ;
#6753 = CARTESIAN_POINT ( 'NONE',  ( 23.58597084450086712, -6.510116942874998536, 22.05150234471188142 ) ) ;
#6754 = EDGE_CURVE ( 'NONE', #5838, #1906, #1053, .T. ) ;
#6755 = DIRECTION ( 'NONE',  ( 0.000000000000000000, 0.000000000000000000, 1.000000000000000000 ) ) ;
#6756 = CARTESIAN_POINT ( 'NONE',  ( 3.500000000000000000, 49.15594766088220524, -38.75000000000000000 ) ) ;
#6757 = VERTEX_POINT ( 'NONE', #5418 ) ;
#6758 = ORIENTED_EDGE ( 'NONE', *, *, #1551, .F. ) ;
#6759 = CARTESIAN_POINT ( 'NONE',  ( -18.51370253461190885, 87.41649213276016894, 22.88083625232972196 ) ) ;
#6760 = CARTESIAN_POINT ( 'NONE',  ( -104.7500000000000000, 227.4999999999999716, -132.2500000000000000 ) ) ;
#6761 = VERTEX_POINT ( 'NONE', #6059 ) ;
#6762 = CARTESIAN_POINT ( 'NONE',  ( 24.57196064623452969, -9.893656840167732829E-15, -20.32931995911123835 ) ) ;
#6763 = EDGE_LOOP ( 'NONE', ( #6619, #4292, #236 ) ) ;
#6764 = LINE ( 'NONE', #3486, #2929 ) ;
#6765 = CARTESIAN_POINT ( 'NONE',  ( 24.49610054321917829, 85.60533074832669342, -47.96493144642188611 ) ) ;
#6766 = CARTESIAN_POINT ( 'NONE',  ( -7.434052672203746326, 1.000000000000007772, -16.96180768554565788 ) ) ;
#6767 =( BOUNDED_CURVE ( )  B_SPLINE_CURVE ( 3, ( #3572, #8106, #6188, #2181 ),
 .UNSPECIFIED., .F., .T. ) 
 B_SPLINE_CURVE_WITH_KNOTS ( ( 4, 4 ),
 ( 1.570796326794896558, 3.141592653589793116 ),
 .UNSPECIFIED. ) 
 CURVE ( )  GEOMETRIC_REPRESENTATION_ITEM ( )  RATIONAL_B_SPLINE_CURVE ( ( 1.000000000000000000, 0.8047378541243649375, 0.8047378541243649375, 1.000000000000000000 ) ) 
 REPRESENTATION_ITEM ( '' )  );
#6768 = AXIS2_PLACEMENT_3D ( 'NONE', #2480, #1192, #8327 ) ;
#6769 = CARTESIAN_POINT ( 'NONE',  ( -132.2500000000003695, 229.9999999999999716, -104.7499999999995310 ) ) ;
#6770 = ORIENTED_EDGE ( 'NONE', *, *, #351, .T. ) ;
#6771 = CARTESIAN_POINT ( 'NONE',  ( -20.25090180528317063, 8.499999999998827604, -17.78675822530537687 ) ) ;
#6772 = CARTESIAN_POINT ( 'NONE',  ( -3.670045419708635848, 52.32411320904063956, -38.60243587440940161 ) ) ;
#6773 = CARTESIAN_POINT ( 'NONE',  ( 23.52873929825009114, 9.567709029369352081, -9.499661242353518276 ) ) ;
#6774 = DIRECTION ( 'NONE',  ( -0.000000000000000000, 1.000000000000000000, -0.000000000000000000 ) ) ;
#6775 = CARTESIAN_POINT ( 'NONE',  ( -104.7500000000000000, 227.4999999999999716, -129.5500000000000114 ) ) ;
#6776 = AXIS2_PLACEMENT_3D ( 'NONE', #2701, #6624, #5958 ) ;
#6777 = FACE_OUTER_BOUND ( 'NONE', #8062, .T. ) ;
#6778 = FACE_OUTER_BOUND ( 'NONE', #3471, .T. ) ;
#6779 = EDGE_CURVE ( 'NONE', #4598, #5967, #7510, .T. ) ;
#6780 = VERTEX_POINT ( 'NONE', #8160 ) ;
#6781 = CARTESIAN_POINT ( 'NONE',  ( -24.13934398286080807, 49.49752070710248830, -3.668738513483913888 ) ) ;
#6782 = DIRECTION ( 'NONE',  ( 0.000000000000000000, 0.000000000000000000, 1.000000000000000000 ) ) ;
#6783 = ORIENTED_EDGE ( 'NONE', *, *, #7862, .F. ) ;
#6784 = AXIS2_PLACEMENT_3D ( 'NONE', #7439, #3370, #6077 ) ;
#6785 = VERTEX_POINT ( 'NONE', #8024 ) ;
#6786 = CARTESIAN_POINT ( 'NONE',  ( -40.67700504028896091, 119.0810664868829889, 50.00582184530286867 ) ) ;
#6787 = LINE ( 'NONE', #4711, #2509 ) ;
#6788 = CARTESIAN_POINT ( 'NONE',  ( -104.7500000000000000, 227.4999999999999716, 132.2500000000000000 ) ) ;
#6789 = DIRECTION ( 'NONE',  ( 0.000000000000000000, 1.000000000000000000, -0.000000000000000000 ) ) ;
#6790 = CARTESIAN_POINT ( 'NONE',  ( 7.434052672203748102, 1.000000000000000888, 16.96180768554565432 ) ) ;
#6791 = LINE ( 'NONE', #104, #6294 ) ;
#6792 = AXIS2_PLACEMENT_3D ( 'NONE', #3354, #7116, #5801 ) ;
#6793 = EDGE_LOOP ( 'NONE', ( #4494, #3730, #7504, #4158 ) ) ;
#6794 = EDGE_CURVE ( 'NONE', #6804, #5234, #2230, .T. ) ;
#6795 = CARTESIAN_POINT ( 'NONE',  ( -104.7500000000000000, 222.4999999999999716, 132.2500000000000000 ) ) ;
#6796 = EDGE_LOOP ( 'NONE', ( #1624, #3510, #7435, #3220 ) ) ;
#6797 = CARTESIAN_POINT ( 'NONE',  ( 4.500000000000000888, 49.15594766088219103, 38.75000000000000000 ) ) ;
#6798 = CARTESIAN_POINT ( 'NONE',  ( 132.2500000000000000, 222.4999999999999716, -1.385245221186013225E-12 ) ) ;
#6799 = CARTESIAN_POINT ( 'NONE',  ( -40.88186813186813140, 119.4999999999999716, 57.50000000000000711 ) ) ;
#6800 = DIRECTION ( 'NONE',  ( -0.000000000000000000, 0.000000000000000000, 1.000000000000000000 ) ) ;
#6801 = FACE_OUTER_BOUND ( 'NONE', #4207, .T. ) ;
#6802 = CARTESIAN_POINT ( 'NONE',  ( -23.78497175570641531, 13.63103222792017633, -8.032813712824697916 ) ) ;
#6803 = EDGE_CURVE ( 'NONE', #6573, #5094, #4757, .T. ) ;
#6804 = VERTEX_POINT ( 'NONE', #5077 ) ;
#6805 = EDGE_CURVE ( 'NONE', #852, #1488, #3545, .T. ) ;
#6806 = CARTESIAN_POINT ( 'NONE',  ( -18.51370253461190885, 87.41649213276018315, -22.88083625232975393 ) ) ;
#6807 = ORIENTED_EDGE ( 'NONE', *, *, #3691, .F. ) ;
#6808 = ORIENTED_EDGE ( 'NONE', *, *, #5554, .T. ) ;
#6809 = CARTESIAN_POINT ( 'NONE',  ( -23.56994981981590342, -8.131626342475081870, 1.119644870922299029 ) ) ;
#6810 = CARTESIAN_POINT ( 'NONE',  ( -25.17563017816475224, 53.16515517230252641, 2.500000000000000000 ) ) ;
#6811 = DIRECTION ( 'NONE',  ( 0.000000000000000000, 1.000000000000000000, 0.000000000000000000 ) ) ;
#6812 = CARTESIAN_POINT ( 'NONE',  ( -15.55957244489872693, 85.96744145928163050, 48.06679851074704857 ) ) ;
#6813 = ORIENTED_EDGE ( 'NONE', *, *, #2176, .F. ) ;
#6814 = CARTESIAN_POINT ( 'NONE',  ( 41.19578972132916306, 120.1419520144034720, -50.66406141450242728 ) ) ;
#6815 = CARTESIAN_POINT ( 'NONE',  ( 1.271093249381658685, -5.117931207155429993E-16, 18.19999999999999929 ) ) ;
#6816 = ORIENTED_EDGE ( 'NONE', *, *, #6803, .F. ) ;
#6817 = CARTESIAN_POINT ( 'NONE',  ( -63.82679316407942594, 177.0206637191542143, 93.05319319173851511 ) ) ;
#6818 = DIRECTION ( 'NONE',  ( -0.000000000000000000, 1.000000000000000000, -0.000000000000000000 ) ) ;
#6819 =( BOUNDED_CURVE ( )  B_SPLINE_CURVE ( 3, ( #7385, #4839, #4801, #238 ),
 .UNSPECIFIED., .F., .T. ) 
 B_SPLINE_CURVE_WITH_KNOTS ( ( 4, 4 ),
 ( 4.712388980384689674, 6.283185307179586232 ),
 .UNSPECIFIED. ) 
 CURVE ( )  GEOMETRIC_REPRESENTATION_ITEM ( )  RATIONAL_B_SPLINE_CURVE ( ( 1.000000000000000000, 0.8047378541243649375, 0.8047378541243649375, 1.000000000000000000 ) ) 
 REPRESENTATION_ITEM ( '' )  );
#6820 = DIRECTION ( 'NONE',  ( -0.000000000000000000, 1.000000000000000000, -0.000000000000000000 ) ) ;
#6821 = DIRECTION ( 'NONE',  ( -1.000000000000000000, -0.000000000000000000, -0.000000000000000000 ) ) ;
#6822 = AXIS2_PLACEMENT_3D ( 'NONE', #6024, #2105, #2584 ) ;
#6823 = ORIENTED_EDGE ( 'NONE', *, *, #1350, .T. ) ;
#6824 = AXIS2_PLACEMENT_3D ( 'NONE', #3288, #5895, #5135 ) ;
#6825 = CARTESIAN_POINT ( 'NONE',  ( -2.500000000000000000, 9.500000000000001776, 39.75000000000000000 ) ) ;
#6826 = FACE_OUTER_BOUND ( 'NONE', #6039, .T. ) ;
#6827 = EDGE_LOOP ( 'NONE', ( #7145, #2226 ) ) ;
#6828 = ORIENTED_EDGE ( 'NONE', *, *, #3051, .F. ) ;
#6829 = CARTESIAN_POINT ( 'NONE',  ( -39.95487127699625063, 118.4462808484049106, -52.27561669164096969 ) ) ;
#6830 = DIRECTION ( 'NONE',  ( -0.000000000000000000, 1.000000000000000000, -0.000000000000000000 ) ) ;
#6831 = CARTESIAN_POINT ( 'NONE',  ( 24.50000000000000711, 86.00000000000000000, -38.46815680934845005 ) ) ;
#6832 = CARTESIAN_POINT ( 'NONE',  ( -39.74999999999999289, 8.500000000000001776, -2.499999999999999556 ) ) ;
#6833 = AXIS2_PLACEMENT_3D ( 'NONE', #874, #7356, #6755 ) ;
#6834 = AXIS2_PLACEMENT_3D ( 'NONE', #6641, #2668, #1463 ) ;
#6835 = EDGE_CURVE ( 'NONE', #2067, #8528, #5674, .T. ) ;
#6836 = CARTESIAN_POINT ( 'NONE',  ( -5.085854180375630307, 1.000000000000004441, 17.82680998471258604 ) ) ;
#6837 = VERTEX_POINT ( 'NONE', #8290 ) ;
#6838 = CARTESIAN_POINT ( 'NONE',  ( 104.7500000000000000, 229.9999999999999716, -132.2500000000000000 ) ) ;
#6839 = DIRECTION ( 'NONE',  ( 0.000000000000000000, 0.000000000000000000, 1.000000000000000000 ) ) ;
#6840 = VERTEX_POINT ( 'NONE', #2324 ) ;
#6841 = VECTOR ( 'NONE', #8239, 1000.000000000000000 ) ;
#6842 = FACE_OUTER_BOUND ( 'NONE', #4133, .T. ) ;
#6843 = CARTESIAN_POINT ( 'NONE',  ( 24.14382719210886208, 49.95127232907599080, -3.653840631459917443 ) ) ;
#6844 = CARTESIAN_POINT ( 'NONE',  ( 118.0407415684136936, 227.6090993664645055, -124.5776301000701096 ) ) ;
#6845 = ADVANCED_FACE ( 'NONE', ( #7023 ), #4392, .F. ) ;
#6846 = CARTESIAN_POINT ( 'NONE',  ( 14.31440395698392543, 8.500000000000003553, -25.12126558035638979 ) ) ;
#6847 = AXIS2_PLACEMENT_3D ( 'NONE', #4928, #95, #952 ) ;
#6848 = CARTESIAN_POINT ( 'NONE',  ( -23.75782623139467731, 10.88359729825087108, -6.877358173052313006 ) ) ;
#6849 = ORIENTED_EDGE ( 'NONE', *, *, #5196, .F. ) ;
#6850 = VERTEX_POINT ( 'NONE', #6904 ) ;
#6851 = CARTESIAN_POINT ( 'NONE',  ( -16.73577385486069247, 9.765722973816334473, 22.29895417362652665 ) ) ;
#6852 = DIRECTION ( 'NONE',  ( 4.666965792327556537E-16, -1.000000000000000000, 0.000000000000000000 ) ) ;
#6853 = ORIENTED_EDGE ( 'NONE', *, *, #5355, .T. ) ;
#6854 = CARTESIAN_POINT ( 'NONE',  ( -3.500000000000000000, 49.15594766088219814, 38.75000000000000000 ) ) ;
#6855 = ORIENTED_EDGE ( 'NONE', *, *, #3423, .T. ) ;
#6856 = CARTESIAN_POINT ( 'NONE',  ( 53.18694728371327329, 159.0386039498022512, 82.03221667704234221 ) ) ;
#6857 = EDGE_CURVE ( 'NONE', #4751, #6665, #6593, .T. ) ;
#6858 = EDGE_CURVE ( 'NONE', #6215, #8384, #7681, .T. ) ;
#6859 = DIRECTION ( 'NONE',  ( -1.000000000000000000, -0.000000000000000000, -0.000000000000000000 ) ) ;
#6860 = VECTOR ( 'NONE', #1612, 1000.000000000000000 ) ;
#6861 = CARTESIAN_POINT ( 'NONE',  ( 104.7500000000000000, 227.4999999999999716, 137.2499999999999716 ) ) ;
#6862 = ORIENTED_EDGE ( 'NONE', *, *, #6267, .T. ) ;
#6863 = DIRECTION ( 'NONE',  ( 0.000000000000000000, 1.000000000000000000, -1.040834085586083310E-14 ) ) ;
#6864 = CARTESIAN_POINT ( 'NONE',  ( -2.775916319244006392, 56.00762814956699742, -39.71373920479690867 ) ) ;
#6865 = EDGE_LOOP ( 'NONE', ( #3502, #4334, #6660, #4184 ) ) ;
#6866 = EDGE_CURVE ( 'NONE', #5656, #8161, #3943, .T. ) ;
#6867 = CARTESIAN_POINT ( 'NONE',  ( 4.500000000000003553, 49.42675095010443442, 37.78736529329842142 ) ) ;
#6868 = VECTOR ( 'NONE', #8505, 1000.000000000000000 ) ;
#6869 = CIRCLE ( 'NONE', #4936, 2.999999999999995559 ) ;
#6870 = CARTESIAN_POINT ( 'NONE',  ( -4.938849362433377799, 9.499999999999994671, 27.59419916606944057 ) ) ;
#6871 = B_SPLINE_CURVE_WITH_KNOTS ( 'NONE', 3,
 ( #2719, #2322, #5638, #6642, #6151, #8288, #2362 ),
 .UNSPECIFIED., .F., .F.,
 ( 4, 3, 4 ),
 ( 0.02743754708798588904, 0.09613251308008299856, 0.1000080239093334433 ),
 .UNSPECIFIED. ) ;
#6872 = CARTESIAN_POINT ( 'NONE',  ( -24.14493729962313395, 50.06362779972768351, -4.264691288619002485 ) ) ;
#6873 = DIRECTION ( 'NONE',  ( -0.9999511932547845428, -0.009879833416230941398, 0.000000000000000000 ) ) ;
#6874 = EDGE_LOOP ( 'NONE', ( #162, #4580, #6853, #2156 ) ) ;
#6875 = EDGE_LOOP ( 'NONE', ( #8019, #4645, #6595 ) ) ;
#6876 = CARTESIAN_POINT ( 'NONE',  ( -37.20114597761966024, 118.3343152880444649, -55.74010805128046542 ) ) ;
#6877 = DIRECTION ( 'NONE',  ( 0.000000000000000000, 0.000000000000000000, 1.000000000000000000 ) ) ;
#6878 =( BOUNDED_SURFACE ( )  B_SPLINE_SURFACE ( 2, 3, ( 
 ( #206, #5450, #5498, #67, #1389, #1985, #4026, #7270, #4767, #6703 ),
 ( #6654, #5998, #1484, #2738, #1345, #3981, #1433, #6609, #3430, #6044 ),
 ( #111, #4124, #4335, #7763, #6220, #3692, #1698, #6928, #6180, #3839 ) ),
 .UNSPECIFIED., .F., .F., .F. ) 
 B_SPLINE_SURFACE_WITH_KNOTS ( ( 3, 3 ),
 ( 4, 3, 3, 4 ),
 ( 0.000000000000000000, 1.000000000000000000 ),
 ( -0.1273663106711186155, -0.1116129231263427307, -0.04007684236470532985, -0.02026746482928589582 ),
 .UNSPECIFIED. ) 
 GEOMETRIC_REPRESENTATION_ITEM ( )  RATIONAL_B_SPLINE_SURFACE ( (
 ( 1.000000000000000000, 1.000000000000000000, 1.000000000000000000, 1.000000000000000000, 1.000000000000000000, 1.000000000000000000, 1.000000000000000000, 1.000000000000000000, 1.000000000000000000, 1.000000000000000000),
 ( 0.7847319775662078278, 0.7847319775662078278, 0.7847319775662078278, 0.7847319775662078278, 0.7847319775662078278, 0.7847319775662078278, 0.7847319775662078278, 0.7847319775662078278, 0.7847319775662078278, 0.7847319775662078278),
 ( 1.000000000000000000, 1.000000000000000000, 1.000000000000000000, 1.000000000000000000, 1.000000000000000000, 1.000000000000000000, 1.000000000000000000, 1.000000000000000000, 1.000000000000000000, 1.000000000000000000) ) ) 
 REPRESENTATION_ITEM ( '' )  SURFACE ( )  );
#6879 = CARTESIAN_POINT ( 'NONE',  ( 56.96776195140802201, 166.1870639913605885, 80.74471581048523205 ) ) ;
#6880 = CARTESIAN_POINT ( 'NONE',  ( -24.74420466249360118, 8.500000000000000000, 6.299630403166113446 ) ) ;
#6881 = ORIENTED_EDGE ( 'NONE', *, *, #5238, .F. ) ;
#6882 = PLANE ( 'NONE',  #730 ) ;
#6883 = DIRECTION ( 'NONE',  ( 0.000000000000000000, -0.000000000000000000, -1.000000000000000000 ) ) ;
#6884 = ORIENTED_EDGE ( 'NONE', *, *, #6092, .T. ) ;
#6885 = EDGE_CURVE ( 'NONE', #638, #1645, #6550, .T. ) ;
#6886 = CARTESIAN_POINT ( 'NONE',  ( 40.45946519827176502, 8.500000000000000000, 2.500000000000000000 ) ) ;
#6887 = CARTESIAN_POINT ( 'NONE',  ( -16.13121533271135277, 87.06970507332138709, 48.37688146349528040 ) ) ;
#6888 = AXIS2_PLACEMENT_3D ( 'NONE', #7716, #3137, #5785 ) ;
#6889 = CARTESIAN_POINT ( 'NONE',  ( 85.37482668035397637, 191.7154629365022345, -102.3069786793787870 ) ) ;
#6890 = CARTESIAN_POINT ( 'NONE',  ( -38.64807439327530147, 9.413526278547021064, -3.473972674778604386 ) ) ;
#6891 = DIRECTION ( 'NONE',  ( -4.625929269271513721E-15, 0.000000000000000000, 1.000000000000000000 ) ) ;
#6892 = ORIENTED_EDGE ( 'NONE', *, *, #3564, .F. ) ;
#6893 = ADVANCED_FACE ( 'NONE', ( #3098 ), #6408, .F. ) ;
#6894 = CARTESIAN_POINT ( 'NONE',  ( -19.55849145452272708, 9.725258353201112982, 19.22339114548831418 ) ) ;
#6895 = DIRECTION ( 'NONE',  ( -1.000000000000000000, 0.000000000000000000, 1.734723475976805517E-15 ) ) ;
#6896 = CARTESIAN_POINT ( 'NONE',  ( 34.63215570517778019, 106.7196891948579349, -42.33605215541611244 ) ) ;
#6897 = VERTEX_POINT ( 'NONE', #7717 ) ;
#6898 = DIRECTION ( 'NONE',  ( 0.9999511932547847648, 0.009879833416222269515, 0.000000000000000000 ) ) ;
#6899 = CARTESIAN_POINT ( 'NONE',  ( 20.25728235093622231, 8.499999999997672973, -17.77687129044754499 ) ) ;
#6900 = DIRECTION ( 'NONE',  ( -0.000000000000000000, 1.000000000000000000, -0.000000000000000000 ) ) ;
#6901 = CARTESIAN_POINT ( 'NONE',  ( -23.00273488902090335, 100.3196311050526504, 52.10428036815223862 ) ) ;
#6902 = EDGE_CURVE ( 'NONE', #240, #3083, #2292, .T. ) ;
#6903 = ADVANCED_FACE ( 'NONE', ( #3619 ), #7642, .F. ) ;
#6904 = CARTESIAN_POINT ( 'NONE',  ( -69.00000000000000000, 177.0000000000000000, -85.94234171967497105 ) ) ;
#6905 = EDGE_LOOP ( 'NONE', ( #8569, #6953, #4427, #2727 ) ) ;
#6906 = DIRECTION ( 'NONE',  ( -1.000000000000000000, 0.000000000000000000, 0.000000000000000000 ) ) ;
#6907 = CARTESIAN_POINT ( 'NONE',  ( -3.499999999999991562, 49.42675095010442021, -37.78736529329835747 ) ) ;
#6908 = ORIENTED_EDGE ( 'NONE', *, *, #1124, .F. ) ;
#6909 = DIRECTION ( 'NONE',  ( -0.000000000000000000, 1.000000000000000000, -0.000000000000000000 ) ) ;
#6910 = CARTESIAN_POINT ( 'NONE',  ( 128.6499999999999773, 222.4999999999999716, 128.6499999999999773 ) ) ;
#6911 = EDGE_CURVE ( 'NONE', #563, #6215, #4643, .T. ) ;
#6912 = ORIENTED_EDGE ( 'NONE', *, *, #2655, .F. ) ;
#6913 = EDGE_CURVE ( 'NONE', #6452, #8059, #207, .T. ) ;
#6914 = FACE_OUTER_BOUND ( 'NONE', #5483, .T. ) ;
#6915 = CARTESIAN_POINT ( 'NONE',  ( 132.2499999999988916, 222.4999999999999716, -104.7500000000013785 ) ) ;
#6916 = VERTEX_POINT ( 'NONE', #6518 ) ;
#6917 = EDGE_LOOP ( 'NONE', ( #565, #6543 ) ) ;
#6918 = CARTESIAN_POINT ( 'NONE',  ( 13.55662241773045373, 9.787128205591773877, 24.49426981282943316 ) ) ;
#6919 = CARTESIAN_POINT ( 'NONE',  ( -36.66581238215923833, 118.4382319788814186, -56.13510534718170675 ) ) ;
#6920 = CARTESIAN_POINT ( 'NONE',  ( -3.570311512526960662, 55.51446430390966214, 39.49992852063250837 ) ) ;
#6921 = CIRCLE ( 'NONE', #3183, 2.700000000000008171 ) ;
#6922 = CARTESIAN_POINT ( 'NONE',  ( 1.291850474882821453, 1.000000000000001998, 18.47502297637318946 ) ) ;
#6923 = EDGE_LOOP ( 'NONE', ( #4909, #7827 ) ) ;
#6924 = VECTOR ( 'NONE', #3422, 1000.000000000000000 ) ;
#6925 = CARTESIAN_POINT ( 'NONE',  ( 22.77120721434438977, 82.46471587652445123, -47.08143033063677052 ) ) ;
#6926 = CARTESIAN_POINT ( 'NONE',  ( 39.58175593539392878, 8.500000000000000000, 4.500000000000000888 ) ) ;
#6927 = ORIENTED_EDGE ( 'NONE', *, *, #776, .T. ) ;
#6928 = CARTESIAN_POINT ( 'NONE',  ( -32.51289601523748729, 116.3789801251299281, -55.56352455132521584 ) ) ;
#6929 = VERTEX_POINT ( 'NONE', #7223 ) ;
#6930 = DIRECTION ( 'NONE',  ( 0.000000000000000000, 0.000000000000000000, 1.000000000000000000 ) ) ;
#6931 = CARTESIAN_POINT ( 'NONE',  ( 38.49433898144397403, 9.456746836534332346, 3.500000000000000444 ) ) ;
#6932 = VECTOR ( 'NONE', #193, 1000.000000000000000 ) ;
#6933 = CARTESIAN_POINT ( 'NONE',  ( -23.74425346923881364, 9.509879833416229999, 6.299630403166119663 ) ) ;
#6934 = CARTESIAN_POINT ( 'NONE',  ( 12.52972617820439716, 8.500000000001760370, -24.53437795303224789 ) ) ;
#6935 = CARTESIAN_POINT ( 'NONE',  ( -4.500000000000003553, 9.499999999999994671, -26.59419916606944767 ) ) ;
#6936 = ORIENTED_EDGE ( 'NONE', *, *, #6991, .F. ) ;
#6937 = ORIENTED_EDGE ( 'NONE', *, *, #7369, .T. ) ;
#6938 = CARTESIAN_POINT ( 'NONE',  ( -22.84529137286669709, 9.622197767069597063, 12.65184592289301335 ) ) ;
#6939 = DIRECTION ( 'NONE',  ( 0.009879833416222269515, -0.9999511932547846538, 0.000000000000000000 ) ) ;
#6940 = CARTESIAN_POINT ( 'NONE',  ( -24.68711237803104908, 104.9378947804553803, -46.43263858811704381 ) ) ;
#6941 = CARTESIAN_POINT ( 'NONE',  ( 21.24402411629381504, 8.500000000004602541, -16.17394425636386401 ) ) ;
#6942 = DIRECTION ( 'NONE',  ( 0.000000000000000000, 0.000000000000000000, 1.000000000000000000 ) ) ;
#6943 = EDGE_CURVE ( 'NONE', #2764, #7737, #6184, .T. ) ;
#6944 = LINE ( 'NONE', #7560, #2973 ) ;
#6945 = CARTESIAN_POINT ( 'NONE',  ( -37.11812783944746030, 12.99222091195516704, 3.500000000000000000 ) ) ;
#6946 = VERTEX_POINT ( 'NONE', #6478 ) ;
#6947 = FACE_OUTER_BOUND ( 'NONE', #6479, .T. ) ;
#6948 = DIRECTION ( 'NONE',  ( -0.000000000000000000, 1.000000000000000000, -0.000000000000000000 ) ) ;
#6949 = EDGE_LOOP ( 'NONE', ( #5996, #6956, #2182, #868 ) ) ;
#6950 = DIRECTION ( 'NONE',  ( 0.7071067811865474617, 0.000000000000000000, 0.7071067811865476838 ) ) ;
#6951 = EDGE_CURVE ( 'NONE', #98, #3284, #7927, .T. ) ;
#6952 = CARTESIAN_POINT ( 'NONE',  ( 4.500000000000000888, 9.499999999999994671, -27.59419916606945478 ) ) ;
#6953 = ORIENTED_EDGE ( 'NONE', *, *, #8154, .F. ) ;
#6954 = CYLINDRICAL_SURFACE ( 'NONE', #1595, 2.700000000000008171 ) ;
#6955 = CARTESIAN_POINT ( 'NONE',  ( -4.500000000000000888, 8.500000000000000000, -27.59419916606945122 ) ) ;
#6956 = ORIENTED_EDGE ( 'NONE', *, *, #5732, .F. ) ;
#6957 = ORIENTED_EDGE ( 'NONE', *, *, #4684, .F. ) ;
#6958 = CARTESIAN_POINT ( 'NONE',  ( 10.26372537777054461, 8.500000000000007105, 26.83698739319689253 ) ) ;
#6959 = DIRECTION ( 'NONE',  ( -1.000000000000000000, 0.000000000000000000, 0.000000000000000000 ) ) ;
#6960 = FACE_OUTER_BOUND ( 'NONE', #6793, .T. ) ;
#6961 = CARTESIAN_POINT ( 'NONE',  ( 4.500000000000000888, 8.500000000000000000, 39.75000000000000000 ) ) ;
#6962 = EDGE_CURVE ( 'NONE', #5094, #5388, #4030, .T. ) ;
#6963 = EDGE_CURVE ( 'NONE', #1246, #878, #2004, .T. ) ;
#6964 = AXIS2_PLACEMENT_3D ( 'NONE', #200, #6700, #2959 ) ;
#6965 = ORIENTED_EDGE ( 'NONE', *, *, #7851, .T. ) ;
#6966 = DIRECTION ( 'NONE',  ( -0.000000000000000000, 1.000000000000000000, -0.000000000000000000 ) ) ;
#6967 = ORIENTED_EDGE ( 'NONE', *, *, #642, .T. ) ;
#6968 = CARTESIAN_POINT ( 'NONE',  ( -38.36054287936816820, 8.500000000000000000, -34.11790219225090937 ) ) ;
#6969 = AXIS2_PLACEMENT_3D ( 'NONE', #5566, #6830, #5528 ) ;
#6970 = CARTESIAN_POINT ( 'NONE',  ( -64.77183262617224102, 176.6748088917582322, -92.44742548854829067 ) ) ;
#6971 = CARTESIAN_POINT ( 'NONE',  ( 97.90857869814003323, 209.5170546485454111, -113.3521968067190926 ) ) ;
#6972 = CARTESIAN_POINT ( 'NONE',  ( -39.43483914830974868, 8.500000000000001776, -3.246305433290511022 ) ) ;
#6973 = CIRCLE ( 'NONE', #595, 1.000000000000000888 ) ;
#6974 = CIRCLE ( 'NONE', #5446, 1.000000000000001332 ) ;
#6975 =( BOUNDED_CURVE ( )  B_SPLINE_CURVE ( 3, ( #4277, #7026, #312, #2442 ),
 .UNSPECIFIED., .F., .T. ) 
 B_SPLINE_CURVE_WITH_KNOTS ( ( 4, 4 ),
 ( 4.712388980384692339, 6.283185307179586232 ),
 .UNSPECIFIED. ) 
 CURVE ( )  GEOMETRIC_REPRESENTATION_ITEM ( )  RATIONAL_B_SPLINE_CURVE ( ( 1.000000000000000000, 0.8047378541243654926, 0.8047378541243654926, 1.000000000000000000 ) ) 
 REPRESENTATION_ITEM ( '' )  );
#6976 = CARTESIAN_POINT ( 'NONE',  ( -24.74420466249360118, 8.500000000000000000, 6.299630403166113446 ) ) ;
#6977 = AXIS2_PLACEMENT_3D ( 'NONE', #6985, #3708, #431 ) ;
#6978 = CARTESIAN_POINT ( 'NONE',  ( -23.74449036548331904, 9.533856420105049523, 7.601759544356223586 ) ) ;
#6979 = FACE_OUTER_BOUND ( 'NONE', #176, .T. ) ;
#6980 = CIRCLE ( 'NONE', #5453, 5.000000000000004441 ) ;
#6981 = DIRECTION ( 'NONE',  ( 1.000000000000000000, 0.000000000000000000, 0.000000000000000000 ) ) ;
#6982 = CARTESIAN_POINT ( 'NONE',  ( 18.51758409710133790, 8.500000000002939871, -20.03083504258175651 ) ) ;
#6983 = CARTESIAN_POINT ( 'NONE',  ( -112.3555234424489839, 222.4999999999999716, 121.4076260998840411 ) ) ;
#6984 = CIRCLE ( 'NONE', #5720, 1.000000000000000888 ) ;
#6985 = CARTESIAN_POINT ( 'NONE',  ( 139.6500000000000057, 0.000000000000000000, 0.000000000000000000 ) ) ;
#6986 = CIRCLE ( 'NONE', #7396, 3.000000000000009770 ) ;
#6987 = CARTESIAN_POINT ( 'NONE',  ( -21.92214327812202512, 80.72842782717086152, 38.16270565554785321 ) ) ;
#6988 = DIRECTION ( 'NONE',  ( -0.000000000000000000, 1.000000000000000000, -0.000000000000000000 ) ) ;
#6989 = ORIENTED_EDGE ( 'NONE', *, *, #5086, .F. ) ;
#6990 = AXIS2_PLACEMENT_3D ( 'NONE', #7421, #4138, #7463 ) ;
#6991 = EDGE_CURVE ( 'NONE', #2886, #8417, #5750, .T. ) ;
#6992 = CARTESIAN_POINT ( 'NONE',  ( -132.2500000000000000, 229.9999999999999716, 4.617484070620044083E-13 ) ) ;
#6993 = CARTESIAN_POINT ( 'NONE',  ( -33.94842799962901125, 119.3145623853462638, 57.38494293454228767 ) ) ;
#6994 = DIRECTION ( 'NONE',  ( 0.000000000000000000, 0.000000000000000000, 1.000000000000000000 ) ) ;
#6995 = CARTESIAN_POINT ( 'NONE',  ( 139.6500000000000057, 222.4999999999999716, -121.4076260998840411 ) ) ;
#6996 = AXIS2_PLACEMENT_3D ( 'NONE', #7226, #1308, #3949 ) ;
#6997 = CARTESIAN_POINT ( 'NONE',  ( 24.16078302820342216, 51.66739524566409614, 3.428138555589549608 ) ) ;
#6998 = FACE_OUTER_BOUND ( 'NONE', #6718, .T. ) ;
#6999 = VERTEX_POINT ( 'NONE', #4594 ) ;
#7000 = EDGE_CURVE ( 'NONE', #2834, #5374, #3864, .T. ) ;
#7001 = EDGE_LOOP ( 'NONE', ( #7100, #4821, #1120, #1492, #5942, #7060, #3967, #4964, #3252, #4782 ) ) ;
#7002 = B_SPLINE_CURVE_WITH_KNOTS ( 'NONE', 3,
 ( #7908, #5809, #4708, #7201, #6545, #625, #52 ),
 .UNSPECIFIED., .F., .F.,
 ( 4, 3, 4 ),
 ( 0.01603977780917660925, 0.05221481032689248569, 0.05444835291825014800 ),
 .UNSPECIFIED. ) ;
#7003 = CARTESIAN_POINT ( 'NONE',  ( 6.230507612331925849, 9.779620323137734772, 26.63404482057744715 ) ) ;
#7004 = CARTESIAN_POINT ( 'NONE',  ( 24.74420466249360118, 9.500000000000001776, 4.500000000000000888 ) ) ;
#7005 = DIRECTION ( 'NONE',  ( 1.000000000000000000, 0.000000000000000000, 0.000000000000000000 ) ) ;
#7006 = CARTESIAN_POINT ( 'NONE',  ( -15.17339135953013063, 8.500000000000003553, -24.65628246887652608 ) ) ;
#7007 = CARTESIAN_POINT ( 'NONE',  ( 4.317195558217299833, 52.40364133491376464, -38.62480830490838457 ) ) ;
#7008 = ORIENTED_EDGE ( 'NONE', *, *, #6045, .F. ) ;
#7009 = EDGE_CURVE ( 'NONE', #6840, #1428, #8363, .T. ) ;
#7010 = EDGE_CURVE ( 'NONE', #7734, #6946, #5787, .T. ) ;
#7011 = ORIENTED_EDGE ( 'NONE', *, *, #2559, .F. ) ;
#7012 = CYLINDRICAL_SURFACE ( 'NONE', #6565, 1.000000000000000888 ) ;
#7013 = FACE_OUTER_BOUND ( 'NONE', #7277, .T. ) ;
#7014 = ORIENTED_EDGE ( 'NONE', *, *, #5661, .T. ) ;
#7015 = CARTESIAN_POINT ( 'NONE',  ( -23.17312397245310507, 9.601001629605573129, 11.40748359140960311 ) ) ;
#7016 = CARTESIAN_POINT ( 'NONE',  ( -14.20914363109804057, 0.9999999999999981126, 11.60029664539037775 ) ) ;
#7017 = B_SPLINE_CURVE_WITH_KNOTS ( 'NONE', 3,
 ( #2426, #4984, #2504, #6271 ),
 .UNSPECIFIED., .F., .F.,
 ( 4, 4 ),
 ( 6.938893903907228378E-18, 0.001283055201885296634 ),
 .UNSPECIFIED. ) ;
#7018 = CARTESIAN_POINT ( 'NONE',  ( 27.44542709641619993, 106.0162908754055167, -49.13386561966817823 ) ) ;
#7019 = CARTESIAN_POINT ( 'NONE',  ( 18.35341993652890125, 8.500000000000007105, -22.12883478519351854 ) ) ;
#7020 = CARTESIAN_POINT ( 'NONE',  ( 128.6499999999999773, 229.9999999999999716, 139.6500000000000057 ) ) ;
#7021 = CARTESIAN_POINT ( 'NONE',  ( 39.51561378894523813, 9.169629727256930707, -3.085786437626904632 ) ) ;
#7022 = FACE_OUTER_BOUND ( 'NONE', #125, .T. ) ;
#7023 = FACE_OUTER_BOUND ( 'NONE', #2440, .T. ) ;
#7024 = VERTEX_POINT ( 'NONE', #2515 ) ;
#7025 = DIRECTION ( 'NONE',  ( 0.000000000000000000, 0.000000000000000000, -1.000000000000000000 ) ) ;
#7026 = CARTESIAN_POINT ( 'NONE',  ( 4.499999999999997335, 53.59138541369812003, -38.95893816855224401 ) ) ;
#7027 = DIRECTION ( 'NONE',  ( -1.000000000000000000, 0.000000000000000000, 0.000000000000000000 ) ) ;
#7028 = CARTESIAN_POINT ( 'NONE',  ( 24.17526152669388040, 53.13278349967367831, 2.777317768967979106 ) ) ;
#7029 = FACE_OUTER_BOUND ( 'NONE', #4320, .T. ) ;
#7030 = CARTESIAN_POINT ( 'NONE',  ( -104.7500000000000000, 222.4999999999999716, -132.2500000000000000 ) ) ;
#7031 = ORIENTED_EDGE ( 'NONE', *, *, #7741, .F. ) ;
#7032 = CARTESIAN_POINT ( 'NONE',  ( 4.446512007246176346, 51.25663860137773042, 38.30213958039006883 ) ) ;
#7033 = CARTESIAN_POINT ( 'NONE',  ( 23.74425346923881364, 9.509879833416224670, 6.299630403166117887 ) ) ;
#7034 = CARTESIAN_POINT ( 'NONE',  ( 132.2500000000000000, 222.4999999999999716, -1.385245221186013225E-12 ) ) ;
#7035 = DIRECTION ( 'NONE',  ( -4.026401060382563240E-16, -1.000000000000000000, -0.000000000000000000 ) ) ;
#7036 = EDGE_CURVE ( 'NONE', #2637, #84, #5155, .T. ) ;
#7037 = CARTESIAN_POINT ( 'NONE',  ( 42.49990958091902371, 122.8088038621040425, -51.15692978474201169 ) ) ;
#7038 = CARTESIAN_POINT ( 'NONE',  ( 113.2254025089933549, 222.4999999999998010, -121.4076260998839274 ) ) ;
#7039 = VECTOR ( 'NONE', #4186, 1000.000000000000000 ) ;
#7040 = ORIENTED_EDGE ( 'NONE', *, *, #5916, .T. ) ;
#7041 = ORIENTED_EDGE ( 'NONE', *, *, #4739, .T. ) ;
#7042 = DIRECTION ( 'NONE',  ( -1.000000000000000000, 0.000000000000000000, 0.000000000000000000 ) ) ;
#7043 = DIRECTION ( 'NONE',  ( 1.000000000000000000, 0.000000000000000000, 0.000000000000000000 ) ) ;
#7044 = EDGE_CURVE ( 'NONE', #3168, #7972, #2222, .T. ) ;
#7045 = CYLINDRICAL_SURFACE ( 'NONE', #1990, 2.700000000000008171 ) ;
#7046 = ORIENTED_EDGE ( 'NONE', *, *, #7000, .T. ) ;
#7047 = CARTESIAN_POINT ( 'NONE',  ( -15.20263458419272240, 9.777637076513721937, 23.44060720846882973 ) ) ;
#7048 = CARTESIAN_POINT ( 'NONE',  ( -9.984049513053205871, 0.9999999999999965583, -15.59164677574352709 ) ) ;
#7049 = AXIS2_PLACEMENT_3D ( 'NONE', #4316, #6245, #4238 ) ;
#7050 = CARTESIAN_POINT ( 'NONE',  ( 70.34645875728597275, 179.7534325148994014, -94.88498870288142939 ) ) ;
#7051 = CARTESIAN_POINT ( 'NONE',  ( 17.36327860458344574, 8.500000000000000000, -23.03384533605667173 ) ) ;
#7052 = CARTESIAN_POINT ( 'NONE',  ( 132.2500000000000000, 229.9999999999999716, -1.385245221186013225E-12 ) ) ;
#7053 = PLANE ( 'NONE',  #1163 ) ;
#7054 = ADVANCED_FACE ( 'NONE', ( #6142 ), #1397, .F. ) ;
#7055 = ADVANCED_FACE ( 'NONE', ( #2745 ), #1070, .F. ) ;
#7056 = AXIS2_PLACEMENT_3D ( 'NONE', #985, #7062, #8207 ) ;
#7057 = DIRECTION ( 'NONE',  ( -0.9438514093265258920, -0.3303702727430709585, 0.000000000000000000 ) ) ;
#7058 = DIRECTION ( 'NONE',  ( -0.1221337749043161364, -0.9525907884483584276, 0.2786649077134699115 ) ) ;
#7059 = CARTESIAN_POINT ( 'NONE',  ( 12.47041347705065562, 0.9999999999999974465, -13.51821543368308909 ) ) ;
#7060 = ORIENTED_EDGE ( 'NONE', *, *, #6794, .T. ) ;
#7061 = DIRECTION ( 'NONE',  ( -0.000000000000000000, 1.000000000000000000, -0.000000000000000000 ) ) ;
#7062 = DIRECTION ( 'NONE',  ( -0.000000000000000000, 1.000000000000000000, -0.000000000000000000 ) ) ;
#7063 = CARTESIAN_POINT ( 'NONE',  ( 40.45946519827176502, 9.500000000000001776, 3.500000000000000000 ) ) ;
#7064 = CARTESIAN_POINT ( 'NONE',  ( 33.04298293784126628, 119.4305585541721229, 57.45691419460372629 ) ) ;
#7065 = CARTESIAN_POINT ( 'NONE',  ( 24.17394958380501535, 53.00000000000000000, 2.500000000000001776 ) ) ;
#7066 = CARTESIAN_POINT ( 'NONE',  ( -24.17526152669387329, 53.13278349967309566, -2.777317768967979106 ) ) ;
#7067 = CARTESIAN_POINT ( 'NONE',  ( 0.000000000000000000, 227.4999999999999716, -132.2500000000000000 ) ) ;
#7068 = EDGE_LOOP ( 'NONE', ( #5570, #6675 ) ) ;
#7069 = CARTESIAN_POINT ( 'NONE',  ( 3.500000000000000444, 50.09968843112151404, 38.88274407362842311 ) ) ;
#7070 = CARTESIAN_POINT ( 'NONE',  ( -16.75094493577949706, 9.765605617672031613, -22.28768513386626182 ) ) ;
#7071 = CARTESIAN_POINT ( 'NONE',  ( -59.97434208973188419, 168.8889685339113669, -88.14399742256449599 ) ) ;
#7072 = VECTOR ( 'NONE', #3488, 1000.000000000000000 ) ;
#7073 = DIRECTION ( 'NONE',  ( 0.9999511932547846538, 0.009879833416224214140, -0.000000000000000000 ) ) ;
#7074 = CARTESIAN_POINT ( 'NONE',  ( 17.79887264869807240, -7.166539970633209870E-15, -3.925513032651582357 ) ) ;
#7075 = CARTESIAN_POINT ( 'NONE',  ( -38.36054287936817531, -6.084765255835264597E-15, -34.11790219225091647 ) ) ;
#7076 = ORIENTED_EDGE ( 'NONE', *, *, #8329, .T. ) ;
#7077 = ORIENTED_EDGE ( 'NONE', *, *, #5616, .T. ) ;
#7078 = VERTEX_POINT ( 'NONE', #5628 ) ;
#7079 = CARTESIAN_POINT ( 'NONE',  ( 132.2500000000011084, 229.9999999999999716, 104.7499999999986073 ) ) ;
#7080 = ADVANCED_FACE ( 'NONE', ( #1621 ), #6201, .F. ) ;
#7081 = CARTESIAN_POINT ( 'NONE',  ( 40.19202138593393414, 8.500000000000000000, 3.507237950841466834 ) ) ;
#7082 = CIRCLE ( 'NONE', #5145, 1.000000000000000000 ) ;
#7083 = DIRECTION ( 'NONE',  ( 0.000000000000000000, -0.9626347067015686987, 0.2708032892222412835 ) ) ;
#7084 = DIRECTION ( 'NONE',  ( -0.000000000000000000, -1.000000000000000000, -0.000000000000000000 ) ) ;
#7085 = ORIENTED_EDGE ( 'NONE', *, *, #4424, .F. ) ;
#7086 = AXIS2_PLACEMENT_3D ( 'NONE', #7452, #6800, #872 ) ;
#7087 = ORIENTED_EDGE ( 'NONE', *, *, #549, .F. ) ;
#7088 = CARTESIAN_POINT ( 'NONE',  ( 114.0819774329309695, 222.5000000000000284, 121.3223654952452648 ) ) ;
#7089 = DIRECTION ( 'NONE',  ( 0.000000000000000000, 0.000000000000000000, 1.000000000000000000 ) ) ;
#7090 = CYLINDRICAL_SURFACE ( 'NONE', #6431, 1.000000000000000888 ) ;
#7091 = EDGE_CURVE ( 'NONE', #2019, #1980, #47, .T. ) ;
#7092 = CARTESIAN_POINT ( 'NONE',  ( -3.500000000000000000, 9.500000000000001776, 27.59419916606945478 ) ) ;
#7093 = AXIS2_PLACEMENT_3D ( 'NONE', #3529, #3025, #2358 ) ;
#7094 = CARTESIAN_POINT ( 'NONE',  ( 8.466084175594859929, 35.07637172486148103, 33.75039273379248073 ) ) ;
#7095 = CIRCLE ( 'NONE', #8225, 2.999999999999981792 ) ;
#7096 = DIRECTION ( 'NONE',  ( 0.000000000000000000, 0.000000000000000000, 1.000000000000000000 ) ) ;
#7097 = CARTESIAN_POINT ( 'NONE',  ( -6.171234178203977905, 87.41649213276018315, -42.24154385045493854 ) ) ;
#7098 = DIRECTION ( 'NONE',  ( 0.000000000000000000, 0.000000000000000000, -1.000000000000000000 ) ) ;
#7099 = CIRCLE ( 'NONE', #1995, 2.700000000000008171 ) ;
#7100 = ORIENTED_EDGE ( 'NONE', *, *, #31, .T. ) ;
#7101 = DIRECTION ( 'NONE',  ( 0.000000000000000000, 1.000000000000000000, -3.469446951953611033E-15 ) ) ;
#7102 = EDGE_CURVE ( 'NONE', #5294, #256, #4510, .T. ) ;
#7103 = AXIS2_PLACEMENT_3D ( 'NONE', #3648, #6272, #4457 ) ;
#7104 = EDGE_CURVE ( 'NONE', #7436, #3727, #6562, .T. ) ;
#7105 = CARTESIAN_POINT ( 'NONE',  ( -15.55957244489872693, 85.96744145928163050, 48.06679851074704857 ) ) ;
#7106 = VECTOR ( 'NONE', #3446, 999.9999999999998863 ) ;
#7107 = CARTESIAN_POINT ( 'NONE',  ( 23.73427553772389231, 8.499999999999973355, -26.27406881924598281 ) ) ;
#7108 = CIRCLE ( 'NONE', #7541, 4.999999999999976907 ) ;
#7109 = CARTESIAN_POINT ( 'NONE',  ( 24.35912097720244063, 52.03576878201479161, 3.035261871262460609 ) ) ;
#7110 = AXIS2_PLACEMENT_3D ( 'NONE', #2401, #7563, #5709 ) ;
#7111 = CARTESIAN_POINT ( 'NONE',  ( 128.6499999999999773, 229.9999999999999716, 128.6499999999999773 ) ) ;
#7112 = CARTESIAN_POINT ( 'NONE',  ( -23.85889713998245298, 85.28701077767846073, 41.80039897282912875 ) ) ;
#7113 = CARTESIAN_POINT ( 'NONE',  ( 23.52751292543040407, 9.567888153921098038, 9.509728092187017978 ) ) ;
#7114 = ORIENTED_EDGE ( 'NONE', *, *, #3770, .T. ) ;
#7115 = CARTESIAN_POINT ( 'NONE',  ( -24.74420466249360118, 9.500000000000001776, 4.500000000000000888 ) ) ;
#7116 = DIRECTION ( 'NONE',  ( -1.000000000000000000, -0.000000000000000000, -0.000000000000000000 ) ) ;
#7117 = CARTESIAN_POINT ( 'NONE',  ( -23.74425346923880653, 9.509879833416222894, -6.299630403166123216 ) ) ;
#7118 = CIRCLE ( 'NONE', #1616, 2.700000000000008171 ) ;
#7119 = CARTESIAN_POINT ( 'NONE',  ( -61.48059090654165715, 170.2425797244046350, -83.26101079213151479 ) ) ;
#7120 = DIRECTION ( 'NONE',  ( -4.026401060382563240E-16, -1.000000000000000000, -0.000000000000000000 ) ) ;
#7121 = CIRCLE ( 'NONE', #5322, 1.000000000000000888 ) ;
#7122 = CARTESIAN_POINT ( 'NONE',  ( 18.51370253461190174, 87.41649213276018315, -22.88083625232979657 ) ) ;
#7123 = CARTESIAN_POINT ( 'NONE',  ( 62.49627132169562316, 177.6932981675498979, 93.60675282340628200 ) ) ;
#7124 = AXIS2_PLACEMENT_3D ( 'NONE', #1711, #6900, #1097 ) ;
#7125 = CARTESIAN_POINT ( 'NONE',  ( 116.9425980970147947, 222.5000000000000284, -120.3423877656877892 ) ) ;
#7126 = AXIS2_PLACEMENT_3D ( 'NONE', #3038, #6368, #1147 ) ;
#7127 = ORIENTED_EDGE ( 'NONE', *, *, #2083, .F. ) ;
#7128 = AXIS2_PLACEMENT_3D ( 'NONE', #1821, #1898, #7271 ) ;
#7129 = VERTEX_POINT ( 'NONE', #5744 ) ;
#7130 = VERTEX_POINT ( 'NONE', #3292 ) ;
#7131 = DIRECTION ( 'NONE',  ( -0.000000000000000000, 0.000000000000000000, -1.000000000000000000 ) ) ;
#7132 = CARTESIAN_POINT ( 'NONE',  ( 39.40764492383820539, 8.500000000000000000, 4.247572780487663735 ) ) ;
#7133 = FACE_OUTER_BOUND ( 'NONE', #1171, .T. ) ;
#7134 = AXIS2_PLACEMENT_3D ( 'NONE', #585, #1122, #3889 ) ;
#7135 = FACE_OUTER_BOUND ( 'NONE', #399, .T. ) ;
#7136 = VERTEX_POINT ( 'NONE', #4460 ) ;
#7137 = CARTESIAN_POINT ( 'NONE',  ( -14.46754791676896978, 8.499999999994138022, 23.48007937918093546 ) ) ;
#7138 = DIRECTION ( 'NONE',  ( 0.000000000000000000, -0.000000000000000000, -1.000000000000000000 ) ) ;
#7139 = CARTESIAN_POINT ( 'NONE',  ( -24.13247034433950944, 48.80183053180575570, 4.446572992257240564 ) ) ;
#7140 = CARTESIAN_POINT ( 'NONE',  ( -22.14728749588827128, 84.86811560432030888, -44.59226354352603749 ) ) ;
#7141 = CARTESIAN_POINT ( 'NONE',  ( -24.57196064623048670, 36.48528137423859619, -20.32931995911323853 ) ) ;
#7142 = EDGE_CURVE ( 'NONE', #3607, #6804, #5263, .T. ) ;
#7143 = CARTESIAN_POINT ( 'NONE',  ( -2.541886916619001902, 1.023465617644730973E-15, -18.06542556948194189 ) ) ;
#7144 = CARTESIAN_POINT ( 'NONE',  ( -38.03320465572132036, 118.2261239413144835, 55.00911644152956370 ) ) ;
#7145 = ORIENTED_EDGE ( 'NONE', *, *, #235, .T. ) ;
#7146 = CARTESIAN_POINT ( 'NONE',  ( -4.500000000000003553, 49.42675095010443442, -37.78736529329842142 ) ) ;
#7147 = ORIENTED_EDGE ( 'NONE', *, *, #1850, .T. ) ;
#7148 = CARTESIAN_POINT ( 'NONE',  ( 36.74787922158817821, 118.3777164901600401, 55.80524830637011036 ) ) ;
#7149 = AXIS2_PLACEMENT_3D ( 'NONE', #1261, #3174, #8516 ) ;
#7150 = CARTESIAN_POINT ( 'NONE',  ( -34.45920245038952601, 122.4104287123562642, -58.31874636647321353 ) ) ;
#7151 = EDGE_CURVE ( 'NONE', #2854, #6051, #2702, .T. ) ;
#7152 = FACE_BOUND ( 'NONE', #2194, .T. ) ;
#7153 = ORIENTED_EDGE ( 'NONE', *, *, #31, .F. ) ;
#7154 = CARTESIAN_POINT ( 'NONE',  ( 3.306546357697840914E-16, 227.4999999999999716, 129.5500000000000114 ) ) ;
#7155 = CARTESIAN_POINT ( 'NONE',  ( 22.70898485489484031, 8.500000000001184830, 12.62556234390595478 ) ) ;
#7156 = CARTESIAN_POINT ( 'NONE',  ( 104.7500000000000000, 222.4999999999999716, 134.9500000000000171 ) ) ;
#7157 = CYLINDRICAL_SURFACE ( 'NONE', #1116, 5.000000000000004441 ) ;
#7158 = DIRECTION ( 'NONE',  ( 0.000000000000000000, 1.000000000000000000, 0.000000000000000000 ) ) ;
#7159 = DIRECTION ( 'NONE',  ( 0.7071067811865474617, -2.847095493573215561E-16, 0.7071067811865476838 ) ) ;
#7160 = EDGE_CURVE ( 'NONE', #2779, #5939, #4445, .T. ) ;
#7161 = CARTESIAN_POINT ( 'NONE',  ( -129.5500000000003524, 227.4999999999999716, -104.7499999999995310 ) ) ;
#7162 = ADVANCED_FACE ( 'NONE', ( #2780 ), #2826, .F. ) ;
#7163 = CARTESIAN_POINT ( 'NONE',  ( -68.77305503950388754, 176.7960527937182178, -87.32719435105727257 ) ) ;
#7164 = CARTESIAN_POINT ( 'NONE',  ( 0.000000000000000000, 0.000000000000000000, -57.25000000000000000 ) ) ;
#7165 = EDGE_LOOP ( 'NONE', ( #8445, #7258 ) ) ;
#7166 = ORIENTED_EDGE ( 'NONE', *, *, #7940, .T. ) ;
#7167 = EDGE_LOOP ( 'NONE', ( #5347, #7458, #6083, #533 ) ) ;
#7168 = DIRECTION ( 'NONE',  ( -0.000000000000000000, 1.000000000000000000, -0.000000000000000000 ) ) ;
#7169 = CARTESIAN_POINT ( 'NONE',  ( -24.27506694604273818, 63.23422387490283825, 28.89382918582663606 ) ) ;
#7170 = CYLINDRICAL_SURFACE ( 'NONE', #3362, 2.999999999999988898 ) ;
#7171 = ORIENTED_EDGE ( 'NONE', *, *, #1496, .F. ) ;
#7172 = CARTESIAN_POINT ( 'NONE',  ( -8.086217949888546030, 8.500000000001181277, 25.97994932626891540 ) ) ;
#7173 = DIRECTION ( 'NONE',  ( -0.009879833416224212406, 0.9999511932547845428, 0.000000000000000000 ) ) ;
#7174 = CARTESIAN_POINT ( 'NONE',  ( -25.11745863182679983, 47.27753493378492067, 3.500000000000000444 ) ) ;
#7175 = CARTESIAN_POINT ( 'NONE',  ( -104.7500000000000000, 229.9999999999999716, 137.2500000000000000 ) ) ;
#7176 = DIRECTION ( 'NONE',  ( 0.000000000000000000, -1.000000000000000000, 0.000000000000000000 ) ) ;
#7177 = DIRECTION ( 'NONE',  ( 1.000000000000000000, -0.000000000000000000, 0.000000000000000000 ) ) ;
#7178 = CARTESIAN_POINT ( 'NONE',  ( -39.42915215404415363, 118.2827399253137912, 53.25458254610546049 ) ) ;
#7179 = CARTESIAN_POINT ( 'NONE',  ( 24.14231405253973861, 8.500000000000030198, -11.63430561252839546 ) ) ;
#7180 = ORIENTED_EDGE ( 'NONE', *, *, #7044, .F. ) ;
#7181 = CARTESIAN_POINT ( 'NONE',  ( -68.77305503950388754, 176.7960527937182178, -87.32719435105727257 ) ) ;
#7182 = ORIENTED_EDGE ( 'NONE', *, *, #3589, .F. ) ;
#7183 = CARTESIAN_POINT ( 'NONE',  ( 38.51916433648040083, 118.2518030825146553, 54.15676534641582407 ) ) ;
#7184 = EDGE_CURVE ( 'NONE', #8197, #4884, #4091, .T. ) ;
#7185 = CARTESIAN_POINT ( 'NONE',  ( -24.50000000000002132, 86.00000000000004263, -48.07595770670937441 ) ) ;
#7186 = VECTOR ( 'NONE', #1910, 1000.000000000000000 ) ;
#7187 = CARTESIAN_POINT ( 'NONE',  ( 33.20995614103195237, 119.3862653892993961, 57.42943195169642223 ) ) ;
#7188 = CARTESIAN_POINT ( 'NONE',  ( 11.99331898875634828, 60.38194016050076840, -40.86922100821711012 ) ) ;
#7189 = CARTESIAN_POINT ( 'NONE',  ( 24.15158354147239805, 50.73630285282353469, -4.500000000000001776 ) ) ;
#7190 = EDGE_LOOP ( 'NONE', ( #915, #4020, #6166, #7400 ) ) ;
#7191 = CARTESIAN_POINT ( 'NONE',  ( -19.35217124339231987, 9.729307018243018135, -19.50609894166591474 ) ) ;
#7192 = CARTESIAN_POINT ( 'NONE',  ( 16.49804304251410514, 8.500000000021126212, 22.04294115850989044 ) ) ;
#7193 = CARTESIAN_POINT ( 'NONE',  ( -21.99381183812278451, 9.662571531778985090, -15.09013832213801187 ) ) ;
#7194 = EDGE_CURVE ( 'NONE', #6311, #2184, #3334, .T. ) ;
#7195 = CARTESIAN_POINT ( 'NONE',  ( -40.45946519827175791, 8.500000000000000000, 2.500000000000000000 ) ) ;
#7196 = FACE_OUTER_BOUND ( 'NONE', #669, .T. ) ;
#7197 = CARTESIAN_POINT ( 'NONE',  ( -38.34048759201160550, 9.500000000000001776, -4.500000000000000888 ) ) ;
#7198 = CARTESIAN_POINT ( 'NONE',  ( 139.6500000000000057, 9.770803289222266486, -26.63156445936789041 ) ) ;
#7199 = ORIENTED_EDGE ( 'NONE', *, *, #8000, .F. ) ;
#7200 = CARTESIAN_POINT ( 'NONE',  ( -68.85340376788542471, 176.8682592822248978, -87.11192348693973031 ) ) ;
#7201 = CARTESIAN_POINT ( 'NONE',  ( -25.35957079319337026, 87.75777398158643905, -40.33333500867762922 ) ) ;
#7202 = VERTEX_POINT ( 'NONE', #5943 ) ;
#7203 = ORIENTED_EDGE ( 'NONE', *, *, #7742, .F. ) ;
#7204 = VECTOR ( 'NONE', #813, 1000.000000000000114 ) ;
#7205 = ORIENTED_EDGE ( 'NONE', *, *, #5030, .T. ) ;
#7206 = B_SPLINE_CURVE_WITH_KNOTS ( 'NONE', 3,
 ( #8234, #3731, #3085, #4296, #1700, #6181, #252, #4336, #5539, #5660, #6970, #967, #8185, #1049, #3603, #2256, #383, #3050 ),
 .UNSPECIFIED., .F., .F.,
 ( 4, 2, 2, 2, 2, 2, 2, 2, 4 ),
 ( 0.000000000000000000, 0.002347612931733848284, 0.003521419397600789557, 0.004695225863467730396, 0.005869032329334671234, 0.007042838795201612073, 0.008216645261068553779, 0.008803548494002048919, 0.009390451726935544058 ),
 .UNSPECIFIED. ) ;
#7207 = LINE ( 'NONE', #7913, #3961 ) ;
#7208 = EDGE_CURVE ( 'NONE', #7912, #142, #6702, .T. ) ;
#7209 = CARTESIAN_POINT ( 'NONE',  ( 38.66142681920377555, 8.500000000000001776, 3.554678142873238134 ) ) ;
#7210 = ADVANCED_FACE ( 'NONE', ( #4816 ), #156, .F. ) ;
#7211 = LINE ( 'NONE', #1426, #3557 ) ;
#7212 = ORIENTED_EDGE ( 'NONE', *, *, #463, .T. ) ;
#7213 = ORIENTED_EDGE ( 'NONE', *, *, #2018, .F. ) ;
#7214 = VERTEX_POINT ( 'NONE', #4633 ) ;
#7215 = DIRECTION ( 'NONE',  ( -0.000000000000000000, 1.000000000000000000, -0.000000000000000000 ) ) ;
#7216 = CARTESIAN_POINT ( 'NONE',  ( 24.02331450380427924, 37.75402148528018387, 18.17792807833262358 ) ) ;
#7217 = ADVANCED_FACE ( 'NONE', ( #1529 ), #3379, .F. ) ;
#7218 = CARTESIAN_POINT ( 'NONE',  ( -24.11750743857157886, 47.28741476720113468, 3.499999999999565237 ) ) ;
#7219 = CARTESIAN_POINT ( 'NONE',  ( -16.61005287508544370, 85.63160689811662962, -47.90688711777471553 ) ) ;
#7220 = CIRCLE ( 'NONE', #3515, 3.000000000000002665 ) ;
#7221 = DIRECTION ( 'NONE',  ( -1.000000000000000000, -0.000000000000000000, -0.000000000000000000 ) ) ;
#7222 = CARTESIAN_POINT ( 'NONE',  ( 12.34246835640793272, 87.41649213276018315, -42.24154385045493854 ) ) ;
#7223 = CARTESIAN_POINT ( 'NONE',  ( 128.6499999999999773, 229.9999999999999716, -139.6500000000000057 ) ) ;
#7224 = CARTESIAN_POINT ( 'NONE',  ( 21.29979104966038506, 8.500000000000005329, -18.43556397790295520 ) ) ;
#7225 = ORIENTED_EDGE ( 'NONE', *, *, #4740, .F. ) ;
#7226 = CARTESIAN_POINT ( 'NONE',  ( 132.2499999999988916, 227.4999999999999716, -104.7500000000013785 ) ) ;
#7227 = EDGE_LOOP ( 'NONE', ( #2127, #2213, #2638, #4448 ) ) ;
#7228 = CARTESIAN_POINT ( 'NONE',  ( 40.42597718005146135, 118.8201158875676668, 50.84292028526660090 ) ) ;
#7229 = AXIS2_PLACEMENT_3D ( 'NONE', #3134, #5866, #5783 ) ;
#7230 = CARTESIAN_POINT ( 'NONE',  ( 2.692712758610465329, -6.343735876626245052, -22.09830778367103576 ) ) ;
#7231 = DIRECTION ( 'NONE',  ( -3.469446951953611033E-15, 0.000000000000000000, 1.000000000000000000 ) ) ;
#7232 = DIRECTION ( 'NONE',  ( 0.000000000000000000, 0.000000000000000000, 1.000000000000000000 ) ) ;
#7233 = PLANE ( 'NONE',  #7550 ) ;
#7234 =( BOUNDED_CURVE ( )  B_SPLINE_CURVE ( 3, ( #805, #6200, #1458, #6867 ),
 .UNSPECIFIED., .F., .T. ) 
 B_SPLINE_CURVE_WITH_KNOTS ( ( 4, 4 ),
 ( 0.000000000000000000, 1.570796326794895892 ),
 .UNSPECIFIED. ) 
 CURVE ( )  GEOMETRIC_REPRESENTATION_ITEM ( )  RATIONAL_B_SPLINE_CURVE ( ( 1.000000000000000000, 0.8047378541243652705, 0.8047378541243652705, 1.000000000000000000 ) ) 
 REPRESENTATION_ITEM ( '' )  );
#7235 = ADVANCED_FACE ( 'NONE', ( #6086 ), #6878, .T. ) ;
#7236 = DIRECTION ( 'NONE',  ( -0.000000000000000000, 1.000000000000000000, -0.000000000000000000 ) ) ;
#7237 = EDGE_LOOP ( 'NONE', ( #5219, #5684, #2878, #4997, #7374, #5430, #6808, #1810 ) ) ;
#7238 = CARTESIAN_POINT ( 'NONE',  ( -16.49838197433577847, 8.500000000007036149, -22.04264125785887529 ) ) ;
#7239 = CARTESIAN_POINT ( 'NONE',  ( 24.62920554053739153, 8.499999999999996447, 8.997360690135304040 ) ) ;
#7240 = CARTESIAN_POINT ( 'NONE',  ( 132.2500000000000000, 229.9999999999999716, -1.385245221186013225E-12 ) ) ;
#7241 = CARTESIAN_POINT ( 'NONE',  ( 21.56099360842280532, 84.77681351505609086, 45.19048042126956943 ) ) ;
#7242 = VECTOR ( 'NONE', #6950, 1000.000000000000000 ) ;
#7243 = CARTESIAN_POINT ( 'NONE',  ( -129.5500000000000114, 227.4999999999999716, 4.617484070620044083E-13 ) ) ;
#7244 = AXIS2_PLACEMENT_3D ( 'NONE', #2831, #5454, #5362 ) ;
#7245 = CARTESIAN_POINT ( 'NONE',  ( -112.3555234424489839, 222.4999999999999716, 121.4076260998840411 ) ) ;
#7246 = B_SPLINE_CURVE_WITH_KNOTS ( 'NONE', 3,
 ( #3257, #1822, #1220, #8514, #2600, #2435, #558, #4514, #3823, #1861, #7140, #1943, #6438, #7713, #3216, #1136, #519, #5142, #7794, #5824, #7219, #3861, #1300, #8100, #6657, #4128 ),
 .UNSPECIFIED., .F., .F.,
 ( 4, 2, 2, 2, 2, 2, 2, 2, 2, 2, 2, 2, 4 ),
 ( 0.000000000000000000, 0.001651108820855228931, 0.002476663231282848817, 0.003302217641710468270, 0.004953326462565707175, 0.005778880872993323592, 0.006604435283420939141, 0.008255544104276178047, 0.009906652925131417819, 0.01155776174598665759, 0.01238331615641428268, 0.01279609336162809176, 0.01320887056684190257 ),
 .UNSPECIFIED. ) ;
#7247 = FACE_OUTER_BOUND ( 'NONE', #1286, .T. ) ;
#7248 = VECTOR ( 'NONE', #5808, 1000.000000000000000 ) ;
#7249 = CARTESIAN_POINT ( 'NONE',  ( 72.36500089345813080, 183.8812377821277835, 97.44613662163060042 ) ) ;
#7250 = EDGE_CURVE ( 'NONE', #6030, #2848, #6312, .T. ) ;
#7251 = ORIENTED_EDGE ( 'NONE', *, *, #7278, .F. ) ;
#7252 = FACE_OUTER_BOUND ( 'NONE', #4314, .T. ) ;
#7253 = AXIS2_PLACEMENT_3D ( 'NONE', #3106, #5719, #6449 ) ;
#7254 = FACE_OUTER_BOUND ( 'NONE', #4175, .T. ) ;
#7255 = VERTEX_POINT ( 'NONE', #6886 ) ;
#7256 = FACE_OUTER_BOUND ( 'NONE', #6561, .T. ) ;
#7257 = EDGE_LOOP ( 'NONE', ( #5254, #1076, #5149, #2448, #414 ) ) ;
#7258 = ORIENTED_EDGE ( 'NONE', *, *, #1574, .F. ) ;
#7259 = AXIS2_PLACEMENT_3D ( 'NONE', #1716, #6988, #3988 ) ;
#7260 = CARTESIAN_POINT ( 'NONE',  ( -23.71329777707624942, 6.376812704455103287, 4.981994184909031453 ) ) ;
#7261 = AXIS2_PLACEMENT_3D ( 'NONE', #6338, #7005, #411 ) ;
#7262 = DIRECTION ( 'NONE',  ( 1.000000000000000000, -4.026401060382564719E-16, 0.000000000000000000 ) ) ;
#7263 = CARTESIAN_POINT ( 'NONE',  ( 40.19202138593396256, 8.500000000000000000, -3.507237950841466834 ) ) ;
#7264 = AXIS2_PLACEMENT_3D ( 'NONE', #4770, #829, #2174 ) ;
#7265 = EDGE_LOOP ( 'NONE', ( #7621, #2905, #3757, #8038 ) ) ;
#7266 = AXIS2_PLACEMENT_3D ( 'NONE', #5752, #7025, #7682 ) ;
#7267 = EDGE_CURVE ( 'NONE', #1428, #6837, #7493, .T. ) ;
#7268 = ADVANCED_FACE ( 'NONE', ( #1006, #4256 ), #3601, .F. ) ;
#7269 = EDGE_LOOP ( 'NONE', ( #1836, #2946 ) ) ;
#7270 = CARTESIAN_POINT ( 'NONE',  ( -39.69962462399905689, 117.0823784445823321, -48.76571108707315716 ) ) ;
#7271 = DIRECTION ( 'NONE',  ( 0.000000000000000000, 0.000000000000000000, 1.000000000000000000 ) ) ;
#7272 = CARTESIAN_POINT ( 'NONE',  ( 23.57030606904688597, -8.095569879920633483, -1.104481039759924510 ) ) ;
#7273 = AXIS2_PLACEMENT_3D ( 'NONE', #8431, #2511, #7138 ) ;
#7274 = CARTESIAN_POINT ( 'NONE',  ( 63.38382266027451095, 178.4909083702135888, 94.10163995549648064 ) ) ;
#7275 = FACE_BOUND ( 'NONE', #6127, .T. ) ;
#7276 = ADVANCED_FACE ( 'NONE', ( #5575 ), #1047, .F. ) ;
#7277 = EDGE_LOOP ( 'NONE', ( #790, #8044, #639, #457 ) ) ;
#7278 = EDGE_CURVE ( 'NONE', #6663, #6929, #355, .T. ) ;
#7279 = CIRCLE ( 'NONE', #4942, 1.000000000000000888 ) ;
#7280 = CARTESIAN_POINT ( 'NONE',  ( -5.085854180375630307, 1.000000000000004441, -17.82680998471259315 ) ) ;
#7281 = VERTEX_POINT ( 'NONE', #1659 ) ;
#7282 = CARTESIAN_POINT ( 'NONE',  ( -70.50624881680977296, 178.3536111904932682, -88.29360075542457764 ) ) ;
#7283 = ORIENTED_EDGE ( 'NONE', *, *, #1617, .T. ) ;
#7284 = CARTESIAN_POINT ( 'NONE',  ( 40.07000463871769114, 118.5939300722520215, 51.72361164937485256 ) ) ;
#7285 = DIRECTION ( 'NONE',  ( 0.000000000000000000, 0.000000000000000000, -1.000000000000000000 ) ) ;
#7286 = DIRECTION ( 'NONE',  ( -0.000000000000000000, 1.000000000000000000, -0.000000000000000000 ) ) ;
#7287 = DIRECTION ( 'NONE',  ( -0.000000000000000000, 1.000000000000000000, -0.000000000000000000 ) ) ;
#7288 = ORIENTED_EDGE ( 'NONE', *, *, #5576, .F. ) ;
#7289 = CARTESIAN_POINT ( 'NONE',  ( -11.55563734083907868, 8.499999999999987566, -26.41809849571957258 ) ) ;
#7290 = CARTESIAN_POINT ( 'NONE',  ( 23.74449006979557808, 9.533826493151961401, 7.600134260108488249 ) ) ;
#7291 = CARTESIAN_POINT ( 'NONE',  ( 22.00531708494813898, 9.662168303787195711, -15.06487334526189059 ) ) ;
#7292 = CARTESIAN_POINT ( 'NONE',  ( -64.77201932955020425, 176.6747470938387892, 92.44729528832279186 ) ) ;
#7293 = DIRECTION ( 'NONE',  ( 1.000000000000000000, 0.000000000000000000, 0.000000000000000000 ) ) ;
#7294 = CARTESIAN_POINT ( 'NONE',  ( 18.51370253461190174, 87.41649213276018315, 14.08051461681822047 ) ) ;
#7295 = CARTESIAN_POINT ( 'NONE',  ( 2.775916319244047692, 56.00762814956518554, 39.71373920479690156 ) ) ;
#7296 = CARTESIAN_POINT ( 'NONE',  ( 33.24941951490636427, 103.8920713675613001, 47.81586730839256205 ) ) ;
#7297 = VERTEX_POINT ( 'NONE', #3642 ) ;
#7298 = CARTESIAN_POINT ( 'NONE',  ( 3.051832638386713370, 56.27843143878904897, -39.71484370241716988 ) ) ;
#7299 = VERTEX_POINT ( 'NONE', #8232 ) ;
#7300 = ORIENTED_EDGE ( 'NONE', *, *, #8126, .T. ) ;
#7301 = CARTESIAN_POINT ( 'NONE',  ( -4.317195558217411744, 52.40364133491380016, 38.62480830490839168 ) ) ;
#7302 = LINE ( 'NONE', #2069, #4168 ) ;
#7303 = EDGE_CURVE ( 'NONE', #552, #2848, #7687, .T. ) ;
#7304 = DIRECTION ( 'NONE',  ( -1.000000000000000000, -0.000000000000000000, -3.604115795743074479E-15 ) ) ;
#7305 = ORIENTED_EDGE ( 'NONE', *, *, #8071, .T. ) ;
#7306 = FACE_OUTER_BOUND ( 'NONE', #1128, .T. ) ;
#7307 = CARTESIAN_POINT ( 'NONE',  ( -130.9027374276308251, 232.6297453442505230, 121.9699006354777140 ) ) ;
#7308 = VERTEX_POINT ( 'NONE', #4896 ) ;
#7309 = CYLINDRICAL_SURFACE ( 'NONE', #7695, 1.000000000000001110 ) ;
#7310 = CARTESIAN_POINT ( 'NONE',  ( 23.66012319111238327, 0.9949415285624803040, 24.16278558197892323 ) ) ;
#7311 = EDGE_CURVE ( 'NONE', #943, #6757, #2301, .T. ) ;
#7312 = DIRECTION ( 'NONE',  ( 1.000000000000000000, 0.000000000000000000, 0.000000000000000000 ) ) ;
#7313 = DIRECTION ( 'NONE',  ( 0.6684154349222080072, 0.7437881461530263527, -0.000000000000000000 ) ) ;
#7314 = EDGE_LOOP ( 'NONE', ( #379, #5525, #734 ) ) ;
#7315 = ORIENTED_EDGE ( 'NONE', *, *, #418, .T. ) ;
#7316 = CARTESIAN_POINT ( 'NONE',  ( -12.40048135057326029, 4.992931125920239629E-15, 13.34877076590533918 ) ) ;
#7317 = ORIENTED_EDGE ( 'NONE', *, *, #1713, .T. ) ;
#7318 = CARTESIAN_POINT ( 'NONE',  ( 23.71053591488036005, 9.533442647291764160, 7.588533087556801782 ) ) ;
#7319 = CARTESIAN_POINT ( 'NONE',  ( 24.59863938000867023, 50.53289659423932534, 3.500000000000000444 ) ) ;
#7320 = CARTESIAN_POINT ( 'NONE',  ( 34.11790219225294862, -1.373723575649158444E-14, -38.36054287936816820 ) ) ;
#7321 = B_SPLINE_CURVE_WITH_KNOTS ( 'NONE', 3,
 ( #3178, #5789, #2518, #4521, #4647, #5830, #5195 ),
 .UNSPECIFIED., .F., .F.,
 ( 4, 3, 4 ),
 ( 0.009180788422091856749, 0.08068179953927902270, 0.08320900312906881480 ),
 .UNSPECIFIED. ) ;
#7322 = EDGE_CURVE ( 'NONE', #1620, #3628, #4506, .T. ) ;
#7323 = CARTESIAN_POINT ( 'NONE',  ( 11.94233556256705775, 60.01616791996198685, -40.76632390181266175 ) ) ;
#7324 = LINE ( 'NONE', #33, #5816 ) ;
#7325 = EDGE_CURVE ( 'NONE', #422, #3886, #4855, .T. ) ;
#7326 = CARTESIAN_POINT ( 'NONE',  ( -38.34048759201159839, 9.500000000000001776, -3.500000000000000444 ) ) ;
#7327 = CARTESIAN_POINT ( 'NONE',  ( 139.6500000000000057, 229.9999999999999716, -128.6499999999999773 ) ) ;
#7328 = ORIENTED_EDGE ( 'NONE', *, *, #6389, .F. ) ;
#7329 = CARTESIAN_POINT ( 'NONE',  ( -7.450320409531615340, 8.500000000002339462, -26.11888384814843533 ) ) ;
#7330 = CARTESIAN_POINT ( 'NONE',  ( 13.57456752343456685, 9.787061757195020917, 24.48469551963123436 ) ) ;
#7331 = CARTESIAN_POINT ( 'NONE',  ( -4.062008260468139120, 53.89108000800187170, -39.04324666203849858 ) ) ;
#7332 = DIRECTION ( 'NONE',  ( -0.000000000000000000, 1.000000000000000000, -0.000000000000000000 ) ) ;
#7333 = CARTESIAN_POINT ( 'NONE',  ( -68.50820040728015670, 176.5580375401750928, 88.03679469810461455 ) ) ;
#7334 = DIRECTION ( 'NONE',  ( 0.000000000000000000, 0.000000000000000000, -1.000000000000000000 ) ) ;
#7335 = CARTESIAN_POINT ( 'NONE',  ( 18.51370253461190174, 87.41649213276018315, 17.60064327102279336 ) ) ;
#7336 = CARTESIAN_POINT ( 'NONE',  ( 2.568776798877393741, 56.26542341292002192, 39.75000000000000000 ) ) ;
#7337 = CARTESIAN_POINT ( 'NONE',  ( -132.2500000000000000, 227.4999999999999716, 4.617484070620044083E-13 ) ) ;
#7338 = CARTESIAN_POINT ( 'NONE',  ( 11.83395169151010151, 78.78355745805588128, -46.04586637171286867 ) ) ;
#7339 = CARTESIAN_POINT ( 'NONE',  ( 36.25889926560806487, 110.0462883858501471, 46.81344777621698938 ) ) ;
#7340 = ORIENTED_EDGE ( 'NONE', *, *, #8474, .T. ) ;
#7341 = PRODUCT_DEFINITION ( 'UNKNOWN', '', #2445, #6613 ) ;
#7342 = VERTEX_POINT ( 'NONE', #965 ) ;
#7343 = CYLINDRICAL_SURFACE ( 'NONE', #295, 3.000000000000009770 ) ;
#7344 = CARTESIAN_POINT ( 'NONE',  ( -11.94233556256706308, 60.01616791996198685, 40.76632390181265464 ) ) ;
#7345 = CARTESIAN_POINT ( 'NONE',  ( -69.35078629860589672, 177.3152389259765584, 87.64932981917979760 ) ) ;
#7346 = CARTESIAN_POINT ( 'NONE',  ( 38.34048759201160550, 9.500000000000001776, -3.500000000000000444 ) ) ;
#7347 = VERTEX_POINT ( 'NONE', #7588 ) ;
#7348 = CARTESIAN_POINT ( 'NONE',  ( -60.64632563645260177, 176.0308190648918583, 92.57524706717775587 ) ) ;
#7349 = DIRECTION ( 'NONE',  ( -0.7071067811865474617, 0.000000000000000000, -0.7071067811865474617 ) ) ;
#7350 = ORIENTED_EDGE ( 'NONE', *, *, #7465, .F. ) ;
#7351 = EDGE_CURVE ( 'NONE', #7572, #1035, #4208, .T. ) ;
#7352 = DIRECTION ( 'NONE',  ( 0.000000000000000000, 0.000000000000000000, 1.000000000000000000 ) ) ;
#7353 = CARTESIAN_POINT ( 'NONE',  ( 24.23813469959236855, 52.79490423953946987, -2.638658884424939011 ) ) ;
#7354 = CARTESIAN_POINT ( 'NONE',  ( 16.32334095724620937, 91.44697355226121260, 49.60827141199130352 ) ) ;
#7355 = AXIS2_PLACEMENT_3D ( 'NONE', #8074, #6774, #845 ) ;
#7356 = DIRECTION ( 'NONE',  ( 0.000000000000000000, 1.000000000000000000, 0.000000000000000000 ) ) ;
#7357 = CARTESIAN_POINT ( 'NONE',  ( -119.6307288578716879, 222.4999999999999716, 139.6500000000000057 ) ) ;
#7358 = ORIENTED_EDGE ( 'NONE', *, *, #2070, .F. ) ;
#7359 = CARTESIAN_POINT ( 'NONE',  ( -34.11790219224889853, 1.373723575648995307E-14, -38.36054287937019325 ) ) ;
#7360 = ADVANCED_FACE ( 'NONE', ( #6842 ), #5124, .F. ) ;
#7361 = CARTESIAN_POINT ( 'NONE',  ( -18.51370253461190885, 87.41649213276018315, -7.040257308409154646 ) ) ;
#7362 = CARTESIAN_POINT ( 'NONE',  ( -64.27137399885324953, 179.2885185728771944, 94.59652708758655137 ) ) ;
#7363 = DIRECTION ( 'NONE',  ( -0.000000000000000000, 1.000000000000000000, -0.000000000000000000 ) ) ;
#7364 = VERTEX_POINT ( 'NONE', #4295 ) ;
#7365 = FACE_OUTER_BOUND ( 'NONE', #6501, .T. ) ;
#7366 = CARTESIAN_POINT ( 'NONE',  ( 65.96711280557768475, 176.3525758239206596, 91.47301737410977296 ) ) ;
#7367 = CIRCLE ( 'NONE', #2691, 1.000000000000000888 ) ;
#7368 =( BOUNDED_SURFACE ( )  B_SPLINE_SURFACE ( 2, 3, ( 
 ( #2363, #6987, #3579, #3064, #5076, #5673, #2437, #361, #8320, #8360 ),
 ( #8254, #5032, #2323, #3659, #6286, #6194, #7678, #1756, #3709, #4962 ),
 ( #1101, #5639, #7602, #1635, #6901, #4994, #941, #981, #1672, #7641 ) ),
 .UNSPECIFIED., .F., .F., .F. ) 
 B_SPLINE_SURFACE_WITH_KNOTS ( ( 3, 3 ),
 ( 4, 3, 3, 4 ),
 ( 0.000000000000000000, 1.000000000000000000 ),
 ( -0.1328243310123249643, -0.1206471233159469580, -0.08218378783089513862, -0.07613329001983210054 ),
 .UNSPECIFIED. ) 
 GEOMETRIC_REPRESENTATION_ITEM ( )  RATIONAL_B_SPLINE_SURFACE ( (
 ( 1.000000000000000000, 1.000000000000000000, 1.000000000000000000, 1.000000000000000000, 1.000000000000000000, 1.000000000000000000, 1.000000000000000000, 1.000000000000000000, 1.000000000000000000, 1.000000000000000000),
 ( 0.7479851340641154867, 0.7479851340641154867, 0.7479851340641154867, 0.7479851340641154867, 0.7479851340641154867, 0.7479851340641154867, 0.7479851340641154867, 0.7479851340641154867, 0.7479851340641154867, 0.7479851340641154867),
 ( 1.000000000000000000, 1.000000000000000000, 1.000000000000000000, 1.000000000000000000, 1.000000000000000000, 1.000000000000000000, 1.000000000000000000, 1.000000000000000000, 1.000000000000000000, 1.000000000000000000) ) ) 
 REPRESENTATION_ITEM ( '' )  SURFACE ( )  );
#7369 = EDGE_CURVE ( 'NONE', #1984, #4410, #487, .T. ) ;
#7370 = EDGE_CURVE ( 'NONE', #2019, #1470, #8273, .T. ) ;
#7371 = CYLINDRICAL_SURFACE ( 'NONE', #6990, 5.000000000000004441 ) ;
#7372 = AXIS2_PLACEMENT_3D ( 'NONE', #3094, #3062, #1508 ) ;
#7373 = VECTOR ( 'NONE', #6748, 1000.000000000000000 ) ;
#7374 = ORIENTED_EDGE ( 'NONE', *, *, #5774, .T. ) ;
#7375 = CARTESIAN_POINT ( 'NONE',  ( 42.23335908340971656, 122.2637230694445947, -51.98054055290170083 ) ) ;
#7376 = CARTESIAN_POINT ( 'NONE',  ( -4.264434226022795649, 52.78081586204778120, -38.73091304209233243 ) ) ;
#7377 = CARTESIAN_POINT ( 'NONE',  ( 5.101124038663095384, 9.771900230348414595, -26.63133135787249373 ) ) ;
#7378 = CARTESIAN_POINT ( 'NONE',  ( 24.40909996849736885, 85.81411454232045344, 39.76823981571465083 ) ) ;
#7379 = DIRECTION ( 'NONE',  ( -0.000000000000000000, -1.000000000000000000, -0.000000000000000000 ) ) ;
#7380 = DIRECTION ( 'NONE',  ( 0.009879833416224212406, -0.9999511932547845428, -0.000000000000000000 ) ) ;
#7381 = DIRECTION ( 'NONE',  ( -1.000000000000000000, 0.000000000000000000, 0.000000000000000000 ) ) ;
#7382 = CARTESIAN_POINT ( 'NONE',  ( 2.909330709047348584, 56.14772828805038074, 39.67807498538931554 ) ) ;
#7383 = CIRCLE ( 'NONE', #4479, 1.000000000000000888 ) ;
#7384 = CIRCLE ( 'NONE', #1166, 5.000000000000004441 ) ;
#7385 = CARTESIAN_POINT ( 'NONE',  ( -25.11745863182639127, 47.27753493378749994, -3.500000000000000000 ) ) ;
#7386 = FILL_AREA_STYLE_COLOUR ( '', #8482 ) ;
#7387 = EDGE_LOOP ( 'NONE', ( #214, #1759 ) ) ;
#7388 = ORIENTED_EDGE ( 'NONE', *, *, #2357, .T. ) ;
#7389 = CARTESIAN_POINT ( 'NONE',  ( -3.577079459903095948, 53.78410775008274669, 39.01315379389271243 ) ) ;
#7390 = CIRCLE ( 'NONE', #3671, 2.700000000000008171 ) ;
#7391 = CARTESIAN_POINT ( 'NONE',  ( -17.95907887796243685, 103.1823073443298142, 52.90959326221033621 ) ) ;
#7392 = CARTESIAN_POINT ( 'NONE',  ( 60.64609638229821797, 176.0306130424967250, 92.57511923803023990 ) ) ;
#7393 = CIRCLE ( 'NONE', #8356, 1.000000000000001554 ) ;
#7394 = DIRECTION ( 'NONE',  ( -1.000000000000000000, -0.000000000000000000, -0.000000000000000000 ) ) ;
#7395 = CARTESIAN_POINT ( 'NONE',  ( 39.64269833733991533, 8.500000000000000000, -4.099333677528163022 ) ) ;
#7396 = AXIS2_PLACEMENT_3D ( 'NONE', #2447, #4362, #5083 ) ;
#7397 = ORIENTED_EDGE ( 'NONE', *, *, #8103, .F. ) ;
#7398 = LINE ( 'NONE', #4120, #4066 ) ;
#7399 = DIRECTION ( 'NONE',  ( 0.000000000000000000, 0.000000000000000000, -1.000000000000000000 ) ) ;
#7400 = ORIENTED_EDGE ( 'NONE', *, *, #418, .F. ) ;
#7401 = AXIS2_PLACEMENT_3D ( 'NONE', #2079, #869, #7352 ) ;
#7402 = DIRECTION ( 'NONE',  ( 0.000000000000000000, 0.9626347067015686987, 0.2708032892222412835 ) ) ;
#7403 = CARTESIAN_POINT ( 'NONE',  ( 24.99994838365338623, 48.01485984078671976, -3.500000000000087486 ) ) ;
#7404 = CARTESIAN_POINT ( 'NONE',  ( 24.55307334253903306, 91.37162419305271044, 49.58707452996284815 ) ) ;
#7405 = CARTESIAN_POINT ( 'NONE',  ( 24.50000000000000711, 86.00000000000009948, -38.90092901844951001 ) ) ;
#7406 = CIRCLE ( 'NONE', #770, 1.000000000000001332 ) ;
#7407 = DIRECTION ( 'NONE',  ( 0.000000000000000000, 0.000000000000000000, 1.000000000000000000 ) ) ;
#7408 = ORIENTED_EDGE ( 'NONE', *, *, #7696, .F. ) ;
#7409 = ORIENTED_EDGE ( 'NONE', *, *, #7370, .T. ) ;
#7410 = CARTESIAN_POINT ( 'NONE',  ( -17.79887264869807950, 7.166539970633214603E-15, 3.925513032651577028 ) ) ;
#7411 = CARTESIAN_POINT ( 'NONE',  ( -4.500000000000000888, 9.500000000000001776, 27.59419916606945478 ) ) ;
#7412 = AXIS2_PLACEMENT_3D ( 'NONE', #6391, #3818, #2470 ) ;
#7413 = ORIENTED_EDGE ( 'NONE', *, *, #3155, .T. ) ;
#7414 = AXIS2_PLACEMENT_3D ( 'NONE', #3441, #7363, #7503 ) ;
#7415 = CARTESIAN_POINT ( 'NONE',  ( 4.500000000000003553, 49.42675095010443442, 37.78736529329842142 ) ) ;
#7416 = VERTEX_POINT ( 'NONE', #7624 ) ;
#7417 = DIRECTION ( 'NONE',  ( 0.000000000000000000, 0.000000000000000000, 1.000000000000000000 ) ) ;
#7418 = DIRECTION ( 'NONE',  ( -0.000000000000000000, 1.000000000000000000, -0.000000000000000000 ) ) ;
#7419 = EDGE_CURVE ( 'NONE', #3291, #3161, #573, .T. ) ;
#7420 = AXIS2_PLACEMENT_3D ( 'NONE', #6383, #7168, #1249 ) ;
#7421 = CARTESIAN_POINT ( 'NONE',  ( -132.2499999999996589, 229.9999999999999716, 104.7500000000004547 ) ) ;
#7422 = VERTEX_POINT ( 'NONE', #7154 ) ;
#7423 = CARTESIAN_POINT ( 'NONE',  ( 51.15557272227312069, 140.5091487129629968, -63.30114094182609819 ) ) ;
#7424 = CARTESIAN_POINT ( 'NONE',  ( 6.226723696646151218, 9.778743170949029562, 26.59098958959178560 ) ) ;
#7425 = CARTESIAN_POINT ( 'NONE',  ( -4.317195558217411744, 52.40364133491397780, -38.62480830490844141 ) ) ;
#7426 = CARTESIAN_POINT ( 'NONE',  ( -19.45064030267088739, 8.500000000000000000, -22.45064030267285204 ) ) ;
#7427 = PLANE ( 'NONE',  #3215 ) ;
#7428 = CARTESIAN_POINT ( 'NONE',  ( 139.6500000000000057, 9.499999999999994671, 27.59419916606945122 ) ) ;
#7429 = CARTESIAN_POINT ( 'NONE',  ( -4.500000000000000888, 9.499999999999994671, 27.59419916606945478 ) ) ;
#7430 = EDGE_CURVE ( 'NONE', #3266, #5519, #7121, .T. ) ;
#7431 = DIRECTION ( 'NONE',  ( 0.000000000000000000, 1.000000000000000000, 0.000000000000000000 ) ) ;
#7432 = DIRECTION ( 'NONE',  ( 0.000000000000000000, 1.000000000000000000, 0.000000000000000000 ) ) ;
#7433 = CARTESIAN_POINT ( 'NONE',  ( 28.37997904508762304, 111.5240807346212222, 55.25625670194624206 ) ) ;
#7434 = DIRECTION ( 'NONE',  ( -0.009879833416224212406, -0.9999511932547845428, 0.000000000000000000 ) ) ;
#7435 = ORIENTED_EDGE ( 'NONE', *, *, #3934, .T. ) ;
#7436 = VERTEX_POINT ( 'NONE', #706 ) ;
#7437 = CARTESIAN_POINT ( 'NONE',  ( -37.71298714700288457, 118.2567856067490197, -55.31456591873656947 ) ) ;
#7438 = FACE_OUTER_BOUND ( 'NONE', #7468, .T. ) ;
#7439 = CARTESIAN_POINT ( 'NONE',  ( 2.500000000000000000, 56.26542339484620214, -40.75000000000000000 ) ) ;
#7440 = CARTESIAN_POINT ( 'NONE',  ( -39.74999999999180744, 8.500000000000000000, -2.663467475211273250 ) ) ;
#7441 = CARTESIAN_POINT ( 'NONE',  ( 104.7500000000000000, 222.4999999999999716, -134.9500000000000171 ) ) ;
#7442 = ADVANCED_FACE ( 'NONE', ( #1274 ), #8529, .F. ) ;
#7443 = LINE ( 'NONE', #1524, #2295 ) ;
#7444 = ADVANCED_FACE ( 'NONE', ( #2008 ), #916, .F. ) ;
#7445 = EDGE_LOOP ( 'NONE', ( #3246, #6520, #4255, #4196 ) ) ;
#7446 = DIRECTION ( 'NONE',  ( -0.000000000000000000, 1.000000000000000000, -0.000000000000000000 ) ) ;
#7447 = CARTESIAN_POINT ( 'NONE',  ( 104.7500000000000000, 227.4999999999999716, 134.9500000000000171 ) ) ;
#7448 = EDGE_LOOP ( 'NONE', ( #3699, #6608, #5034, #1285, #1812 ) ) ;
#7449 = DIRECTION ( 'NONE',  ( 0.000000000000000000, 0.000000000000000000, 1.000000000000000000 ) ) ;
#7450 = CARTESIAN_POINT ( 'NONE',  ( 24.16567402470231940, 52.16241956205820429, -3.278910863859951341 ) ) ;
#7451 = CARTESIAN_POINT ( 'NONE',  ( -68.33150897891559339, 175.6329734175576789, 92.32839880625252249 ) ) ;
#7452 = CARTESIAN_POINT ( 'NONE',  ( -25.17563017816475579, 53.16515517230252641, -2.500000000000000000 ) ) ;
#7453 = CYLINDRICAL_SURFACE ( 'NONE', #4940, 5.000000000000004441 ) ;
#7454 = CYLINDRICAL_SURFACE ( 'NONE', #1451, 1.000000000000000888 ) ;
#7455 = ORIENTED_EDGE ( 'NONE', *, *, #2042, .F. ) ;
#7456 = CARTESIAN_POINT ( 'NONE',  ( -16.94628038708179574, 6.823252132008638855E-15, 6.707880210001644805 ) ) ;
#7457 = DIRECTION ( 'NONE',  ( -0.000000000000000000, 1.000000000000000000, -0.000000000000000000 ) ) ;
#7458 = ORIENTED_EDGE ( 'NONE', *, *, #5459, .T. ) ;
#7459 = CARTESIAN_POINT ( 'NONE',  ( -104.7500000000000000, 229.9999999999999716, 132.2500000000000000 ) ) ;
#7460 = VERTEX_POINT ( 'NONE', #1638 ) ;
#7461 = CARTESIAN_POINT ( 'NONE',  ( -8.364117323216284206, 34.34482724378393925, -33.54459852098359107 ) ) ;
#7462 = FACE_OUTER_BOUND ( 'NONE', #2747, .T. ) ;
#7463 = DIRECTION ( 'NONE',  ( 0.000000000000000000, 0.000000000000000000, 1.000000000000000000 ) ) ;
#7464 = ORIENTED_EDGE ( 'NONE', *, *, #1440, .T. ) ;
#7465 = EDGE_CURVE ( 'NONE', #1856, #563, #8162, .T. ) ;
#7466 = CARTESIAN_POINT ( 'NONE',  ( -22.89601804678081720, 8.500000000000007105, -15.49557812757290165 ) ) ;
#7467 = CARTESIAN_POINT ( 'NONE',  ( 6.171234178203972576, 87.41649213276018315, 42.24154385045486748 ) ) ;
#7468 = EDGE_LOOP ( 'NONE', ( #3041, #4458, #3417, #5324 ) ) ;
#7469 = DIRECTION ( 'NONE',  ( 0.000000000000000000, 0.000000000000000000, -1.000000000000000000 ) ) ;
#7470 = CARTESIAN_POINT ( 'NONE',  ( -63.16005165356740036, 177.3272854161781140, 93.37965567716886994 ) ) ;
#7471 = CARTESIAN_POINT ( 'NONE',  ( 24.74420466249360118, 9.500000000000001776, -3.500000000000000000 ) ) ;
#7472 = DIRECTION ( 'NONE',  ( -1.000000000000000000, 0.000000000000000000, 0.000000000000000000 ) ) ;
#7473 = DIRECTION ( 'NONE',  ( -1.000000000000000000, 0.000000000000000000, 0.000000000000000000 ) ) ;
#7474 = CARTESIAN_POINT ( 'NONE',  ( 11.90009823933276856, 78.50660483543845203, 45.96795552906259275 ) ) ;
#7475 = DIRECTION ( 'NONE',  ( -1.000000000000000000, 0.000000000000000000, 0.000000000000000000 ) ) ;
#7476 = VERTEX_POINT ( 'NONE', #799 ) ;
#7477 = CIRCLE ( 'NONE', #3752, 2.700000000000008171 ) ;
#7478 = EDGE_CURVE ( 'NONE', #792, #2142, #3812, .T. ) ;
#7479 = ORIENTED_EDGE ( 'NONE', *, *, #4378, .F. ) ;
#7480 = DIRECTION ( 'NONE',  ( -0.000000000000000000, -0.000000000000000000, -1.000000000000000000 ) ) ;
#7481 = CARTESIAN_POINT ( 'NONE',  ( 132.2499999999988916, 227.4999999999999716, -109.7500000000013927 ) ) ;
#7482 =( BOUNDED_SURFACE ( )  B_SPLINE_SURFACE ( 2, 3, ( 
 ( #3158, #7770, #5172, #4574, #2585, #3845, #3881, #1844, #5210, #1208 ),
 ( #579, #7249, #1886, #1327, #1965, #2537, #3241, #3966, #5291, #7296 ),
 ( #7861, #668, #1373, #7123, #5806, #6461, #6594, #541, #8455, #6420 ) ),
 .UNSPECIFIED., .F., .F., .F. ) 
 B_SPLINE_SURFACE_WITH_KNOTS ( ( 3, 3 ),
 ( 4, 3, 3, 4 ),
 ( 0.000000000000000000, 1.000000000000000000 ),
 ( 0.008600981682259895011, 0.02436841220846807168, 0.09590449297010544827, 0.1157952982347125598 ),
 .UNSPECIFIED. ) 
 GEOMETRIC_REPRESENTATION_ITEM ( )  RATIONAL_B_SPLINE_SURFACE ( (
 ( 1.000000000000000000, 1.000000000000000000, 1.000000000000000000, 1.000000000000000000, 1.000000000000000000, 1.000000000000000000, 1.000000000000000000, 1.000000000000000000, 1.000000000000000000, 1.000000000000000000),
 ( 0.7847319775662078278, 0.7847319775662078278, 0.7847319775662078278, 0.7847319775662078278, 0.7847319775662078278, 0.7847319775662078278, 0.7847319775662078278, 0.7847319775662078278, 0.7847319775662078278, 0.7847319775662078278),
 ( 1.000000000000000000, 1.000000000000000000, 1.000000000000000000, 1.000000000000000000, 1.000000000000000000, 1.000000000000000000, 1.000000000000000000, 1.000000000000000000, 1.000000000000000000, 1.000000000000000000) ) ) 
 REPRESENTATION_ITEM ( '' )  SURFACE ( )  );
#7483 = CARTESIAN_POINT ( 'NONE',  ( 23.77139899355054808, 12.25731476308553347, -7.455085942938509902 ) ) ;
#7484 = CARTESIAN_POINT ( 'NONE',  ( 129.4004765770450831, 231.2797179943870560, 126.8551109042308127 ) ) ;
#7485 = CARTESIAN_POINT ( 'NONE',  ( 21.29294756149978340, 8.500000000000007105, 18.44655973754240463 ) ) ;
#7486 = AXIS2_PLACEMENT_3D ( 'NONE', #2704, #7981, #2050 ) ;
#7487 = EDGE_LOOP ( 'NONE', ( #5761, #5771 ) ) ;
#7488 = LINE ( 'NONE', #4253, #7373 ) ;
#7489 = EDGE_LOOP ( 'NONE', ( #5357, #4978, #5881, #8226 ) ) ;
#7490 = CARTESIAN_POINT ( 'NONE',  ( -24.74420466249360118, 9.500000000000008882, 139.6500000000000057 ) ) ;
#7491 = ORIENTED_EDGE ( 'NONE', *, *, #6991, .T. ) ;
#7492 = EDGE_CURVE ( 'NONE', #7460, #6452, #6709, .T. ) ;
#7493 = LINE ( 'NONE', #3049, #3683 ) ;
#7494 = EDGE_CURVE ( 'NONE', #1315, #4009, #6417, .T. ) ;
#7495 = CARTESIAN_POINT ( 'NONE',  ( 24.23177876883821824, 52.83478489955951574, -2.500000000000000000 ) ) ;
#7496 = CARTESIAN_POINT ( 'NONE',  ( 123.3880650477913576, 225.8765817814168031, -117.7798166358180652 ) ) ;
#7497 = CARTESIAN_POINT ( 'NONE',  ( 11.57519277116442957, 8.500000000000007105, -26.44894940741066947 ) ) ;
#7498 = CARTESIAN_POINT ( 'NONE',  ( -15.55957244489890989, 85.96744145928199998, -48.06679851074714804 ) ) ;
#7499 = EDGE_LOOP ( 'NONE', ( #5699, #5951, #8300, #8270 ) ) ;
#7500 = VERTEX_POINT ( 'NONE', #1500 ) ;
#7501 = CARTESIAN_POINT ( 'NONE',  ( -40.63860553772021689, 119.0078750871704756, 50.21570420225791764 ) ) ;
#7502 = ORIENTED_EDGE ( 'NONE', *, *, #5819, .F. ) ;
#7503 = DIRECTION ( 'NONE',  ( 0.000000000000000000, 0.000000000000000000, 1.000000000000000000 ) ) ;
#7504 = ORIENTED_EDGE ( 'NONE', *, *, #5054, .F. ) ;
#7505 = CARTESIAN_POINT ( 'NONE',  ( 39.51561378894523813, 9.169629727256930707, 2.500000000000000000 ) ) ;
#7506 = CARTESIAN_POINT ( 'NONE',  ( 63.82679316408018622, 177.0206637191552375, -93.05319319173921144 ) ) ;
#7507 = AXIS2_PLACEMENT_3D ( 'NONE', #840, #794, #1404 ) ;
#7508 = DIRECTION ( 'NONE',  ( 0.000000000000000000, 0.000000000000000000, -1.000000000000000000 ) ) ;
#7509 = LINE ( 'NONE', #1585, #5726 ) ;
#7510 = LINE ( 'NONE', #5472, #4371 ) ;
#7511 = ORIENTED_EDGE ( 'NONE', *, *, #6633, .F. ) ;
#7512 = CARTESIAN_POINT ( 'NONE',  ( 69.00000000000000000, 177.0000000000000000, -85.94234171967491420 ) ) ;
#7513 = CARTESIAN_POINT ( 'NONE',  ( 21.45264471466868983, 9.680953348824770544, 16.24693985913347305 ) ) ;
#7514 = CARTESIAN_POINT ( 'NONE',  ( -2.707004906355118035, 56.35251178186565113, -39.73568359155981256 ) ) ;
#7515 = ORIENTED_EDGE ( 'NONE', *, *, #3349, .T. ) ;
#7516 = DIRECTION ( 'NONE',  ( -1.000000000000000000, -0.000000000000000000, 0.000000000000000000 ) ) ;
#7517 = DIRECTION ( 'NONE',  ( 0.9999511932547847648, -0.009879833416222269515, 0.000000000000000000 ) ) ;
#7518 = DIRECTION ( 'NONE',  ( 1.000000000000000000, -0.000000000000000000, 0.000000000000000000 ) ) ;
#7519 = EDGE_CURVE ( 'NONE', #7912, #1376, #944, .T. ) ;
#7520 = AXIS2_PLACEMENT_3D ( 'NONE', #6838, #2876, #917 ) ;
#7521 = ORIENTED_EDGE ( 'NONE', *, *, #7917, .F. ) ;
#7522 = CARTESIAN_POINT ( 'NONE',  ( -24.14082800827270248, 49.64772090977432129, -3.665780284764429187 ) ) ;
#7523 = CARTESIAN_POINT ( 'NONE',  ( -25.11745863182639127, 47.27753493378748573, 3.500000000000000000 ) ) ;
#7524 = ORIENTED_EDGE ( 'NONE', *, *, #6186, .F. ) ;
#7525 = EDGE_LOOP ( 'NONE', ( #856, #2235 ) ) ;
#7526 = CARTESIAN_POINT ( 'NONE',  ( -4.500000000000000888, 9.500000000000001776, 27.59419916606945478 ) ) ;
#7527 = CARTESIAN_POINT ( 'NONE',  ( 119.6307288578717305, 222.4999999999999716, 115.6847746359883615 ) ) ;
#7528 = CIRCLE ( 'NONE', #2411, 5.000000000000004441 ) ;
#7529 = CARTESIAN_POINT ( 'NONE',  ( -24.74420466249359762, 8.500000000000001776, -7.657135189851969059 ) ) ;
#7530 = AXIS2_PLACEMENT_3D ( 'NONE', #8011, #2085, #4640 ) ;
#7531 = EDGE_CURVE ( 'NONE', #2033, #552, #6724, .T. ) ;
#7532 = ORIENTED_EDGE ( 'NONE', *, *, #3975, .T. ) ;
#7533 = CARTESIAN_POINT ( 'NONE',  ( -132.2499999999996589, 222.4999999999999716, 102.0500000000004519 ) ) ;
#7534 = VERTEX_POINT ( 'NONE', #6197 ) ;
#7535 =( BOUNDED_CURVE ( )  B_SPLINE_CURVE ( 3, ( #2944, #5559, #4361, #1644 ),
 .UNSPECIFIED., .F., .T. ) 
 B_SPLINE_CURVE_WITH_KNOTS ( ( 4, 4 ),
 ( 4.712388980384689674, 6.283185307179586232 ),
 .UNSPECIFIED. ) 
 CURVE ( )  GEOMETRIC_REPRESENTATION_ITEM ( )  RATIONAL_B_SPLINE_CURVE ( ( 1.000000000000000000, 0.8047378541243649375, 0.8047378541243649375, 1.000000000000000000 ) ) 
 REPRESENTATION_ITEM ( '' )  );
#7536 = AXIS2_PLACEMENT_3D ( 'NONE', #6736, #6117, #765 ) ;
#7537 = CARTESIAN_POINT ( 'NONE',  ( -39.51561378894523813, 9.169629727256930707, 3.500000000000000000 ) ) ;
#7538 = AXIS2_PLACEMENT_3D ( 'NONE', #4122, #6178, #919 ) ;
#7539 = CARTESIAN_POINT ( 'NONE',  ( -24.17567898490996470, 53.17503500571874753, 2.500000000000000000 ) ) ;
#7540 = LINE ( 'NONE', #3604, #6006 ) ;
#7541 = AXIS2_PLACEMENT_3D ( 'NONE', #2148, #5424, #1414 ) ;
#7542 = AXIS2_PLACEMENT_3D ( 'NONE', #4655, #4094, #3489 ) ;
#7543 = EDGE_CURVE ( 'NONE', #6196, #3284, #1187, .T. ) ;
#7544 = EDGE_CURVE ( 'NONE', #3849, #7972, #3492, .T. ) ;
#7545 = VECTOR ( 'NONE', #6390, 1000.000000000000114 ) ;
#7546 = DIRECTION ( 'NONE',  ( 0.000000000000000000, 1.000000000000000000, 0.000000000000000000 ) ) ;
#7547 = CIRCLE ( 'NONE', #5308, 1.000000000000000888 ) ;
#7548 = CARTESIAN_POINT ( 'NONE',  ( -20.47369384438645312, 9.706187679056904827, 17.91013637877128772 ) ) ;
#7549 = DIRECTION ( 'NONE',  ( 0.000000000000000000, 0.000000000000000000, 1.000000000000000000 ) ) ;
#7550 = AXIS2_PLACEMENT_3D ( 'NONE', #6672, #8567, #6629 ) ;
#7551 = ORIENTED_EDGE ( 'NONE', *, *, #8454, .F. ) ;
#7552 = CARTESIAN_POINT ( 'NONE',  ( -60.07778636113661008, 158.7545743564815552, 74.62174133075055238 ) ) ;
#7553 = ORIENTED_EDGE ( 'NONE', *, *, #5718, .F. ) ;
#7554 = DIRECTION ( 'NONE',  ( 0.000000000000000000, 0.000000000000000000, 1.000000000000000000 ) ) ;
#7555 = CARTESIAN_POINT ( 'NONE',  ( 23.79708802188246253, 8.500000000000007105, -12.93491802362650489 ) ) ;
#7556 = CARTESIAN_POINT ( 'NONE',  ( -24.15104534499269562, 50.68183126515456394, 4.138765292532053053 ) ) ;
#7557 = AXIS2_PLACEMENT_3D ( 'NONE', #3542, #2195, #1548 ) ;
#7558 = EDGE_CURVE ( 'NONE', #2252, #27, #2800, .T. ) ;
#7559 = ADVANCED_FACE ( 'NONE', ( #7605 ), #8401, .F. ) ;
#7560 = CARTESIAN_POINT ( 'NONE',  ( 139.6500000000000057, 119.4999999999999858, -57.50000000000000000 ) ) ;
#7561 = CIRCLE ( 'NONE', #3821, 5.000000000000004441 ) ;
#7562 = DIRECTION ( 'NONE',  ( -0.7071067811865489050, 0.000000000000000000, 0.7071067811865462405 ) ) ;
#7563 = DIRECTION ( 'NONE',  ( -0.000000000000000000, 1.000000000000000000, -0.000000000000000000 ) ) ;
#7564 = ORIENTED_EDGE ( 'NONE', *, *, #6885, .T. ) ;
#7565 = CARTESIAN_POINT ( 'NONE',  ( -23.06224879084697577, 8.499999999998252065, -11.39019321086309766 ) ) ;
#7566 = DIRECTION ( 'NONE',  ( 0.7071067811865470176, 0.000000000000000000, 0.7071067811865479058 ) ) ;
#7567 = ORIENTED_EDGE ( 'NONE', *, *, #1743, .F. ) ;
#7568 = DIRECTION ( 'NONE',  ( -0.7071067811865476838, 0.000000000000000000, 0.7071067811865474617 ) ) ;
#7569 = CIRCLE ( 'NONE', #3826, 1.000000000000000000 ) ;
#7570 = AXIS2_PLACEMENT_3D ( 'NONE', #4411, #6266, #7042 ) ;
#7571 = CARTESIAN_POINT ( 'NONE',  ( -132.2500000000000000, 229.9999999999999716, -2.699999999999545874 ) ) ;
#7572 = VERTEX_POINT ( 'NONE', #3141 ) ;
#7573 = DIRECTION ( 'NONE',  ( -0.9999511932547845428, 0.009879833416230941398, 0.000000000000000000 ) ) ;
#7574 = CARTESIAN_POINT ( 'NONE',  ( 32.94983041568483628, 119.4999999999999858, -57.50000000000000000 ) ) ;
#7575 = ORIENTED_EDGE ( 'NONE', *, *, #3405, .T. ) ;
#7576 = ORIENTED_EDGE ( 'NONE', *, *, #4775, .F. ) ;
#7577 = CARTESIAN_POINT ( 'NONE',  ( 12.18217691281082260, 8.500000000000007105, 26.17195383457911007 ) ) ;
#7578 = CARTESIAN_POINT ( 'NONE',  ( -38.63846574495931208, 118.2117249537068631, -54.33511900821077489 ) ) ;
#7579 = CARTESIAN_POINT ( 'NONE',  ( -2.500000000000057732, 56.53622668406841001, 39.78736529329842853 ) ) ;
#7580 = EDGE_CURVE ( 'NONE', #143, #3467, #7406, .T. ) ;
#7581 = B_SPLINE_CURVE_WITH_KNOTS ( 'NONE', 3,
 ( #2293, #3634, #8224, #2208, #4849, #1523, #4977, #913, #4939, #7485, #7619, #2913, #5531, #246, #3556, #4809, #1561, #5568, #6123, #8089, #287, #5615, #4201, #1694, #1654, #196 ),
 .UNSPECIFIED., .F., .F.,
 ( 4, 2, 2, 2, 2, 2, 2, 2, 2, 2, 2, 2, 4 ),
 ( 8.673617379884035472E-19, 0.004027299607726767157, 0.006040949411590150302, 0.008054599215453532579, 0.01208189882318029540, 0.01409554862704368028, 0.01610919843090706169, 0.02013649803863383839, 0.02416379764636061508, 0.02617744745022400343, 0.02718427235215569934, 0.02819109725408739178, 0.03221839686181417195 ),
 .UNSPECIFIED. ) ;
#7582 = CARTESIAN_POINT ( 'NONE',  ( 123.3893943698660962, 225.8777763949600796, 117.7805578485915134 ) ) ;
#7583 = DIRECTION ( 'NONE',  ( -0.000000000000000000, -0.000000000000000000, 1.000000000000000000 ) ) ;
#7584 = ORIENTED_EDGE ( 'NONE', *, *, #1732, .T. ) ;
#7585 = CARTESIAN_POINT ( 'NONE',  ( 21.92214327812209973, 80.72842782717103205, -38.16270565554790295 ) ) ;
#7586 = DIRECTION ( 'NONE',  ( 0.000000000000000000, -0.000000000000000000, 1.000000000000000000 ) ) ;
#7587 = ORIENTED_EDGE ( 'NONE', *, *, #8419, .T. ) ;
#7588 = CARTESIAN_POINT ( 'NONE',  ( -104.7500000000000000, 227.4999999999999716, -137.2500000000000000 ) ) ;
#7589 = LINE ( 'NONE', #5017, #4103 ) ;
#7590 = EDGE_CURVE ( 'NONE', #8117, #5159, #5858, .T. ) ;
#7591 = CARTESIAN_POINT ( 'NONE',  ( 55.46220089706135781, 164.8340708680526348, -85.62808592836067589 ) ) ;
#7592 = CARTESIAN_POINT ( 'NONE',  ( -38.49433898144418720, 9.456746836534993150, -3.500000000000000444 ) ) ;
#7593 = CARTESIAN_POINT ( 'NONE',  ( 24.17567898490996470, 53.17503500571879016, 2.500000000000000000 ) ) ;
#7594 = CARTESIAN_POINT ( 'NONE',  ( -18.51370253461190885, 87.41649213276018315, -35.20128654204577856 ) ) ;
#7595 = FACE_OUTER_BOUND ( 'NONE', #1803, .T. ) ;
#7596 = CARTESIAN_POINT ( 'NONE',  ( 44.19651075699727727, 140.2713158891780836, -70.38782028590460982 ) ) ;
#7597 = EDGE_CURVE ( 'NONE', #5176, #7024, #6240, .T. ) ;
#7598 = CARTESIAN_POINT ( 'NONE',  ( 22.32305314670247753, 8.500000000000003553, -16.70890933636543352 ) ) ;
#7599 = CARTESIAN_POINT ( 'NONE',  ( -24.56145383000396976, 50.76621949510428067, 3.281141510480836576 ) ) ;
#7600 = B_SPLINE_CURVE_WITH_KNOTS ( 'NONE', 3,
 ( #1573, #2126, #4129, #6802, #929, #6848, #5456 ),
 .UNSPECIFIED., .F., .F.,
 ( 4, 3, 4 ),
 ( -0.04823280117329513395, 0.02967734677949436517, 0.03411404945298018854 ),
 .UNSPECIFIED. ) ;
#7601 = DIRECTION ( 'NONE',  ( 1.000000000000000000, 0.000000000000000000, -0.000000000000000000 ) ) ;
#7602 = CARTESIAN_POINT ( 'NONE',  ( -15.46098463606104900, 85.77734068695244218, 48.01332036989876428 ) ) ;
#7603 = CARTESIAN_POINT ( 'NONE',  ( 8.691772750449906937, 0.9999999999999988898, -16.37030331351277823 ) ) ;
#7604 = ORIENTED_EDGE ( 'NONE', *, *, #4359, .T. ) ;
#7605 = FACE_OUTER_BOUND ( 'NONE', #1649, .T. ) ;
#7606 = EDGE_CURVE ( 'NONE', #6597, #8389, #1336, .T. ) ;
#7607 = ADVANCED_FACE ( 'NONE', ( #4471 ), #1068, .F. ) ;
#7608 = CARTESIAN_POINT ( 'NONE',  ( 22.45064030267489841, 36.48528137423858198, -22.45064030267088029 ) ) ;
#7609 = VERTEX_POINT ( 'NONE', #7755 ) ;
#7610 = DIRECTION ( 'NONE',  ( 0.000000000000000000, 0.000000000000000000, 1.000000000000000000 ) ) ;
#7611 = DIRECTION ( 'NONE',  ( 0.000000000000000000, 0.000000000000000000, 1.000000000000000000 ) ) ;
#7612 = CARTESIAN_POINT ( 'NONE',  ( 37.16245209170762820, 127.6229377504598261, -59.78510175839105045 ) ) ;
#7613 = DIRECTION ( 'NONE',  ( 0.000000000000000000, 0.8497266830315081121, 0.5272234480220612252 ) ) ;
#7614 = ORIENTED_EDGE ( 'NONE', *, *, #6633, .T. ) ;
#7615 = ORIENTED_EDGE ( 'NONE', *, *, #2083, .T. ) ;
#7616 = CARTESIAN_POINT ( 'NONE',  ( 0.000000000000000000, 227.4999999999999716, 132.2500000000000000 ) ) ;
#7617 = CARTESIAN_POINT ( 'NONE',  ( 24.11750743857160728, 47.28741476720374948, 4.500000000000000888 ) ) ;
#7618 = CARTESIAN_POINT ( 'NONE',  ( 39.42915215404420337, 118.2827399253138765, -53.25458254610553155 ) ) ;
#7619 = CARTESIAN_POINT ( 'NONE',  ( 20.91906208463083772, 8.499999999999998224, 19.01374062669625431 ) ) ;
#7620 = ORIENTED_EDGE ( 'NONE', *, *, #8103, .T. ) ;
#7621 = ORIENTED_EDGE ( 'NONE', *, *, #5707, .T. ) ;
#7622 = CARTESIAN_POINT ( 'NONE',  ( 3.499999999999999556, 49.15594766088219814, -38.75000000000000000 ) ) ;
#7623 = ORIENTED_EDGE ( 'NONE', *, *, #5754, .F. ) ;
#7624 = CARTESIAN_POINT ( 'NONE',  ( -132.2500000000000000, 229.9999999999999716, 5.000000000000466294 ) ) ;
#7625 = CARTESIAN_POINT ( 'NONE',  ( 24.41383171847508038, 85.82379070519623099, -39.73612998050333545 ) ) ;
#7626 = CARTESIAN_POINT ( 'NONE',  ( 103.2559021775176973, 207.7845370634977087, -106.5543833424670339 ) ) ;
#7627 = CIRCLE ( 'NONE', #6080, 2.700000000000008171 ) ;
#7628 = CARTESIAN_POINT ( 'NONE',  ( -23.69028425515531211, 9.539235573460244311, 7.908691931896402849 ) ) ;
#7629 = CARTESIAN_POINT ( 'NONE',  ( 11.09988186138095578, 8.499999999992969180, -25.18069596573529267 ) ) ;
#7630 = CARTESIAN_POINT ( 'NONE',  ( -23.79708802199100504, 8.500000000000019540, 12.93491802364593823 ) ) ;
#7631 = ADVANCED_FACE ( 'NONE', ( #6947 ), #1795, .F. ) ;
#7632 = VERTEX_POINT ( 'NONE', #1024 ) ;
#7633 = CARTESIAN_POINT ( 'NONE',  ( -22.89659477607594340, 8.500000000000010658, 15.49548418332662614 ) ) ;
#7634 = CARTESIAN_POINT ( 'NONE',  ( -12.47041347705065739, 0.9999999999999976685, -13.51821543368308376 ) ) ;
#7635 = CARTESIAN_POINT ( 'NONE',  ( 53.34639103934642179, 158.9823070283639765, -81.99728655465543170 ) ) ;
#7636 = CARTESIAN_POINT ( 'NONE',  ( 19.70454419723485984, 8.500000000000017764, -20.60530593235023744 ) ) ;
#7637 = CARTESIAN_POINT ( 'NONE',  ( -24.17394958395130899, 53.00000001475749656, 2.602124701190450029 ) ) ;
#7638 = LINE ( 'NONE', #7020, #3789 ) ;
#7639 = FACE_OUTER_BOUND ( 'NONE', #4542, .T. ) ;
#7640 = EDGE_CURVE ( 'NONE', #7774, #5967, #5604, .T. ) ;
#7641 = CARTESIAN_POINT ( 'NONE',  ( -37.16245209170762820, 127.6229377504598261, 59.78510175839105756 ) ) ;
#7642 = CYLINDRICAL_SURFACE ( 'NONE', #7259, 2.700000000000008171 ) ;
#7643 = EDGE_LOOP ( 'NONE', ( #1588, #1938, #318, #4401, #3893 ) ) ;
#7644 = DIRECTION ( 'NONE',  ( -1.000000000000000000, 0.000000000000000000, 0.000000000000000000 ) ) ;
#7645 = DIRECTION ( 'NONE',  ( 0.000000000000000000, -0.9626347067015693648, 0.2708032892222390076 ) ) ;
#7646 = FACE_OUTER_BOUND ( 'NONE', #7701, .T. ) ;
#7647 = PLANE ( 'NONE',  #419 ) ;
#7648 = B_SPLINE_CURVE_WITH_KNOTS ( 'NONE', 3,
 ( #6112, #1372, #707, #3273, #3353, #7424, #1318, #5969, #5882, #2618, #2055, #4699, #3449, #7330, #3958, #1501, #6677, #7898, #6585, #659, #3311, #7513, #3797, #4483, #3912, #3149, #5122, #7113, #5959, #3243, #7318, #3030, #8203, #4352, #3096, #4309 ),
 .UNSPECIFIED., .F., .F.,
 ( 4, 2, 2, 2, 2, 2, 2, 2, 2, 2, 2, 2, 2, 2, 2, 2, 2, 4 ),
 ( -5.999999999973329837E-08, 0.0004797635052926959437, 0.0009595870105853916395, 0.001919234021170785742, 0.003838528042341572862, 0.005757822063512359548, 0.007677116084683145367, 0.01151570412702471874, 0.01535429216936629385, 0.01727358619053707967, 0.01919288021170786548, 0.02303146825404943712, 0.02495076227522022294, 0.02687005629639100876, 0.02878935031756179458, 0.02974899732814718575, 0.03022882083343988308, 0.03070864433873258040 ),
 .UNSPECIFIED. ) ;
#7649 = EDGE_CURVE ( 'NONE', #1127, #3291, #2159, .T. ) ;
#7650 = EDGE_CURVE ( 'NONE', #5829, #7734, #2705, .T. ) ;
#7651 = CARTESIAN_POINT ( 'NONE',  ( -23.74420466249360118, 9.500000000000001776, 4.500000000000000888 ) ) ;
#7652 = CARTESIAN_POINT ( 'NONE',  ( -24.16567402470232651, 52.16241956205657715, -3.278910863858618185 ) ) ;
#7653 = DIRECTION ( 'NONE',  ( -4.026401060382563240E-16, -1.000000000000000000, -0.000000000000000000 ) ) ;
#7654 = ORIENTED_EDGE ( 'NONE', *, *, #335, .F. ) ;
#7655 = ORIENTED_EDGE ( 'NONE', *, *, #1722, .T. ) ;
#7656 = CARTESIAN_POINT ( 'NONE',  ( 4.938849362433376911, 9.770803289222234511, 26.63156445936786554 ) ) ;
#7657 = LINE ( 'NONE', #1729, #3768 ) ;
#7658 = CARTESIAN_POINT ( 'NONE',  ( 40.63860553772241246, 119.0078750871749662, -50.21570420225987874 ) ) ;
#7659 = LINE ( 'NONE', #8453, #5428 ) ;
#7660 =( GEOMETRIC_REPRESENTATION_CONTEXT ( 3 ) GLOBAL_UNCERTAINTY_ASSIGNED_CONTEXT ( ( #2560 ) ) GLOBAL_UNIT_ASSIGNED_CONTEXT ( ( #239, #1467, #4322 ) ) REPRESENTATION_CONTEXT ( 'NONE', 'WORKASPACE' ) );
#7661 = CARTESIAN_POINT ( 'NONE',  ( 36.21714430383187278, 109.9609018348022573, -47.18955747813299695 ) ) ;
#7662 = DIRECTION ( 'NONE',  ( -1.000000000000000000, -0.000000000000000000, -0.000000000000000000 ) ) ;
#7663 = ORIENTED_EDGE ( 'NONE', *, *, #2665, .T. ) ;
#7664 = VECTOR ( 'NONE', #5904, 1000.000000000000000 ) ;
#7665 = DIRECTION ( 'NONE',  ( -0.000000000000000000, -1.000000000000000000, -0.000000000000000000 ) ) ;
#7666 = CARTESIAN_POINT ( 'NONE',  ( -10.30224642687853454, 8.500000000000008882, 26.87268630445918305 ) ) ;
#7667 = AXIS2_PLACEMENT_3D ( 'NONE', #1222, #3862, #5146 ) ;
#7668 = ORIENTED_EDGE ( 'NONE', *, *, #4406, .F. ) ;
#7669 = CARTESIAN_POINT ( 'NONE',  ( -23.74425346923881008, 9.509879833416226447, 6.299630403166118775 ) ) ;
#7670 = LINE ( 'NONE', #1094, #2165 ) ;
#7671 = CIRCLE ( 'NONE', #5038, 2.700000000000008171 ) ;
#7672 = CARTESIAN_POINT ( 'NONE',  ( 34.11790219225294862, -3.384034087146417732E-14, -38.36054287936816820 ) ) ;
#7673 = CARTESIAN_POINT ( 'NONE',  ( 19.33192765941552338, 8.499999999999413802, -19.05331742098464076 ) ) ;
#7674 = CARTESIAN_POINT ( 'NONE',  ( -24.17394958380501535, 52.99999999999997868, 2.500000000000000444 ) ) ;
#7675 = CARTESIAN_POINT ( 'NONE',  ( 39.23922253581260833, 36.48528137423857487, -36.23922253580852271 ) ) ;
#7676 = AXIS2_PLACEMENT_3D ( 'NONE', #1725, #2485, #3147 ) ;
#7677 = DIRECTION ( 'NONE',  ( 0.000000000000000000, 0.000000000000000000, 1.000000000000000000 ) ) ;
#7678 = CARTESIAN_POINT ( 'NONE',  ( -40.88186813186813851, 119.5000000000000284, 57.49999999999999289 ) ) ;
#7679 = DIRECTION ( 'NONE',  ( -4.026401060382563240E-16, -1.000000000000000000, -0.000000000000000000 ) ) ;
#7680 = ORIENTED_EDGE ( 'NONE', *, *, #4829, .T. ) ;
#7681 = CIRCLE ( 'NONE', #4920, 1.000000000000000888 ) ;
#7682 = DIRECTION ( 'NONE',  ( -1.000000000000000000, 0.000000000000000000, -0.000000000000000000 ) ) ;
#7683 = CARTESIAN_POINT ( 'NONE',  ( -24.17567898490996470, 53.17503500571874753, 2.500000000000000000 ) ) ;
#7684 = ADVANCED_FACE ( 'NONE', ( #400 ), #4394, .F. ) ;
#7685 = DIRECTION ( 'NONE',  ( 0.000000000000000000, 1.000000000000000000, 0.000000000000000000 ) ) ;
#7686 = CARTESIAN_POINT ( 'NONE',  ( 132.2500000000011084, 227.4999999999999716, 104.7499999999986073 ) ) ;
#7687 = CIRCLE ( 'NONE', #3132, 5.000000000000004441 ) ;
#7688 = PLANE ( 'NONE',  #7126 ) ;
#7689 = FACE_OUTER_BOUND ( 'NONE', #2594, .T. ) ;
#7690 = DIRECTION ( 'NONE',  ( -0.000000000000000000, 1.000000000000000000, -0.000000000000000000 ) ) ;
#7691 = VERTEX_POINT ( 'NONE', #6400 ) ;
#7692 = CARTESIAN_POINT ( 'NONE',  ( 9.610818194478170540, 8.500000000000007105, 27.01517601208480457 ) ) ;
#7693 = CARTESIAN_POINT ( 'NONE',  ( 33.94842799962897573, 119.3145623853462354, -57.38494293454227346 ) ) ;
#7694 = VECTOR ( 'NONE', #3289, 1000.000000000000000 ) ;
#7695 = AXIS2_PLACEMENT_3D ( 'NONE', #1390, #2966, #3011 ) ;
#7696 = EDGE_CURVE ( 'NONE', #8094, #2342, #696, .T. ) ;
#7697 = CARTESIAN_POINT ( 'NONE',  ( 40.67700504028892539, 119.0810664868829747, -50.00582184530284025 ) ) ;
#7698 = CARTESIAN_POINT ( 'NONE',  ( 17.79887264869807595, -7.166539970633213025E-15, 3.925513032651581469 ) ) ;
#7699 = DIRECTION ( 'NONE',  ( 0.000000000000000000, 0.000000000000000000, 1.000000000000000000 ) ) ;
#7700 = ORIENTED_EDGE ( 'NONE', *, *, #5917, .T. ) ;
#7701 = EDGE_LOOP ( 'NONE', ( #4883, #6936, #6050, #2166 ) ) ;
#7702 = DIRECTION ( 'NONE',  ( 0.000000000000000000, 0.000000000000000000, -1.000000000000000000 ) ) ;
#7703 = ADVANCED_FACE ( 'NONE', ( #604 ), #5233, .F. ) ;
#7704 = EDGE_CURVE ( 'NONE', #8025, #4907, #1867, .T. ) ;
#7705 = CARTESIAN_POINT ( 'NONE',  ( -23.74260580633074369, 9.515825295563791641, 6.622980331963815637 ) ) ;
#7706 =( BOUNDED_SURFACE ( )  B_SPLINE_SURFACE ( 3, 2, ( 
 ( #8036, #4749, #904 ),
 ( #3549, #2810, #4881 ),
 ( #5524, #6167, #2108 ),
 ( #5561, #6781, #4108 ),
 ( #3458, #7522, #1597 ),
 ( #6872, #6071, #140 ),
 ( #853, #3590, #8215 ),
 ( #6205, #2947, #763 ),
 ( #371, #4363, #443 ),
 ( #2374, #5084, #3755 ),
 ( #7725, #7652, #1801 ),
 ( #3074, #2334, #8406 ),
 ( #4971, #5759, #3039 ),
 ( #7066, #8331, #5606 ),
 ( #1148, #491, #2996 ),
 ( #8263, #3111, #6248 ) ),
 .UNSPECIFIED., .F., .F., .F. ) 
 B_SPLINE_SURFACE_WITH_KNOTS ( ( 4, 2, 2, 2, 2, 2, 2, 4 ),
 ( 3, 3 ),
 ( 0.3822698668497521712, 0.4938253442064833854, 0.5217142135456662722, 0.5496030828848490479, 0.6053808215632145995, 0.7169362989199459246, 0.7727140375983114762, 0.8284917762766771387 ),
 ( 0.000000000000000000, 1.000000000000000000 ),
 .UNSPECIFIED. ) 
 GEOMETRIC_REPRESENTATION_ITEM ( )  RATIONAL_B_SPLINE_SURFACE ( (
 ( 1.000000000000000000, 0.7071067811863945840, 1.000000000000000000),
 ( 1.000000000000000000, 0.7511876268287306369, 1.000000000000000000),
 ( 1.000000000000000000, 0.7886206401895432538, 1.000000000000000000),
 ( 1.000000000000000000, 0.8273368766802944307, 1.000000000000000000),
 ( 1.000000000000000000, 0.8347716862093577106, 1.000000000000000000),
 ( 1.000000000000000000, 0.8495901953381037597, 1.000000000000000000),
 ( 1.000000000000000000, 0.8568804122530848666, 1.000000000000000000),
 ( 1.000000000000000000, 0.8782541365758547158, 1.000000000000000000),
 ( 1.000000000000000000, 0.8918406472956452724, 1.000000000000000000),
 ( 1.000000000000000000, 0.9294421179671460420, 1.000000000000000000),
 ( 1.000000000000000000, 0.9501837924615256226, 1.000000000000000000),
 ( 1.000000000000000000, 0.9710569706149397851, 1.000000000000000000),
 ( 1.000000000000000000, 0.9763319172315516603, 1.000000000000000000),
 ( 1.000000000000000000, 0.9833148238170499322, 1.000000000000000000),
 ( 1.000000000000000000, 0.9850284554918453672, 1.000000000000000000),
 ( 1.000000000000000000, 0.9850231824050917906, 1.000000000000000000) ) ) 
 REPRESENTATION_ITEM ( '' )  SURFACE ( )  );
#7707 = DIRECTION ( 'NONE',  ( -0.000000000000000000, 1.000000000000000000, -0.000000000000000000 ) ) ;
#7708 = CARTESIAN_POINT ( 'NONE',  ( -18.51370253461190885, 87.41649213276018315, -42.24154385045493854 ) ) ;
#7709 = CARTESIAN_POINT ( 'NONE',  ( -17.57173621264044883, 0.9999999999999995559, -4.922285077681817889 ) ) ;
#7710 = CARTESIAN_POINT ( 'NONE',  ( 68.33150897891553655, 175.6329734175576789, -92.32839880625249407 ) ) ;
#7711 = CARTESIAN_POINT ( 'NONE',  ( 15.74850436080409466, 8.500000000000000000, -24.23184220710564674 ) ) ;
#7712 = CARTESIAN_POINT ( 'NONE',  ( -24.17353549162032778, 52.95808917448633224, 2.706230972802318835 ) ) ;
#7713 = CARTESIAN_POINT ( 'NONE',  ( -20.96831727596608985, 84.84944668875280627, -45.76683105233669124 ) ) ;
#7714 = CARTESIAN_POINT ( 'NONE',  ( -115.7593956088983589, 222.4999999999999147, -120.8815049872849272 ) ) ;
#7715 = B_SPLINE_CURVE_WITH_KNOTS ( 'NONE', 3,
 ( #8458, #5251, #3365, #5345, #1968, #2539, #4540 ),
 .UNSPECIFIED., .F., .F.,
 ( 4, 3, 4 ),
 ( -0.1000080239093330270, -0.09613251308008299856, -0.02743754708798544495 ),
 .UNSPECIFIED. ) ;
#7716 = CARTESIAN_POINT ( 'NONE',  ( 132.2500000000000000, 227.4999999999999716, -1.385245221186013225E-12 ) ) ;
#7717 = CARTESIAN_POINT ( 'NONE',  ( 39.51561378894523813, 9.169629727256930707, 2.500000000000000000 ) ) ;
#7718 = ORIENTED_EDGE ( 'NONE', *, *, #2895, .T. ) ;
#7719 = CARTESIAN_POINT ( 'NONE',  ( 119.6307288578716879, 222.4999999999999716, 139.6500000000000057 ) ) ;
#7720 = DIRECTION ( 'NONE',  ( -4.026401060382563240E-16, -1.000000000000000000, -0.000000000000000000 ) ) ;
#7721 = CARTESIAN_POINT ( 'NONE',  ( -132.2499999999996589, 229.9999999999999716, 102.0500000000004519 ) ) ;
#7722 = CARTESIAN_POINT ( 'NONE',  ( 32.36096775576671547, 119.4999999999999858, 57.50000000000000000 ) ) ;
#7723 = CARTESIAN_POINT ( 'NONE',  ( 15.53356001624483440, 85.78081955052056173, -48.01429902534350447 ) ) ;
#7724 = EDGE_CURVE ( 'NONE', #27, #7984, #938, .T. ) ;
#7725 = CARTESIAN_POINT ( 'NONE',  ( -24.16731513527487607, 52.32851856455323514, -3.570523742913689347 ) ) ;
#7726 = DIRECTION ( 'NONE',  ( -0.000000000000000000, 1.000000000000000000, -0.000000000000000000 ) ) ;
#7727 = EDGE_LOOP ( 'NONE', ( #7521, #6712, #5796, #7754 ) ) ;
#7728 = CARTESIAN_POINT ( 'NONE',  ( 11.22148304250186079, 9.791506242051037034, 25.52114169586443637 ) ) ;
#7729 = FACE_OUTER_BOUND ( 'NONE', #4083, .T. ) ;
#7730 = CARTESIAN_POINT ( 'NONE',  ( -56.13326742716398599, 171.9750973094523090, -90.05882425638357347 ) ) ;
#7731 = CARTESIAN_POINT ( 'NONE',  ( 35.54166395473114193, 118.7147829693052330, -56.83731323399664603 ) ) ;
#7732 = CARTESIAN_POINT ( 'NONE',  ( -6.298859213922017197, 8.500000000000000000, -27.59419916606944767 ) ) ;
#7733 = EDGE_CURVE ( 'NONE', #6204, #8426, #499, .T. ) ;
#7734 = VERTEX_POINT ( 'NONE', #1868 ) ;
#7735 = CARTESIAN_POINT ( 'NONE',  ( 3.473256004144039011, 50.98583531217101239, -39.00738714375165017 ) ) ;
#7736 = AXIS2_PLACEMENT_3D ( 'NONE', #1719, #6241, #3788 ) ;
#7737 = VERTEX_POINT ( 'NONE', #5150 ) ;
#7738 = ORIENTED_EDGE ( 'NONE', *, *, #5392, .T. ) ;
#7739 = CARTESIAN_POINT ( 'NONE',  ( -34.11790219225088805, 36.48528137423860329, 38.36054287937020035 ) ) ;
#7740 = CARTESIAN_POINT ( 'NONE',  ( -20.49715040763493334, 9.705631778379476771, 17.87289476781283781 ) ) ;
#7741 = EDGE_CURVE ( 'NONE', #2240, #6196, #8437, .T. ) ;
#7742 = EDGE_CURVE ( 'NONE', #7534, #14, #3574, .T. ) ;
#7743 = VERTEX_POINT ( 'NONE', #8480 ) ;
#7744 = CARTESIAN_POINT ( 'NONE',  ( 112.3555234424493392, 222.4999999999999716, 121.4076260998840411 ) ) ;
#7745 = CARTESIAN_POINT ( 'NONE',  ( 23.74420466249359407, 9.500000000000008882, -6.299630403166123216 ) ) ;
#7746 = AXIS2_PLACEMENT_3D ( 'NONE', #58, #4671, #7998 ) ;
#7747 = CARTESIAN_POINT ( 'NONE',  ( 23.78497175570641531, 13.63103222792017277, 8.032813712824690811 ) ) ;
#7748 =( BOUNDED_CURVE ( )  B_SPLINE_CURVE ( 3, ( #6854, #3575, #934, #4825 ),
 .UNSPECIFIED., .F., .T. ) 
 B_SPLINE_CURVE_WITH_KNOTS ( ( 4, 4 ),
 ( 1.570796326794896558, 3.141592653589793116 ),
 .UNSPECIFIED. ) 
 CURVE ( )  GEOMETRIC_REPRESENTATION_ITEM ( )  RATIONAL_B_SPLINE_CURVE ( ( 1.000000000000000000, 0.8047378541243649375, 0.8047378541243649375, 1.000000000000000000 ) ) 
 REPRESENTATION_ITEM ( '' )  );
#7749 = CARTESIAN_POINT ( 'NONE',  ( -24.88964374384355693, 48.70697273983817155, 3.473286496942127766 ) ) ;
#7750 = CARTESIAN_POINT ( 'NONE',  ( 11.99331898875634828, 60.38194016050073287, 40.86922100821708881 ) ) ;
#7751 = CARTESIAN_POINT ( 'NONE',  ( -4.938849362433377799, 9.499999999999994671, 27.59419916606944057 ) ) ;
#7752 = DIRECTION ( 'NONE',  ( 0.000000000000000000, 1.000000000000000000, 0.000000000000000000 ) ) ;
#7753 = CARTESIAN_POINT ( 'NONE',  ( 68.77305503950380228, 176.7960527937180757, -87.32719435105718730 ) ) ;
#7754 = ORIENTED_EDGE ( 'NONE', *, *, #4443, .F. ) ;
#7755 = CARTESIAN_POINT ( 'NONE',  ( -40.67700504028888986, 119.0810664868829036, -50.00582184530279051 ) ) ;
#7756 = CARTESIAN_POINT ( 'NONE',  ( -4.500000000000000888, 9.500000000000001776, 0.000000000000000000 ) ) ;
#7757 = DIRECTION ( 'NONE',  ( 3.469616292631998952E-15, 0.000000000000000000, -1.000000000000000000 ) ) ;
#7758 = CARTESIAN_POINT ( 'NONE',  ( 132.2500000000000000, 227.4999999999999716, -2.700000000001393285 ) ) ;
#7759 = EDGE_LOOP ( 'NONE', ( #8104, #6177, #5891, #7584, #4286 ) ) ;
#7760 = DIRECTION ( 'NONE',  ( -0.000000000000000000, 1.000000000000000000, -0.000000000000000000 ) ) ;
#7761 = CARTESIAN_POINT ( 'NONE',  ( -22.32515944972901067, 84.88347864502181039, 44.38106385283334276 ) ) ;
#7762 = EDGE_LOOP ( 'NONE', ( #1656, #6399, #2086, #5009 ) ) ;
#7763 = CARTESIAN_POINT ( 'NONE',  ( -62.49627132169559474, 177.6932981675498979, -93.60675282340628200 ) ) ;
#7764 = CARTESIAN_POINT ( 'NONE',  ( 20.25064311825195063, 8.499999999998832934, 17.78715390972828203 ) ) ;
#7765 = CARTESIAN_POINT ( 'NONE',  ( -23.71053751403526277, 9.533442085034742774, -7.588502113944877614 ) ) ;
#7766 = CARTESIAN_POINT ( 'NONE',  ( -51.62043847202992453, 167.9195815764079782, -87.54252927473703494 ) ) ;
#7767 = AXIS2_PLACEMENT_3D ( 'NONE', #127, #7933, #4735 ) ;
#7768 = CARTESIAN_POINT ( 'NONE',  ( -39.36729686990015153, 9.211326951882947256, 3.003618975420792037 ) ) ;
#7769 = CARTESIAN_POINT ( 'NONE',  ( -9.283386526566079766, 8.500000000000005329, -27.09513474796683496 ) ) ;
#7770 = CARTESIAN_POINT ( 'NONE',  ( 73.70021283881790453, 186.6116711984814742, 91.99316027925240746 ) ) ;
#7771 = ORIENTED_EDGE ( 'NONE', *, *, #2614, .T. ) ;
#7772 = CARTESIAN_POINT ( 'NONE',  ( 4.264434226022685515, 52.78081586204792330, -38.73091304209237506 ) ) ;
#7773 = CARTESIAN_POINT ( 'NONE',  ( -24.17563017816475224, 53.16515517230252641, -2.500000000000000000 ) ) ;
#7774 = VERTEX_POINT ( 'NONE', #5911 ) ;
#7775 = VERTEX_POINT ( 'NONE', #7976 ) ;
#7776 = LINE ( 'NONE', #4063, #861 ) ;
#7777 = CARTESIAN_POINT ( 'NONE',  ( -4.938849362433380463, 9.500000000000001776, -27.59419916606944412 ) ) ;
#7778 = CARTESIAN_POINT ( 'NONE',  ( 39.55118518122903026, 8.500000000000001776, 3.118599564162143789 ) ) ;
#7779 = AXIS2_PLACEMENT_3D ( 'NONE', #1418, #6811, #4993 ) ;
#7780 = EDGE_CURVE ( 'NONE', #139, #165, #1997, .T. ) ;
#7781 = CYLINDRICAL_SURFACE ( 'NONE', #3806, 2.999999999999981792 ) ;
#7782 = AXIS2_PLACEMENT_3D ( 'NONE', #4206, #4763, #7399 ) ;
#7783 = CARTESIAN_POINT ( 'NONE',  ( -14.31440395704069779, 8.499999999999994671, 25.12126558042559665 ) ) ;
#7784 = ORIENTED_EDGE ( 'NONE', *, *, #7790, .T. ) ;
#7785 = AXIS2_PLACEMENT_3D ( 'NONE', #7197, #6683, #2664 ) ;
#7786 = AXIS2_PLACEMENT_3D ( 'NONE', #2997, #1726, #492 ) ;
#7787 = ORIENTED_EDGE ( 'NONE', *, *, #1686, .F. ) ;
#7788 = CARTESIAN_POINT ( 'NONE',  ( -7.650857058375222230, 8.499999999999996447, 27.41284842830051005 ) ) ;
#7789 = CARTESIAN_POINT ( 'NONE',  ( 3.500000000000000000, 9.500000000000001776, 0.000000000000000000 ) ) ;
#7790 = EDGE_CURVE ( 'NONE', #293, #4355, #8565, .T. ) ;
#7791 = DIRECTION ( 'NONE',  ( -0.009879833416224004239, 0.9999511932547846538, -6.938555239080381211E-15 ) ) ;
#7792 = EDGE_CURVE ( 'NONE', #4009, #782, #6424, .T. ) ;
#7793 = CIRCLE ( 'NONE', #5168, 5.000000000000004441 ) ;
#7794 = CARTESIAN_POINT ( 'NONE',  ( -17.64543737505239918, 85.35001724181626059, -47.63407931066940648 ) ) ;
#7795 = CYLINDRICAL_SURFACE ( 'NONE', #330, 2.700000000000008171 ) ;
#7796 = LINE ( 'NONE', #5147, #6037 ) ;
#7797 = CARTESIAN_POINT ( 'NONE',  ( -34.76198430531942307, 118.9754579437103814, 57.17454138245611261 ) ) ;
#7798 = ORIENTED_EDGE ( 'NONE', *, *, #4174, .F. ) ;
#7799 =( BOUNDED_SURFACE ( )  B_SPLINE_SURFACE ( 2, 3, ( 
 ( #3316, #5478, #528, #3224, #6364, #3143, #6525, #1797, #8403, #8525 ),
 ( #7846, #4430, #1831, #7107, #1908, #2048, #6765, #4040, #8021, #2135 ),
 ( #3487, #7230, #2844, #3306, #2095, #7323, #4734, #8155, #6553, #5667 ) ),
 .UNSPECIFIED., .F., .F., .F. ) 
 B_SPLINE_SURFACE_WITH_KNOTS ( ( 3, 3 ),
 ( 4, 3, 3, 4 ),
 ( 0.000000000000000000, 1.000000000000000000 ),
 ( -0.05310633853194654530, -0.02967734677949436864, 0.05042450044426739081, 0.06862074133165751988 ),
 .UNSPECIFIED. ) 
 GEOMETRIC_REPRESENTATION_ITEM ( )  RATIONAL_B_SPLINE_SURFACE ( (
 ( 1.000000000000000000, 1.000000000000000000, 1.000000000000000000, 1.000000000000000000, 1.000000000000000000, 1.000000000000000000, 1.000000000000000000, 1.000000000000000000, 1.000000000000000000, 1.000000000000000000),
 ( 0.7080520783763301074, 0.7080520783763301074, 0.7080520783763301074, 0.7080520783763301074, 0.7080520783763301074, 0.7080520783763301074, 0.7080520783763301074, 0.7080520783763301074, 0.7080520783763301074, 0.7080520783763301074),
 ( 1.000000000000000000, 1.000000000000000000, 1.000000000000000000, 1.000000000000000000, 1.000000000000000000, 1.000000000000000000, 1.000000000000000000, 1.000000000000000000, 1.000000000000000000, 1.000000000000000000) ) ) 
 REPRESENTATION_ITEM ( '' )  SURFACE ( )  );
#7800 = CARTESIAN_POINT ( 'NONE',  ( -104.7500000000000000, 229.9999999999999716, -134.9500000000000171 ) ) ;
#7801 = EDGE_LOOP ( 'NONE', ( #1483, #3767, #7011, #5056 ) ) ;
#7802 = VECTOR ( 'NONE', #7508, 1000.000000000000000 ) ;
#7803 = FACE_OUTER_BOUND ( 'NONE', #5897, .T. ) ;
#7804 = AXIS2_PLACEMENT_3D ( 'NONE', #1912, #7852, #6486 ) ;
#7805 = EDGE_CURVE ( 'NONE', #5939, #6204, #7321, .T. ) ;
#7806 = EDGE_CURVE ( 'NONE', #8025, #8117, #8520, .T. ) ;
#7807 = CARTESIAN_POINT ( 'NONE',  ( -29.96062271062271520, 97.16666666666667140, -51.21730513780624250 ) ) ;
#7808 = DIRECTION ( 'NONE',  ( 0.000000000000000000, 1.000000000000000000, 0.000000000000000000 ) ) ;
#7809 = CARTESIAN_POINT ( 'NONE',  ( 24.26390638955274781, 52.63319827097844694, 2.775968010032316968 ) ) ;
#7810 = DIRECTION ( 'NONE',  ( 0.000000000000000000, 0.000000000000000000, 1.000000000000000000 ) ) ;
#7811 = ORIENTED_EDGE ( 'NONE', *, *, #5039, .F. ) ;
#7812 = AXIS2_PLACEMENT_3D ( 'NONE', #2654, #567, #4651 ) ;
#7813 = CARTESIAN_POINT ( 'NONE',  ( -10.26431728523479592, 8.500000000000003553, -26.83681574000186032 ) ) ;
#7814 = CARTESIAN_POINT ( 'NONE',  ( -104.7500000000000000, 227.4999999999999716, -132.2500000000000000 ) ) ;
#7815 = CARTESIAN_POINT ( 'NONE',  ( -6.546467057981925741, 9.780416709709818690, -26.56586783558036657 ) ) ;
#7816 = CARTESIAN_POINT ( 'NONE',  ( -85.37482668035397637, 191.7154629365022345, -102.3069786793788012 ) ) ;
#7817 = CARTESIAN_POINT ( 'NONE',  ( -38.93230344375721330, 9.333619261603294248, 3.373786390244040145 ) ) ;
#7818 = VECTOR ( 'NONE', #1914, 1000.000000000000000 ) ;
#7819 = CARTESIAN_POINT ( 'NONE',  ( 18.51370253461190174, 87.41649213276018315, -17.60064327102293902 ) ) ;
#7820 = AXIS2_PLACEMENT_3D ( 'NONE', #1000, #1040, #3802 ) ;
#7821 = DIRECTION ( 'NONE',  ( 0.000000000000000000, 0.000000000000000000, 1.000000000000000000 ) ) ;
#7822 = CARTESIAN_POINT ( 'NONE',  ( 3.570311512526876285, 55.51446430391010267, -39.49992852063259363 ) ) ;
#7823 = FACE_BOUND ( 'NONE', #5175, .T. ) ;
#7824 = EDGE_LOOP ( 'NONE', ( #2931, #1877, #3977, #4087, #4675 ) ) ;
#7825 = AXIS2_PLACEMENT_3D ( 'NONE', #4210, #3380, #4856 ) ;
#7826 = ORIENTED_EDGE ( 'NONE', *, *, #4987, .T. ) ;
#7827 = ORIENTED_EDGE ( 'NONE', *, *, #4105, .T. ) ;
#7828 = DIRECTION ( 'NONE',  ( -0.9999511932547846538, 0.009879833416224214140, 0.000000000000000000 ) ) ;
#7829 = CARTESIAN_POINT ( 'NONE',  ( -24.63144643242432608, 99.30386975310142361, 44.06320469952046892 ) ) ;
#7830 = FACE_OUTER_BOUND ( 'NONE', #3950, .T. ) ;
#7831 = EDGE_LOOP ( 'NONE', ( #672, #8001, #8108, #2821, #6653, #7225 ) ) ;
#7832 = EDGE_CURVE ( 'NONE', #986, #3927, #8493, .T. ) ;
#7833 = CARTESIAN_POINT ( 'NONE',  ( -15.18850814199444699, 8.499999999999996447, 24.60441018067564301 ) ) ;
#7834 = CARTESIAN_POINT ( 'NONE',  ( 23.77139899355055164, 12.25731476308552281, 7.455085942938500132 ) ) ;
#7835 = LINE ( 'NONE', #6513, #5582 ) ;
#7836 = DIRECTION ( 'NONE',  ( 0.000000000000000000, 0.000000000000000000, 1.000000000000000000 ) ) ;
#7837 = CARTESIAN_POINT ( 'NONE',  ( -41.71457440236942915, 121.2028375419239836, -51.32230098370204274 ) ) ;
#7838 = B_SPLINE_CURVE_WITH_KNOTS ( 'NONE', 3,
 ( #3897, #6473, #3214, #6058, #699, #5275, #7366, #2653, #3346, #4041, #2752, #6721, #1497, #2795 ),
 .UNSPECIFIED., .F., .F.,
 ( 4, 2, 2, 2, 2, 2, 4 ),
 ( -3.028723114712891324E-05, 0.002343209589199092904, 0.003529957999372218460, 0.004716706409545344016, 0.005903454819718470005, 0.007090203229891595127, 0.009463700050237881800 ),
 .UNSPECIFIED. ) ;
#7839 = EDGE_CURVE ( 'NONE', #8501, #8218, #6575, .T. ) ;
#7840 = CARTESIAN_POINT ( 'NONE',  ( -104.7500000000000000, 227.4999999999999716, 132.2500000000000000 ) ) ;
#7841 = LINE ( 'NONE', #2647, #8497 ) ;
#7842 = ORIENTED_EDGE ( 'NONE', *, *, #2506, .T. ) ;
#7843 = DIRECTION ( 'NONE',  ( 0.000000000000000000, 0.000000000000000000, -1.000000000000000000 ) ) ;
#7844 = VERTEX_POINT ( 'NONE', #261 ) ;
#7845 = DIRECTION ( 'NONE',  ( 0.000000000000000000, 0.000000000000000000, -1.000000000000000000 ) ) ;
#7846 = CARTESIAN_POINT ( 'NONE',  ( 23.51144931848951103, -14.05254055660225987, -19.92970774382593646 ) ) ;
#7847 = CARTESIAN_POINT ( 'NONE',  ( -41.74085462747518704, 121.2565791258481056, -57.99415152159713926 ) ) ;
#7848 = CARTESIAN_POINT ( 'NONE',  ( 33.36864519346828928, 119.3252623688171354, 57.39158187185230275 ) ) ;
#7849 =( BOUNDED_CURVE ( )  B_SPLINE_CURVE ( 3, ( #391, #304, #2979, #8199 ),
 .UNSPECIFIED., .F., .T. ) 
 B_SPLINE_CURVE_WITH_KNOTS ( ( 4, 4 ),
 ( 1.570796326794899889, 3.141592653589793116 ),
 .UNSPECIFIED. ) 
 CURVE ( )  GEOMETRIC_REPRESENTATION_ITEM ( )  RATIONAL_B_SPLINE_CURVE ( ( 1.000000000000000000, 0.8047378541243658256, 0.8047378541243658256, 1.000000000000000000 ) ) 
 REPRESENTATION_ITEM ( '' )  );
#7850 = ADVANCED_FACE ( 'NONE', ( #882 ), #4220, .F. ) ;
#7851 = EDGE_CURVE ( 'NONE', #2142, #3467, #4441, .T. ) ;
#7852 = DIRECTION ( 'NONE',  ( 0.000000000000000000, -1.000000000000000000, 0.000000000000000000 ) ) ;
#7853 = ORIENTED_EDGE ( 'NONE', *, *, #6203, .T. ) ;
#7854 = CARTESIAN_POINT ( 'NONE',  ( -17.35913852533319357, 8.499999999999996447, -23.03910990961963989 ) ) ;
#7855 = CARTESIAN_POINT ( 'NONE',  ( 18.71657356717421905, 8.500000000002334133, 19.81518151510773862 ) ) ;
#7856 = CARTESIAN_POINT ( 'NONE',  ( -17.69065527516589142, 9.755086165907204787, -21.42014675400862345 ) ) ;
#7857 = DIRECTION ( 'NONE',  ( -0.000000000000000000, 1.000000000000000000, -0.000000000000000000 ) ) ;
#7858 = CARTESIAN_POINT ( 'NONE',  ( -118.0420708904884037, 227.6102939800078389, -124.5783713128435153 ) ) ;
#7859 = CARTESIAN_POINT ( 'NONE',  ( -39.70797759213077427, 8.500000000000000000, 2.827590939985455520 ) ) ;
#7860 = CARTESIAN_POINT ( 'NONE',  ( 14.15933185562234264, -5.701114879778639290E-15, 11.46975976141678899 ) ) ;
#7861 = CARTESIAN_POINT ( 'NONE',  ( 68.65193927772774884, 190.0284691162941897, 101.2602624629257377 ) ) ;
#7862 = EDGE_CURVE ( 'NONE', #8195, #8025, #221, .T. ) ;
#7863 = CARTESIAN_POINT ( 'NONE',  ( 3.035155756119648274, 55.24366101469078671, -39.60628161334389574 ) ) ;
#7864 = FACE_BOUND ( 'NONE', #7487, .T. ) ;
#7865 = ORIENTED_EDGE ( 'NONE', *, *, #3294, .T. ) ;
#7866 = EDGE_LOOP ( 'NONE', ( #3461, #6470, #4876, #8082 ) ) ;
#7867 = ORIENTED_EDGE ( 'NONE', *, *, #6885, .F. ) ;
#7868 = CARTESIAN_POINT ( 'NONE',  ( 2.500000000000000000, 9.500000000000001776, -39.75000000000000000 ) ) ;
#7869 = CARTESIAN_POINT ( 'NONE',  ( -3.739305921237988439, 1.164875345489833958, 24.21059046191277275 ) ) ;
#7870 = CARTESIAN_POINT ( 'NONE',  ( -103.2559021775177541, 207.7845370634977087, 106.5543833424671334 ) ) ;
#7871 = VERTEX_POINT ( 'NONE', #5410 ) ;
#7872 = DIRECTION ( 'NONE',  ( 0.000000000000000000, 0.000000000000000000, -1.000000000000000000 ) ) ;
#7873 = CARTESIAN_POINT ( 'NONE',  ( -51.62112623449350934, 167.9201996435936053, 87.54291276217988127 ) ) ;
#7874 = VERTEX_POINT ( 'NONE', #8150 ) ;
#7875 = ORIENTED_EDGE ( 'NONE', *, *, #7904, .T. ) ;
#7876 = CARTESIAN_POINT ( 'NONE',  ( -13.55810952504197076, 9.786186495435334365, 24.44536956188718690 ) ) ;
#7877 = CARTESIAN_POINT ( 'NONE',  ( 24.74420466249360118, 9.500000000000008882, 139.6500000000000057 ) ) ;
#7878 = CARTESIAN_POINT ( 'NONE',  ( -24.77012099308809212, 49.45692520922551694, 3.420349252443044108 ) ) ;
#7879 = CARTESIAN_POINT ( 'NONE',  ( -139.6500000000000057, 229.9999999999999716, 128.6499999999999773 ) ) ;
#7880 = ADVANCED_FACE ( 'NONE', ( #2930 ), #8060, .F. ) ;
#7881 = CARTESIAN_POINT ( 'NONE',  ( -22.45064030267285560, 9.039528192094949421E-15, 22.45064030267290889 ) ) ;
#7882 = CARTESIAN_POINT ( 'NONE',  ( -2.500000000000000000, 9.500000000000001776, 38.75000000000000000 ) ) ;
#7883 = DIRECTION ( 'NONE',  ( -0.000000000000000000, -0.000000000000000000, 1.000000000000000000 ) ) ;
#7884 = CIRCLE ( 'NONE', #7746, 2.999999999999981792 ) ;
#7885 = CARTESIAN_POINT ( 'NONE',  ( 69.00000000000000000, 177.0000000000000000, -85.94234171967491420 ) ) ;
#7886 = CARTESIAN_POINT ( 'NONE',  ( 20.93137345658715631, 8.500000000000005329, -18.99543636279861047 ) ) ;
#7887 = VERTEX_POINT ( 'NONE', #5509 ) ;
#7888 = DIRECTION ( 'NONE',  ( -1.000000000000000000, 0.000000000000000000, 0.000000000000000000 ) ) ;
#7889 = ORIENTED_EDGE ( 'NONE', *, *, #3287, .T. ) ;
#7890 = CARTESIAN_POINT ( 'NONE',  ( 35.12070481555327461, 118.7185321690316755, 56.82460328732364729 ) ) ;
#7891 = CARTESIAN_POINT ( 'NONE',  ( -21.92214327812214236, 80.72842782717110310, -38.16270565554792427 ) ) ;
#7892 = AXIS2_PLACEMENT_3D ( 'NONE', #4925, #8295, #2371 ) ;
#7893 = EDGE_CURVE ( 'NONE', #7972, #4648, #1751, .T. ) ;
#7894 = CARTESIAN_POINT ( 'NONE',  ( 2.699999999999998845, 227.4999999999999716, 132.2500000000000000 ) ) ;
#7895 = ORIENTED_EDGE ( 'NONE', *, *, #8357, .T. ) ;
#7896 = CIRCLE ( 'NONE', #4182, 3.000000000000009770 ) ;
#7897 = CARTESIAN_POINT ( 'NONE',  ( -11.81703433221824717, 9.790930264143661077, -25.28698133274552617 ) ) ;
#7898 = CARTESIAN_POINT ( 'NONE',  ( 18.96463332857066675, 9.735976925014277583, 19.98731944248860160 ) ) ;
#7899 = CARTESIAN_POINT ( 'NONE',  ( 21.80775721126044076, 8.500000000000005329, 15.04013697486269052 ) ) ;
#7900 = CARTESIAN_POINT ( 'NONE',  ( 22.66301560317175401, 9.632051440999143566, -13.23917157603388972 ) ) ;
#7901 = CARTESIAN_POINT ( 'NONE',  ( 15.53461083445568214, 85.78835847365913025, 48.01641983520926971 ) ) ;
#7902 = CARTESIAN_POINT ( 'NONE',  ( -24.64793551672143224, -0.2435293828355845625, -3.500000000000000000 ) ) ;
#7903 = CARTESIAN_POINT ( 'NONE',  ( 18.51370253461190174, 87.41649213276016894, 24.64090057943195688 ) ) ;
#7904 = EDGE_CURVE ( 'NONE', #3386, #3686, #5330, .T. ) ;
#7905 = EDGE_CURVE ( 'NONE', #1488, #7297, #2748, .T. ) ;
#7906 = CARTESIAN_POINT ( 'NONE',  ( 132.2499999999988916, 227.4999999999999716, -102.0500000000013756 ) ) ;
#7907 = CARTESIAN_POINT ( 'NONE',  ( 2.568776798877517198, 56.26542341292002192, -39.75000000000000000 ) ) ;
#7908 = CARTESIAN_POINT ( 'NONE',  ( -40.67700504028888986, 119.0810664868829036, -50.00582184530279051 ) ) ;
#7909 = ORIENTED_EDGE ( 'NONE', *, *, #7724, .T. ) ;
#7910 = CARTESIAN_POINT ( 'NONE',  ( -18.20358859669335061, 1.000000000000000000, 1.000008714907279161 ) ) ;
#7911 = EDGE_LOOP ( 'NONE', ( #2590, #2365, #1407, #3720 ) ) ;
#7912 = VERTEX_POINT ( 'NONE', #7415 ) ;
#7913 = CARTESIAN_POINT ( 'NONE',  ( -24.74420466249360118, 8.500000000000000000, 0.000000000000000000 ) ) ;
#7914 = CARTESIAN_POINT ( 'NONE',  ( -24.66915961481967301, 103.1208715332865467, 52.89231046574482065 ) ) ;
#7915 = CARTESIAN_POINT ( 'NONE',  ( -132.2500000000003695, 229.9999999999999716, -102.0499999999995282 ) ) ;
#7916 = CARTESIAN_POINT ( 'NONE',  ( 39.36729686990014443, 9.211326951882943703, -3.003618975420841775 ) ) ;
#7917 = EDGE_CURVE ( 'NONE', #4153, #6761, #7748, .T. ) ;
#7918 = ORIENTED_EDGE ( 'NONE', *, *, #3799, .F. ) ;
#7919 = CARTESIAN_POINT ( 'NONE',  ( -123.3880650477914287, 225.8765817814167747, 117.7798166358181362 ) ) ;
#7920 = EDGE_LOOP ( 'NONE', ( #2700, #1677, #2328, #7994 ) ) ;
#7921 = ORIENTED_EDGE ( 'NONE', *, *, #5637, .T. ) ;
#7922 = CARTESIAN_POINT ( 'NONE',  ( -5.575179539897984426, 8.500000000016587620, 26.26775692608592294 ) ) ;
#7923 = PLANE ( 'NONE',  #7273 ) ;
#7924 = CARTESIAN_POINT ( 'NONE',  ( 24.27506694604273463, 63.23422387490280983, 28.89382918582662185 ) ) ;
#7925 = DIRECTION ( 'NONE',  ( 0.000000000000000000, 0.000000000000000000, -1.000000000000000000 ) ) ;
#7926 = PLANE ( 'NONE',  #5585 ) ;
#7927 = LINE ( 'NONE', #3947, #2860 ) ;
#7928 = CARTESIAN_POINT ( 'NONE',  ( 19.48358976009521015, 8.500000000000008882, -20.86520758192989788 ) ) ;
#7929 = VERTEX_POINT ( 'NONE', #4689 ) ;
#7930 = CARTESIAN_POINT ( 'NONE',  ( 40.45946519827177212, 8.500000000000000000, -3.671572875253810153 ) ) ;
#7931 = ORIENTED_EDGE ( 'NONE', *, *, #1879, .T. ) ;
#7932 = CARTESIAN_POINT ( 'NONE',  ( 119.6307288578716879, 222.4999999999999716, -115.6847746359882478 ) ) ;
#7933 = DIRECTION ( 'NONE',  ( 0.000000000000000000, 0.000000000000000000, -1.000000000000000000 ) ) ;
#7934 = CARTESIAN_POINT ( 'NONE',  ( -21.04241442868880085, 78.92943175304898773, -46.08690295456417374 ) ) ;
#7935 = AXIS2_PLACEMENT_3D ( 'NONE', #5267, #1989, #7312 ) ;
#7936 = B_SPLINE_CURVE_WITH_KNOTS ( 'NONE', 3,
 ( #6512, #3896, #7216, #7747, #7834, #4635, #6610 ),
 .UNSPECIFIED., .F., .F.,
 ( 4, 3, 4 ),
 ( 0.02739913668759696302, 0.1053092846403865801, 0.1097459873138723896 ),
 .UNSPECIFIED. ) ;
#7937 = CARTESIAN_POINT ( 'NONE',  ( 15.55957244489882818, 85.96744145928185787, -48.06679851074711962 ) ) ;
#7938 = ORIENTED_EDGE ( 'NONE', *, *, #2852, .F. ) ;
#7939 = CIRCLE ( 'NONE', #5455, 2.700000000000008171 ) ;
#7940 = EDGE_CURVE ( 'NONE', #7929, #878, #1399, .T. ) ;
#7941 = CARTESIAN_POINT ( 'NONE',  ( -18.35000458596309869, 8.499999999999996447, -22.13096602927958401 ) ) ;
#7942 = CARTESIAN_POINT ( 'NONE',  ( 19.12178974551980204, 8.499999999999996447, 19.33054600658435263 ) ) ;
#7943 = CARTESIAN_POINT ( 'NONE',  ( 10.05217361190380387, 9.791976935227397760, -25.94707540023274817 ) ) ;
#7944 = CARTESIAN_POINT ( 'NONE',  ( 22.13298996380042638, 84.81041117024345510, 44.58732546443282274 ) ) ;
#7945 = CARTESIAN_POINT ( 'NONE',  ( -39.64269833733990822, 8.500000000000000000, 4.099333677528163022 ) ) ;
#7946 = CARTESIAN_POINT ( 'NONE',  ( -115.3512105787649062, 222.5000000000000000, 121.0128305468409451 ) ) ;
#7947 = CARTESIAN_POINT ( 'NONE',  ( -104.7500000000000000, 222.4999999999999716, 132.2500000000000000 ) ) ;
#7948 = AXIS2_PLACEMENT_3D ( 'NONE', #1833, #8443, #4481 ) ;
#7949 = CARTESIAN_POINT ( 'NONE',  ( 42.34414469610096887, 122.4902734234873378, 51.52809453698597508 ) ) ;
#7950 = VECTOR ( 'NONE', #2521, 1000.000000000000000 ) ;
#7951 = ORIENTED_EDGE ( 'NONE', *, *, #7954, .T. ) ;
#7952 = LINE ( 'NONE', #4616, #5042 ) ;
#7953 = ORIENTED_EDGE ( 'NONE', *, *, #3061, .F. ) ;
#7954 = EDGE_CURVE ( 'NONE', #5252, #1489, #6010, .T. ) ;
#7955 = EDGE_LOOP ( 'NONE', ( #2260, #6698, #1818, #5433 ) ) ;
#7956 = CARTESIAN_POINT ( 'NONE',  ( -104.7500000000000000, 227.4999999999999716, 127.2500000000000000 ) ) ;
#7957 = AXIS2_PLACEMENT_3D ( 'NONE', #3582, #6103, #5373 ) ;
#7958 = CARTESIAN_POINT ( 'NONE',  ( 40.03496371582124880, 8.500000000000000000, 3.729093447217952217 ) ) ;
#7959 = DIRECTION ( 'NONE',  ( -0.000000000000000000, -1.000000000000000000, -0.000000000000000000 ) ) ;
#7960 = VERTEX_POINT ( 'NONE', #1579 ) ;
#7961 = VECTOR ( 'NONE', #8118, 1000.000000000000000 ) ;
#7962 = CARTESIAN_POINT ( 'NONE',  ( -61.48104941485071606, 170.2429917691950152, 83.26126645042673147 ) ) ;
#7963 = ADVANCED_FACE ( 'NONE', ( #791 ), #2890, .F. ) ;
#7964 = CARTESIAN_POINT ( 'NONE',  ( 36.23922253581258701, 8.500000000000000000, -36.23922253580852271 ) ) ;
#7965 = ADVANCED_FACE ( 'NONE', ( #6717 ), #2792, .T. ) ;
#7966 = CARTESIAN_POINT ( 'NONE',  ( 24.13934398286108518, 49.49752070710376728, -3.668738513484152364 ) ) ;
#7967 = CARTESIAN_POINT ( 'NONE',  ( 24.49610054321917474, 85.60533074832666500, 47.96493144642185769 ) ) ;
#7968 = AXIS2_PLACEMENT_3D ( 'NONE', #7999, #7304, #3931 ) ;
#7969 = VECTOR ( 'NONE', #1858, 1000.000000000000000 ) ;
#7970 = CARTESIAN_POINT ( 'NONE',  ( 96.62332407411027191, 208.3620429251804751, 112.6355554731484006 ) ) ;
#7971 = CARTESIAN_POINT ( 'NONE',  ( 139.6500000000000057, 119.4999999999999858, 57.50000000000000000 ) ) ;
#7972 = VERTEX_POINT ( 'NONE', #6762 ) ;
#7973 = CARTESIAN_POINT ( 'NONE',  ( -14.15933185562234975, 5.701114879778642445E-15, 11.46975976141678188 ) ) ;
#7974 = FACE_OUTER_BOUND ( 'NONE', #6007, .T. ) ;
#7975 = ORIENTED_EDGE ( 'NONE', *, *, #3787, .T. ) ;
#7976 = CARTESIAN_POINT ( 'NONE',  ( 4.500000000000000888, 9.770803289222232735, -26.63156445936788330 ) ) ;
#7977 = ORIENTED_EDGE ( 'NONE', *, *, #8268, .F. ) ;
#7978 = CARTESIAN_POINT ( 'NONE',  ( 66.52618862812099110, 176.2792475872043383, -90.92563918316156446 ) ) ;
#7979 = LINE ( 'NONE', #1358, #5946 ) ;
#7980 = CARTESIAN_POINT ( 'NONE',  ( 13.41397825247862308, 8.500000000000000000, -25.60125737853026706 ) ) ;
#7981 = DIRECTION ( 'NONE',  ( -0.000000000000000000, 1.000000000000000000, -0.000000000000000000 ) ) ;
#7982 =( BOUNDED_SURFACE ( )  B_SPLINE_SURFACE ( 2, 3, ( 
 ( #2642, #2741, #5265, #2689, #7924, #6705, #6612, #5360, #4636, #7272 ),
 ( #2036, #5310, #7404, #7967, #4681, #2782, #3381, #7310, #6753, #6000 ),
 ( #158, #2081, #7354, #4077, #785, #3432, #6047, #113, #8051, #2124 ) ),
 .UNSPECIFIED., .F., .F., .F. ) 
 B_SPLINE_SURFACE_WITH_KNOTS ( ( 3, 3 ),
 ( 4, 3, 3, 4 ),
 ( 0.000000000000000000, 1.000000000000000000 ),
 ( 0.007236276976455884719, 0.02520743741662483106, 0.1053092846403865801, 0.1286994591425897339 ),
 .UNSPECIFIED. ) 
 GEOMETRIC_REPRESENTATION_ITEM ( )  RATIONAL_B_SPLINE_SURFACE ( (
 ( 1.000000000000000000, 1.000000000000000000, 1.000000000000000000, 1.000000000000000000, 1.000000000000000000, 1.000000000000000000, 1.000000000000000000, 1.000000000000000000, 1.000000000000000000, 1.000000000000000000),
 ( 0.7080520783763301074, 0.7080520783763301074, 0.7080520783763301074, 0.7080520783763301074, 0.7080520783763301074, 0.7080520783763301074, 0.7080520783763301074, 0.7080520783763301074, 0.7080520783763301074, 0.7080520783763301074),
 ( 1.000000000000000000, 1.000000000000000000, 1.000000000000000000, 1.000000000000000000, 1.000000000000000000, 1.000000000000000000, 1.000000000000000000, 1.000000000000000000, 1.000000000000000000, 1.000000000000000000) ) ) 
 REPRESENTATION_ITEM ( '' )  SURFACE ( )  );
#7983 = CARTESIAN_POINT ( 'NONE',  ( 12.47041347705065917, 0.9999999999999974465, 13.51821543368308554 ) ) ;
#7984 = VERTEX_POINT ( 'NONE', #837 ) ;
#7985 = CARTESIAN_POINT ( 'NONE',  ( -14.01498708321735265, 8.500000000000000000, -25.33808191193844550 ) ) ;
#7986 = CARTESIAN_POINT ( 'NONE',  ( -3.035155756120614612, 55.24366101468741874, -39.60628161334346231 ) ) ;
#7987 = DIRECTION ( 'NONE',  ( -4.026401060382563240E-16, -1.000000000000000000, -0.000000000000000000 ) ) ;
#7988 = CARTESIAN_POINT ( 'NONE',  ( -104.7500000000000000, 229.9999999999999716, 127.2500000000000000 ) ) ;
#7989 = CYLINDRICAL_SURFACE ( 'NONE', #3694, 1.000000000000000000 ) ;
#7990 = CARTESIAN_POINT ( 'NONE',  ( 16.56989435081572637, -6.671704018455142912E-15, 7.586364098844394555 ) ) ;
#7991 = CARTESIAN_POINT ( 'NONE',  ( 3.649263761374696546, 52.87949357660697558, 38.75867253329924722 ) ) ;
#7992 = ADVANCED_FACE ( 'NONE', ( #6098 ), #5463, .F. ) ;
#7993 = CARTESIAN_POINT ( 'NONE',  ( 0.000000000000000000, 9.500000000000001776, 4.500000000000000888 ) ) ;
#7994 = ORIENTED_EDGE ( 'NONE', *, *, #4904, .F. ) ;
#7995 = CARTESIAN_POINT ( 'NONE',  ( 22.73825163703529384, 82.39732357236430005, 47.06247188512488577 ) ) ;
#7996 = ORIENTED_EDGE ( 'NONE', *, *, #3349, .F. ) ;
#7997 = ORIENTED_EDGE ( 'NONE', *, *, #147, .F. ) ;
#7998 = DIRECTION ( 'NONE',  ( 0.000000000000000000, 0.000000000000000000, 1.000000000000000000 ) ) ;
#7999 = CARTESIAN_POINT ( 'NONE',  ( 4.500000000000000888, 9.500000000000001776, 27.59419916606945122 ) ) ;
#8000 = EDGE_CURVE ( 'NONE', #3849, #1950, #780, .T. ) ;
#8001 = ORIENTED_EDGE ( 'NONE', *, *, #8165, .T. ) ;
#8002 = CARTESIAN_POINT ( 'NONE',  ( -121.8818162309816415, 224.5229705909235349, 122.6628032662511316 ) ) ;
#8003 = ORIENTED_EDGE ( 'NONE', *, *, #5274, .T. ) ;
#8004 = EDGE_LOOP ( 'NONE', ( #2686, #2499, #705 ) ) ;
#8005 = CARTESIAN_POINT ( 'NONE',  ( 104.7500000000000000, 229.9999999999999716, -132.2500000000000000 ) ) ;
#8006 = CARTESIAN_POINT ( 'NONE',  ( 24.14184983044383870, 49.75114090243840792, -4.317438219424820645 ) ) ;
#8007 = CARTESIAN_POINT ( 'NONE',  ( -35.04663047464815406, 121.5603247499921764, 58.77835401715376662 ) ) ;
#8008 = CARTESIAN_POINT ( 'NONE',  ( 62.49627132169562316, 177.6932981675498979, 93.60675282340628200 ) ) ;
#8009 = ADVANCED_FACE ( 'NONE', ( #1015 ), #974, .F. ) ;
#8010 = ADVANCED_FACE ( 'NONE', ( #4418 ), #1469, .T. ) ;
#8011 = CARTESIAN_POINT ( 'NONE',  ( -4.500000000000000888, 49.15594766088219814, 38.75000000000000000 ) ) ;
#8012 = EDGE_LOOP ( 'NONE', ( #4617, #1781 ) ) ;
#8013 = CARTESIAN_POINT ( 'NONE',  ( 24.50000000000000711, 86.00000000000000000, -38.46815680934845005 ) ) ;
#8014 = CARTESIAN_POINT ( 'NONE',  ( -7.305840457278542033, 2.941624376417215303E-15, 16.66927398577370667 ) ) ;
#8015 = CARTESIAN_POINT ( 'NONE',  ( 23.79708802199099793, 8.500000000000028422, -12.93491802364594712 ) ) ;
#8016 = VERTEX_POINT ( 'NONE', #7672 ) ;
#8017 = CIRCLE ( 'NONE', #5662, 1.000000000000000888 ) ;
#8018 = DIRECTION ( 'NONE',  ( 1.000000000000000000, 0.000000000000000000, 0.000000000000000000 ) ) ;
#8019 = ORIENTED_EDGE ( 'NONE', *, *, #5311, .T. ) ;
#8020 = DIRECTION ( 'NONE',  ( 0.000000000000000000, 0.000000000000000000, 1.000000000000000000 ) ) ;
#8021 = CARTESIAN_POINT ( 'NONE',  ( 24.61147325761951166, 97.28235793830010891, -51.24985079263723264 ) ) ;
#8022 = CARTESIAN_POINT ( 'NONE',  ( -3.500000000000000000, 8.229196710777744173, 27.23670352594756139 ) ) ;
#8023 = B_SPLINE_CURVE_WITH_KNOTS ( 'NONE', 3,
 ( #6, #7470, #6817, #7292, #5379, #710, #8573, #6022, #1506, #2059, #180, #8075, #7333, #2012 ),
 .UNSPECIFIED., .F., .F.,
 ( 4, 2, 2, 2, 2, 2, 4 ),
 ( -2.999654976858269427E-05, 0.002343875068396676382, 0.003530810877479328893, 0.004717746686561980970, 0.005904682495644633482, 0.007091618304727285993, 0.009465489922892561525 ),
 .UNSPECIFIED. ) ;
#8024 = CARTESIAN_POINT ( 'NONE',  ( 4.938849362433378687, 8.500000000000000000, 27.59419916606943701 ) ) ;
#8025 = VERTEX_POINT ( 'NONE', #4303 ) ;
#8026 = CARTESIAN_POINT ( 'NONE',  ( 4.500000000000003553, 119.4999999999999858, 57.50000000000000000 ) ) ;
#8027 = CARTESIAN_POINT ( 'NONE',  ( -2.602507189775451923, 56.40340287896866300, -39.75000000503370501 ) ) ;
#8028 = CARTESIAN_POINT ( 'NONE',  ( 5.506664826485659248, 9.774528422454169529, -26.62502493717772012 ) ) ;
#8029 = VECTOR ( 'NONE', #7566, 1000.000000000000114 ) ;
#8030 = CARTESIAN_POINT ( 'NONE',  ( 7.011102925118596698E-15, 8.500000000000000000, 57.25000000000000000 ) ) ;
#8031 = LINE ( 'NONE', #2104, #2990 ) ;
#8032 = CARTESIAN_POINT ( 'NONE',  ( 15.21700339266499569, -6.126975859607138565E-15, 10.02421444951569818 ) ) ;
#8033 = CARTESIAN_POINT ( 'NONE',  ( 4.340457583908555961, 52.21690256509435102, 38.57227594477180332 ) ) ;
#8034 = DIRECTION ( 'NONE',  ( 0.1221337749043161641, -0.9525907884483584276, 0.2786649077134699115 ) ) ;
#8035 = CARTESIAN_POINT ( 'NONE',  ( 43.45882761868934807, 124.7697373775444873, -58.98245456479144622 ) ) ;
#8036 = CARTESIAN_POINT ( 'NONE',  ( -24.11750743857157886, 47.28741476720096415, -4.500000000000003553 ) ) ;
#8037 = ORIENTED_EDGE ( 'NONE', *, *, #8240, .F. ) ;
#8038 = ORIENTED_EDGE ( 'NONE', *, *, #3212, .F. ) ;
#8039 = CARTESIAN_POINT ( 'NONE',  ( -3.382217113139065479, 52.51001257282487700, 39.22177387446087948 ) ) ;
#8040 = CARTESIAN_POINT ( 'NONE',  ( -17.14623718594756951, 97.35070776159989236, 51.26907860235413494 ) ) ;
#8041 = CARTESIAN_POINT ( 'NONE',  ( 70.50624881680980138, 178.3536111904932113, 88.29360075542464870 ) ) ;
#8042 = PLANE ( 'NONE',  #4250 ) ;
#8043 = CARTESIAN_POINT ( 'NONE',  ( 39.06265754616450181, 9.296972031307879192, -3.299666838763900323 ) ) ;
#8044 = ORIENTED_EDGE ( 'NONE', *, *, #1674, .F. ) ;
#8045 = CARTESIAN_POINT ( 'NONE',  ( 40.45946519827176502, 8.500000000000000000, 2.500000000000000000 ) ) ;
#8046 = AXIS2_PLACEMENT_3D ( 'NONE', #1258, #518, #1860 ) ;
#8047 = ORIENTED_EDGE ( 'NONE', *, *, #7531, .F. ) ;
#8048 = CARTESIAN_POINT ( 'NONE',  ( 0.000000000000000000, 229.9999999999999716, 132.2500000000000000 ) ) ;
#8049 = CARTESIAN_POINT ( 'NONE',  ( 24.16731513527486186, 52.32851856455180695, -3.570523742913689347 ) ) ;
#8050 = EDGE_CURVE ( 'NONE', #5464, #8127, #3775, .T. ) ;
#8051 = CARTESIAN_POINT ( 'NONE',  ( 2.696180758354702611, -6.318855280490408788, 22.10530706099240916 ) ) ;
#8052 = VECTOR ( 'NONE', #4693, 1000.000000000000000 ) ;
#8053 = CARTESIAN_POINT ( 'NONE',  ( 132.2500000000000000, 227.4999999999999716, 2.699999999998622613 ) ) ;
#8054 = DIRECTION ( 'NONE',  ( 0.000000000000000000, 0.000000000000000000, 1.000000000000000000 ) ) ;
#8055 = ORIENTED_EDGE ( 'NONE', *, *, #5776, .T. ) ;
#8056 = ORIENTED_EDGE ( 'NONE', *, *, #5364, .F. ) ;
#8057 = CARTESIAN_POINT ( 'NONE',  ( 24.64793551672142868, -0.2435293828355845069, 4.500000000000000888 ) ) ;
#8058 = FACE_OUTER_BOUND ( 'NONE', #4831, .T. ) ;
#8059 = VERTEX_POINT ( 'NONE', #352 ) ;
#8060 = CYLINDRICAL_SURFACE ( 'NONE', #8499, 2.700000000000008171 ) ;
#8061 = EDGE_CURVE ( 'NONE', #4811, #1856, #5740, .T. ) ;
#8062 = EDGE_LOOP ( 'NONE', ( #435, #3611, #6617, #4000 ) ) ;
#8063 = CARTESIAN_POINT ( 'NONE',  ( 64.77201932955063057, 176.6747470938393576, -92.44729528832317555 ) ) ;
#8064 = CARTESIAN_POINT ( 'NONE',  ( 0.000000000000000000, 8.500000000000000000, 27.59419916606945122 ) ) ;
#8065 = CIRCLE ( 'NONE', #6674, 5.000000000000004441 ) ;
#8066 = CARTESIAN_POINT ( 'NONE',  ( 7.434052672203748102, 1.000000000000000888, 16.96180768554565432 ) ) ;
#8067 = AXIS2_PLACEMENT_3D ( 'NONE', #1240, #7159, #5845 ) ;
#8068 = ORIENTED_EDGE ( 'NONE', *, *, #3995, .T. ) ;
#8069 = CARTESIAN_POINT ( 'NONE',  ( -23.74449006959557451, 9.533826472909735728, -7.600133160385570186 ) ) ;
#8070 = EDGE_CURVE ( 'NONE', #5447, #2178, #1749, .T. ) ;
#8071 = EDGE_CURVE ( 'NONE', #84, #7130, #5137, .T. ) ;
#8072 = CARTESIAN_POINT ( 'NONE',  ( -3.382217113139040165, 52.51001257282282353, -39.22177387446093633 ) ) ;
#8073 = DIRECTION ( 'NONE',  ( -0.000000000000000000, 1.000000000000000000, -0.000000000000000000 ) ) ;
#8074 = CARTESIAN_POINT ( 'NONE',  ( 104.7500000000000000, 229.9999999999999716, 132.2500000000000000 ) ) ;
#8075 = CARTESIAN_POINT ( 'NONE',  ( -68.16021960062111873, 176.4000011608326588, 88.71980713429866228 ) ) ;
#8076 = CARTESIAN_POINT ( 'NONE',  ( 104.7500000000000000, 229.9999999999999716, -132.2500000000000000 ) ) ;
#8077 = CARTESIAN_POINT ( 'NONE',  ( 3.500000000000000000, 9.500000000000001776, -40.75000000000000000 ) ) ;
#8078 = CARTESIAN_POINT ( 'NONE',  ( -3.500000000000000000, 49.15594766088219103, -38.75000000000000000 ) ) ;
#8079 = VECTOR ( 'NONE', #7987, 1000.000000000000000 ) ;
#8080 = ORIENTED_EDGE ( 'NONE', *, *, #989, .F. ) ;
#8081 = CARTESIAN_POINT ( 'NONE',  ( 19.21475491110582112, 75.19197071709278646, 45.03550024195591561 ) ) ;
#8082 = ORIENTED_EDGE ( 'NONE', *, *, #4634, .F. ) ;
#8083 = EDGE_LOOP ( 'NONE', ( #1225, #1211, #4931, #4365 ) ) ;
#8084 = DIRECTION ( 'NONE',  ( -0.000000000000000000, 1.000000000000000000, -0.000000000000000000 ) ) ;
#8085 = FACE_OUTER_BOUND ( 'NONE', #7866, .T. ) ;
#8086 = CARTESIAN_POINT ( 'NONE',  ( 24.74420466249360118, 9.500000000000001776, 3.500000000000000000 ) ) ;
#8087 = CARTESIAN_POINT ( 'NONE',  ( -23.74425346923881364, 9.509879833416229999, 6.299630403166119663 ) ) ;
#8088 = AXIS2_PLACEMENT_3D ( 'NONE', #8457, #4707, #1282 ) ;
#8089 = CARTESIAN_POINT ( 'NONE',  ( 10.58973494054936992, 8.500000000000019540, 26.73852301977481005 ) ) ;
#8090 = CARTESIAN_POINT ( 'NONE',  ( 38.99413009787256357, 8.500000000000001776, -3.501413174004324613 ) ) ;
#8091 = EDGE_LOOP ( 'NONE', ( #5609, #1928, #7918, #983 ) ) ;
#8092 = CARTESIAN_POINT ( 'NONE',  ( 0.000000000000000000, 0.000000000000000000, 0.000000000000000000 ) ) ;
#8093 = CARTESIAN_POINT ( 'NONE',  ( 39.23922253581259412, -1.579928472267832059E-14, -36.23922253580852271 ) ) ;
#8094 = VERTEX_POINT ( 'NONE', #8316 ) ;
#8095 = VECTOR ( 'NONE', #6722, 1000.000000000000000 ) ;
#8096 = CARTESIAN_POINT ( 'NONE',  ( 119.6307288578716879, 222.4999999999999432, 116.1223289694518002 ) ) ;
#8097 = VECTOR ( 'NONE', #7380, 1000.000000000000114 ) ;
#8098 = CARTESIAN_POINT ( 'NONE',  ( 24.60683358881256666, 50.48148155454970265, -3.319382646643342039 ) ) ;
#8099 = CARTESIAN_POINT ( 'NONE',  ( -62.49627132169562316, 177.6932981675498979, 93.60675282340628200 ) ) ;
#8100 = CARTESIAN_POINT ( 'NONE',  ( -15.82195722122009585, 85.87848173041169275, -48.03850013350069048 ) ) ;
#8101 = VECTOR ( 'NONE', #3301, 1000.000000000000000 ) ;
#8102 = CARTESIAN_POINT ( 'NONE',  ( 4.500000000000000888, 8.500000000000000000, 0.000000000000000000 ) ) ;
#8103 = EDGE_CURVE ( 'NONE', #6757, #6780, #2308, .T. ) ;
#8104 = ORIENTED_EDGE ( 'NONE', *, *, #7905, .T. ) ;
#8105 = CARTESIAN_POINT ( 'NONE',  ( -18.51370253461190885, 87.41649213276018315, 38.72141519625029815 ) ) ;
#8106 = CARTESIAN_POINT ( 'NONE',  ( -4.500000000000000888, 53.59138541369812714, 38.95893816855222980 ) ) ;
#8107 = AXIS2_PLACEMENT_3D ( 'NONE', #3330, #2071, #7262 ) ;
#8108 = ORIENTED_EDGE ( 'NONE', *, *, #351, .F. ) ;
#8109 = AXIS2_PLACEMENT_3D ( 'NONE', #5216, #509, #1287 ) ;
#8110 = CARTESIAN_POINT ( 'NONE',  ( -24.74420466249360118, 9.500000000000001776, -4.500000000000000888 ) ) ;
#8111 = ORIENTED_EDGE ( 'NONE', *, *, #2094, .T. ) ;
#8112 = FACE_OUTER_BOUND ( 'NONE', #8342, .T. ) ;
#8113 = CARTESIAN_POINT ( 'NONE',  ( 132.2500000000011084, 229.9999999999999716, 99.74999999999860734 ) ) ;
#8114 = FACE_OUTER_BOUND ( 'NONE', #5261, .T. ) ;
#8115 = EDGE_CURVE ( 'NONE', #6104, #4014, #1941, .T. ) ;
#8116 = CARTESIAN_POINT ( 'NONE',  ( 23.74425346923881364, 9.509879833416237105, 139.6500000000000057 ) ) ;
#8117 = VERTEX_POINT ( 'NONE', #4589 ) ;
#8118 = DIRECTION ( 'NONE',  ( -0.000000000000000000, 1.000000000000000000, -0.000000000000000000 ) ) ;
#8119 = CARTESIAN_POINT ( 'NONE',  ( -3.186623607257672131, 56.12265235458277601, -39.67102075680611506 ) ) ;
#8120 = VERTEX_POINT ( 'NONE', #5862 ) ;
#8121 = DIRECTION ( 'NONE',  ( 0.000000000000000000, 1.000000000000000000, 0.000000000000000000 ) ) ;
#8122 = DIRECTION ( 'NONE',  ( -0.1221337749043161225, -0.9525907884483585386, -0.2786649077134692454 ) ) ;
#8123 = CARTESIAN_POINT ( 'NONE',  ( -3.500000000000000000, 9.500000000000001776, -27.59419916606945833 ) ) ;
#8124 = CARTESIAN_POINT ( 'NONE',  ( 2.499999999999970690, 56.40340286106958700, 39.75000000000000711 ) ) ;
#8125 = EDGE_CURVE ( 'NONE', #6412, #240, #7936, .T. ) ;
#8126 = EDGE_CURVE ( 'NONE', #6311, #6349, #8375, .T. ) ;
#8127 = VERTEX_POINT ( 'NONE', #8511 ) ;
#8128 = CARTESIAN_POINT ( 'NONE',  ( 35.71704137827908454, 126.2239005702328569, 59.39153204029121014 ) ) ;
#8129 = ORIENTED_EDGE ( 'NONE', *, *, #2667, .T. ) ;
#8130 = ORIENTED_EDGE ( 'NONE', *, *, #3636, .T. ) ;
#8131 = CARTESIAN_POINT ( 'NONE',  ( 104.7500000000000000, 227.4999999999999716, -137.2500000000000000 ) ) ;
#8132 = DIRECTION ( 'NONE',  ( 1.000000000000000000, 0.000000000000000000, 0.000000000000000000 ) ) ;
#8133 = CARTESIAN_POINT ( 'NONE',  ( 24.02331450380427924, 37.75402148528016966, -18.17792807833262358 ) ) ;
#8134 = DIRECTION ( 'NONE',  ( 0.000000000000000000, 0.000000000000000000, 1.000000000000000000 ) ) ;
#8135 = DIRECTION ( 'NONE',  ( -0.000000000000000000, 1.000000000000000000, -0.000000000000000000 ) ) ;
#8136 = EDGE_CURVE ( 'NONE', #865, #7476, #3559, .T. ) ;
#8137 = ORIENTED_EDGE ( 'NONE', *, *, #1242, .F. ) ;
#8138 = ORIENTED_EDGE ( 'NONE', *, *, #6567, .F. ) ;
#8139 = FACE_BOUND ( 'NONE', #8459, .T. ) ;
#8140 = ORIENTED_EDGE ( 'NONE', *, *, #501, .F. ) ;
#8141 = CARTESIAN_POINT ( 'NONE',  ( -25.17563017816475579, 53.16515517230252641, -2.500000000000000000 ) ) ;
#8142 = CARTESIAN_POINT ( 'NONE',  ( 24.56145383000400173, 50.76621949510431620, -3.281141510480810819 ) ) ;
#8143 = CARTESIAN_POINT ( 'NONE',  ( 129.3964886108209669, 231.2761341537573117, -126.8528872659106383 ) ) ;
#8144 = CARTESIAN_POINT ( 'NONE',  ( 13.84107335521960636, 9.785007466802815301, -24.28758934781757972 ) ) ;
#8145 = FACE_OUTER_BOUND ( 'NONE', #2299, .T. ) ;
#8146 = CARTESIAN_POINT ( 'NONE',  ( 132.2499999999988916, 229.9999999999999716, -104.7500000000013785 ) ) ;
#8147 = CARTESIAN_POINT ( 'NONE',  ( -40.67700504028896091, 119.0810664868829889, 50.00582184530286867 ) ) ;
#8148 = DIRECTION ( 'NONE',  ( 0.000000000000000000, 0.9626347067015713632, -0.2708032892222318466 ) ) ;
#8149 = EDGE_LOOP ( 'NONE', ( #1996, #897, #2998 ) ) ;
#8150 = CARTESIAN_POINT ( 'NONE',  ( 0.000000000000000000, 227.4999999999999716, 134.9500000000000171 ) ) ;
#8151 = ORIENTED_EDGE ( 'NONE', *, *, #8284, .T. ) ;
#8152 = CARTESIAN_POINT ( 'NONE',  ( -25.11745863182639127, 47.27753493378749994, -4.500000000000003553 ) ) ;
#8153 = CARTESIAN_POINT ( 'NONE',  ( 132.2499999999988916, 227.4999999999999716, -104.7500000000013785 ) ) ;
#8154 = EDGE_CURVE ( 'NONE', #7342, #3735, #6162, .T. ) ;
#8155 = CARTESIAN_POINT ( 'NONE',  ( 16.33339549393271639, 91.51910817887004157, -49.62856394249794789 ) ) ;
#8156 = B_SPLINE_CURVE_WITH_KNOTS ( 'NONE', 3,
 ( #701, #2051, #4695, #744, #3396, #8158, #128 ),
 .UNSPECIFIED., .F., .F.,
 ( 4, 3, 4 ),
 ( 0.08228456215503145155, 0.08630191789560061333, 0.1211361280183882172 ),
 .UNSPECIFIED. ) ;
#8157 = CARTESIAN_POINT ( 'NONE',  ( -39.51561378894523813, 9.169629727256930707, 2.500000000000000000 ) ) ;
#8158 = CARTESIAN_POINT ( 'NONE',  ( 27.33214553995669149, 109.4247441004669525, 54.66568245633060030 ) ) ;
#8159 = VECTOR ( 'NONE', #4792, 1000.000000000000114 ) ;
#8160 = CARTESIAN_POINT ( 'NONE',  ( -34.11790219224890564, 8.500000000000000000, -38.36054287937018614 ) ) ;
#8161 = VERTEX_POINT ( 'NONE', #4512 ) ;
#8162 = LINE ( 'NONE', #2233, #6296 ) ;
#8163 = CARTESIAN_POINT ( 'NONE',  ( -1.271093249381660018, 5.117931207155434923E-16, 18.19999999999998863 ) ) ;
#8164 = EDGE_LOOP ( 'NONE', ( #3798, #7153, #630, #766 ) ) ;
#8165 = EDGE_CURVE ( 'NONE', #3291, #4669, #8255, .T. ) ;
#8166 = DIRECTION ( 'NONE',  ( -0.4392986580905088867, -0.8983410760951978657, 0.000000000000000000 ) ) ;
#8167 = CARTESIAN_POINT ( 'NONE',  ( 24.99994838365274674, 48.01485984078620106, 3.500000000000080824 ) ) ;
#8168 = VERTEX_POINT ( 'NONE', #3336 ) ;
#8169 = CARTESIAN_POINT ( 'NONE',  ( 24.74420466249360118, 9.500000000000001776, 4.500000000000000888 ) ) ;
#8170 = CARTESIAN_POINT ( 'NONE',  ( 24.73422673097868341, 8.490120166583770001, 3.500000000000000000 ) ) ;
#8171 = ORIENTED_EDGE ( 'NONE', *, *, #3776, .T. ) ;
#8172 = VECTOR ( 'NONE', #2113, 1000.000000000000114 ) ;
#8173 = ORIENTED_EDGE ( 'NONE', *, *, #4960, .F. ) ;
#8174 = FACE_OUTER_BOUND ( 'NONE', #4407, .T. ) ;
#8175 = EDGE_CURVE ( 'NONE', #782, #5215, #5823, .T. ) ;
#8176 = ADVANCED_FACE ( 'NONE', ( #5223 ), #3982, .F. ) ;
#8177 = CARTESIAN_POINT ( 'NONE',  ( 0.000000000000000000, 229.9999999999999716, 132.2500000000000000 ) ) ;
#8178 = CARTESIAN_POINT ( 'NONE',  ( -6.296282991417968766, 1.000000000000004885, 17.44500107909261644 ) ) ;
#8179 = AXIS2_PLACEMENT_3D ( 'NONE', #7814, #3231, #1880 ) ;
#8180 = ORIENTED_EDGE ( 'NONE', *, *, #5095, .T. ) ;
#8181 = CARTESIAN_POINT ( 'NONE',  ( -38.36054287937020035, 8.500000000000000000, 34.11790219225090226 ) ) ;
#8182 = CARTESIAN_POINT ( 'NONE',  ( 6.123233995736754449E-16, 227.4999999999999716, -137.2500000000000000 ) ) ;
#8183 = ORIENTED_EDGE ( 'NONE', *, *, #1631, .T. ) ;
#8184 = DIRECTION ( 'NONE',  ( 1.000000000000000000, 0.000000000000000000, 0.000000000000000000 ) ) ;
#8185 = CARTESIAN_POINT ( 'NONE',  ( -63.81822889243274233, 177.0391714346255014, -93.03390544118349226 ) ) ;
#8186 = ADVANCED_FACE ( 'NONE', ( #4462 ), #641, .F. ) ;
#8187 = CARTESIAN_POINT ( 'NONE',  ( 132.2499999999988916, 229.9999999999999716, -104.7500000000013785 ) ) ;
#8188 = EDGE_CURVE ( 'NONE', #6051, #1489, #2471, .T. ) ;
#8189 = CARTESIAN_POINT ( 'NONE',  ( 5.620149462558391207, 8.500000000000000000, -27.59419916599617650 ) ) ;
#8190 = DIRECTION ( 'NONE',  ( 0.000000000000000000, 0.000000000000000000, -1.000000000000000000 ) ) ;
#8191 = EDGE_LOOP ( 'NONE', ( #3126, #6054, #6228, #5321, #2809 ) ) ;
#8192 = ORIENTED_EDGE ( 'NONE', *, *, #8400, .T. ) ;
#8193 = CARTESIAN_POINT ( 'NONE',  ( -22.65270618528810331, 9.632580319097986177, 13.27085522198676237 ) ) ;
#8194 = DIRECTION ( 'NONE',  ( 1.000000000000000000, 0.000000000000000000, 0.000000000000000000 ) ) ;
#8195 = VERTEX_POINT ( 'NONE', #1986 ) ;
#8196 = CARTESIAN_POINT ( 'NONE',  ( -38.36054287937019325, 8.500000000000000000, 34.11790219225089515 ) ) ;
#8197 = VERTEX_POINT ( 'NONE', #8470 ) ;
#8198 = CARTESIAN_POINT ( 'NONE',  ( -23.64162379844607287, -0.8774068190099977294, -1.931174656993366767 ) ) ;
#8199 = CARTESIAN_POINT ( 'NONE',  ( -40.45946519827175791, 8.500000000000000000, -2.500000000000000000 ) ) ;
#8200 = CIRCLE ( 'NONE', #7507, 1.000000000000000000 ) ;
#8201 = CARTESIAN_POINT ( 'NONE',  ( -24.16078302820240609, 51.66739524567016417, 3.428138555590166003 ) ) ;
#8202 = CARTESIAN_POINT ( 'NONE',  ( -39.58175593539392878, 8.500000000000000000, 4.500000000000000888 ) ) ;
#8203 = CARTESIAN_POINT ( 'NONE',  ( 23.73587823868218649, 9.521718250693664842, 6.944860330942666415 ) ) ;
#8204 = CARTESIAN_POINT ( 'NONE',  ( 24.74420466249359762, 9.500000000000001776, 6.299630403166117887 ) ) ;
#8205 = VERTEX_POINT ( 'NONE', #3293 ) ;
#8206 = CARTESIAN_POINT ( 'NONE',  ( -23.59027635274851420, 8.500000000000007105, -13.59381649215935006 ) ) ;
#8207 = DIRECTION ( 'NONE',  ( 0.000000000000000000, 0.000000000000000000, 1.000000000000000000 ) ) ;
#8208 = ORIENTED_EDGE ( 'NONE', *, *, #7267, .T. ) ;
#8209 = VECTOR ( 'NONE', #7058, 1000.000000000000114 ) ;
#8210 = DIRECTION ( 'NONE',  ( -0.7071067811865474617, 2.847095493573215561E-16, -0.7071067811865476838 ) ) ;
#8211 = CARTESIAN_POINT ( 'NONE',  ( -132.2499999999996589, 229.9999999999999716, 99.75000000000045475 ) ) ;
#8212 = DIRECTION ( 'NONE',  ( 0.000000000000000000, 0.000000000000000000, 1.000000000000000000 ) ) ;
#8213 = AXIS2_PLACEMENT_3D ( 'NONE', #182, #5704, #2806 ) ;
#8214 = ADVANCED_FACE ( 'NONE', ( #5106 ), #7090, .F. ) ;
#8215 = CARTESIAN_POINT ( 'NONE',  ( -24.67639290799082374, 50.04502754649588780, -3.367723576867821311 ) ) ;
#8216 = DIRECTION ( 'NONE',  ( 0.000000000000000000, -1.000000000000000000, 0.000000000000000000 ) ) ;
#8217 = ORIENTED_EDGE ( 'NONE', *, *, #7208, .F. ) ;
#8218 = VERTEX_POINT ( 'NONE', #1176 ) ;
#8219 = CARTESIAN_POINT ( 'NONE',  ( -35.57119362459041412, 108.6399689851174770, 46.78165956642778411 ) ) ;
#8220 = FACE_OUTER_BOUND ( 'NONE', #4596, .T. ) ;
#8221 = CARTESIAN_POINT ( 'NONE',  ( -40.40431387863632295, 8.500000000000000000, -3.023495778618898289 ) ) ;
#8222 = AXIS2_PLACEMENT_3D ( 'NONE', #3779, #1899, #2472 ) ;
#8223 = CIRCLE ( 'NONE', #4480, 2.700000000000008171 ) ;
#8224 = CARTESIAN_POINT ( 'NONE',  ( 24.62920554043104815, 8.499999999999994671, 8.997360690115238313 ) ) ;
#8225 = AXIS2_PLACEMENT_3D ( 'NONE', #299, #213, #6891 ) ;
#8226 = ORIENTED_EDGE ( 'NONE', *, *, #1002, .F. ) ;
#8228 = ADVANCED_FACE ( 'NONE', ( #3171, #5781 ), #7923, .F. ) ;
#8227 = CYLINDRICAL_SURFACE ( 'NONE', #3790, 5.000000000000004441 ) ;
#8229 = CARTESIAN_POINT ( 'NONE',  ( 3.500000000000000000, 9.500000000000001776, -27.59419916606945478 ) ) ;
#8230 = ORIENTED_EDGE ( 'NONE', *, *, #3070, .F. ) ;
#8231 = CIRCLE ( 'NONE', #1835, 2.700000000000008171 ) ;
#8232 = CARTESIAN_POINT ( 'NONE',  ( -132.2499999999996589, 227.4999999999999716, 102.0500000000004519 ) ) ;
#8233 = AXIS2_PLACEMENT_3D ( 'NONE', #2412, #1033, #7613 ) ;
#8234 = CARTESIAN_POINT ( 'NONE',  ( -68.77305503950388754, 176.7960527937182178, -87.32719435105727257 ) ) ;
#8235 = CARTESIAN_POINT ( 'NONE',  ( 70.50624881680977296, 178.3536111904932113, -88.29360075542454922 ) ) ;
#8236 = CARTESIAN_POINT ( 'NONE',  ( 4.938849362433376022, 9.770803289222239840, -26.63156445936787975 ) ) ;
#8237 = AXIS2_PLACEMENT_3D ( 'NONE', #1853, #5099, #384 ) ;
#8238 = VECTOR ( 'NONE', #5269, 1000.000000000000000 ) ;
#8239 = DIRECTION ( 'NONE',  ( 0.000000000000000000, -0.000000000000000000, 1.000000000000000000 ) ) ;
#8240 = EDGE_CURVE ( 'NONE', #4522, #4811, #5186, .T. ) ;
#8241 = VERTEX_POINT ( 'NONE', #3859 ) ;
#8242 = ADVANCED_FACE ( 'NONE', ( #1257 ), #609, .F. ) ;
#8243 = CARTESIAN_POINT ( 'NONE',  ( -23.21160019603044944, 8.500000000004684253, 10.76488271300929966 ) ) ;
#8244 = CARTESIAN_POINT ( 'NONE',  ( -7.305840457278536704, 2.941624376417212936E-15, -16.66927398577371022 ) ) ;
#8245 = CARTESIAN_POINT ( 'NONE',  ( -42.23335908340973788, 122.2637230694445947, 51.98054055290170083 ) ) ;
#8246 = CARTESIAN_POINT ( 'NONE',  ( -23.78497175570641531, 13.63103222792017633, -8.032813712824697916 ) ) ;
#8247 = CARTESIAN_POINT ( 'NONE',  ( 22.50742825878425180, 8.499999999999996447, -13.22722206147350832 ) ) ;
#8248 = AXIS2_PLACEMENT_3D ( 'NONE', #6620, #3265, #5956 ) ;
#8249 = DIRECTION ( 'NONE',  ( -0.000000000000000000, 1.000000000000000000, -0.000000000000000000 ) ) ;
#8250 = VECTOR ( 'NONE', #3496, 1000.000000000000000 ) ;
#8251 = AXIS2_PLACEMENT_3D ( 'NONE', #297, #253, #1571 ) ;
#8252 = CARTESIAN_POINT ( 'NONE',  ( -4.500000000000000888, 56.40340286106961543, 39.75000000000000000 ) ) ;
#8253 = AXIS2_PLACEMENT_3D ( 'NONE', #3055, #1333, #1130 ) ;
#8254 = CARTESIAN_POINT ( 'NONE',  ( -19.31362164303300233, 75.39414762957309790, 45.09237557849144196 ) ) ;
#8255 = CIRCLE ( 'NONE', #5864, 1.000000000000000888 ) ;
#8256 = CARTESIAN_POINT ( 'NONE',  ( 25.04274718496137808, 87.10988750183111051, 40.14496994435664590 ) ) ;
#8257 = VERTEX_POINT ( 'NONE', #3473 ) ;
#8258 = DIRECTION ( 'NONE',  ( 0.000000000000000000, 0.000000000000000000, 1.000000000000000000 ) ) ;
#8259 = CARTESIAN_POINT ( 'NONE',  ( 34.11790219225093068, 8.500000000000000000, 38.36054287937221119 ) ) ;
#8260 = CARTESIAN_POINT ( 'NONE',  ( -132.2500000000000000, 222.4999999999999716, -2.699999999999545874 ) ) ;
#8261 = CIRCLE ( 'NONE', #8380, 2.700000000000008171 ) ;
#8262 = DIRECTION ( 'NONE',  ( -0.000000000000000000, -1.000000000000000000, -0.000000000000000000 ) ) ;
#8263 = CARTESIAN_POINT ( 'NONE',  ( -24.17567898490996470, 53.17503500571874753, -2.500000000000002220 ) ) ;
#8264 = ORIENTED_EDGE ( 'NONE', *, *, #1464, .F. ) ;
#8265 = ORIENTED_EDGE ( 'NONE', *, *, #3518, .F. ) ;
#8266 = CARTESIAN_POINT ( 'NONE',  ( 139.6500000000000057, 222.4999999999999716, -139.6500000000000057 ) ) ;
#8267 = PLANE ( 'NONE',  #6524 ) ;
#8268 = EDGE_CURVE ( 'NONE', #3561, #2754, #6306, .T. ) ;
#8269 = CARTESIAN_POINT ( 'NONE',  ( 2.583404794687968575, 1.000000000000001332, 18.34198800857245359 ) ) ;
#8270 = ORIENTED_EDGE ( 'NONE', *, *, #4379, .F. ) ;
#8271 = CARTESIAN_POINT ( 'NONE',  ( 3.500000000000000888, 49.42675095010442021, -37.78736529329847826 ) ) ;
#8272 = EDGE_LOOP ( 'NONE', ( #4508, #29, #4840, #6299 ) ) ;
#8273 = LINE ( 'NONE', #2346, #1618 ) ;
#8274 = CARTESIAN_POINT ( 'NONE',  ( 36.23922253581055486, -1.459136440456272859E-14, 36.23922253581257991 ) ) ;
#8275 = CARTESIAN_POINT ( 'NONE',  ( 59.97480059804089336, 168.8893805787017470, -88.14425308085962740 ) ) ;
#8276 = ADVANCED_FACE ( 'NONE', ( #3516 ), #2080, .T. ) ;
#8277 = CARTESIAN_POINT ( 'NONE',  ( 13.37415913456666416, 8.499999999999706901, -24.10804421105437712 ) ) ;
#8278 = CARTESIAN_POINT ( 'NONE',  ( -20.33602100135657764, 8.500000000000007105, 19.81073329203240974 ) ) ;
#8279 = CARTESIAN_POINT ( 'NONE',  ( -19.33192765941674196, 8.500000000001174172, 19.05331742098517722 ) ) ;
#8280 = CARTESIAN_POINT ( 'NONE',  ( -9.984049513053204095, 0.9999999999999965583, 15.59164677574352531 ) ) ;
#8281 = CARTESIAN_POINT ( 'NONE',  ( 35.04663047464813275, 121.5603247499921764, -58.77835401715376662 ) ) ;
#8282 = CARTESIAN_POINT ( 'NONE',  ( -23.98821720622232334, 34.20177691610887649, -33.50435636163794584 ) ) ;
#8283 = CARTESIAN_POINT ( 'NONE',  ( 20.33602100129136758, 8.500000000000000000, -19.81073329199626798 ) ) ;
#8284 = EDGE_CURVE ( 'NONE', #1685, #4341, #4513, .T. ) ;
#8285 = DIRECTION ( 'NONE',  ( 0.000000000000000000, -0.000000000000000000, 1.000000000000000000 ) ) ;
#8286 = ADVANCED_FACE ( 'NONE', ( #5944 ), #7309, .F. ) ;
#8287 = CARTESIAN_POINT ( 'NONE',  ( -132.2500000000000000, 227.4999999999999716, 2.700000000000470024 ) ) ;
#8288 = CARTESIAN_POINT ( 'NONE',  ( 63.38382266027412015, 178.4909083702132477, -94.10163995549618221 ) ) ;
#8289 = CARTESIAN_POINT ( 'NONE',  ( -38.36054287937018614, 36.48528137423860329, 34.11790219225090226 ) ) ;
#8290 = CARTESIAN_POINT ( 'NONE',  ( -4.500000000000000888, 8.500000000000000000, 27.59419916606945122 ) ) ;
#8291 = ORIENTED_EDGE ( 'NONE', *, *, #8071, .F. ) ;
#8292 = CARTESIAN_POINT ( 'NONE',  ( 23.52151684109299268, 85.13524814123022111, -42.54691979065079011 ) ) ;
#8293 = LINE ( 'NONE', #5600, #3196 ) ;
#8294 = LINE ( 'NONE', #7721, #3668 ) ;
#8295 = DIRECTION ( 'NONE',  ( -0.000000000000000000, 1.000000000000000000, -0.000000000000000000 ) ) ;
#8296 = CARTESIAN_POINT ( 'NONE',  ( -4.500000000000003553, 9.499999999999994671, -27.59419916606945478 ) ) ;
#8297 = FACE_OUTER_BOUND ( 'NONE', #117, .T. ) ;
#8298 = CARTESIAN_POINT ( 'NONE',  ( -24.74420466249360118, 9.500000000000001776, -6.299630403166123216 ) ) ;
#8299 = ORIENTED_EDGE ( 'NONE', *, *, #8115, .T. ) ;
#8300 = ORIENTED_EDGE ( 'NONE', *, *, #7430, .F. ) ;
#8301 = CARTESIAN_POINT ( 'NONE',  ( 30.46538220889188864, 98.19887148335195093, -43.55749728755271377 ) ) ;
#8302 = CARTESIAN_POINT ( 'NONE',  ( -25.17563017816475224, 53.16515517230252641, 2.500000000000000000 ) ) ;
#8303 = CARTESIAN_POINT ( 'NONE',  ( 39.65521005378475650, 118.3355769538267594, -52.87294858073492776 ) ) ;
#8304 = CARTESIAN_POINT ( 'NONE',  ( -18.35000458599785134, 8.500000000000003553, -22.13096602932376911 ) ) ;
#8305 = CARTESIAN_POINT ( 'NONE',  ( 20.20342952058646446, 77.21375474996332855, -37.07739097898303982 ) ) ;
#8306 = CARTESIAN_POINT ( 'NONE',  ( 3.319245560615332380, 53.25617717813577912, -39.32672740884814289 ) ) ;
#8307 = EDGE_LOOP ( 'NONE', ( #2928, #3128, #7889, #6288 ) ) ;
#8308 = DIRECTION ( 'NONE',  ( 0.000000000000000000, -0.000000000000000000, -1.000000000000000000 ) ) ;
#8309 = CARTESIAN_POINT ( 'NONE',  ( -128.6499999999999773, 222.4999999999999716, 128.6499999999999773 ) ) ;
#8310 = AXIS2_PLACEMENT_3D ( 'NONE', #7686, #6406, #5835 ) ;
#8311 = CARTESIAN_POINT ( 'NONE',  ( -23.72065856012296692, 9.530544420281307438, 7.428358749333037636 ) ) ;
#8312 = CARTESIAN_POINT ( 'NONE',  ( -6.298817817835681510, 8.499999999999998224, 27.55798224456025736 ) ) ;
#8313 = EDGE_CURVE ( 'NONE', #3083, #6302, #4252, .T. ) ;
#8314 = CARTESIAN_POINT ( 'NONE',  ( -8.578114702758355747, 3.453893013526951405E-15, -16.11165925922277253 ) ) ;
#8315 = CARTESIAN_POINT ( 'NONE',  ( -15.25471594622914573, 0.9999999999999986677, -10.13101916016949744 ) ) ;
#8316 = CARTESIAN_POINT ( 'NONE',  ( -4.500000000000003553, 9.770803289222232735, -26.63156445936788330 ) ) ;
#8317 = CARTESIAN_POINT ( 'NONE',  ( 19.13508114222833356, 8.500000000000017764, -19.30167603554419031 ) ) ;
#8318 = CARTESIAN_POINT ( 'NONE',  ( 3.500000000000000000, 9.500000000000001776, -39.75000000000000000 ) ) ;
#8319 = LINE ( 'NONE', #1062, #2845 ) ;
#8320 = CARTESIAN_POINT ( 'NONE',  ( -43.35388810268690918, 124.5551419627979470, 51.69619085662333191 ) ) ;
#8321 = ADVANCED_FACE ( 'NONE', ( #2347 ), #1008, .F. ) ;
#8322 = CARTESIAN_POINT ( 'NONE',  ( 17.80704993731345454, 0.9999999999999952260, 3.961144115525818687 ) ) ;
#8323 = ORIENTED_EDGE ( 'NONE', *, *, #4732, .F. ) ;
#8324 = CARTESIAN_POINT ( 'NONE',  ( 4.938849362433375134, 9.500000000000001776, -27.59419916606945122 ) ) ;
#8325 = CARTESIAN_POINT ( 'NONE',  ( -23.74420466249360118, 9.500000000000008882, 139.6500000000000057 ) ) ;
#8326 = CARTESIAN_POINT ( 'NONE',  ( 132.2500000000011084, 227.4999999999999716, 104.7499999999986073 ) ) ;
#8327 = DIRECTION ( 'NONE',  ( -1.000000000000000000, 0.000000000000000000, 0.000000000000000000 ) ) ;
#8328 = CARTESIAN_POINT ( 'NONE',  ( 24.16731513527484765, 52.32851856455033612, 3.570523742913689347 ) ) ;
#8329 = EDGE_CURVE ( 'NONE', #6104, #188, #2715, .T. ) ;
#8330 = EDGE_CURVE ( 'NONE', #366, #3197, #1614, .T. ) ;
#8331 = CARTESIAN_POINT ( 'NONE',  ( -24.17353549162032778, 52.95808917448694331, -2.706230972803461032 ) ) ;
#8332 = LINE ( 'NONE', #1075, #1583 ) ;
#8333 = ORIENTED_EDGE ( 'NONE', *, *, #1574, .T. ) ;
#8334 = CARTESIAN_POINT ( 'NONE',  ( 139.6500000000000057, 9.499999999999994671, -27.59419916606945122 ) ) ;
#8335 = CARTESIAN_POINT ( 'NONE',  ( 40.42980217636370099, 118.7452942832925515, -51.05053760028003751 ) ) ;
#8336 = CARTESIAN_POINT ( 'NONE',  ( 18.51370253461190174, 87.41649213276018315, 7.040257308409070269 ) ) ;
#8337 = CIRCLE ( 'NONE', #1843, 18.19999999999999929 ) ;
#8338 = CARTESIAN_POINT ( 'NONE',  ( 23.64085703565773500, 84.24310090437873555, -39.24802033211277319 ) ) ;
#8339 = ORIENTED_EDGE ( 'NONE', *, *, #4845, .T. ) ;
#8340 = LINE ( 'NONE', #455, #38 ) ;
#8341 = ORIENTED_EDGE ( 'NONE', *, *, #6270, .F. ) ;
#8342 = EDGE_LOOP ( 'NONE', ( #3932, #6386, #3928, #4557, #723 ) ) ;
#8343 = AXIS2_PLACEMENT_3D ( 'NONE', #1348, #1437, #3475 ) ;
#8344 = CARTESIAN_POINT ( 'NONE',  ( -24.11750743857160728, 47.28741476720370684, 4.500000000000000888 ) ) ;
#8345 = AXIS2_PLACEMENT_3D ( 'NONE', #1825, #4390, #7096 ) ;
#8346 = B_SPLINE_CURVE_WITH_KNOTS ( 'NONE', 3,
 ( #2867, #6209, #998, #5489, #3001, #8219, #6786 ),
 .UNSPECIFIED., .F., .F.,
 ( 4, 3, 4 ),
 ( -0.1228806659073046065, -0.1206471233159469580, -0.08447209079823096711 ),
 .UNSPECIFIED. ) ;
#8347 = CARTESIAN_POINT ( 'NONE',  ( -20.13043663840054265, 8.500000000000033751, 20.07840646998063150 ) ) ;
#8348 = ORIENTED_EDGE ( 'NONE', *, *, #7558, .T. ) ;
#8349 = ORIENTED_EDGE ( 'NONE', *, *, #3833, .T. ) ;
#8350 = CARTESIAN_POINT ( 'NONE',  ( -22.32305314670481167, 8.499999999999987566, 16.70890933636542286 ) ) ;
#8351 = CARTESIAN_POINT ( 'NONE',  ( 25.17563017816475224, 53.16515517230256904, 139.6500000000000057 ) ) ;
#8352 = CARTESIAN_POINT ( 'NONE',  ( -41.19578972132924122, 120.1419520144035715, 50.66406141450249834 ) ) ;
#8353 = CARTESIAN_POINT ( 'NONE',  ( 16.73577385486085944, 9.765722973817410946, -22.29895417362677534 ) ) ;
#8354 =( BOUNDED_CURVE ( )  B_SPLINE_CURVE ( 3, ( #2154, #2288, #2242, #809 ),
 .UNSPECIFIED., .F., .T. ) 
 B_SPLINE_CURVE_WITH_KNOTS ( ( 4, 4 ),
 ( 4.712388980384692339, 6.283185307179586232 ),
 .UNSPECIFIED. ) 
 CURVE ( )  GEOMETRIC_REPRESENTATION_ITEM ( )  RATIONAL_B_SPLINE_CURVE ( ( 1.000000000000000000, 0.8047378541243654926, 0.8047378541243654926, 1.000000000000000000 ) ) 
 REPRESENTATION_ITEM ( '' )  );
#8355 = CARTESIAN_POINT ( 'NONE',  ( -24.17526152669387329, 53.13278349967305303, 2.777317768965799516 ) ) ;
#8356 = AXIS2_PLACEMENT_3D ( 'NONE', #8169, #2153, #7573 ) ;
#8357 = EDGE_CURVE ( 'NONE', #2589, #1856, #5312, .T. ) ;
#8358 = CARTESIAN_POINT ( 'NONE',  ( -119.6307288578716879, 222.4999999999999716, -115.6847746359883047 ) ) ;
#8359 = VECTOR ( 'NONE', #2601, 1000.000000000000000 ) ;
#8360 = CARTESIAN_POINT ( 'NONE',  ( -44.20786662445480175, 126.3014800634918515, 52.23545192850466634 ) ) ;
#8361 = CARTESIAN_POINT ( 'NONE',  ( -36.23922253581055486, 8.500000000000000000, 36.23922253581055486 ) ) ;
#8362 = ORIENTED_EDGE ( 'NONE', *, *, #1242, .T. ) ;
#8363 = CIRCLE ( 'NONE', #4639, 1.000000000000000000 ) ;
#8364 = CARTESIAN_POINT ( 'NONE',  ( 23.95570042169992675, 85.34363365832699344, -41.54854910847942762 ) ) ;
#8365 = CIRCLE ( 'NONE', #208, 5.000000000000004441 ) ;
#8366 = CARTESIAN_POINT ( 'NONE',  ( -132.2500000000003695, 229.9999999999999716, -99.74999999999953104 ) ) ;
#8367 = EDGE_CURVE ( 'NONE', #2840, #331, #6869, .T. ) ;
#8368 = AXIS2_PLACEMENT_3D ( 'NONE', #3712, #7061, #8258 ) ;
#8369 = DIRECTION ( 'NONE',  ( 1.000000000000000000, 0.000000000000000000, 0.000000000000000000 ) ) ;
#8370 = DIRECTION ( 'NONE',  ( 0.000000000000000000, 0.000000000000000000, 1.000000000000000000 ) ) ;
#8371 = DIRECTION ( 'NONE',  ( 0.3303702727430711805, 0.9438514093265257809, -0.000000000000000000 ) ) ;
#8372 = VERTEX_POINT ( 'NONE', #3695 ) ;
#8373 = CARTESIAN_POINT ( 'NONE',  ( 10.18774671098737805, 8.499999999998257394, 25.44972441142305541 ) ) ;
#8374 = CARTESIAN_POINT ( 'NONE',  ( 0.000000000000000000, 8.500000000000000000, 0.000000000000000000 ) ) ;
#8375 = CIRCLE ( 'NONE', #2438, 1.000000000000000888 ) ;
#8376 = PLANE ( 'NONE',  #1316 ) ;
#8377 = CARTESIAN_POINT ( 'NONE',  ( 15.21700339266499036, -6.126975859607137776E-15, -10.02421444951569640 ) ) ;
#8378 = ADVANCED_FACE ( 'NONE', ( #2425 ), #7012, .T. ) ;
#8379 = EDGE_CURVE ( 'NONE', #7136, #4484, #627, .T. ) ;
#8380 = AXIS2_PLACEMENT_3D ( 'NONE', #5134, #6466, #4544 ) ;
#8381 = EDGE_LOOP ( 'NONE', ( #6227, #4709, #2542, #6508, #416 ) ) ;
#8382 = CARTESIAN_POINT ( 'NONE',  ( 4.499999999999948486, 49.42675095010443442, -37.78736529329842853 ) ) ;
#8383 = ORIENTED_EDGE ( 'NONE', *, *, #3531, .F. ) ;
#8384 = VERTEX_POINT ( 'NONE', #4257 ) ;
#8385 = LINE ( 'NONE', #7739, #1340 ) ;
#8386 = CARTESIAN_POINT ( 'NONE',  ( -23.31343348655928693, 9.589769255000993198, 10.75796090494014123 ) ) ;
#8387 = EDGE_CURVE ( 'NONE', #5259, #3008, #7589, .T. ) ;
#8388 = EDGE_LOOP ( 'NONE', ( #996, #5508 ) ) ;
#8389 = VERTEX_POINT ( 'NONE', #7625 ) ;
#8390 = DIRECTION ( 'NONE',  ( 3.469446951953612611E-15, 0.000000000000000000, -1.000000000000000000 ) ) ;
#8391 = CARTESIAN_POINT ( 'NONE',  ( 6.298817817835677069, 8.500000000000005329, -27.55798224456026446 ) ) ;
#8392 = CARTESIAN_POINT ( 'NONE',  ( 139.6500000000000057, 9.499999999999994671, -26.59419916606944767 ) ) ;
#8393 = DIRECTION ( 'NONE',  ( -0.9999511932547847648, -0.009879833416224004239, 0.000000000000000000 ) ) ;
#8394 = CARTESIAN_POINT ( 'NONE',  ( 0.000000000000000000, 8.500000000000000000, -57.25000000000000000 ) ) ;
#8395 = CARTESIAN_POINT ( 'NONE',  ( 39.51561378894523813, 9.169629727256930707, -2.500000000000000000 ) ) ;
#8396 = CARTESIAN_POINT ( 'NONE',  ( -15.42808544550993055, 87.41649213276018315, -42.24154385045493854 ) ) ;
#8397 = DIRECTION ( 'NONE',  ( 0.000000000000000000, 0.000000000000000000, 1.000000000000000000 ) ) ;
#8398 = EDGE_LOOP ( 'NONE', ( #3583, #6261, #7283, #6009 ) ) ;
#8399 =( BOUNDED_SURFACE ( )  B_SPLINE_SURFACE ( 2, 3, ( 
 ( #2574, #5200, #2479, #1954, #4600, #2612, #3870, #608, #7891, #4561 ),
 ( #1191, #3181, #7847, #5756, #5116, #7807, #7185, #6447, #7934, #3996 ),
 ( #1909, #3832, #3144, #7150, #1312, #5792, #529, #5877, #6483, #654 ) ),
 .UNSPECIFIED., .F., .F., .T. ) 
 B_SPLINE_SURFACE_WITH_KNOTS ( ( 3, 3 ),
 ( 4, 3, 3, 4 ),
 ( 0.000000000000000000, 1.000000000000000000 ),
 ( 0.007700977030777706248, 0.01375147484184072524, 0.05221481032689249263, 0.06439201802327008950 ),
 .UNSPECIFIED. ) 
 GEOMETRIC_REPRESENTATION_ITEM ( )  RATIONAL_B_SPLINE_SURFACE ( (
 ( 1.000000000000000000, 1.000000000000000000, 1.000000000000000000, 1.000000000000000000, 1.000000000000000000, 1.000000000000000000, 1.000000000000000000, 1.000000000000000000, 1.000000000000000000, 1.000000000000000000),
 ( 0.7479851340641154867, 0.7479851340641154867, 0.7479851340641154867, 0.7479851340641154867, 0.7479851340641154867, 0.7479851340641154867, 0.7479851340641154867, 0.7479851340641154867, 0.7479851340641154867, 0.7479851340641154867),
 ( 1.000000000000000000, 1.000000000000000000, 1.000000000000000000, 1.000000000000000000, 1.000000000000000000, 1.000000000000000000, 1.000000000000000000, 1.000000000000000000, 1.000000000000000000, 1.000000000000000000) ) ) 
 REPRESENTATION_ITEM ( '' )  SURFACE ( )  );
#8400 = EDGE_CURVE ( 'NONE', #3363, #6691, #3016, .T. ) ;
#8401 = PLANE ( 'NONE',  #7266 ) ;
#8402 = CARTESIAN_POINT ( 'NONE',  ( 34.26343703831058463, 118.9812877568307812, 57.17815856223410265 ) ) ;
#8403 = CARTESIAN_POINT ( 'NONE',  ( 24.63144643242433318, 99.30386975310156572, -44.06320469952053287 ) ) ;
#8404 = DIRECTION ( 'NONE',  ( 1.000000000000000000, 0.000000000000000000, 0.000000000000000000 ) ) ;
#8405 = DIRECTION ( 'NONE',  ( 0.000000000000000000, 0.9626347067015693648, 0.2708032892222390076 ) ) ;
#8406 = CARTESIAN_POINT ( 'NONE',  ( -24.28332098059254207, 52.51138028660686530, -2.843377912936591034 ) ) ;
#8407 = CARTESIAN_POINT ( 'NONE',  ( 39.23922253581055486, 36.48528137423857487, 36.23922253581257991 ) ) ;
#8408 = VERTEX_POINT ( 'NONE', #3643 ) ;
#8409 = EDGE_CURVE ( 'NONE', #7984, #7737, #7206, .T. ) ;
#8410 = CARTESIAN_POINT ( 'NONE',  ( 3.499999999999992450, 49.42675095010438469, 37.78736529329845695 ) ) ;
#8411 = DIRECTION ( 'NONE',  ( 0.000000000000000000, 0.000000000000000000, 1.000000000000000000 ) ) ;
#8412 = CARTESIAN_POINT ( 'NONE',  ( 33.94842799962897573, 119.3145623853462354, -57.38494293454227346 ) ) ;
#8413 = CARTESIAN_POINT ( 'NONE',  ( -10.59039176052815456, 8.499999999999989342, -26.73831664576283629 ) ) ;
#8414 = FACE_OUTER_BOUND ( 'NONE', #2648, .T. ) ;
#8415 = ORIENTED_EDGE ( 'NONE', *, *, #5238, .T. ) ;
#8416 = DIRECTION ( 'NONE',  ( -0.000000000000000000, 1.000000000000000000, -0.000000000000000000 ) ) ;
#8417 = VERTEX_POINT ( 'NONE', #7868 ) ;
#8418 = ADVANCED_FACE ( 'NONE', ( #6427 ), #3852, .F. ) ;
#8419 = EDGE_CURVE ( 'NONE', #779, #3491, #5188, .T. ) ;
#8420 = ORIENTED_EDGE ( 'NONE', *, *, #8313, .F. ) ;
#8421 = EDGE_LOOP ( 'NONE', ( #3112, #6097, #3099, #1971 ) ) ;
#8422 = DIRECTION ( 'NONE',  ( 0.000000000000000000, 0.000000000000000000, -1.000000000000000000 ) ) ;
#8423 = CARTESIAN_POINT ( 'NONE',  ( 69.35078629860571198, 177.3152389259763879, -87.64932981917961285 ) ) ;
#8424 = CARTESIAN_POINT ( 'NONE',  ( -13.59430978697166204, 9.786232012162457750, 24.43533976601686319 ) ) ;
#8425 = CARTESIAN_POINT ( 'NONE',  ( -8.324602564683907246, 8.500000000000007105, 27.30344033171083495 ) ) ;
#8426 = VERTEX_POINT ( 'NONE', #632 ) ;
#8427 = EDGE_CURVE ( 'NONE', #8127, #293, #7279, .T. ) ;
#8428 = CARTESIAN_POINT ( 'NONE',  ( -14.67095989881235596, 9.780982096179842600, 23.79549635323473211 ) ) ;
#8429 = ADVANCED_FACE ( 'NONE', ( #1849 ), #5179, .F. ) ;
#8430 = VECTOR ( 'NONE', #3037, 1000.000000000000000 ) ;
#8431 = CARTESIAN_POINT ( 'NONE',  ( 134.9499999999989086, 227.4999999999999716, -104.7500000000013785 ) ) ;
#8432 = DIRECTION ( 'NONE',  ( 0.000000000000000000, 0.000000000000000000, -1.000000000000000000 ) ) ;
#8433 = CARTESIAN_POINT ( 'NONE',  ( -119.4375850158312318, 222.4999999999999147, -117.1918798369647732 ) ) ;
#8434 = DIRECTION ( 'NONE',  ( 0.000000000000000000, -1.000000000000000000, 0.000000000000000000 ) ) ;
#8435 = CARTESIAN_POINT ( 'NONE',  ( -139.6500000000000057, 229.9999999999999716, -128.6499999999999773 ) ) ;
#8436 = EDGE_LOOP ( 'NONE', ( #964, #7180, #6522, #2724, #2468 ) ) ;
#8437 = LINE ( 'NONE', #7800, #8101 ) ;
#8438 = ORIENTED_EDGE ( 'NONE', *, *, #4152, .F. ) ;
#8439 = CARTESIAN_POINT ( 'NONE',  ( 132.2500000000000000, 222.4999999999999716, 2.699999999998622613 ) ) ;
#8440 = DIRECTION ( 'NONE',  ( -1.000000000000000000, 0.000000000000000000, -3.469446951953611033E-15 ) ) ;
#8441 = B_SPLINE_CURVE_WITH_KNOTS ( 'NONE', 3,
 ( #1263, #2696, #5319, #6519, #7362, #1443, #4086 ),
 .UNSPECIFIED., .F., .F.,
 ( 4, 3, 4 ),
 ( -0.07955890995935402388, -0.01086394396725642864, -0.006988433138006344691 ),
 .UNSPECIFIED. ) ;
#8442 = CARTESIAN_POINT ( 'NONE',  ( 24.14974014120620893, 50.54972983909568995, 3.609156717808917669 ) ) ;
#8443 = DIRECTION ( 'NONE',  ( -1.000000000000000000, 0.000000000000000000, 0.000000000000000000 ) ) ;
#8444 = CARTESIAN_POINT ( 'NONE',  ( -22.83036957500062769, 84.94571719601397319, 43.72978915517956722 ) ) ;
#8445 = ORIENTED_EDGE ( 'NONE', *, *, #5227, .F. ) ;
#8446 = CARTESIAN_POINT ( 'NONE',  ( -11.22188337045485795, 9.791505906604870191, -25.52098692668211299 ) ) ;
#8447 = CARTESIAN_POINT ( 'NONE',  ( 20.46719503833814002, 9.706345164451377627, 17.92064025672451066 ) ) ;
#8448 = CARTESIAN_POINT ( 'NONE',  ( -22.84274729169644758, 9.622346200308946607, -12.66063358042259956 ) ) ;
#8449 = CARTESIAN_POINT ( 'NONE',  ( 23.84846473130296829, 85.26129314791258196, 41.81781651219161944 ) ) ;
#8450 = AXIS2_PLACEMENT_3D ( 'NONE', #4111, #2814, #908 ) ;
#8451 = B_SPLINE_CURVE_WITH_KNOTS ( 'NONE', 3,
 ( #851, #5383, #4054, #7949, #761, #3412, #6026 ),
 .UNSPECIFIED., .F., .F.,
 ( 4, 3, 4 ),
 ( 0.02615558060913970861, 0.09590449297010544827, 0.1000278677085048168 ),
 .UNSPECIFIED. ) ;
#8452 = CARTESIAN_POINT ( 'NONE',  ( -39.74999999999181455, 8.500000000000000000, 2.663467475211245716 ) ) ;
#8453 = CARTESIAN_POINT ( 'NONE',  ( 24.57196064623254017, 36.48528137423858198, 20.32931995911526357 ) ) ;
#8454 = EDGE_CURVE ( 'NONE', #5215, #2342, #1633, .T. ) ;
#8455 = CARTESIAN_POINT ( 'NONE',  ( 29.39133257459950599, 111.3552367890149952, 52.44648075767263151 ) ) ;
#8456 = ORIENTED_EDGE ( 'NONE', *, *, #116, .F. ) ;
#8457 = CARTESIAN_POINT ( 'NONE',  ( -132.2499999999996589, 229.9999999999999716, 104.7500000000004547 ) ) ;
#8458 = CARTESIAN_POINT ( 'NONE',  ( -62.49627132169548105, 177.6932981675498411, -93.60675282340619674 ) ) ;
#8459 = EDGE_LOOP ( 'NONE', ( #5873, #1110 ) ) ;
#8460 = ORIENTED_EDGE ( 'NONE', *, *, #427, .T. ) ;
#8461 = ORIENTED_EDGE ( 'NONE', *, *, #8330, .F. ) ;
#8462 = CARTESIAN_POINT ( 'NONE',  ( -22.45064030267284139, 36.48528137423859619, 22.45064030267290889 ) ) ;
#8463 = CARTESIAN_POINT ( 'NONE',  ( 69.92851755770773536, 177.8344250582347854, -87.97146528730208104 ) ) ;
#8464 = AXIS2_PLACEMENT_3D ( 'NONE', #3360, #8216, #3416 ) ;
#8465 = CARTESIAN_POINT ( 'NONE',  ( 40.45946519826450327, 8.500000000000000000, -2.761846582080224710 ) ) ;
#8466 = ADVANCED_FACE ( 'NONE', ( #5256 ), #1973, .F. ) ;
#8467 = CARTESIAN_POINT ( 'NONE',  ( -4.500000000000000888, 8.500000000000000000, -38.75000000000000000 ) ) ;
#8468 = EDGE_LOOP ( 'NONE', ( #6378, #2201, #3887, #7408 ) ) ;
#8469 = CARTESIAN_POINT ( 'NONE',  ( -12.81279018310890194, 8.500000000000579092, 24.39757770195565811 ) ) ;
#8470 = CARTESIAN_POINT ( 'NONE',  ( 34.11790219225294862, 8.500000000000000000, -38.36054287936816820 ) ) ;
#8471 = CARTESIAN_POINT ( 'NONE',  ( 15.52055380191783307, 85.68750859613999182, 47.98804928264170400 ) ) ;
#8472 = EDGE_CURVE ( 'NONE', #3927, #986, #8261, .T. ) ;
#8473 = VECTOR ( 'NONE', #2436, 1000.000000000000000 ) ;
#8474 = EDGE_CURVE ( 'NONE', #584, #6380, #4661, .T. ) ;
#8475 = CARTESIAN_POINT ( 'NONE',  ( -114.0819774329307137, 222.5000000000001421, -121.3223654952453074 ) ) ;
#8476 = CARTESIAN_POINT ( 'NONE',  ( 3.085617089101975630, 87.41649213276018315, -42.24154385045493854 ) ) ;
#8477 = CARTESIAN_POINT ( 'NONE',  ( -39.65521005378466413, 118.3355769538265889, 52.87294858073480697 ) ) ;
#8478 = VECTOR ( 'NONE', #1020, 999.9999999999998863 ) ;
#8479 = ORIENTED_EDGE ( 'NONE', *, *, #7184, .T. ) ;
#8480 = CARTESIAN_POINT ( 'NONE',  ( -132.2500000000003695, 227.4999999999999716, -107.4499999999995481 ) ) ;
#8481 = ORIENTED_EDGE ( 'NONE', *, *, #1410, .T. ) ;
#8482 = COLOUR_RGB ( '',0.7921568627450980005, 0.8196078431372548767, 0.9333333333333333481 ) ;
#8483 = CARTESIAN_POINT ( 'NONE',  ( 33.36864519346828928, 119.3252623688171354, 57.39158187185230275 ) ) ;
#8484 = VECTOR ( 'NONE', #6966, 1000.000000000000000 ) ;
#8485 = FACE_OUTER_BOUND ( 'NONE', #2336, .T. ) ;
#8486 = AXIS2_PLACEMENT_3D ( 'NONE', #5659, #2965, #8308 ) ;
#8487 = DIRECTION ( 'NONE',  ( 1.000000000000000000, 0.000000000000000000, 0.000000000000000000 ) ) ;
#8488 = ORIENTED_EDGE ( 'NONE', *, *, #3070, .T. ) ;
#8489 = VECTOR ( 'NONE', #6818, 1000.000000000000000 ) ;
#8490 = CARTESIAN_POINT ( 'NONE',  ( -10.18835640041541346, 8.500000000002339462, -25.44953228062581019 ) ) ;
#8491 = CARTESIAN_POINT ( 'NONE',  ( 18.51370253461190885, 87.41649213276018315, 42.24154385045487459 ) ) ;
#8492 = CARTESIAN_POINT ( 'NONE',  ( -39.40764492383915041, 8.500000000000000000, 4.247572780487783639 ) ) ;
#8493 = CIRCLE ( 'NONE', #6996, 2.700000000000008171 ) ;
#8494 = CARTESIAN_POINT ( 'NONE',  ( 18.51370253461190529, 87.41649213276018315, 42.24154385045487459 ) ) ;
#8495 = ORIENTED_EDGE ( 'NONE', *, *, #4464, .F. ) ;
#8496 = CARTESIAN_POINT ( 'NONE',  ( 3.148351528229635488, 54.64798021318819821, -39.52249473246208566 ) ) ;
#8497 = VECTOR ( 'NONE', #4644, 1000.000000000000000 ) ;
#8498 = ORIENTED_EDGE ( 'NONE', *, *, #7494, .T. ) ;
#8499 = AXIS2_PLACEMENT_3D ( 'NONE', #7459, #4729, #5547 ) ;
#8500 = ORIENTED_EDGE ( 'NONE', *, *, #1002, .T. ) ;
#8501 = VERTEX_POINT ( 'NONE', #4501 ) ;
#8502 = DIRECTION ( 'NONE',  ( -1.000000000000000000, -0.000000000000000000, -0.000000000000000000 ) ) ;
#8503 = EDGE_CURVE ( 'NONE', #3678, #6716, #7207, .T. ) ;
#8504 = CARTESIAN_POINT ( 'NONE',  ( 70.50624881680977296, 178.3536111904932113, -88.29360075542454922 ) ) ;
#8505 = DIRECTION ( 'NONE',  ( 0.000000000000000000, -1.000000000000000000, 0.000000000000000000 ) ) ;
#8506 = CIRCLE ( 'NONE', #7420, 5.000000000000004441 ) ;
#8507 = DIRECTION ( 'NONE',  ( 0.000000000000000000, -1.000000000000000000, 0.000000000000000000 ) ) ;
#8508 = CARTESIAN_POINT ( 'NONE',  ( -69.00000000000004263, 176.9999999999999716, 93.17658738585762990 ) ) ;
#8509 = ORIENTED_EDGE ( 'NONE', *, *, #5366, .F. ) ;
#8510 = CARTESIAN_POINT ( 'NONE',  ( -5.620149462557725073, 8.499999999999989342, 27.59419916600443656 ) ) ;
#8511 = CARTESIAN_POINT ( 'NONE',  ( -2.500000000000000000, 56.26542339484620214, -39.75000000000000000 ) ) ;
#8512 = ADVANCED_FACE ( 'NONE', ( #3286 ), #3205, .F. ) ;
#8513 = CARTESIAN_POINT ( 'NONE',  ( -24.12522552400247733, 48.06857254700711479, 4.499999998059416306 ) ) ;
#8514 = CARTESIAN_POINT ( 'NONE',  ( -23.95567939539006375, 85.34362027169197518, -41.54860697734014963 ) ) ;
#8515 = DIRECTION ( 'NONE',  ( -0.000000000000000000, 1.000000000000000000, -0.000000000000000000 ) ) ;
#8516 = DIRECTION ( 'NONE',  ( 0.000000000000000000, 0.000000000000000000, 1.000000000000000000 ) ) ;
#8517 = CARTESIAN_POINT ( 'NONE',  ( 132.2499999999988916, 229.9999999999999716, -104.7500000000013785 ) ) ;
#8518 = DIRECTION ( 'NONE',  ( -0.000000000000000000, 1.000000000000000000, -0.000000000000000000 ) ) ;
#8519 = VERTEX_POINT ( 'NONE', #8543 ) ;
#8520 = LINE ( 'NONE', #2609, #3690 ) ;
#8521 = ADVANCED_FACE ( 'NONE', ( #5813 ), #4623, .F. ) ;
#8522 = ORIENTED_EDGE ( 'NONE', *, *, #2232, .F. ) ;
#8523 = EDGE_CURVE ( 'NONE', #1470, #3150, #8506, .T. ) ;
#8524 = DIRECTION ( 'NONE',  ( 0.000000000000000000, 0.000000000000000000, 1.000000000000000000 ) ) ;
#8525 = CARTESIAN_POINT ( 'NONE',  ( 24.68711237803105263, 104.9378947804552809, -46.43263858811700828 ) ) ;
#8526 = CARTESIAN_POINT ( 'NONE',  ( 104.7500000000000000, 222.4999999999999716, -132.2500000000000000 ) ) ;
#8527 = DIRECTION ( 'NONE',  ( -0.3303702727430711805, -0.9438514093265257809, 0.000000000000000000 ) ) ;
#8528 = VERTEX_POINT ( 'NONE', #458 ) ;
#8529 = CYLINDRICAL_SURFACE ( 'NONE', #1059, 3.000000000000002665 ) ;
#8530 = LINE ( 'NONE', #2530, #1547 ) ;
#8531 = CARTESIAN_POINT ( 'NONE',  ( 44.19651075699728437, 140.2713158891781120, -70.38782028590462403 ) ) ;
#8532 = FACE_OUTER_BOUND ( 'NONE', #7445, .T. ) ;
#8533 = CARTESIAN_POINT ( 'NONE',  ( -132.2500000000000000, 229.9999999999999716, 4.617484070620044083E-13 ) ) ;
#8534 = CARTESIAN_POINT ( 'NONE',  ( 18.51370253461190174, 87.41649213276016894, 19.36070759812508157 ) ) ;
#8535 = PLANE ( 'NONE',  #1149 ) ;
#8536 = EDGE_LOOP ( 'NONE', ( #2813, #4232, #6723, #4032 ) ) ;
#8537 = LINE ( 'NONE', #5889, #7248 ) ;
#8538 = CARTESIAN_POINT ( 'NONE',  ( 104.7500000000000000, 227.4999999999999716, -129.5500000000000114 ) ) ;
#8539 = VERTEX_POINT ( 'NONE', #1165 ) ;
#8540 = CARTESIAN_POINT ( 'NONE',  ( -16.59213052314856185, 0.9999999999999986677, 7.660653862246373791 ) ) ;
#8541 = ORIENTED_EDGE ( 'NONE', *, *, #7184, .F. ) ;
#8542 = EDGE_LOOP ( 'NONE', ( #6154, #1227 ) ) ;
#8543 = CARTESIAN_POINT ( 'NONE',  ( -24.11750743857160728, 47.28741476720372106, -4.500000000000003553 ) ) ;
#8544 = CARTESIAN_POINT ( 'NONE',  ( -24.49610054321917474, 85.60533074832669342, 47.96493144642188611 ) ) ;
#8545 = FACE_BOUND ( 'NONE', #3076, .T. ) ;
#8546 = CARTESIAN_POINT ( 'NONE',  ( -5.101124038663098936, 9.771900230348418148, 26.63133135787248662 ) ) ;
#8547 = VECTOR ( 'NONE', #988, 1000.000000000000000 ) ;
#8548 = ORIENTED_EDGE ( 'NONE', *, *, #339, .F. ) ;
#8549 = VERTEX_POINT ( 'NONE', #5738 ) ;
#8550 = CARTESIAN_POINT ( 'NONE',  ( -12.98620304616041743, 9.788183310222235534, 24.74437355108507575 ) ) ;
#8551 = DIRECTION ( 'NONE',  ( -4.026401060382563240E-16, -1.000000000000000000, -0.000000000000000000 ) ) ;
#8552 = VECTOR ( 'NONE', #3180, 1000.000000000000000 ) ;
#8553 = DIRECTION ( 'NONE',  ( -0.000000000000000000, 1.000000000000000000, -0.000000000000000000 ) ) ;
#8554 = FACE_BOUND ( 'NONE', #6056, .T. ) ;
#8555 = ADVANCED_FACE ( 'NONE', ( #2502 ), #6503, .F. ) ;
#8556 = DIRECTION ( 'NONE',  ( 0.000000000000000000, -1.000000000000000000, 0.000000000000000000 ) ) ;
#8557 = CARTESIAN_POINT ( 'NONE',  ( 17.36327860447405413, 8.500000000000001776, -23.03384533592342365 ) ) ;
#8558 = ORIENTED_EDGE ( 'NONE', *, *, #1879, .F. ) ;
#8559 = CARTESIAN_POINT ( 'NONE',  ( -3.671572875253810153, 56.53622668406842422, -39.78736529329843563 ) ) ;
#8560 = ORIENTED_EDGE ( 'NONE', *, *, #8313, .T. ) ;
#8561 = CARTESIAN_POINT ( 'NONE',  ( 37.85780791952085167, 118.2515778941184266, 54.87588406820495379 ) ) ;
#8562 = CARTESIAN_POINT ( 'NONE',  ( 0.000000000000000000, 227.4999999999999716, -132.2500000000000000 ) ) ;
#8563 = AXIS2_PLACEMENT_3D ( 'NONE', #7947, #7431, #6111 ) ;
#8564 = DIRECTION ( 'NONE',  ( 0.000000000000000000, -0.000000000000000000, 1.000000000000000000 ) ) ;
#8565 =( BOUNDED_CURVE ( )  B_SPLINE_CURVE ( 3, ( #524, #8559, #1905, #7146 ),
 .UNSPECIFIED., .F., .T. ) 
 B_SPLINE_CURVE_WITH_KNOTS ( ( 4, 4 ),
 ( 3.141592653589793116, 4.712388980384690562 ),
 .UNSPECIFIED. ) 
 CURVE ( )  GEOMETRIC_REPRESENTATION_ITEM ( )  RATIONAL_B_SPLINE_CURVE ( ( 1.000000000000000000, 0.8047378541243648264, 0.8047378541243648264, 1.000000000000000000 ) ) 
 REPRESENTATION_ITEM ( '' )  );
#8566 = EDGE_CURVE ( 'NONE', #852, #865, #8385, .T. ) ;
#8567 = DIRECTION ( 'NONE',  ( 0.8983410760951978657, 0.4392986580905088867, -0.000000000000000000 ) ) ;
#8568 = DIRECTION ( 'NONE',  ( 0.000000000000000000, -0.000000000000000000, -1.000000000000000000 ) ) ;
#8569 = ORIENTED_EDGE ( 'NONE', *, *, #237, .F. ) ;
#8570 = CARTESIAN_POINT ( 'NONE',  ( -19.69443668913410406, 8.499999999999996447, -20.63029045007552398 ) ) ;
#8571 = CARTESIAN_POINT ( 'NONE',  ( 17.67248044734374091, 9.755311500600022612, 21.43808494661821484 ) ) ;
#8572 = DIRECTION ( 'NONE',  ( 0.000000000000000000, 0.000000000000000000, 1.000000000000000000 ) ) ;
#8573 = CARTESIAN_POINT ( 'NONE',  ( -65.97329008840029019, 176.3589887262225204, 91.47764406989827535 ) ) ;
#8574 = CARTESIAN_POINT ( 'NONE',  ( 8.578114702758350418, -3.453893013526948644E-15, 16.11165925922276543 ) ) ;
#8575 = CARTESIAN_POINT ( 'NONE',  ( 2.499999999999994227, 56.26542339484618083, 39.75000000000000000 ) ) ;
#8576 = AXIS2_PLACEMENT_3D ( 'NONE', #7526, #6254, #3722 ) ;
ENDSEC;
END-ISO-10303-21;
